forecast_id,forecast_kst_dtm,kpx_group_1,kpx_group_2,kpx_group_3
forecast_0001,2025-01-01 01:00:00,18055.51718671358,18403.698973275044,16313.833617756725
forecast_0002,2025-01-01 02:00:00,18086.16701052637,17775.768604152487,17374.498426443704
forecast_0003,2025-01-01 03:00:00,18031.672676428647,18452.109689449102,15933.018387286653
forecast_0004,2025-01-01 04:00:00,17821.886487796954,18323.335751363036,15389.016340080454
forecast_0005,2025-01-01 05:00:00,17972.56611878038,18286.61592673238,16255.983362758283
forecast_0006,2025-01-01 06:00:00,18121.91230564846,17936.873934851978,14656.188660345595
forecast_0007,2025-01-01 07:00:00,17894.078227999402,18047.616096821697,13943.70030571345
forecast_0008,2025-01-01 08:00:00,16262.132981521541,17365.654098121948,13720.226043940826
forecast_0009,2025-01-01 09:00:00,14792.911787191913,14666.849666967999,11821.577766644723
forecast_0010,2025-01-01 10:00:00,16670.429566431976,15958.45309447874,13190.72120810631
forecast_0011,2025-01-01 11:00:00,15734.677697571444,15324.049160473349,11837.377339785126
forecast_0012,2025-01-01 12:00:00,16159.944055026113,16173.403522555738,11666.155419515499
forecast_0013,2025-01-01 13:00:00,15598.811144756786,14675.477996695452,10892.923526418102
forecast_0014,2025-01-01 14:00:00,15684.733271487781,15223.035304562889,11735.989326510002
forecast_0015,2025-01-01 15:00:00,15449.518659575091,15191.247176007604,12603.065688447654
forecast_0016,2025-01-01 16:00:00,15532.2730759313,15401.280530264803,13176.829943026274
forecast_0017,2025-01-01 17:00:00,15488.490385156301,15098.365634843649,13184.09998881279
forecast_0018,2025-01-01 18:00:00,14128.739982200284,15439.890178029893,13097.856114673885
forecast_0019,2025-01-01 19:00:00,14391.217508805004,16272.729505185154,13749.96795030886
forecast_0020,2025-01-01 20:00:00,15357.796701953763,17512.133082676075,14623.818950846682
forecast_0021,2025-01-01 21:00:00,16153.518930797527,17937.29293332561,15841.405423672983
forecast_0022,2025-01-01 22:00:00,16484.088699548003,17930.652843976535,15649.620774219364
forecast_0023,2025-01-01 23:00:00,16699.928561475495,18004.83302052457,15439.899968620273
forecast_0024,2025-01-02 00:00:00,15908.066456849368,17364.72822841298,15170.96194842173
forecast_0025,2025-01-02 01:00:00,13031.993745376205,15263.161208035266,11226.007600460962
forecast_0026,2025-01-02 02:00:00,11595.982169551395,14406.64578535395,10558.809969003996
forecast_0027,2025-01-02 03:00:00,10656.39429846243,13900.735852558651,9885.983083659783
forecast_0028,2025-01-02 04:00:00,9901.387465329675,12218.241784446116,8550.528754734838
forecast_0029,2025-01-02 05:00:00,9215.920320692218,10511.786725289046,8290.192172567438
forecast_0030,2025-01-02 06:00:00,7830.51074715621,8525.508348154135,5737.046634462326
forecast_0031,2025-01-02 07:00:00,8035.811727820951,7625.084686672966,4260.809983757477
forecast_0032,2025-01-02 08:00:00,7834.2758916437015,7884.4863949735445,4170.856211488978
forecast_0033,2025-01-02 09:00:00,6195.199060503556,6882.5721838688405,4071.4418671002777
forecast_0034,2025-01-02 10:00:00,5977.328454056511,5855.228083621648,3220.900845589376
forecast_0035,2025-01-02 11:00:00,3734.3535849894665,3887.588591300198,2800.1329878418496
forecast_0036,2025-01-02 12:00:00,4458.031354983224,5452.17103917878,3905.565270019011
forecast_0037,2025-01-02 13:00:00,5422.323110068821,5696.014220997625,4546.48083602783
forecast_0038,2025-01-02 14:00:00,5577.436124580366,5004.657289739119,3834.832912542929
forecast_0039,2025-01-02 15:00:00,7093.662341823816,5181.71008294746,4084.9406497090813
forecast_0040,2025-01-02 16:00:00,8222.669018163571,6336.7272627300135,4206.758494725082
forecast_0041,2025-01-02 17:00:00,8894.237850791122,7177.120497543718,4950.54416982705
forecast_0042,2025-01-02 18:00:00,9365.824721101764,8350.028558575998,6262.725916156587
forecast_0043,2025-01-02 19:00:00,10662.332561544717,9280.077490922504,7967.284326849543
forecast_0044,2025-01-02 20:00:00,10702.979536296036,10166.052489041082,8560.526774532453
forecast_0045,2025-01-02 21:00:00,11370.124371300739,11137.76667030702,10560.654260997891
forecast_0046,2025-01-02 22:00:00,12632.006307894948,12798.27592963043,12121.380056565778
forecast_0047,2025-01-02 23:00:00,12346.609000557435,13027.76000786523,12118.34888590968
forecast_0048,2025-01-03 00:00:00,12500.08915744748,13796.966940347573,12799.560411572756
forecast_0049,2025-01-03 01:00:00,12210.40509073734,12367.411590734653,12591.751899911858
forecast_0050,2025-01-03 02:00:00,12058.901481260216,12150.88634167531,11446.003145384697
forecast_0051,2025-01-03 03:00:00,12106.474489387205,12305.811916165265,11356.032407799634
forecast_0052,2025-01-03 04:00:00,12824.988244451482,12096.142737081746,11213.95684143492
forecast_0053,2025-01-03 05:00:00,14075.147913941408,12907.761510383276,11872.739751780326
forecast_0054,2025-01-03 06:00:00,13489.64282091111,12563.89824983616,10343.813151517605
forecast_0055,2025-01-03 07:00:00,13721.61209334827,12965.529276113584,10711.12700583427
forecast_0056,2025-01-03 08:00:00,14112.180136000887,12566.090980130499,10747.071210281609
forecast_0057,2025-01-03 09:00:00,13754.282291349213,11784.004850502375,10281.157695960956
forecast_0058,2025-01-03 10:00:00,12830.941100801492,11346.65833673603,9240.776249769106
forecast_0059,2025-01-03 11:00:00,12857.463687997553,11812.539670517015,7895.53487776202
forecast_0060,2025-01-03 12:00:00,11223.470256844294,9343.084633772218,5328.194313898905
forecast_0061,2025-01-03 13:00:00,11261.081749111356,9318.778844321734,6918.610847428028
forecast_0062,2025-01-03 14:00:00,12803.089080222355,10614.307020090897,7199.528506692341
forecast_0063,2025-01-03 15:00:00,13278.947024750018,10832.119531634366,8928.401204658141
forecast_0064,2025-01-03 16:00:00,13090.3575862041,12101.205204639564,10062.778649678354
forecast_0065,2025-01-03 17:00:00,11041.474223603287,10150.290831729837,8422.450685643806
forecast_0066,2025-01-03 18:00:00,10529.244513994974,8904.850570134162,8148.579563467064
forecast_0067,2025-01-03 19:00:00,11500.872903966605,10185.728582441376,10941.995450451423
forecast_0068,2025-01-03 20:00:00,12969.87612292702,13296.01520925645,12429.746557214186
forecast_0069,2025-01-03 21:00:00,14043.712391270728,13501.9354434184,13063.60931155917
forecast_0070,2025-01-03 22:00:00,13763.384519632591,14494.4202837256,13168.470922578204
forecast_0071,2025-01-03 23:00:00,13603.248738621081,15248.445753861697,13656.170491478983
forecast_0072,2025-01-04 00:00:00,13734.99725838615,14436.62577264629,12475.984769011951
forecast_0073,2025-01-04 01:00:00,13656.117141561374,14848.361889712005,13291.239399183445
forecast_0074,2025-01-04 02:00:00,13908.213131054368,15178.380828964147,13342.046110228946
forecast_0075,2025-01-04 03:00:00,14060.93717235266,14872.183447380738,13480.945466116935
forecast_0076,2025-01-04 04:00:00,13428.558226399004,15520.827933242621,12809.379724218043
forecast_0077,2025-01-04 05:00:00,14518.347600319132,15924.792654415274,13697.756815183358
forecast_0078,2025-01-04 06:00:00,15371.013433824635,16501.285522039587,13149.615992504221
forecast_0079,2025-01-04 07:00:00,15761.215912934582,16982.58837537257,11524.824575830002
forecast_0080,2025-01-04 08:00:00,14355.18487877465,15954.944293737037,10502.2849597886
forecast_0081,2025-01-04 09:00:00,12068.031414844709,13700.475012668881,10363.592532237051
forecast_0082,2025-01-04 10:00:00,10247.71996195368,12478.394879280313,8830.092324037516
forecast_0083,2025-01-04 11:00:00,9439.796070432363,10792.010177943093,8159.605075052415
forecast_0084,2025-01-04 12:00:00,10153.137297354842,10372.922822004157,8510.363586171068
forecast_0085,2025-01-04 13:00:00,11764.364996688308,10602.42801132915,8414.688649524749
forecast_0086,2025-01-04 14:00:00,12262.71263350932,10605.079341837927,8270.782413749805
forecast_0087,2025-01-04 15:00:00,11218.081057349289,8417.87517173735,6785.800501763379
forecast_0088,2025-01-04 16:00:00,10814.353914620204,9137.41447781953,6752.982100838446
forecast_0089,2025-01-04 17:00:00,10743.074441636674,9868.962544606897,9939.801741097745
forecast_0090,2025-01-04 18:00:00,12975.853823314827,13838.516722849288,11762.729059249416
forecast_0091,2025-01-04 19:00:00,13026.19533267006,14174.294707869994,10201.50069448968
forecast_0092,2025-01-04 20:00:00,13623.600839525981,15220.92892639655,11875.329595698642
forecast_0093,2025-01-04 21:00:00,13854.847565083483,15445.745898760335,12504.327454138102
forecast_0094,2025-01-04 22:00:00,15372.135411246969,16766.80503260817,14238.253577820427
forecast_0095,2025-01-04 23:00:00,18096.415298522323,17953.980398274445,15633.756147020089
forecast_0096,2025-01-05 00:00:00,17826.631244508644,17811.207067954507,14931.477577685377
forecast_0097,2025-01-05 01:00:00,15649.218865913059,17016.0738894528,13015.371997356571
forecast_0098,2025-01-05 02:00:00,15687.77551004927,16911.03882267109,12600.446533629654
forecast_0099,2025-01-05 03:00:00,16218.256473268606,17055.232037999576,13622.306708961056
forecast_0100,2025-01-05 04:00:00,16087.784333754322,17948.37406282183,12969.667377165419
forecast_0101,2025-01-05 05:00:00,13756.033648562152,16247.231223996781,11461.353807502124
forecast_0102,2025-01-05 06:00:00,10971.733663125957,14231.471134280024,8713.831157216642
forecast_0103,2025-01-05 07:00:00,10017.9007941346,14190.875346030662,7983.617793784005
forecast_0104,2025-01-05 08:00:00,11346.03592115268,15523.103412612192,9622.173418725879
forecast_0105,2025-01-05 09:00:00,12910.769009636972,15874.169512937297,10284.626297184077
forecast_0106,2025-01-05 10:00:00,13824.778282228373,15762.742709128166,12361.803816184787
forecast_0107,2025-01-05 11:00:00,16635.907703147288,17457.136586454188,15631.626938391308
forecast_0108,2025-01-05 12:00:00,16422.558786902973,17350.487650618743,15793.341578811032
forecast_0109,2025-01-05 13:00:00,15072.682034374282,16578.910829432316,15711.472836519979
forecast_0110,2025-01-05 14:00:00,13457.765966288003,15153.796825040414,13916.119445173774
forecast_0111,2025-01-05 15:00:00,12744.45049774183,14961.796486038185,13537.155586036095
forecast_0112,2025-01-05 16:00:00,12608.413221708972,13947.23787084349,12081.820628828771
forecast_0113,2025-01-05 17:00:00,9403.92126426678,10935.15200940176,8071.0911590144015
forecast_0114,2025-01-05 18:00:00,9170.17415589172,11528.860000543566,8966.083367444824
forecast_0115,2025-01-05 19:00:00,12548.415700253316,13694.92796571234,11407.255712033304
forecast_0116,2025-01-05 20:00:00,12914.957032058592,13223.530527910785,11990.821486544213
forecast_0117,2025-01-05 21:00:00,13625.616883152545,13670.097833768432,13202.871991558408
forecast_0118,2025-01-05 22:00:00,13404.31578080308,13004.903279635688,12740.465465243438
forecast_0119,2025-01-05 23:00:00,12416.97899861321,13607.913620517164,11687.214846000545
forecast_0120,2025-01-06 00:00:00,11080.09686198961,12346.786018323686,10166.455906182851
forecast_0121,2025-01-06 01:00:00,10688.063002001581,11366.492882794248,8003.802228203242
forecast_0122,2025-01-06 02:00:00,10683.723561898805,10999.36986256544,7674.243306068418
forecast_0123,2025-01-06 03:00:00,10833.89530546897,10643.047594792815,7090.098645742043
forecast_0124,2025-01-06 04:00:00,8945.949052996575,8995.522919599185,5563.540266304376
forecast_0125,2025-01-06 05:00:00,6855.053566782609,7270.497715133214,4673.956935041788
forecast_0126,2025-01-06 06:00:00,5363.245794735284,4784.8683118386525,3874.9848219446953
forecast_0127,2025-01-06 07:00:00,2671.7368877278104,2863.972756397036,1284.0719078399982
forecast_0128,2025-01-06 08:00:00,1890.8547617958811,2256.7006661129562,945.2551489694166
forecast_0129,2025-01-06 09:00:00,3019.6970328652123,2746.6820787103934,1737.8457494342265
forecast_0130,2025-01-06 10:00:00,3859.8825008797517,3993.124333355754,3432.282974726611
forecast_0131,2025-01-06 11:00:00,4220.597534081605,4074.052729079533,4562.066058602608
forecast_0132,2025-01-06 12:00:00,6256.32024232042,5560.599262354184,5451.886139149689
forecast_0133,2025-01-06 13:00:00,5750.900888926679,4621.376962139464,5770.017947309845
forecast_0134,2025-01-06 14:00:00,6645.66854905345,5575.203082291962,5351.757201566588
forecast_0135,2025-01-06 15:00:00,7466.696526390108,6181.4267457051865,4560.123170605089
forecast_0136,2025-01-06 16:00:00,8295.175373850878,6606.578497419365,5383.217473323226
forecast_0137,2025-01-06 17:00:00,9022.7219945597,7453.673137631602,5877.077161395036
forecast_0138,2025-01-06 18:00:00,11410.073759355706,9568.023814577931,8852.347457138476
forecast_0139,2025-01-06 19:00:00,12912.356726489972,12270.686980496754,10853.29945554263
forecast_0140,2025-01-06 20:00:00,13948.709531980594,12791.515137936894,11897.182735881106
forecast_0141,2025-01-06 21:00:00,12983.851754731608,11994.92833615596,10432.579218575522
forecast_0142,2025-01-06 22:00:00,13549.87779120945,12826.013253498986,12503.976951789416
forecast_0143,2025-01-06 23:00:00,13899.395799026019,13543.01545702388,12667.358334141667
forecast_0144,2025-01-07 00:00:00,15034.209316664344,15858.484252711745,13500.614393934213
forecast_0145,2025-01-07 01:00:00,16508.947656791515,17238.476775167623,14888.647418477885
forecast_0146,2025-01-07 02:00:00,16605.157130313997,17457.195720756354,15534.050110578315
forecast_0147,2025-01-07 03:00:00,16781.680226500397,17726.882718302877,14840.712723918687
forecast_0148,2025-01-07 04:00:00,16324.276019807508,17208.996788843553,14340.667098904076
forecast_0149,2025-01-07 05:00:00,16004.950272922892,16860.306206134814,14274.45562198352
forecast_0150,2025-01-07 06:00:00,15680.678747692617,16561.74848087886,13554.007580295085
forecast_0151,2025-01-07 07:00:00,15685.828187465877,16828.44991957358,13413.773429208024
forecast_0152,2025-01-07 08:00:00,15687.474672394967,16870.535299313175,14234.216563607682
forecast_0153,2025-01-07 09:00:00,15843.359112116066,16514.41102604388,14178.064287064226
forecast_0154,2025-01-07 10:00:00,16113.785399670694,17482.481343285195,13949.339155222568
forecast_0155,2025-01-07 11:00:00,15908.451245309921,17501.251785799464,13081.42475984485
forecast_0156,2025-01-07 12:00:00,15709.30138291526,17321.998067498906,12430.569724736775
forecast_0157,2025-01-07 13:00:00,15703.229241753515,16952.385567585658,13334.18230659022
forecast_0158,2025-01-07 14:00:00,15703.73173846484,16241.787424031567,13593.48385088985
forecast_0159,2025-01-07 15:00:00,15679.310242273788,16614.115416479566,14067.99614473927
forecast_0160,2025-01-07 16:00:00,15569.851643990496,16984.377908570903,13856.364556197155
forecast_0161,2025-01-07 17:00:00,15716.027755014507,17731.43839361127,13823.740816900296
forecast_0162,2025-01-07 18:00:00,16113.132046042798,17619.306421676072,14659.431041079446
forecast_0163,2025-01-07 19:00:00,16157.19784678491,17638.210771707363,14497.845874331455
forecast_0164,2025-01-07 20:00:00,16654.914332241016,18206.395491528623,15146.027064702146
forecast_0165,2025-01-07 21:00:00,16676.309998120396,17925.1572360883,16033.948192508962
forecast_0166,2025-01-07 22:00:00,17227.342949067584,18215.36117459296,16204.718358300726
forecast_0167,2025-01-07 23:00:00,16822.000186714602,18834.63371485109,16679.8844701634
forecast_0168,2025-01-08 00:00:00,16028.634141604301,18458.0897625276,16221.295537447033
forecast_0169,2025-01-08 01:00:00,15801.320824782451,18143.131647482634,16516.936789489137
forecast_0170,2025-01-08 02:00:00,16318.684899897342,18313.511887041288,16188.925108275716
forecast_0171,2025-01-08 03:00:00,16145.060956045181,17420.683157546096,15900.750675733725
forecast_0172,2025-01-08 04:00:00,15487.36043169047,17109.305847594307,12870.985070005529
forecast_0173,2025-01-08 05:00:00,15039.754654644894,16809.628458848896,12924.950490525394
forecast_0174,2025-01-08 06:00:00,15065.731472451862,17279.116213496185,13781.814641434145
forecast_0175,2025-01-08 07:00:00,14577.854786895117,17207.56465959089,13179.104862254275
forecast_0176,2025-01-08 08:00:00,14881.241304124153,17595.53839531331,14613.585224567056
forecast_0177,2025-01-08 09:00:00,15396.364577767083,17947.102649683104,14452.2004466446
forecast_0178,2025-01-08 10:00:00,15957.833067709242,18386.35357313155,14522.202065822672
forecast_0179,2025-01-08 11:00:00,15441.939047655513,18132.35941381135,13558.853240321892
forecast_0180,2025-01-08 12:00:00,15931.171075710048,17549.527997300993,14965.287606230844
forecast_0181,2025-01-08 13:00:00,15469.428986373538,16199.060487375426,14704.434918744342
forecast_0182,2025-01-08 14:00:00,15588.755159626586,17195.247828870837,15336.811128109319
forecast_0183,2025-01-08 15:00:00,15294.421508674552,17741.881260095022,15185.816875982659
forecast_0184,2025-01-08 16:00:00,15100.611000426983,17546.25944627608,15419.534238760007
forecast_0185,2025-01-08 17:00:00,15714.923206355532,16749.10169702095,15543.785775210881
forecast_0186,2025-01-08 18:00:00,15820.73788804579,16937.820518321354,14739.708817394554
forecast_0187,2025-01-08 19:00:00,15698.586548851657,17332.500167840913,14864.439105436635
forecast_0188,2025-01-08 20:00:00,15513.4079724601,17239.06941514766,15238.462920505524
forecast_0189,2025-01-08 21:00:00,15542.13160835055,16308.069267488343,15396.711478316585
forecast_0190,2025-01-08 22:00:00,15749.690864612605,17318.262257385613,15446.848105321002
forecast_0191,2025-01-08 23:00:00,14814.652341388692,17806.18573572764,15111.042426326245
forecast_0192,2025-01-09 00:00:00,14573.816288797729,17124.752924055178,14960.535657797227
forecast_0193,2025-01-09 01:00:00,13973.936169337936,15939.360520511094,14946.017561861778
forecast_0194,2025-01-09 02:00:00,14447.129619038991,16384.316407621296,14734.8400833138
forecast_0195,2025-01-09 03:00:00,13759.391320032468,16866.321551635774,12970.59639510648
forecast_0196,2025-01-09 04:00:00,13221.650593611763,15062.451736570623,11335.243765762016
forecast_0197,2025-01-09 05:00:00,13488.820405913177,15766.441351401396,11306.89363048418
forecast_0198,2025-01-09 06:00:00,13816.80264432218,16453.2631328396,10537.424231903256
forecast_0199,2025-01-09 07:00:00,12516.874527956117,14593.939199330529,10812.932494815272
forecast_0200,2025-01-09 08:00:00,11181.248090393985,13718.353961695297,11131.571018318811
forecast_0201,2025-01-09 09:00:00,14335.363289171306,17140.05991150929,12131.227781867527
forecast_0202,2025-01-09 10:00:00,14005.514618303703,17108.447369811154,13426.706468716648
forecast_0203,2025-01-09 11:00:00,13910.461627091026,17222.21687828751,13155.17081555269
forecast_0204,2025-01-09 12:00:00,13504.101043743865,16990.801613292108,12449.224685845666
forecast_0205,2025-01-09 13:00:00,13649.173881876472,17022.35797539148,12161.719769706435
forecast_0206,2025-01-09 14:00:00,13941.3859409742,16543.423194034116,12607.060170681047
forecast_0207,2025-01-09 15:00:00,13796.253571313067,16123.954217313947,11720.572186662972
forecast_0208,2025-01-09 16:00:00,14159.610685592537,15437.217848504126,10148.529689626635
forecast_0209,2025-01-09 17:00:00,14358.889205726124,14701.347627976074,8451.776513437342
forecast_0210,2025-01-09 18:00:00,12997.421987350268,13198.314822690212,6152.12719054556
forecast_0211,2025-01-09 19:00:00,12161.531214636047,12411.807150423345,6280.30299495578
forecast_0212,2025-01-09 20:00:00,11279.895564902989,13761.154622085784,6512.656490293273
forecast_0213,2025-01-09 21:00:00,13431.488554019323,17665.281214342496,8026.639609945188
forecast_0214,2025-01-09 22:00:00,16030.723552051459,20029.30013323622,8342.872175017263
forecast_0215,2025-01-09 23:00:00,18043.9706553386,20446.325939516464,9303.265432888098
forecast_0216,2025-01-10 00:00:00,18011.569217664943,20320.224133555257,10468.576658580914
forecast_0217,2025-01-10 01:00:00,13987.337131415166,13627.845439459692,8868.29673972243
forecast_0218,2025-01-10 02:00:00,14452.551021635309,15239.968346312819,10068.828894156037
forecast_0219,2025-01-10 03:00:00,17405.184271246762,17412.240750792444,10432.36190473549
forecast_0220,2025-01-10 04:00:00,18625.722777121857,18721.314412566888,11657.445481969437
forecast_0221,2025-01-10 05:00:00,17858.669853796768,19158.635588674708,10338.210781788126
forecast_0222,2025-01-10 06:00:00,18152.937277708206,17920.91632246318,10589.34821769983
forecast_0223,2025-01-10 07:00:00,16090.46748763827,15438.326753453404,10989.37628560429
forecast_0224,2025-01-10 08:00:00,15941.279738665206,13915.494226726873,10989.09123899474
forecast_0225,2025-01-10 09:00:00,11486.284899365315,8944.549680013903,7678.730486505585
forecast_0226,2025-01-10 10:00:00,6489.063098179931,5464.616891821656,5422.3493554411425
forecast_0227,2025-01-10 11:00:00,3282.949206454262,2472.4889173419124,2956.2683927653684
forecast_0228,2025-01-10 12:00:00,2383.4759518573665,1056.2106940993958,1451.8461799807233
forecast_0229,2025-01-10 13:00:00,2047.5183756602892,1319.3264914431895,1539.501678791733
forecast_0230,2025-01-10 14:00:00,2521.966714222059,1729.763873072781,1715.2723748435233
forecast_0231,2025-01-10 15:00:00,2145.5056206670265,2260.9605898140394,2607.221263526484
forecast_0232,2025-01-10 16:00:00,2155.3820212306696,2283.613030346209,2779.9835447444425
forecast_0233,2025-01-10 17:00:00,3382.6820484894456,2883.8387346373615,3453.362773192427
forecast_0234,2025-01-10 18:00:00,5202.642047832318,4730.274566934659,5776.77292377377
forecast_0235,2025-01-10 19:00:00,7597.200654097312,7017.927877691979,5891.5757170939105
forecast_0236,2025-01-10 20:00:00,7702.555642251517,7205.225123749781,6112.48623742056
forecast_0237,2025-01-10 21:00:00,7361.729412719998,6251.753799642071,5560.550226027108
forecast_0238,2025-01-10 22:00:00,7281.053658798596,6532.2868190993995,5637.228072380885
forecast_0239,2025-01-10 23:00:00,7617.934739845622,7310.842091485715,6741.1369311282315
forecast_0240,2025-01-11 00:00:00,8823.473496761615,8332.039924139175,7975.38836307322
forecast_0241,2025-01-11 01:00:00,7536.639265676374,6794.015307255512,5687.22452692874
forecast_0242,2025-01-11 02:00:00,6807.795655200698,6118.211969016624,5937.802657215671
forecast_0243,2025-01-11 03:00:00,6648.635537726417,6005.496112544223,5656.6892128456175
forecast_0244,2025-01-11 04:00:00,8629.348647926661,7499.097017379373,7130.967313954378
forecast_0245,2025-01-11 05:00:00,8265.714616136233,6762.0064433596835,7095.011099386912
forecast_0246,2025-01-11 06:00:00,6522.9363770206,5475.9668076837215,5738.1512298894495
forecast_0247,2025-01-11 07:00:00,5297.3863290922955,5143.405393253201,4629.104128876633
forecast_0248,2025-01-11 08:00:00,6208.564736598501,6903.767409218047,5004.16249686683
forecast_0249,2025-01-11 09:00:00,5837.477782290119,5507.820967084593,3851.085761903925
forecast_0250,2025-01-11 10:00:00,4549.256978895168,4729.019257287701,3020.461911067513
forecast_0251,2025-01-11 11:00:00,3959.714801180136,3288.973980831381,2394.55594605952
forecast_0252,2025-01-11 12:00:00,1609.6715419846275,937.6721373497828,1028.2157149914547
forecast_0253,2025-01-11 13:00:00,1392.8785435000166,807.5128162895908,1036.5350290879364
forecast_0254,2025-01-11 14:00:00,2175.612358982001,1703.644925163919,1748.5309506659632
forecast_0255,2025-01-11 15:00:00,2232.653907670408,1613.6160737900323,1661.5747145707996
forecast_0256,2025-01-11 16:00:00,1921.8206980243324,1652.0712425602978,1169.0275909770428
forecast_0257,2025-01-11 17:00:00,2913.8707204847274,2267.890223891029,2013.0658802256842
forecast_0258,2025-01-11 18:00:00,6443.9185043698035,6412.991523709735,5272.943756488609
forecast_0259,2025-01-11 19:00:00,7493.1278844180615,7937.289217601848,5978.445147947484
forecast_0260,2025-01-11 20:00:00,9018.672688684972,9389.79709598308,7813.5867090080355
forecast_0261,2025-01-11 21:00:00,9659.335965935676,9720.165923960747,8475.727194251025
forecast_0262,2025-01-11 22:00:00,9693.05010458315,9464.469624962949,8803.007960802814
forecast_0263,2025-01-11 23:00:00,10354.572559578079,10977.19559558662,9721.738788042467
forecast_0264,2025-01-12 00:00:00,12050.478864221439,11935.581497973471,10456.66896873328
forecast_0265,2025-01-12 01:00:00,5874.095776186817,5587.711233707883,5996.451869308588
forecast_0266,2025-01-12 02:00:00,7548.488777375954,7135.677674166744,6646.0211163731365
forecast_0267,2025-01-12 03:00:00,10704.290726080277,11009.19797383354,8252.964930593345
forecast_0268,2025-01-12 04:00:00,11462.978241691751,12041.58317458916,9758.713386973292
forecast_0269,2025-01-12 05:00:00,12163.316675665796,12785.607147482195,10426.379308366597
forecast_0270,2025-01-12 06:00:00,13089.795574706255,14071.9025368799,10493.162147317316
forecast_0271,2025-01-12 07:00:00,12613.951039842568,13335.877162211134,10736.49733536933
forecast_0272,2025-01-12 08:00:00,13976.10477415305,14077.477458135803,11107.818376214258
forecast_0273,2025-01-12 09:00:00,13820.89852878053,14348.499192326683,10974.64447621341
forecast_0274,2025-01-12 10:00:00,13037.606308655646,14565.362652350237,10076.639281028554
forecast_0275,2025-01-12 11:00:00,9995.615277985455,12216.78394937316,8568.338288950936
forecast_0276,2025-01-12 12:00:00,8354.599368042533,9453.025511030228,6449.399855917223
forecast_0277,2025-01-12 13:00:00,8907.134399727436,8398.295234953448,6920.161861142555
forecast_0278,2025-01-12 14:00:00,10236.190206242614,8839.832357856481,7682.992354620714
forecast_0279,2025-01-12 15:00:00,11349.048623421968,9902.388758373158,9762.882801998474
forecast_0280,2025-01-12 16:00:00,11511.285762511898,10248.401595913881,9200.90378139409
forecast_0281,2025-01-12 17:00:00,11453.869772586995,11929.332165154463,10605.002375592267
forecast_0282,2025-01-12 18:00:00,11942.089599704828,13418.139932733506,10847.012180533133
forecast_0283,2025-01-12 19:00:00,12111.123449565832,14452.857811613541,10018.269666552464
forecast_0284,2025-01-12 20:00:00,14080.069233564567,16249.756564723506,11352.02827431451
forecast_0285,2025-01-12 21:00:00,16223.186822903632,18069.11213869614,12432.464063893338
forecast_0286,2025-01-12 22:00:00,15400.409366023921,16845.01506767723,11495.358034635332
forecast_0287,2025-01-12 23:00:00,15049.671763183165,16007.586196497949,11580.777690941066
forecast_0288,2025-01-13 00:00:00,15850.757175800107,16759.4473650444,12784.617583640134
forecast_0289,2025-01-13 01:00:00,17714.699606876675,17409.08040396009,15230.776757016478
forecast_0290,2025-01-13 02:00:00,18976.53465623262,18788.15228468289,16124.545661440468
forecast_0291,2025-01-13 03:00:00,19777.278123350214,19729.812120140043,16895.93496232715
forecast_0292,2025-01-13 04:00:00,20733.110193453555,20637.710581892014,18212.330301317717
forecast_0293,2025-01-13 05:00:00,20401.734678621026,20593.31412284061,18070.259140067436
forecast_0294,2025-01-13 06:00:00,20470.29088365802,20691.75370481516,18810.47349546032
forecast_0295,2025-01-13 07:00:00,20058.277875521853,20318.05983045906,17167.818697929586
forecast_0296,2025-01-13 08:00:00,18579.99985901369,19804.501108881064,15167.52802808199
forecast_0297,2025-01-13 09:00:00,17639.61514724012,19574.89697943098,15899.322735547286
forecast_0298,2025-01-13 10:00:00,15586.50488839863,19608.690331147172,15964.61706888591
forecast_0299,2025-01-13 11:00:00,15900.770639190241,19013.79218921182,16353.391078206196
forecast_0300,2025-01-13 12:00:00,12788.571640402974,15273.24371958445,13473.194683773923
forecast_0301,2025-01-13 13:00:00,12716.0791380531,14636.211456999707,11968.253197474613
forecast_0302,2025-01-13 14:00:00,11791.64991014479,13553.435452681057,10595.996690202386
forecast_0303,2025-01-13 15:00:00,12880.135102709668,13926.65727922448,12030.044953322946
forecast_0304,2025-01-13 16:00:00,13130.372976908759,14485.760945375037,12398.014384730497
forecast_0305,2025-01-13 17:00:00,11248.593043833314,12815.39334255655,10888.951929153134
forecast_0306,2025-01-13 18:00:00,10384.735038474559,10703.817235836133,8318.18410598875
forecast_0307,2025-01-13 19:00:00,11464.644517525712,11887.222600843797,9649.302501750137
forecast_0308,2025-01-13 20:00:00,13213.46809179828,13317.253422987791,11604.160419326656
forecast_0309,2025-01-13 21:00:00,14466.281310858809,15147.000829046718,13100.973248649829
forecast_0310,2025-01-13 22:00:00,15666.856348968362,17122.098148903326,15520.498526161564
forecast_0311,2025-01-13 23:00:00,16290.500924041748,17687.81576855912,15158.997755127506
forecast_0312,2025-01-14 00:00:00,16717.993985755864,18611.350336389234,16424.789736987936
forecast_0313,2025-01-14 01:00:00,16697.64204371195,18433.246187452765,15901.23064456907
forecast_0314,2025-01-14 02:00:00,16559.9888943098,18457.38474975369,16111.811806734157
forecast_0315,2025-01-14 03:00:00,16350.773223938611,18377.911542670325,15087.655185536176
forecast_0316,2025-01-14 04:00:00,16213.049154281318,17775.530525126083,15334.48559668414
forecast_0317,2025-01-14 05:00:00,17298.23208977947,18463.5411313189,16153.535325518516
forecast_0318,2025-01-14 06:00:00,17680.060201461514,18410.28948535322,16880.0567594916
forecast_0319,2025-01-14 07:00:00,17511.321753433338,18057.062851271603,15892.280165177835
forecast_0320,2025-01-14 08:00:00,17000.037201609037,18077.06949209722,15331.537405792527
forecast_0321,2025-01-14 09:00:00,16399.033994445785,18209.642326543428,15001.698233139112
forecast_0322,2025-01-14 10:00:00,15869.01113454346,17743.063277433095,15677.756208251203
forecast_0323,2025-01-14 11:00:00,14683.768228161649,15681.836608078422,13626.822076265847
forecast_0324,2025-01-14 12:00:00,14919.744510435079,15769.54246810907,13571.680470888074
forecast_0325,2025-01-14 13:00:00,14649.119344311706,14998.738564553545,12705.855103285536
forecast_0326,2025-01-14 14:00:00,13665.701975772752,14082.814231911256,12303.474084778156
forecast_0327,2025-01-14 15:00:00,13159.764583323724,13652.550853799277,11626.600980621397
forecast_0328,2025-01-14 16:00:00,13086.424558640894,13569.089586105716,10432.030262392733
forecast_0329,2025-01-14 17:00:00,12518.500949152383,12467.001366310184,10279.336404374748
forecast_0330,2025-01-14 18:00:00,11930.833704572144,11319.72876941817,9677.936171237814
forecast_0331,2025-01-14 19:00:00,12536.038092003022,12653.696462830803,10358.154662107407
forecast_0332,2025-01-14 20:00:00,12731.31679450052,13469.534237071985,10104.217968018173
forecast_0333,2025-01-14 21:00:00,12616.645603640878,13704.739803154876,11519.797057677359
forecast_0334,2025-01-14 22:00:00,14281.861315212393,16065.35812543923,14668.929195265806
forecast_0335,2025-01-14 23:00:00,14008.326682847006,15307.377046524027,12013.853132135968
forecast_0336,2025-01-15 00:00:00,14348.839616220885,14741.219936958973,11157.690965534879
forecast_0337,2025-01-15 01:00:00,13872.104481901019,14405.532014716662,12078.307874994909
forecast_0338,2025-01-15 02:00:00,13039.980822427686,12660.168228456934,9815.847341210498
forecast_0339,2025-01-15 03:00:00,11439.384490029403,10179.854500159441,8130.070236630404
forecast_0340,2025-01-15 04:00:00,10686.48263589077,9718.274205588707,7302.65472854076
forecast_0341,2025-01-15 05:00:00,10739.780622540966,10376.047526914246,7681.731457044903
forecast_0342,2025-01-15 06:00:00,11754.711920848575,11556.100543676002,8675.72967052438
forecast_0343,2025-01-15 07:00:00,12740.26217290403,14761.530984061264,10120.123620468996
forecast_0344,2025-01-15 08:00:00,12700.381180193697,14289.600728440568,10106.783197080738
forecast_0345,2025-01-15 09:00:00,12649.259782066501,14224.424746415996,12410.653861731842
forecast_0346,2025-01-15 10:00:00,12179.8983378111,11838.027661957536,11434.383276682884
forecast_0347,2025-01-15 11:00:00,11811.672734378602,12454.680195340063,12019.04924174547
forecast_0348,2025-01-15 12:00:00,11625.935420692798,10812.171032630338,9361.243096187842
forecast_0349,2025-01-15 13:00:00,11719.7490000228,10393.512236461405,8004.787915654777
forecast_0350,2025-01-15 14:00:00,10874.23330491876,8839.60546068994,5969.908355551708
forecast_0351,2025-01-15 15:00:00,10066.89703525812,7965.835738900169,7451.950115412608
forecast_0352,2025-01-15 16:00:00,10412.49247251653,7898.934459018822,7833.3278091617
forecast_0353,2025-01-15 17:00:00,10372.316714751727,9622.300822263938,9692.058659484406
forecast_0354,2025-01-15 18:00:00,11167.110143510381,11507.261322710607,11179.451044027892
forecast_0355,2025-01-15 19:00:00,11542.321384720162,13356.993713450845,13103.567260871503
forecast_0356,2025-01-15 20:00:00,13250.668078117867,14744.5616958499,14167.77023886243
forecast_0357,2025-01-15 21:00:00,14828.259121359237,17548.01363862814,16297.095322536507
forecast_0358,2025-01-15 22:00:00,16806.065564679415,19170.487765639173,17343.548247013307
forecast_0359,2025-01-15 23:00:00,17653.737655297984,20203.571330900533,17979.268718945124
forecast_0360,2025-01-16 00:00:00,18502.3019796728,20158.402606399086,17585.49097887605
forecast_0361,2025-01-16 01:00:00,17503.612140296726,19147.13058608634,15346.838190321234
forecast_0362,2025-01-16 02:00:00,17279.87822136193,20084.261913637132,17012.35570414104
forecast_0363,2025-01-16 03:00:00,16970.3309703874,19876.048809232518,17452.892277051036
forecast_0364,2025-01-16 04:00:00,17137.1549374294,19787.363872441667,16363.015309065171
forecast_0365,2025-01-16 05:00:00,16544.480349318917,20144.662275242692,15994.414316212124
forecast_0366,2025-01-16 06:00:00,15766.6598840936,19758.39627943402,15883.229282979128
forecast_0367,2025-01-16 07:00:00,16342.52963589621,19679.477337212436,16035.30786444853
forecast_0368,2025-01-16 08:00:00,16390.260919201817,20032.334733546104,16518.560863561284
forecast_0369,2025-01-16 09:00:00,16134.492762126756,20149.368519347718,16512.67769772771
forecast_0370,2025-01-16 10:00:00,17210.257351129523,19713.87254205762,16088.128061174675
forecast_0371,2025-01-16 11:00:00,17593.251237404646,19156.16252943872,17027.34743885908
forecast_0372,2025-01-16 12:00:00,16961.248669913966,18074.039199511633,15488.30414423022
forecast_0373,2025-01-16 13:00:00,15307.046754878427,17509.76357416913,14599.594566943888
forecast_0374,2025-01-16 14:00:00,14647.045600420575,17153.60777977671,14159.45928778832
forecast_0375,2025-01-16 15:00:00,14256.175820170718,16805.499307424714,13868.552846027846
forecast_0376,2025-01-16 16:00:00,14200.237949882663,16562.883283476018,14147.157933897002
forecast_0377,2025-01-16 17:00:00,14577.650658765664,16985.621315770262,14962.13200756287
forecast_0378,2025-01-16 18:00:00,15130.760496521085,17905.689628588636,15055.276177520103
forecast_0379,2025-01-16 19:00:00,13387.480263980964,16287.230902465659,14033.157073636154
forecast_0380,2025-01-16 20:00:00,10961.52480432436,12652.123889079976,10769.259568964037
forecast_0381,2025-01-16 21:00:00,9415.379867688649,10094.839113409686,6767.2288855252555
forecast_0382,2025-01-16 22:00:00,6688.167105171012,7321.924286670599,4551.51038014062
forecast_0383,2025-01-16 23:00:00,5608.232633646831,5869.330424085913,3259.7509426776332
forecast_0384,2025-01-17 00:00:00,3455.028417969301,3295.4705694389704,1769.7435910759611
forecast_0385,2025-01-17 01:00:00,1987.7706873681893,1396.8600045218623,857.3563278578508
forecast_0386,2025-01-17 02:00:00,545.6205863931109,551.4268111778451,358.11821342932177
forecast_0387,2025-01-17 03:00:00,302.169842661522,419.0959054811337,195.12367979902567
forecast_0388,2025-01-17 04:00:00,664.6790827225107,443.4567770024622,201.02853977497642
forecast_0389,2025-01-17 05:00:00,969.2875314900367,432.4600488918987,223.8638669599513
forecast_0390,2025-01-17 06:00:00,925.5288415878864,540.1885805677225,372.2336479260367
forecast_0391,2025-01-17 07:00:00,876.1677871868382,431.6525108812487,49.609606561756266
forecast_0392,2025-01-17 08:00:00,1091.4096689093224,737.7702514334367,37.97770113992661
forecast_0393,2025-01-17 09:00:00,938.7484693796845,777.6761369758441,46.624457691077446
forecast_0394,2025-01-17 10:00:00,376.64823140344,438.43686397476216,0.0
forecast_0395,2025-01-17 11:00:00,352.76374480388114,225.10590095826274,73.64173886153611
forecast_0396,2025-01-17 12:00:00,362.3986694889194,69.67582635978016,202.20674377348635
forecast_0397,2025-01-17 13:00:00,326.0853183437709,206.5674076813217,262.0496160549628
forecast_0398,2025-01-17 14:00:00,579.9763223444755,445.8562517211442,603.6527076566338
forecast_0399,2025-01-17 15:00:00,1492.335441915062,700.0050806738649,599.769215865633
forecast_0400,2025-01-17 16:00:00,2513.0199178678126,1737.7520510008444,1628.4623069510858
forecast_0401,2025-01-17 17:00:00,4036.6403758194997,3505.8481150753487,3012.1386064539793
forecast_0402,2025-01-17 18:00:00,6104.9712698244375,5110.579431247439,4415.631262439175
forecast_0403,2025-01-17 19:00:00,7497.807063377092,8644.29876447802,7845.845472582402
forecast_0404,2025-01-17 20:00:00,10180.336064466488,9752.84080325433,9006.751267908785
forecast_0405,2025-01-17 21:00:00,11857.959735586956,12515.152283215308,10082.579048810438
forecast_0406,2025-01-17 22:00:00,12750.744923846034,13031.379684459676,10108.643894843512
forecast_0407,2025-01-17 23:00:00,13832.911908576845,13404.465059816584,10802.516561549748
forecast_0408,2025-01-18 00:00:00,14756.518301331378,14284.292322396725,11444.427139052925
forecast_0409,2025-01-18 01:00:00,12504.781072124699,11849.983187098489,9502.560339317179
forecast_0410,2025-01-18 02:00:00,13125.442716530104,11579.579245566532,9493.18374378747
forecast_0411,2025-01-18 03:00:00,14349.719067575244,13098.137699379213,11070.822946788176
forecast_0412,2025-01-18 04:00:00,16364.506523100488,15815.788625721756,12398.907175036427
forecast_0413,2025-01-18 05:00:00,17908.462011207175,16023.93278311219,12783.488421267211
forecast_0414,2025-01-18 06:00:00,15937.13181130927,15444.479566536384,11327.288696945474
forecast_0415,2025-01-18 07:00:00,13024.902389023406,11769.560325200198,8234.235021427829
forecast_0416,2025-01-18 08:00:00,9816.334293520025,8374.867589416472,6132.059450388931
forecast_0417,2025-01-18 09:00:00,4735.433126239195,3207.203802871115,2537.594992322408
forecast_0418,2025-01-18 10:00:00,3290.419294651945,1942.334475421301,1730.268467752067
forecast_0419,2025-01-18 11:00:00,2540.138759000979,1942.465014145319,1690.929266840768
forecast_0420,2025-01-18 12:00:00,3908.2361998758743,3583.5880302429023,2366.7976139716434
forecast_0421,2025-01-18 13:00:00,3283.184403979662,3001.2798720031883,2886.221278990907
forecast_0422,2025-01-18 14:00:00,2438.7912135092224,2223.05198439377,1941.661804338897
forecast_0423,2025-01-18 15:00:00,2043.566476008728,2486.1377801116732,1498.8570402884345
forecast_0424,2025-01-18 16:00:00,3531.6725765633396,3581.7042834980707,2215.1671394254117
forecast_0425,2025-01-18 17:00:00,7145.207425945252,7543.828760628772,4989.39587904171
forecast_0426,2025-01-18 18:00:00,11225.753310979282,12004.492720593258,8529.161560548597
forecast_0427,2025-01-18 19:00:00,14102.012475950272,15228.516683867423,10996.937491602235
forecast_0428,2025-01-18 20:00:00,16333.923804161073,17253.127532680737,13304.564393742767
forecast_0429,2025-01-18 21:00:00,17638.797556990037,17921.946463306467,15285.177262090274
forecast_0430,2025-01-18 22:00:00,17015.955900102697,18024.039720536854,14719.131854873427
forecast_0431,2025-01-18 23:00:00,17179.71905396964,17120.2502551323,13823.125948218465
forecast_0432,2025-01-19 00:00:00,15960.758737275795,16385.93588616302,12178.599772142268
forecast_0433,2025-01-19 01:00:00,14666.665142104512,15475.558763153862,10695.11383254292
forecast_0434,2025-01-19 02:00:00,15798.021195647738,15727.50214776037,11297.21008734653
forecast_0435,2025-01-19 03:00:00,18207.930222378014,17516.886984845933,13294.264697350909
forecast_0436,2025-01-19 04:00:00,19882.51205777524,19056.583346100917,15240.476291898238
forecast_0437,2025-01-19 05:00:00,19574.70038873149,19314.37048654091,15090.928747428474
forecast_0438,2025-01-19 06:00:00,19066.36007382079,19106.945600288254,15387.185362047172
forecast_0439,2025-01-19 07:00:00,19198.722389811493,18666.924704640463,14560.882867986307
forecast_0440,2025-01-19 08:00:00,18007.78674146338,17144.428158822226,12669.349807669132
forecast_0441,2025-01-19 09:00:00,17288.913656302346,16485.670442955095,11429.33830468946
forecast_0442,2025-01-19 10:00:00,15350.966902768845,15442.070930530303,10291.04040611876
forecast_0443,2025-01-19 11:00:00,10918.846692999254,11875.073996979789,6998.457467489727
forecast_0444,2025-01-19 12:00:00,8815.106154828964,10457.60975524838,6686.351034647587
forecast_0445,2025-01-19 13:00:00,7448.916752626658,8340.813565264905,6171.660771127206
forecast_0446,2025-01-19 14:00:00,7782.82867509484,7767.215157391941,4899.219024832483
forecast_0447,2025-01-19 15:00:00,6298.272809099089,6016.975359483842,4131.71042157751
forecast_0448,2025-01-19 16:00:00,5292.997740025081,4849.919519104507,4381.63977772617
forecast_0449,2025-01-19 17:00:00,7078.027511985129,6681.316272259443,5241.5918822334415
forecast_0450,2025-01-19 18:00:00,9465.98547029041,9033.279484302342,6625.111960853296
forecast_0451,2025-01-19 19:00:00,8104.5696651234275,8047.816033928083,7976.043012917342
forecast_0452,2025-01-19 20:00:00,8497.594218465212,8337.357615998113,8649.228298886572
forecast_0453,2025-01-19 21:00:00,10586.461290285511,12727.749218709025,9032.961735569515
forecast_0454,2025-01-19 22:00:00,12057.0618670937,13360.322657635814,9703.234849568722
forecast_0455,2025-01-19 23:00:00,10933.996591667326,12492.999379818768,9438.194877228318
forecast_0456,2025-01-20 00:00:00,7852.67869460021,7704.046703869918,6509.459483647028
forecast_0457,2025-01-20 01:00:00,7972.722247827004,6959.66482768735,5265.639056096698
forecast_0458,2025-01-20 02:00:00,6833.518868831166,5752.4550576269485,4329.4210903261555
forecast_0459,2025-01-20 03:00:00,5215.6554684135035,3465.896081261705,3488.53731680906
forecast_0460,2025-01-20 04:00:00,4296.855170622536,3402.2365153567353,2333.8971279543366
forecast_0461,2025-01-20 05:00:00,3755.4919936487795,2170.874210666582,1696.474146200366
forecast_0462,2025-01-20 06:00:00,2572.095000309384,1390.7795910794084,1120.476442700596
forecast_0463,2025-01-20 07:00:00,1917.9392421543153,832.4853992486027,795.7761506495159
forecast_0464,2025-01-20 08:00:00,772.1325447695074,577.6522037101429,360.92501503957504
forecast_0465,2025-01-20 09:00:00,442.598130176597,396.22427824545963,174.59327739193319
forecast_0466,2025-01-20 10:00:00,188.56814339781556,101.69593788434008,32.571585822906826
forecast_0467,2025-01-20 11:00:00,59.58375051568561,23.068108295868907,22.399098032699467
forecast_0468,2025-01-20 12:00:00,95.31877133673858,14.592152086906559,16.03367229681688
forecast_0469,2025-01-20 13:00:00,44.66689741881163,0.0,2.642134928918902
forecast_0470,2025-01-20 14:00:00,21.21308642744017,23.195384137519163,31.06325290056246
forecast_0471,2025-01-20 15:00:00,31.648611688879342,49.45462830970174,74.77070292704818
forecast_0472,2025-01-20 16:00:00,60.3608968437506,135.1538589190799,146.26441142704869
forecast_0473,2025-01-20 17:00:00,182.4483758496441,169.26387678276166,0.0
forecast_0474,2025-01-20 18:00:00,4.146570541999765,191.56915742820962,28.178998708309845
forecast_0475,2025-01-20 19:00:00,25.25631039192049,117.73741163960759,67.107945716775
forecast_0476,2025-01-20 20:00:00,0.0,0.0,83.5525203699071
forecast_0477,2025-01-20 21:00:00,49.21384627517714,81.26994285439294,85.46787112324715
forecast_0478,2025-01-20 22:00:00,237.92395152749665,374.37227347372306,102.53515175974756
forecast_0479,2025-01-20 23:00:00,423.27972773452433,411.08790413154884,142.03019845739817
forecast_0480,2025-01-21 00:00:00,796.3448256016052,476.4278004932828,263.801795043663
forecast_0481,2025-01-21 01:00:00,1499.1185435603472,1173.800295644423,883.5886642718566
forecast_0482,2025-01-21 02:00:00,1574.380035755664,1023.5726394987951,930.1162900235639
forecast_0483,2025-01-21 03:00:00,2411.169473612734,1707.1039639965732,1502.4957846607906
forecast_0484,2025-01-21 04:00:00,2925.039874546114,2137.591441658798,1905.0726973116641
forecast_0485,2025-01-21 05:00:00,2223.657068224415,1413.7819622716534,1626.850574265632
forecast_0486,2025-01-21 06:00:00,2441.662008753681,1306.2472425371463,1583.2233636943176
forecast_0487,2025-01-21 07:00:00,2356.1687345334576,1510.2120990607502,1828.6633094564004
forecast_0488,2025-01-21 08:00:00,2312.894733911929,1421.5921049289295,1825.6242194240808
forecast_0489,2025-01-21 09:00:00,1689.7149833381723,600.2780337003107,698.8491290303944
forecast_0490,2025-01-21 10:00:00,708.5583133071137,430.11385557292,251.65609201099707
forecast_0491,2025-01-21 11:00:00,731.1982911722984,387.6597897266895,503.91248906808767
forecast_0492,2025-01-21 12:00:00,833.5368023468426,875.2279374006972,1042.5700317704645
forecast_0493,2025-01-21 13:00:00,1542.4385097493566,1086.8478123422642,972.5762869452055
forecast_0494,2025-01-21 14:00:00,2319.671651537257,1383.9180190185477,1841.6653960182873
forecast_0495,2025-01-21 15:00:00,2921.7195719665765,2473.2278028011565,2588.0546468112957
forecast_0496,2025-01-21 16:00:00,3451.2823604538016,2781.3059441964488,2362.530607616987
forecast_0497,2025-01-21 17:00:00,4980.370644519987,3896.024906377584,3234.342263527506
forecast_0498,2025-01-21 18:00:00,6119.712951300373,5992.682906138998,4607.933073075935
forecast_0499,2025-01-21 19:00:00,7787.387729298482,9457.038523211137,6579.642573735327
forecast_0500,2025-01-21 20:00:00,10089.845564842612,10984.400119429143,7737.56158299348
forecast_0501,2025-01-21 21:00:00,11514.456180860177,12646.97185120943,8767.555213764514
forecast_0502,2025-01-21 22:00:00,11167.714314426938,12702.21469476513,8373.456177991478
forecast_0503,2025-01-21 23:00:00,10720.08903765153,13847.378649844786,9907.14581212643
forecast_0504,2025-01-22 00:00:00,9789.927287218414,12009.783747648291,7558.898975083595
forecast_0505,2025-01-22 01:00:00,6736.0119910266685,8435.015069652574,5628.652229268654
forecast_0506,2025-01-22 02:00:00,9803.667959059738,12610.464172973561,7289.183594604038
forecast_0507,2025-01-22 03:00:00,10162.475374060501,13155.52115719456,8353.505363683325
forecast_0508,2025-01-22 04:00:00,10819.264107780837,12579.232889418297,9038.373500462025
forecast_0509,2025-01-22 05:00:00,11278.908455277548,13145.894077530129,9379.721941301688
forecast_0510,2025-01-22 06:00:00,12386.381873237387,14143.17214798388,9082.828910743734
forecast_0511,2025-01-22 07:00:00,12227.851043298806,14633.031615732905,9577.463296775484
forecast_0512,2025-01-22 08:00:00,12177.904599335508,14485.834992290302,9582.76535575525
forecast_0513,2025-01-22 09:00:00,11309.433117289804,12716.48819155408,7608.107999090278
forecast_0514,2025-01-22 10:00:00,10518.886294635302,10625.603335050546,9013.160213375604
forecast_0515,2025-01-22 11:00:00,11776.384125264742,9467.294795777496,7544.176359516854
forecast_0516,2025-01-22 12:00:00,9263.291396126202,8242.542191992017,5829.570089169969
forecast_0517,2025-01-22 13:00:00,6930.5876594278925,5122.968415624353,4214.193858135997
forecast_0518,2025-01-22 14:00:00,3649.523127279625,3263.9807380971756,3654.5813594996853
forecast_0519,2025-01-22 15:00:00,2786.153699727981,2074.3460724859037,2601.2509426133024
forecast_0520,2025-01-22 16:00:00,4213.389370616224,3503.2783101503755,2929.858274214943
forecast_0521,2025-01-22 17:00:00,4303.890928755614,5477.026402703287,3846.964310298018
forecast_0522,2025-01-22 18:00:00,5834.689171868525,8707.041866626061,5431.758571477304
forecast_0523,2025-01-22 19:00:00,7383.6966949003945,9554.007208059484,4687.25559083735
forecast_0524,2025-01-22 20:00:00,7129.178928753032,8868.889160108067,4472.030217766544
forecast_0525,2025-01-22 21:00:00,6871.986097833634,8528.341983635575,3822.25549393982
forecast_0526,2025-01-22 22:00:00,8524.041576876287,9134.213935957805,5170.598713930203
forecast_0527,2025-01-22 23:00:00,8781.559123391064,10067.560790662596,6052.187752581507
forecast_0528,2025-01-23 00:00:00,9088.539290475655,10682.904632177251,6590.268116974701
forecast_0529,2025-01-23 01:00:00,10647.276326962326,14202.117106579524,9074.350204774119
forecast_0530,2025-01-23 02:00:00,11047.736744281226,14269.023809644825,9027.025687022471
forecast_0531,2025-01-23 03:00:00,11404.397082319927,14008.23711885973,8596.234048252334
forecast_0532,2025-01-23 04:00:00,10789.936295414798,13727.43467188147,8041.411071170174
forecast_0533,2025-01-23 05:00:00,8774.541869915982,11624.021044528236,6539.42351757388
forecast_0534,2025-01-23 06:00:00,8387.791210909021,10234.472343240726,5509.2807928514685
forecast_0535,2025-01-23 07:00:00,7841.168428214891,9096.049702202039,4765.55442162005
forecast_0536,2025-01-23 08:00:00,7302.188332088193,8359.495946606467,4413.817163064463
forecast_0537,2025-01-23 09:00:00,6271.141442893306,6809.480632577636,2863.9475389780555
forecast_0538,2025-01-23 10:00:00,4926.649797631253,5197.5920499856875,2175.495413437879
forecast_0539,2025-01-23 11:00:00,3431.565806589079,3235.509851674268,1921.3473018755335
forecast_0540,2025-01-23 12:00:00,2742.616463964348,2223.095025194367,1508.7245928956777
forecast_0541,2025-01-23 13:00:00,2454.1537083581757,2088.4185400319743,1638.1691948322766
forecast_0542,2025-01-23 14:00:00,2195.8746938326594,1494.1925779901007,1388.920441965599
forecast_0543,2025-01-23 15:00:00,1606.325412317935,945.9101921320658,939.8530548873612
forecast_0544,2025-01-23 16:00:00,1193.5947971860762,651.8765287830672,496.1165291171626
forecast_0545,2025-01-23 17:00:00,810.2190342600944,459.191033954758,338.8977806492411
forecast_0546,2025-01-23 18:00:00,1494.0475719217004,1166.352025914411,549.496368647528
forecast_0547,2025-01-23 19:00:00,1976.0863269685283,1919.3238682753524,842.7155018591982
forecast_0548,2025-01-23 20:00:00,1715.1024416756288,1744.9306199180267,550.0806201136556
forecast_0549,2025-01-23 21:00:00,1651.7436120950492,1400.9862249129878,652.7499704050177
forecast_0550,2025-01-23 22:00:00,2279.2940911987675,1729.2117465640406,868.6108941480252
forecast_0551,2025-01-23 23:00:00,3149.4052263434546,2482.2454465374967,1081.4283029005471
forecast_0552,2025-01-24 00:00:00,3100.807008958258,2408.5927257471026,844.342359110295
forecast_0553,2025-01-24 01:00:00,496.158370272809,425.4013082897315,47.16999457667648
forecast_0554,2025-01-24 02:00:00,862.7721576220971,714.5044619076675,278.0324277748304
forecast_0555,2025-01-24 03:00:00,1332.0653309152005,766.2337872571721,602.0919494339139
forecast_0556,2025-01-24 04:00:00,1176.8025625766702,671.5503115562603,606.3365188910744
forecast_0557,2025-01-24 05:00:00,173.4723245684887,84.37120343714098,0.0
forecast_0558,2025-01-24 06:00:00,207.66693121524594,147.85872765793502,4.4970786102016405
forecast_0559,2025-01-24 07:00:00,738.1729606403914,679.7810807803759,91.53835006948302
forecast_0560,2025-01-24 08:00:00,774.3919281736677,787.8879408984774,22.746663566381155
forecast_0561,2025-01-24 09:00:00,193.48017850087084,432.83167760880156,3.873323771036313
forecast_0562,2025-01-24 10:00:00,137.23129910928557,151.51700309184915,16.07877800099782
forecast_0563,2025-01-24 11:00:00,118.41558475893335,130.9912969256167,17.358467832400553
forecast_0564,2025-01-24 12:00:00,30.106523004328857,31.072638299857907,0.0
forecast_0565,2025-01-24 13:00:00,61.88649749673603,154.49487191853788,70.49508086221202
forecast_0566,2025-01-24 14:00:00,43.17005224271635,74.14240724809827,0.0
forecast_0567,2025-01-24 15:00:00,145.52500129541596,82.0551942333897,0.0
forecast_0568,2025-01-24 16:00:00,115.74897122010415,0.0,128.0813895653286
forecast_0569,2025-01-24 17:00:00,93.32225920910076,1.6386829549994453,258.6895547413206
forecast_0570,2025-01-24 18:00:00,148.99366020470006,536.1718730361856,212.880339769541
forecast_0571,2025-01-24 19:00:00,430.14361937514735,874.3228557493471,112.13881678368264
forecast_0572,2025-01-24 20:00:00,507.2654454399489,1069.5346721157948,236.25591921933236
forecast_0573,2025-01-24 21:00:00,1051.2361209420608,1261.7165286775162,588.3422992510431
forecast_0574,2025-01-24 22:00:00,815.9973345028666,1084.8244098869593,675.5153163324765
forecast_0575,2025-01-24 23:00:00,867.9417545910217,727.3930453817152,709.7937888703433
forecast_0576,2025-01-25 00:00:00,957.99477111492,895.494231418168,630.366813578891
forecast_0577,2025-01-25 01:00:00,739.203664509595,585.970473629479,754.751976320879
forecast_0578,2025-01-25 02:00:00,349.2286195987277,208.2758037541291,231.9735229266568
forecast_0579,2025-01-25 03:00:00,122.65438101680368,0.0,433.2981593494156
forecast_0580,2025-01-25 04:00:00,644.9697613930833,602.2963938397036,1418.2193056343394
forecast_0581,2025-01-25 05:00:00,946.0125246645929,556.172681247842,1391.7439937504362
forecast_0582,2025-01-25 06:00:00,1036.362989817142,478.5986967297561,1036.681568192963
forecast_0583,2025-01-25 07:00:00,505.4502923498026,823.4268167161475,713.402209142882
forecast_0584,2025-01-25 08:00:00,422.9435650851947,590.707839909425,801.7744085704472
forecast_0585,2025-01-25 09:00:00,767.5496297936592,713.6234223745881,767.6120770060697
forecast_0586,2025-01-25 10:00:00,851.755672794735,715.1110179657616,843.0660142955627
forecast_0587,2025-01-25 11:00:00,1185.1515274251183,822.2019779115931,1075.7399854974983
forecast_0588,2025-01-25 12:00:00,1243.5920899345776,821.6773415245444,843.9639580708724
forecast_0589,2025-01-25 13:00:00,391.10511017159087,408.50503938508984,219.33142837239023
forecast_0590,2025-01-25 14:00:00,472.7250329100384,456.74662238407655,344.04607929512304
forecast_0591,2025-01-25 15:00:00,284.0415439414142,15.400349078873779,279.84382996183035
forecast_0592,2025-01-25 16:00:00,453.60008577744935,282.8518089537149,316.20045859353917
forecast_0593,2025-01-25 17:00:00,453.5264323551252,494.6763514350222,680.9898556479452
forecast_0594,2025-01-25 18:00:00,598.1961504618249,576.515093286437,603.9142813669268
forecast_0595,2025-01-25 19:00:00,1112.3431712568417,273.6498616644166,598.4288291147905
forecast_0596,2025-01-25 20:00:00,1375.2287627219728,348.1135623060524,1151.3995076196536
forecast_0597,2025-01-25 21:00:00,1961.1914941529549,1651.4941455737903,1546.28061486996
forecast_0598,2025-01-25 22:00:00,3043.5211990117264,2180.113361841178,1480.2708215716766
forecast_0599,2025-01-25 23:00:00,932.8497779340432,1841.8747393559456,1650.887795244069
forecast_0600,2025-01-26 00:00:00,602.8272820584638,1152.7756199024432,583.0816276382282
forecast_0601,2025-01-26 01:00:00,3015.24574644916,1747.2171065529924,2741.852703280323
forecast_0602,2025-01-26 02:00:00,2561.341326126151,1914.7525471273045,1605.083410799195
forecast_0603,2025-01-26 03:00:00,1883.5668273294532,1269.0204096263885,1052.1451597097603
forecast_0604,2025-01-26 04:00:00,1632.9539263167885,1520.1080534122787,1323.5073956786982
forecast_0605,2025-01-26 05:00:00,1546.9436394261722,1505.7877970340614,1156.444367526699
forecast_0606,2025-01-26 06:00:00,1796.7439014828842,1209.9452306124304,984.0365843327118
forecast_0607,2025-01-26 07:00:00,1229.932216160671,1124.275301799646,536.1457732384207
forecast_0608,2025-01-26 08:00:00,1511.2763316968737,697.6026014288551,402.28611385201384
forecast_0609,2025-01-26 09:00:00,689.0174237362335,710.8764496242242,303.8848759636913
forecast_0610,2025-01-26 10:00:00,857.808222977157,656.349143299819,556.8915443608627
forecast_0611,2025-01-26 11:00:00,120.13293862791691,359.5149536198239,443.7286463195327
forecast_0612,2025-01-26 12:00:00,0.0,37.38428275897707,122.51545933664269
forecast_0613,2025-01-26 13:00:00,11.746370678132758,37.67998933505578,0.0
forecast_0614,2025-01-26 14:00:00,0.0,18.402538475192973,110.85490404387564
forecast_0615,2025-01-26 15:00:00,45.94495043161526,51.695786356028634,11.576872720283095
forecast_0616,2025-01-26 16:00:00,59.32611469306134,0.0,9.837071897173685
forecast_0617,2025-01-26 17:00:00,0.0,33.062469111052806,0.0
forecast_0618,2025-01-26 18:00:00,0.0,0.0,16.294814694142364
forecast_0619,2025-01-26 19:00:00,103.3791986566633,0.0,20.174883013269728
forecast_0620,2025-01-26 20:00:00,0.0,0.08567843995254326,35.14121893160943
forecast_0621,2025-01-26 21:00:00,252.3855034127077,153.0208227045668,13.28510888486359
forecast_0622,2025-01-26 22:00:00,319.4883942879472,352.131448681728,0.0
forecast_0623,2025-01-26 23:00:00,468.65644076136783,494.92149582240563,16.65330129859926
forecast_0624,2025-01-27 00:00:00,545.334520510081,454.0717290247393,105.08883878763139
forecast_0625,2025-01-27 01:00:00,369.5617622254644,754.8050217959857,0.0
forecast_0626,2025-01-27 02:00:00,296.2294422193726,651.7239617824414,0.0
forecast_0627,2025-01-27 03:00:00,766.7874148509788,657.1123340348544,137.6542617759478
forecast_0628,2025-01-27 04:00:00,1315.2935358891486,1131.8653412205047,581.226437939681
forecast_0629,2025-01-27 05:00:00,1275.6842420285386,1413.7546186050713,505.93075485465215
forecast_0630,2025-01-27 06:00:00,917.4177057535361,1274.0555606787007,489.53494789176773
forecast_0631,2025-01-27 07:00:00,803.4593357792268,1745.020516652653,924.9577513978734
forecast_0632,2025-01-27 08:00:00,1198.8141908289078,1582.9506985283692,802.581823270816
forecast_0633,2025-01-27 09:00:00,1044.0848156070192,1532.5857115989575,733.0534445913376
forecast_0634,2025-01-27 10:00:00,988.0337363543845,1190.8664791767098,931.9665569670543
forecast_0635,2025-01-27 11:00:00,1786.9388642972856,2247.1214799451604,1916.0851637805367
forecast_0636,2025-01-27 12:00:00,3384.364377606286,3181.659845725906,2681.3807306288863
forecast_0637,2025-01-27 13:00:00,9346.432955935312,9165.396004842394,7363.74020099215
forecast_0638,2025-01-27 14:00:00,12287.128511139588,13231.436128145922,11739.204969324941
forecast_0639,2025-01-27 15:00:00,16194.08781525803,17520.963605883535,14664.922355062952
forecast_0640,2025-01-27 16:00:00,16765.091255467858,17901.757172808855,16249.81883913467
forecast_0641,2025-01-27 17:00:00,15820.217930233946,17700.684743165803,15863.398346682308
forecast_0642,2025-01-27 18:00:00,16629.627919749444,18015.07531527164,15811.739491154573
forecast_0643,2025-01-27 19:00:00,15709.901586636875,17421.658594363926,13290.369332142913
forecast_0644,2025-01-27 20:00:00,15966.739221399777,17163.862497784212,13235.168618377547
forecast_0645,2025-01-27 21:00:00,16317.327526182673,16981.487158891734,14458.959690187494
forecast_0646,2025-01-27 22:00:00,16215.3259057005,16496.69054636766,14780.775536303565
forecast_0647,2025-01-27 23:00:00,16068.127214440208,16917.93948259961,14772.851276251029
forecast_0648,2025-01-28 00:00:00,16192.664245669608,16922.79465572585,14840.922418076625
forecast_0649,2025-01-28 01:00:00,16667.895230278154,16671.84293966949,14977.449235997363
forecast_0650,2025-01-28 02:00:00,16880.720756014976,16240.42373274051,14430.388988411793
forecast_0651,2025-01-28 03:00:00,16649.145570408185,16170.444643517973,13751.91558388784
forecast_0652,2025-01-28 04:00:00,16372.32894880407,17124.304281314427,14558.464504890293
forecast_0653,2025-01-28 05:00:00,15714.903077371227,16573.161020085478,13224.353132584069
forecast_0654,2025-01-28 06:00:00,15797.549410448091,16636.282870327883,14679.002096725158
forecast_0655,2025-01-28 07:00:00,15803.423440080844,16942.842647128844,13079.434857438064
forecast_0656,2025-01-28 08:00:00,15735.131489880112,16297.867657151073,12444.273843236995
forecast_0657,2025-01-28 09:00:00,15524.149416060614,16303.228003503265,12319.326327303326
forecast_0658,2025-01-28 10:00:00,15917.68699312752,16574.180840969184,13158.153080707169
forecast_0659,2025-01-28 11:00:00,16490.544310223242,16696.272840806105,13975.978695708862
forecast_0660,2025-01-28 12:00:00,16299.586949676386,16589.581635835646,12585.072287144762
forecast_0661,2025-01-28 13:00:00,15619.103653922744,16556.07632004314,11295.728086217354
forecast_0662,2025-01-28 14:00:00,14319.971893949112,16406.513669307362,11544.543217828143
forecast_0663,2025-01-28 15:00:00,14039.554261999649,15763.08188874333,11959.408580431502
forecast_0664,2025-01-28 16:00:00,13633.66961315547,15790.411782652449,11168.60969014353
forecast_0665,2025-01-28 17:00:00,14205.708507911972,15364.029203761707,11246.422937497204
forecast_0666,2025-01-28 18:00:00,14414.3307899252,15228.82967622684,12678.01057300173
forecast_0667,2025-01-28 19:00:00,14499.442948395865,15546.567918502906,12793.217618399689
forecast_0668,2025-01-28 20:00:00,14501.379603174386,16251.514316181545,12235.146757937446
forecast_0669,2025-01-28 21:00:00,15103.652565960834,17045.50994366734,12686.126096500137
forecast_0670,2025-01-28 22:00:00,15699.807845421557,17296.54344617013,14949.157775935086
forecast_0671,2025-01-28 23:00:00,15055.227978711064,17333.10997825911,15302.720566270174
forecast_0672,2025-01-29 00:00:00,14704.891063128543,17443.90200412006,15444.496523272599
forecast_0673,2025-01-29 01:00:00,14913.870106852932,17406.95956282662,13860.629676888602
forecast_0674,2025-01-29 02:00:00,15099.407512117712,17285.056426938354,13732.40148488276
forecast_0675,2025-01-29 03:00:00,15250.383391362291,16873.014077735046,13382.651140181357
forecast_0676,2025-01-29 04:00:00,15415.159464271512,17261.47793948269,12580.666197970062
forecast_0677,2025-01-29 05:00:00,15333.161822505082,17424.643845414725,12533.426816651372
forecast_0678,2025-01-29 06:00:00,15525.072182478592,17687.138731256528,13117.18410236971
forecast_0679,2025-01-29 07:00:00,15650.734925220402,17689.438470852943,13222.798411347338
forecast_0680,2025-01-29 08:00:00,15709.533336692873,17560.247524457558,13022.781828218294
forecast_0681,2025-01-29 09:00:00,15697.569887671109,17455.401211930974,13117.59216900553
forecast_0682,2025-01-29 10:00:00,15866.194606043036,16953.601068572178,13536.6097551343
forecast_0683,2025-01-29 11:00:00,15215.305860200673,14997.914069966471,12957.221446065723
forecast_0684,2025-01-29 12:00:00,15570.206352508982,16031.13854269196,13627.558514059134
forecast_0685,2025-01-29 13:00:00,16164.37202867406,16013.441906150858,13182.979185484324
forecast_0686,2025-01-29 14:00:00,15878.843141076157,16458.55909952367,13520.441171166078
forecast_0687,2025-01-29 15:00:00,15691.81451315072,15636.399403863263,14183.241429327065
forecast_0688,2025-01-29 16:00:00,15024.00539007978,15762.455214325037,14004.489659025585
forecast_0689,2025-01-29 17:00:00,15377.715678789511,15842.832281229685,14357.66123710803
forecast_0690,2025-01-29 18:00:00,15709.96678500694,15763.246891951409,14611.17014714423
forecast_0691,2025-01-29 19:00:00,15402.906913130953,16443.14271803948,14481.434164856955
forecast_0692,2025-01-29 20:00:00,15530.318531443436,15942.235334598407,13963.657417402519
forecast_0693,2025-01-29 21:00:00,15436.77273955594,15617.944851741357,14794.097465843044
forecast_0694,2025-01-29 22:00:00,15135.370925478928,15599.804701434576,14679.099831056219
forecast_0695,2025-01-29 23:00:00,14629.092666960394,15716.159162021733,13639.436981914216
forecast_0696,2025-01-30 00:00:00,14268.756037447163,15284.664329077397,13749.137897270299
forecast_0697,2025-01-30 01:00:00,14823.491474265504,15581.063926575796,14919.0139617274
forecast_0698,2025-01-30 02:00:00,14491.746742273275,15970.432034653048,14009.595910212638
forecast_0699,2025-01-30 03:00:00,14544.76551509836,16040.443385520199,13564.868213153446
forecast_0700,2025-01-30 04:00:00,14523.553345570786,16270.322405062112,12284.605127644843
forecast_0701,2025-01-30 05:00:00,14407.305416623518,15739.85412653315,10259.391640870612
forecast_0702,2025-01-30 06:00:00,14270.340918172033,15593.153877446364,11020.672481506639
forecast_0703,2025-01-30 07:00:00,15028.928029380999,15871.043165770423,11439.64884387817
forecast_0704,2025-01-30 08:00:00,14668.442814458902,16093.488637760729,11463.03502022791
forecast_0705,2025-01-30 09:00:00,15108.45434020541,16672.377689519923,12638.009807501234
forecast_0706,2025-01-30 10:00:00,14507.159506130938,16305.128824016878,13156.053575232041
forecast_0707,2025-01-30 11:00:00,15160.083503355898,15265.00438478022,11120.291204799438
forecast_0708,2025-01-30 12:00:00,14828.714432637184,14487.553342998463,11450.527107705286
forecast_0709,2025-01-30 13:00:00,14764.03765619785,14117.75842989907,11015.953425547474
forecast_0710,2025-01-30 14:00:00,14620.670804938873,14318.41237299844,11139.761596747772
forecast_0711,2025-01-30 15:00:00,14691.992747973256,14352.373481285293,11586.303241900325
forecast_0712,2025-01-30 16:00:00,13605.941303964408,13689.269088145269,11649.874657569128
forecast_0713,2025-01-30 17:00:00,13929.326370233748,13187.382707001349,11948.154806935765
forecast_0714,2025-01-30 18:00:00,13840.367432419524,13763.637457589692,12166.9139285758
forecast_0715,2025-01-30 19:00:00,13805.738737274301,13173.882469254562,13072.025568412955
forecast_0716,2025-01-30 20:00:00,14248.848429623,15901.25712054385,14846.911580164739
forecast_0717,2025-01-30 21:00:00,14993.464731585842,15444.90328041849,15344.472591345768
forecast_0718,2025-01-30 22:00:00,14819.333647820255,14864.316751200486,15605.04585125478
forecast_0719,2025-01-30 23:00:00,15191.531838351024,15479.559617412577,15105.34722638499
forecast_0720,2025-01-31 00:00:00,12858.675227000698,14560.653725778786,14000.565469834644
forecast_0721,2025-01-31 01:00:00,13838.854190849377,16146.255958933061,13861.019008842917
forecast_0722,2025-01-31 02:00:00,14697.97625970127,16285.813224777676,13696.666244219306
forecast_0723,2025-01-31 03:00:00,14613.663080813329,15862.230285860422,12975.946183223932
forecast_0724,2025-01-31 04:00:00,14363.22422435955,15992.569924524521,13255.553777130102
forecast_0725,2025-01-31 05:00:00,14118.583997683638,15398.344974226815,11117.026697653338
forecast_0726,2025-01-31 06:00:00,15751.233827713007,16992.485629670482,13492.513405699623
forecast_0727,2025-01-31 07:00:00,14859.232227206956,16115.693608042822,12183.855857979144
forecast_0728,2025-01-31 08:00:00,14597.926093410086,16308.206064019201,13311.511792560525
forecast_0729,2025-01-31 09:00:00,13860.188681152864,15144.507118490292,10837.204660169404
forecast_0730,2025-01-31 10:00:00,12385.683321100163,14809.34712941871,10748.275591362417
forecast_0731,2025-01-31 11:00:00,10660.140287570659,13050.75816702382,9876.053020147781
forecast_0732,2025-01-31 12:00:00,10444.066045224792,11609.232342630088,11474.339047812402
forecast_0733,2025-01-31 13:00:00,7963.303913453962,8721.129643182385,6406.686945028389
forecast_0734,2025-01-31 14:00:00,6180.6979469699045,6584.388691007491,5724.7458980477495
forecast_0735,2025-01-31 15:00:00,5166.692715706461,5407.577125218674,3529.6954241491812
forecast_0736,2025-01-31 16:00:00,3638.3855991854457,2418.480360229458,3148.742949732767
forecast_0737,2025-01-31 17:00:00,2228.3761330226753,2200.7225199253685,2514.774755219505
forecast_0738,2025-01-31 18:00:00,3096.477245370925,4292.827684625905,1766.77210971441
forecast_0739,2025-01-31 19:00:00,2783.8988026215115,3871.9846175134526,1439.4787159972832
forecast_0740,2025-01-31 20:00:00,2421.0894333262195,4037.852218828102,1408.3022055634965
forecast_0741,2025-01-31 21:00:00,3298.6596301078675,4571.923340640252,1582.3355116545022
forecast_0742,2025-01-31 22:00:00,2473.665038446783,2741.092293135566,1037.1483954109558
forecast_0743,2025-01-31 23:00:00,2819.470201017876,3365.1638262424817,1570.0923600220428
forecast_0744,2025-02-01 00:00:00,2434.477810842559,2489.373441642152,1069.1923591383932
forecast_0745,2025-02-01 01:00:00,4292.410683173759,6263.017380536287,2793.3710972097238
forecast_0746,2025-02-01 02:00:00,3478.3092259219334,5171.812486555825,2276.450969672751
forecast_0747,2025-02-01 03:00:00,3749.7381854348646,4343.416422061104,1933.1064652214777
forecast_0748,2025-02-01 04:00:00,1685.43239518068,2587.343565973217,732.5937260195042
forecast_0749,2025-02-01 05:00:00,905.4695512981103,1373.4672486173286,675.3018938309672
forecast_0750,2025-02-01 06:00:00,421.49308062354527,529.416255527126,265.12781859380374
forecast_0751,2025-02-01 07:00:00,4.2006115188570625,142.0302046365869,11.929478747924144
forecast_0752,2025-02-01 08:00:00,193.60952030276619,66.01568521652993,13.427893273015144
forecast_0753,2025-02-01 09:00:00,19.135899728024086,62.24702487172555,15.886615467466381
forecast_0754,2025-02-01 10:00:00,14.654203838054201,30.929039389186073,4.783398892451279
forecast_0755,2025-02-01 11:00:00,0.0,0.0,0.0
forecast_0756,2025-02-01 12:00:00,0.0,0.0,0.0
forecast_0757,2025-02-01 13:00:00,0.0,0.0,0.7397514160634563
forecast_0758,2025-02-01 14:00:00,0.0,0.0,3.662300946882715
forecast_0759,2025-02-01 15:00:00,0.0,0.0,9.487274968737317
forecast_0760,2025-02-01 16:00:00,0.0,0.0,0.0
forecast_0761,2025-02-01 17:00:00,29.04584521456379,0.0,62.87018232643332
forecast_0762,2025-02-01 18:00:00,0.0,47.03105014739667,24.006996602677145
forecast_0763,2025-02-01 19:00:00,0.0,0.0,0.0
forecast_0764,2025-02-01 20:00:00,74.88718769925615,58.206276772024744,25.74271605937885
forecast_0765,2025-02-01 21:00:00,2.9830799405580652,107.96379306561619,18.195218872427624
forecast_0766,2025-02-01 22:00:00,49.07343490206276,165.00990990059807,49.66306358535616
forecast_0767,2025-02-01 23:00:00,131.2362802524639,136.12788070454687,22.85246482749164
forecast_0768,2025-02-02 00:00:00,92.32510524103125,32.01982338932018,15.376811122945222
forecast_0769,2025-02-02 01:00:00,574.922185307798,544.1492578458716,185.63555332845493
forecast_0770,2025-02-02 02:00:00,528.6865510061441,396.69806855883024,164.1619476201236
forecast_0771,2025-02-02 03:00:00,281.19101513104516,154.5852672025795,38.66071592886715
forecast_0772,2025-02-02 04:00:00,65.42552765279892,289.1565834451157,2.883246934484977
forecast_0773,2025-02-02 05:00:00,189.96213477402742,155.21100084181285,4.857116215289052
forecast_0774,2025-02-02 06:00:00,97.04284081158309,94.86286903053136,53.62359998555801
forecast_0775,2025-02-02 07:00:00,90.182127274989,74.51498020129263,9.97614832588804
forecast_0776,2025-02-02 08:00:00,353.5397622710947,197.7962561438015,0.0
forecast_0777,2025-02-02 09:00:00,28.699174408175278,52.85493230924144,0.0
forecast_0778,2025-02-02 10:00:00,90.29357947933772,56.712093298918155,0.0
forecast_0779,2025-02-02 11:00:00,37.74721596757532,149.73083978491115,0.0
forecast_0780,2025-02-02 12:00:00,109.15402316279335,248.22812592857105,12.657855788456962
forecast_0781,2025-02-02 13:00:00,109.80300820299635,29.061284172198064,84.89907979713864
forecast_0782,2025-02-02 14:00:00,269.90191538546253,136.13184593103279,220.04549815661719
forecast_0783,2025-02-02 15:00:00,509.84375015826754,344.9328768623999,330.387311545236
forecast_0784,2025-02-02 16:00:00,618.4194426711388,449.2629283439355,296.6496714678292
forecast_0785,2025-02-02 17:00:00,1304.3091358781714,1066.473741978642,1133.3937013350958
forecast_0786,2025-02-02 18:00:00,2348.0973026289557,2369.000229743474,1474.4775349430042
forecast_0787,2025-02-02 19:00:00,4883.59946392907,5419.703582355704,3470.824361186421
forecast_0788,2025-02-02 20:00:00,7515.282280305888,6880.784744602962,5686.775949902668
forecast_0789,2025-02-02 21:00:00,9676.661675554771,8513.332646607707,7001.973029168799
forecast_0790,2025-02-02 22:00:00,10965.428570526605,10953.835831810024,9039.910398877486
forecast_0791,2025-02-02 23:00:00,12761.625068862197,14517.177847434774,11725.139714475576
forecast_0792,2025-02-03 00:00:00,13026.87926501553,14247.531088953785,10989.209961406197
forecast_0793,2025-02-03 01:00:00,15539.936115330218,16374.866673588009,13644.989409860093
forecast_0794,2025-02-03 02:00:00,15300.585686387087,15916.814229318832,12899.600057466118
forecast_0795,2025-02-03 03:00:00,14168.680017033936,13936.215783519543,13472.924044683465
forecast_0796,2025-02-03 04:00:00,14472.483837260912,14499.697177831702,12066.42187454746
forecast_0797,2025-02-03 05:00:00,14880.719708915338,14816.310710870604,12331.654032704439
forecast_0798,2025-02-03 06:00:00,14826.612512448766,14116.66634926276,12510.43561654569
forecast_0799,2025-02-03 07:00:00,15879.21855270737,16764.747702405333,13062.927226208567
forecast_0800,2025-02-03 08:00:00,16128.95585373557,16770.957450476508,12670.398727583506
forecast_0801,2025-02-03 09:00:00,15574.920717862668,16321.185119646962,13405.807781647933
forecast_0802,2025-02-03 10:00:00,15672.240942592247,15877.753664124544,12798.939838480821
forecast_0803,2025-02-03 11:00:00,15029.239146974904,15576.17012709205,12355.482726738106
forecast_0804,2025-02-03 12:00:00,14942.511364618542,14128.265168346514,11298.574118028826
forecast_0805,2025-02-03 13:00:00,14937.368622426366,14216.442300531671,11795.659942132055
forecast_0806,2025-02-03 14:00:00,14748.253827887915,13629.605164789727,11627.577976205532
forecast_0807,2025-02-03 15:00:00,14227.083641945388,13936.869081512905,11408.472267536097
forecast_0808,2025-02-03 16:00:00,14419.444682886731,13538.23893789774,11221.180369821474
forecast_0809,2025-02-03 17:00:00,14563.430933756874,13349.034865836875,11844.716925238565
forecast_0810,2025-02-03 18:00:00,14303.237191987426,12816.646425838398,12605.031146066607
forecast_0811,2025-02-03 19:00:00,14782.51034184359,14734.228561304706,14552.382026308282
forecast_0812,2025-02-03 20:00:00,14824.9603565333,15672.668759878738,14223.747607282383
forecast_0813,2025-02-03 21:00:00,14507.344375021166,14852.606679392236,14536.876306035907
forecast_0814,2025-02-03 22:00:00,14331.952146556287,13755.105780720349,13957.84744689642
forecast_0815,2025-02-03 23:00:00,14735.303019157916,14045.208800931467,14669.620574271914
forecast_0816,2025-02-04 00:00:00,13893.432964870262,14212.7860977811,14286.767757373727
forecast_0817,2025-02-04 01:00:00,13727.58892188355,12529.387906955755,13128.637583211668
forecast_0818,2025-02-04 02:00:00,13929.297333904962,12826.272991113641,13050.745073261654
forecast_0819,2025-02-04 03:00:00,13593.450784268589,13160.58249062824,12488.3039409846
forecast_0820,2025-02-04 04:00:00,14426.417178561136,13170.471950997107,11581.242989226588
forecast_0821,2025-02-04 05:00:00,14395.957932038298,13724.450595165368,8717.30901817914
forecast_0822,2025-02-04 06:00:00,13783.419887612718,14330.983636280771,8919.465474268354
forecast_0823,2025-02-04 07:00:00,11702.187620748879,12491.453642142216,7681.106767323136
forecast_0824,2025-02-04 08:00:00,11555.863292502123,11953.566290721059,7670.933893656222
forecast_0825,2025-02-04 09:00:00,12592.416898858317,13031.738561155697,9669.69799765918
forecast_0826,2025-02-04 10:00:00,13322.69011629445,13396.753729445329,11900.076976666967
forecast_0827,2025-02-04 11:00:00,14486.649508740395,13880.756021521189,12780.557951206007
forecast_0828,2025-02-04 12:00:00,13588.466872810026,13725.38642468756,13058.528591394579
forecast_0829,2025-02-04 13:00:00,13642.416026409783,12771.872555462338,13290.470614578186
forecast_0830,2025-02-04 14:00:00,12980.390531417286,11376.032965050174,11826.578532301348
forecast_0831,2025-02-04 15:00:00,13062.294602662505,11156.218534347396,11433.542927876828
forecast_0832,2025-02-04 16:00:00,13437.796747995175,13104.736905256992,13039.307807098066
forecast_0833,2025-02-04 17:00:00,14173.519844530498,13548.071789886235,13101.903312803735
forecast_0834,2025-02-04 18:00:00,14549.23005997315,13702.69555074998,14074.184645025796
forecast_0835,2025-02-04 19:00:00,14202.894233467852,13828.317034993472,13301.792703776959
forecast_0836,2025-02-04 20:00:00,14499.55286089582,15101.068723944858,14043.059447397007
forecast_0837,2025-02-04 21:00:00,14848.880688644484,15352.479999848127,12960.834171274037
forecast_0838,2025-02-04 22:00:00,14093.688915390092,15519.06031519488,12302.20987680378
forecast_0839,2025-02-04 23:00:00,13857.784246981602,14299.727224335094,12921.694662728947
forecast_0840,2025-02-05 00:00:00,14498.631755964807,14952.710227761887,13402.843258444234
forecast_0841,2025-02-05 01:00:00,14513.585249403604,16148.147649873456,14114.350220299568
forecast_0842,2025-02-05 02:00:00,14779.20667453545,16393.87459355124,12926.551910407703
forecast_0843,2025-02-05 03:00:00,15551.272102724195,16608.858678225126,12951.555850502991
forecast_0844,2025-02-05 04:00:00,15314.42450662571,17627.244611774597,11781.950747049632
forecast_0845,2025-02-05 05:00:00,14894.534491100763,17215.46080576165,10799.38231655885
forecast_0846,2025-02-05 06:00:00,14683.865820578976,16318.353021802663,11133.097448366081
forecast_0847,2025-02-05 07:00:00,14982.896005652668,15981.801926147493,11495.13654677038
forecast_0848,2025-02-05 08:00:00,14888.85027698787,15666.508305893682,11043.8381445278
forecast_0849,2025-02-05 09:00:00,14334.753332109507,15748.993782208627,10904.37931603068
forecast_0850,2025-02-05 10:00:00,14228.969305757979,15390.630938106084,12363.365784022972
forecast_0851,2025-02-05 11:00:00,13395.110569444814,15495.040484253705,11818.906878639807
forecast_0852,2025-02-05 12:00:00,13918.41688291339,15287.38392943047,12085.256409130872
forecast_0853,2025-02-05 13:00:00,13646.803689744049,15698.34636289487,12465.440658029176
forecast_0854,2025-02-05 14:00:00,13720.85755122255,15709.153259026138,13054.449496103054
forecast_0855,2025-02-05 15:00:00,13466.84802250281,15560.808207218626,12643.507779855634
forecast_0856,2025-02-05 16:00:00,13865.321755752695,15270.989430852735,13227.284524415172
forecast_0857,2025-02-05 17:00:00,14031.07018031828,15034.942361100711,12836.648898910084
forecast_0858,2025-02-05 18:00:00,14090.632019784114,13691.812770362138,12879.439755990723
forecast_0859,2025-02-05 19:00:00,14177.095874147379,13242.141812714668,13376.398262919285
forecast_0860,2025-02-05 20:00:00,14188.378806349998,14204.938781144661,13090.622803566914
forecast_0861,2025-02-05 21:00:00,14590.409252573501,14102.162047068177,14485.535938442601
forecast_0862,2025-02-05 22:00:00,14853.658435771968,15099.876008190078,14213.365429639784
forecast_0863,2025-02-05 23:00:00,14843.906033695974,15296.015198523884,13485.494081619232
forecast_0864,2025-02-06 00:00:00,14689.145906403854,16192.345506638465,13484.908478188814
forecast_0865,2025-02-06 01:00:00,15445.905766730115,16794.799165948876,13522.205870056268
forecast_0866,2025-02-06 02:00:00,14652.618782996677,16102.493912244623,13069.390261255894
forecast_0867,2025-02-06 03:00:00,15161.237399171887,16918.349357394738,11249.288931077517
forecast_0868,2025-02-06 04:00:00,15481.318165808072,17680.97131323668,10909.370450609666
forecast_0869,2025-02-06 05:00:00,15316.694471441515,18248.721225851452,11573.339075682601
forecast_0870,2025-02-06 06:00:00,15150.540408100038,18193.127840942478,12991.866833442014
forecast_0871,2025-02-06 07:00:00,14568.323754863013,16179.095793130438,13151.319724328796
forecast_0872,2025-02-06 08:00:00,14895.442098441023,14870.829575835327,11965.423099812617
forecast_0873,2025-02-06 09:00:00,14688.411616545685,14303.399032121333,12836.397014663575
forecast_0874,2025-02-06 10:00:00,14011.546830491112,13135.052829029577,12477.257551182958
forecast_0875,2025-02-06 11:00:00,13908.299191015545,13516.881249485787,11141.431690953703
forecast_0876,2025-02-06 12:00:00,14386.002970969817,14093.918217504413,10250.484214223865
forecast_0877,2025-02-06 13:00:00,14781.189305618305,13661.05154893771,11355.884766461872
forecast_0878,2025-02-06 14:00:00,14598.98532303212,13301.126159541936,12879.953238253172
forecast_0879,2025-02-06 15:00:00,14991.517400780614,13497.738577791848,13430.810347598761
forecast_0880,2025-02-06 16:00:00,14953.289628510742,13244.295463995293,13523.368418196726
forecast_0881,2025-02-06 17:00:00,14778.813826840851,15898.834606526316,13650.316319544878
forecast_0882,2025-02-06 18:00:00,14308.874628742791,13723.009076927325,12193.073723099471
forecast_0883,2025-02-06 19:00:00,14111.40624596563,14028.494744981805,11890.978159543612
forecast_0884,2025-02-06 20:00:00,15085.246241759138,15035.41724905441,13515.463212307659
forecast_0885,2025-02-06 21:00:00,14107.388078594156,13838.427834892747,13090.258829263319
forecast_0886,2025-02-06 22:00:00,13267.165582591477,12423.907417398683,11362.578146867383
forecast_0887,2025-02-06 23:00:00,14723.561332268682,12526.016684521692,11553.445841747509
forecast_0888,2025-02-07 00:00:00,13591.23917625648,12565.779099956953,10856.10784648605
forecast_0889,2025-02-07 01:00:00,6619.867263221795,8799.934981896975,6991.113732601646
forecast_0890,2025-02-07 02:00:00,6260.214445790952,9104.736305785678,7002.130454665732
forecast_0891,2025-02-07 03:00:00,5812.116403606248,7498.1910324344535,6898.004637192472
forecast_0892,2025-02-07 04:00:00,5511.422080108494,7934.76753278911,4987.4398492864575
forecast_0893,2025-02-07 05:00:00,5370.653116950159,8492.373068072742,5346.275330475703
forecast_0894,2025-02-07 06:00:00,4299.7671561055895,6204.368150542387,3555.539966480539
forecast_0895,2025-02-07 07:00:00,3560.5786510192897,3495.4910587230183,2272.345569713737
forecast_0896,2025-02-07 08:00:00,3717.5505014806545,3791.52728903497,2082.105003534259
forecast_0897,2025-02-07 09:00:00,4958.743828421082,4532.554042583243,3170.026053174897
forecast_0898,2025-02-07 10:00:00,9022.281378499623,7949.838092830575,7210.068785948222
forecast_0899,2025-02-07 11:00:00,11798.614228926546,9807.811738122991,9639.592879475475
forecast_0900,2025-02-07 12:00:00,13789.92490760533,13416.357651611774,13266.397776430756
forecast_0901,2025-02-07 13:00:00,13551.148216908776,15137.149098406388,12772.15933101356
forecast_0902,2025-02-07 14:00:00,12902.347921346194,13770.234102878194,11603.673878698355
forecast_0903,2025-02-07 15:00:00,12034.19676521091,13705.094202235343,11203.672767322863
forecast_0904,2025-02-07 16:00:00,12555.46194406352,13468.856777222,10999.27709346812
forecast_0905,2025-02-07 17:00:00,12516.592531584907,12593.739748505914,9118.913358940414
forecast_0906,2025-02-07 18:00:00,13166.422076163517,11631.307211600119,8795.319413991605
forecast_0907,2025-02-07 19:00:00,11891.758968873692,10603.450925547064,9438.046391468475
forecast_0908,2025-02-07 20:00:00,11702.39425239396,12303.849365972723,10048.716975895817
forecast_0909,2025-02-07 21:00:00,11214.107390491616,12634.42520711748,7252.031175490729
forecast_0910,2025-02-07 22:00:00,11263.98823544719,12677.633542940064,7199.550693724033
forecast_0911,2025-02-07 23:00:00,11724.209343963319,14806.539699669187,8020.0740557289355
forecast_0912,2025-02-08 00:00:00,13365.567258789628,15618.045234225548,9384.918913762367
forecast_0913,2025-02-08 01:00:00,10698.54258946391,13434.818399778978,6676.708425853338
forecast_0914,2025-02-08 02:00:00,12094.981672596648,13242.554982432799,6699.317102247998
forecast_0915,2025-02-08 03:00:00,12131.520686833248,14782.524922206037,9112.65085298105
forecast_0916,2025-02-08 04:00:00,12255.896091755754,14835.444888811746,8165.953945557511
forecast_0917,2025-02-08 05:00:00,12872.063309879437,15093.043123964639,8610.258869073217
forecast_0918,2025-02-08 06:00:00,12429.861022580802,15233.361846110176,7612.902360566401
forecast_0919,2025-02-08 07:00:00,10817.414481959697,14995.5355160396,6968.366474424154
forecast_0920,2025-02-08 08:00:00,13268.167655195732,14823.720440396628,7393.3248780102895
forecast_0921,2025-02-08 09:00:00,13708.92098299458,13732.506034758453,9770.82866710109
forecast_0922,2025-02-08 10:00:00,12718.324882205636,12562.207469206614,9834.99210252116
forecast_0923,2025-02-08 11:00:00,8485.465797728566,7996.127686169567,7230.724497639074
forecast_0924,2025-02-08 12:00:00,5318.094693927086,5768.403554551869,6092.436687742882
forecast_0925,2025-02-08 13:00:00,3025.547752991382,3589.5922572556838,3850.93404763745
forecast_0926,2025-02-08 14:00:00,2757.4317369745218,2820.2280966110266,2963.85029485036
forecast_0927,2025-02-08 15:00:00,3342.5206500182185,3174.9714406145004,3258.1918108095106
forecast_0928,2025-02-08 16:00:00,4092.99588280885,3567.8378639452962,3887.0500555793856
forecast_0929,2025-02-08 17:00:00,5553.019744073939,4517.907263428672,4810.773307484201
forecast_0930,2025-02-08 18:00:00,5588.040817210562,5204.4505148061235,5526.858343545419
forecast_0931,2025-02-08 19:00:00,7009.776359062721,6542.860675259043,7958.395351175621
forecast_0932,2025-02-08 20:00:00,7929.809765764881,6903.333049125941,8879.773582126467
forecast_0933,2025-02-08 21:00:00,9700.22179377089,9084.684949091212,11087.514607515577
forecast_0934,2025-02-08 22:00:00,13212.01373898023,12278.306326337806,12943.393349737828
forecast_0935,2025-02-08 23:00:00,16263.796471588046,13743.12303802736,14495.113159411994
forecast_0936,2025-02-09 00:00:00,17554.88371802272,15729.23423348007,13733.828755361155
forecast_0937,2025-02-09 01:00:00,15762.821844805185,12927.364588922403,13630.15612681944
forecast_0938,2025-02-09 02:00:00,16896.76880608813,14190.309568670626,14994.729599535081
forecast_0939,2025-02-09 03:00:00,17578.189190429755,16319.253609492062,15035.43139156482
forecast_0940,2025-02-09 04:00:00,18288.132824702217,15958.44936790044,14126.34285799447
forecast_0941,2025-02-09 05:00:00,19047.974399675124,17160.69659706646,15063.459811461622
forecast_0942,2025-02-09 06:00:00,19715.690611291942,17584.18571731964,15211.767766811243
forecast_0943,2025-02-09 07:00:00,18366.432750585023,16494.258884823314,14260.609571513949
forecast_0944,2025-02-09 08:00:00,18238.748169371385,15825.42645494487,12572.695615472034
forecast_0945,2025-02-09 09:00:00,18462.06876398942,17200.48532751377,12087.641698468968
forecast_0946,2025-02-09 10:00:00,15587.251333712496,15932.885237519673,11303.89929874766
forecast_0947,2025-02-09 11:00:00,11434.46738380587,13193.885533260585,9467.771212807904
forecast_0948,2025-02-09 12:00:00,9835.795374425436,11203.867446113214,7188.607918069781
forecast_0949,2025-02-09 13:00:00,8609.919119203585,9621.50608818251,7367.830802748522
forecast_0950,2025-02-09 14:00:00,7917.768983902224,7125.45174192918,6164.3045102893375
forecast_0951,2025-02-09 15:00:00,7382.260808748612,6217.738200394789,5758.95149426899
forecast_0952,2025-02-09 16:00:00,8797.334327195527,7440.897788701941,6714.419611089246
forecast_0953,2025-02-09 17:00:00,12649.382598029557,11181.152408192347,10109.952546627335
forecast_0954,2025-02-09 18:00:00,13618.145376365796,13173.108997465608,12481.874846419909
forecast_0955,2025-02-09 19:00:00,13646.365533048147,14577.401835112858,14569.980072272896
forecast_0956,2025-02-09 20:00:00,13836.326391815523,14519.330789759357,13167.113123772493
forecast_0957,2025-02-09 21:00:00,12978.554518829418,14248.120187367895,12470.725477757396
forecast_0958,2025-02-09 22:00:00,13951.498321521178,15092.003514094758,13382.947320991827
forecast_0959,2025-02-09 23:00:00,15092.068636404872,16963.933708070195,14515.660881983777
forecast_0960,2025-02-10 00:00:00,15949.377851119718,17816.771571660265,16031.687806177235
forecast_0961,2025-02-10 01:00:00,16383.41601465044,17858.14001480102,16148.326561184556
forecast_0962,2025-02-10 02:00:00,16252.821045231207,17457.433402776733,15644.109272877691
forecast_0963,2025-02-10 03:00:00,16800.39148851634,17269.974923126465,16358.964004968175
forecast_0964,2025-02-10 04:00:00,17334.09740535837,17774.48239100106,16100.586715927755
forecast_0965,2025-02-10 05:00:00,17946.870122012497,18843.76397920148,17356.675382698082
forecast_0966,2025-02-10 06:00:00,17586.333306037443,17967.550525401482,16498.08127500648
forecast_0967,2025-02-10 07:00:00,17272.75519521946,17758.69173354957,15787.775039491746
forecast_0968,2025-02-10 08:00:00,17103.903660981876,18183.5153685397,15711.462286394886
forecast_0969,2025-02-10 09:00:00,15910.268372247006,17709.6736681669,15006.915095790479
forecast_0970,2025-02-10 10:00:00,14180.709869594535,15101.64411960302,14482.34697213598
forecast_0971,2025-02-10 11:00:00,13273.535921045806,12812.976159862086,14278.259995820077
forecast_0972,2025-02-10 12:00:00,12967.779842026546,12654.833910347299,11892.904819377896
forecast_0973,2025-02-10 13:00:00,12994.543361680137,11671.754927376076,12077.773040615763
forecast_0974,2025-02-10 14:00:00,12118.344338022258,10985.100866040006,11234.164654885426
forecast_0975,2025-02-10 15:00:00,11648.799223115533,11004.67636181569,11006.859336546511
forecast_0976,2025-02-10 16:00:00,11714.051605087545,10552.756711508453,9268.88174839126
forecast_0977,2025-02-10 17:00:00,11170.332969625144,10427.77523171077,9578.36111573808
forecast_0978,2025-02-10 18:00:00,11077.621022757628,9943.942661142915,10302.64989592065
forecast_0979,2025-02-10 19:00:00,11378.86352723985,11299.441261130738,10673.718456176013
forecast_0980,2025-02-10 20:00:00,8870.889373474647,9979.970519638222,8964.785436906963
forecast_0981,2025-02-10 21:00:00,9278.297939916167,10215.503085311462,8890.616295808439
forecast_0982,2025-02-10 22:00:00,11059.219481804768,11393.805620318926,9863.869220255865
forecast_0983,2025-02-10 23:00:00,10790.2160668651,11732.140250397788,9019.742451819126
forecast_0984,2025-02-11 00:00:00,9042.488880084382,10258.760744530293,7918.821535154688
forecast_0985,2025-02-11 01:00:00,9127.219686521601,10666.05772350154,8436.870262956223
forecast_0986,2025-02-11 02:00:00,9861.569945211562,10754.257298401651,10055.095497178956
forecast_0987,2025-02-11 03:00:00,11523.365704822114,13444.147154468992,10522.272980252646
forecast_0988,2025-02-11 04:00:00,11318.905010010712,13160.397477998222,9915.017146630868
forecast_0989,2025-02-11 05:00:00,9335.51329879583,11011.431312855808,5579.714466028535
forecast_0990,2025-02-11 06:00:00,6953.303019715855,7944.269653763465,3310.4224125669293
forecast_0991,2025-02-11 07:00:00,5803.205030899342,7149.207553373156,3282.4769487920726
forecast_0992,2025-02-11 08:00:00,5929.141048175993,7405.789711401957,4383.608186891912
forecast_0993,2025-02-11 09:00:00,8337.712020114874,7937.167447561865,4587.637793824849
forecast_0994,2025-02-11 10:00:00,6754.020099932561,5537.307606491204,3990.431572346662
forecast_0995,2025-02-11 11:00:00,2994.688649817247,1803.9626315123737,1669.4040260251402
forecast_0996,2025-02-11 12:00:00,2274.9939609320436,1327.309144247527,1544.637198923505
forecast_0997,2025-02-11 13:00:00,2088.899852994673,1989.5917730835206,1856.2926692459175
forecast_0998,2025-02-11 14:00:00,2896.866841639227,2513.3251211856764,1902.9105795613673
forecast_0999,2025-02-11 15:00:00,1253.5998711840386,919.5853491769633,1358.0911351098957
forecast_1000,2025-02-11 16:00:00,1171.357067467282,705.054996201825,834.431426333631
forecast_1001,2025-02-11 17:00:00,1085.5064642112534,825.82380077104,476.07702277733785
forecast_1002,2025-02-11 18:00:00,2240.96515874904,2374.5614497308807,1720.0855363742821
forecast_1003,2025-02-11 19:00:00,5888.930106064909,5937.653576020688,5165.680679790121
forecast_1004,2025-02-11 20:00:00,7896.891028758392,7973.359543590275,6561.493200944612
forecast_1005,2025-02-11 21:00:00,8919.084033134814,10676.490105110934,6214.666262802224
forecast_1006,2025-02-11 22:00:00,8091.543585170139,9282.502176350217,4479.212009848375
forecast_1007,2025-02-11 23:00:00,13349.488650614132,14981.850279778497,11948.137954533277
forecast_1008,2025-02-12 00:00:00,15959.162257825119,17629.874825552488,14296.529261258942
forecast_1009,2025-02-12 01:00:00,11042.19414200713,13343.22089529593,8061.341937112726
forecast_1010,2025-02-12 02:00:00,11801.88513393308,13188.710732861893,9395.886927983775
forecast_1011,2025-02-12 03:00:00,14444.62604342792,16171.594124649731,11346.883683318974
forecast_1012,2025-02-12 04:00:00,15258.612638970413,16505.522834531872,12430.835963363254
forecast_1013,2025-02-12 05:00:00,14181.393995936429,14957.78997458341,11834.661816760852
forecast_1014,2025-02-12 06:00:00,11437.308766404904,13853.466622179056,9848.901450250165
forecast_1015,2025-02-12 07:00:00,7647.674709118985,11128.555115813502,5869.764823716463
forecast_1016,2025-02-12 08:00:00,5711.19498286328,6870.08146325842,3261.2023852890065
forecast_1017,2025-02-12 09:00:00,4083.926178958867,4875.077813176622,2906.109450985513
forecast_1018,2025-02-12 10:00:00,5356.751709001744,5028.011264213561,4302.731429513596
forecast_1019,2025-02-12 11:00:00,6259.225010629401,8577.017476857547,5032.457948778129
forecast_1020,2025-02-12 12:00:00,9215.410464199416,11740.78150904021,7024.423231121363
forecast_1021,2025-02-12 13:00:00,12313.094701745436,14445.612966237857,11681.407225328356
forecast_1022,2025-02-12 14:00:00,14449.16397008661,14071.999113521471,13196.55041940931
forecast_1023,2025-02-12 15:00:00,15300.124227913186,14931.478698461542,14883.108879347506
forecast_1024,2025-02-12 16:00:00,15436.262544096528,17442.837594039287,14192.727195583748
forecast_1025,2025-02-12 17:00:00,16758.387333338465,18096.277518795752,15054.681333660421
forecast_1026,2025-02-12 18:00:00,17745.22422181499,18681.936448603425,15341.884039370014
forecast_1027,2025-02-12 19:00:00,17717.487902964385,17767.994870870116,14674.01794211429
forecast_1028,2025-02-12 20:00:00,17511.1002410707,16567.24360045856,12618.73083747194
forecast_1029,2025-02-12 21:00:00,16582.266831423425,15866.36712655808,13415.580203432026
forecast_1030,2025-02-12 22:00:00,15903.777372846595,15291.221691906152,13338.301506450724
forecast_1031,2025-02-12 23:00:00,16007.726357205978,15355.382412672014,13253.264926829881
forecast_1032,2025-02-13 00:00:00,15144.812794394955,15281.277846319705,12600.940289836251
forecast_1033,2025-02-13 01:00:00,14993.766479412885,14286.283268392812,11592.534252253072
forecast_1034,2025-02-13 02:00:00,13724.17229901361,13920.36131066833,10375.6625532237
forecast_1035,2025-02-13 03:00:00,13003.471525316647,13139.401395105819,9753.376989772602
forecast_1036,2025-02-13 04:00:00,11074.888906366308,9889.757385065004,9102.473023023149
forecast_1037,2025-02-13 05:00:00,11556.81526312348,11992.405924317894,9464.407569942658
forecast_1038,2025-02-13 06:00:00,12632.715676701446,14379.723810645939,11429.024844901394
forecast_1039,2025-02-13 07:00:00,14622.589049258946,15299.394187890926,11566.447844125943
forecast_1040,2025-02-13 08:00:00,15130.373372772885,16201.497174482633,12765.071327127793
forecast_1041,2025-02-13 09:00:00,15709.737645982706,16763.72628644943,13231.7211388359
forecast_1042,2025-02-13 10:00:00,14409.929654907606,14619.289428125143,13069.791225690462
forecast_1043,2025-02-13 11:00:00,13836.710560018853,12800.733155604812,12823.577039459506
forecast_1044,2025-02-13 12:00:00,13141.559964575208,12983.465082652914,12078.467774365126
forecast_1045,2025-02-13 13:00:00,13715.971288288418,12957.486455784512,12134.686094840008
forecast_1046,2025-02-13 14:00:00,13981.950702596623,15267.70400045596,12139.010537828624
forecast_1047,2025-02-13 15:00:00,14301.965472400481,14663.139476844657,12946.064978084902
forecast_1048,2025-02-13 16:00:00,15312.98282002569,15514.459019183158,13914.688867351293
forecast_1049,2025-02-13 17:00:00,16067.38654117993,16674.530248560477,15055.678399066868
forecast_1050,2025-02-13 18:00:00,17281.94499482878,17915.23697724928,16811.53140077804
forecast_1051,2025-02-13 19:00:00,17295.9459727661,17901.638504902687,17044.781777348977
forecast_1052,2025-02-13 20:00:00,17965.728325317177,18089.120123643686,17099.15566699168
forecast_1053,2025-02-13 21:00:00,18702.99653419364,18566.796467341555,17232.314652990244
forecast_1054,2025-02-13 22:00:00,18647.132481440447,18797.776425741362,17283.86049130354
forecast_1055,2025-02-13 23:00:00,18387.828938868803,18775.496300944957,17411.10338171984
forecast_1056,2025-02-14 00:00:00,18540.471551935363,18726.71965086287,17314.27078308557
forecast_1057,2025-02-14 01:00:00,18921.596673183954,18812.628850702215,16956.159084937197
forecast_1058,2025-02-14 02:00:00,19019.391564734473,18741.48692039297,16589.2496102594
forecast_1059,2025-02-14 03:00:00,19191.139316197627,18732.760105231027,16632.2702072803
forecast_1060,2025-02-14 04:00:00,18840.703569617675,18543.96741393119,15031.044503356152
forecast_1061,2025-02-14 05:00:00,18518.48000876085,18937.70889263062,15284.912482720378
forecast_1062,2025-02-14 06:00:00,18009.68588006786,19294.15469436063,15797.879773287998
forecast_1063,2025-02-14 07:00:00,18041.4448219755,19449.86041105444,17069.713668653625
forecast_1064,2025-02-14 08:00:00,17681.79591928451,19412.509845658118,16578.133307031294
forecast_1065,2025-02-14 09:00:00,15436.187212573685,18001.51705636467,13540.566539076037
forecast_1066,2025-02-14 10:00:00,11102.77160272523,12315.628553781084,9635.477558537188
forecast_1067,2025-02-14 11:00:00,9520.157343377228,10839.811786740016,7646.402380053779
forecast_1068,2025-02-14 12:00:00,8883.195728841276,9811.617439136518,8197.39388395999
forecast_1069,2025-02-14 13:00:00,8860.888465345719,8728.953835800341,6991.593490803527
forecast_1070,2025-02-14 14:00:00,8997.463645445667,7519.143057842799,7420.547721002239
forecast_1071,2025-02-14 15:00:00,9494.34880690642,8216.80734908978,7971.619042031412
forecast_1072,2025-02-14 16:00:00,9096.157036188704,8035.768718187004,7605.146570096314
forecast_1073,2025-02-14 17:00:00,9707.93073452138,9535.578787080152,8298.832542923563
forecast_1074,2025-02-14 18:00:00,12104.890196619172,12774.931594182097,12999.721330856593
forecast_1075,2025-02-14 19:00:00,14278.430344116876,14468.390119241265,12211.461527745667
forecast_1076,2025-02-14 20:00:00,16008.959261892704,16083.336385460496,11901.222860598364
forecast_1077,2025-02-14 21:00:00,16346.811884122038,16447.57225328563,13072.16609332385
forecast_1078,2025-02-14 22:00:00,14945.755287325033,15221.048423920889,11813.778445396993
forecast_1079,2025-02-14 23:00:00,15440.223419758257,15124.396547540244,13100.062459361985
forecast_1080,2025-02-15 00:00:00,17048.504582845548,15362.148917039322,14461.292528819577
forecast_1081,2025-02-15 01:00:00,15299.32593899962,14206.855446372963,13599.44906321354
forecast_1082,2025-02-15 02:00:00,16082.031850375615,14946.660211357146,13313.090428746826
forecast_1083,2025-02-15 03:00:00,15899.712463899265,14760.555772731479,12242.370169236456
forecast_1084,2025-02-15 04:00:00,15909.104785151392,14714.415457203544,12571.684064404402
forecast_1085,2025-02-15 05:00:00,17027.551417566196,15200.483373950936,12333.79405638971
forecast_1086,2025-02-15 06:00:00,16634.80265176341,15281.534055935346,11396.426860707727
forecast_1087,2025-02-15 07:00:00,14049.700267367134,13571.156309325594,9053.516797892173
forecast_1088,2025-02-15 08:00:00,12209.717395009418,12640.018915385668,7968.094542348979
forecast_1089,2025-02-15 09:00:00,11161.103062051749,11468.163398861745,7198.433587060444
forecast_1090,2025-02-15 10:00:00,9353.722308638173,8833.849753750232,6599.881430895732
forecast_1091,2025-02-15 11:00:00,8384.394385022213,8716.965786144978,5641.6041631928765
forecast_1092,2025-02-15 12:00:00,9626.160425638891,10683.051378791733,8434.723358085592
forecast_1093,2025-02-15 13:00:00,11363.321319974308,11161.478460317889,10340.191425224348
forecast_1094,2025-02-15 14:00:00,12016.992940391572,12988.84091382363,11983.321266587272
forecast_1095,2025-02-15 15:00:00,12506.048769309871,13829.357536919502,11512.86274094105
forecast_1096,2025-02-15 16:00:00,12591.44918688799,13763.663764001874,11335.409689434056
forecast_1097,2025-02-15 17:00:00,13325.800254182759,14407.953277236382,13395.976853116463
forecast_1098,2025-02-15 18:00:00,14345.38994995153,15925.248183905496,14686.391637204473
forecast_1099,2025-02-15 19:00:00,16862.362787872684,16537.27181929214,14750.403554805082
forecast_1100,2025-02-15 20:00:00,18004.013063147482,18412.081012159775,16747.79255835807
forecast_1101,2025-02-15 21:00:00,16967.27835550483,17301.583173188756,16101.805275598403
forecast_1102,2025-02-15 22:00:00,16783.781460435006,17540.493831329528,16707.945327636386
forecast_1103,2025-02-15 23:00:00,18071.868647713665,18230.793019198914,16024.588392706833
forecast_1104,2025-02-16 00:00:00,18166.257494579924,18270.69192550902,15630.223855376811
forecast_1105,2025-02-16 01:00:00,19040.54065628138,18752.15851655507,16065.431724131859
forecast_1106,2025-02-16 02:00:00,18955.69895983059,18479.394581620945,16564.949620769323
forecast_1107,2025-02-16 03:00:00,18588.655588871155,18136.998302288554,16525.761293321957
forecast_1108,2025-02-16 04:00:00,18223.26365197072,18543.759084323454,14658.278488342743
forecast_1109,2025-02-16 05:00:00,16761.606100241646,16754.40087283681,13499.05754010804
forecast_1110,2025-02-16 06:00:00,15797.448006340424,16285.876090273918,11888.143011921922
forecast_1111,2025-02-16 07:00:00,13635.355271696328,15280.933792599328,10962.003865811088
forecast_1112,2025-02-16 08:00:00,14076.227961688444,15626.46477401884,11175.839726973196
forecast_1113,2025-02-16 09:00:00,14723.752879538462,16394.554448094037,11592.811229731722
forecast_1114,2025-02-16 10:00:00,11298.71255175434,14250.712152879845,9478.650191243489
forecast_1115,2025-02-16 11:00:00,8749.080676284177,10948.82718349325,8375.855318384476
forecast_1116,2025-02-16 12:00:00,8404.884120641307,9984.505684802923,8347.330953367133
forecast_1117,2025-02-16 13:00:00,9556.11257272186,10118.097526930442,9238.186540102226
forecast_1118,2025-02-16 14:00:00,12137.367347968726,11944.070568480876,11530.868087792904
forecast_1119,2025-02-16 15:00:00,13357.130946329524,12642.935439995348,12260.930064589864
forecast_1120,2025-02-16 16:00:00,15254.799168244164,15715.259870544407,15428.649365596852
forecast_1121,2025-02-16 17:00:00,17195.19551884945,17326.061225858793,16085.77082424169
forecast_1122,2025-02-16 18:00:00,16935.540952554155,17074.463290912427,15974.917336369323
forecast_1123,2025-02-16 19:00:00,16700.20904406135,16190.719132061991,15701.412681929965
forecast_1124,2025-02-16 20:00:00,16799.932063726454,17288.711963575603,15125.854689624546
forecast_1125,2025-02-16 21:00:00,16603.510355814124,17808.383589623812,15404.451412388855
forecast_1126,2025-02-16 22:00:00,16893.079221141736,16788.4400779183,15635.9788175285
forecast_1127,2025-02-16 23:00:00,16343.95009334814,17224.31564656617,15271.45791448329
forecast_1128,2025-02-17 00:00:00,15882.520864438835,15910.595752545172,13461.508035658235
forecast_1129,2025-02-17 01:00:00,13957.912835260197,11916.488177240704,10377.07668392335
forecast_1130,2025-02-17 02:00:00,14362.093812622641,13186.36921767971,11020.890684916127
forecast_1131,2025-02-17 03:00:00,14457.013405307192,13253.30121240758,11494.625806892365
forecast_1132,2025-02-17 04:00:00,13782.952820154227,12206.919220422691,10763.793886845971
forecast_1133,2025-02-17 05:00:00,12921.757052066,10851.590110953255,9061.503692692546
forecast_1134,2025-02-17 06:00:00,13007.804141965675,12235.741574409863,9439.723946423257
forecast_1135,2025-02-17 07:00:00,13426.973531402176,12450.991659897125,8755.411713490636
forecast_1136,2025-02-17 08:00:00,13493.208168144754,12721.370765464586,8723.979188051526
forecast_1137,2025-02-17 09:00:00,13569.279287443927,12962.364258899253,8663.893552683043
forecast_1138,2025-02-17 10:00:00,13699.0592385957,12804.404442545885,10178.670306975324
forecast_1139,2025-02-17 11:00:00,13775.956550399185,12445.674804725999,9598.221342730427
forecast_1140,2025-02-17 12:00:00,13676.557989504934,12617.621757500325,9186.31215483326
forecast_1141,2025-02-17 13:00:00,13143.523427673641,12620.04757438367,9827.585896023616
forecast_1142,2025-02-17 14:00:00,13305.7018623843,12423.539905469948,9648.576161344452
forecast_1143,2025-02-17 15:00:00,11840.801811826615,10898.054047265143,9426.466715390337
forecast_1144,2025-02-17 16:00:00,9653.434888634243,8273.280846533415,5789.177840889745
forecast_1145,2025-02-17 17:00:00,6507.749510373095,5913.3493780597455,3733.5800381738204
forecast_1146,2025-02-17 18:00:00,7123.262919334028,4410.880221021543,3273.1861877030897
forecast_1147,2025-02-17 19:00:00,7197.909517457928,4888.388585996359,3230.317831320788
forecast_1148,2025-02-17 20:00:00,7337.470046730973,5102.09182054372,3995.672740186087
forecast_1149,2025-02-17 21:00:00,8455.070123045165,6540.873402434783,4903.874845898403
forecast_1150,2025-02-17 22:00:00,7381.125465828322,6250.161353977879,4315.435948160401
forecast_1151,2025-02-17 23:00:00,4547.020488166286,2958.7687249706905,3220.067245493545
forecast_1152,2025-02-18 00:00:00,4601.333616645429,3014.607182356277,2978.594611413335
forecast_1153,2025-02-18 01:00:00,5145.212237969521,3412.6596666882842,3816.5153858123435
forecast_1154,2025-02-18 02:00:00,8019.83224246132,7692.07402923361,6972.952114451815
forecast_1155,2025-02-18 03:00:00,8967.205668914032,9140.874560667116,8746.710500394533
forecast_1156,2025-02-18 04:00:00,9412.365883336834,9721.34230310133,8895.190328186594
forecast_1157,2025-02-18 05:00:00,9545.598038412225,10139.009613860075,9127.29669177778
forecast_1158,2025-02-18 06:00:00,10613.740958610351,10558.722066814462,9608.838371123651
forecast_1159,2025-02-18 07:00:00,10048.566586630239,10594.33343884427,9237.310737984919
forecast_1160,2025-02-18 08:00:00,8825.10289632372,9239.553196108462,7060.427609271893
forecast_1161,2025-02-18 09:00:00,9235.477857296282,9264.777588529449,8401.96547159598
forecast_1162,2025-02-18 10:00:00,10786.108766476542,9904.190931943198,8416.002290192551
forecast_1163,2025-02-18 11:00:00,10546.506361280646,9630.551376748059,8225.066748614183
forecast_1164,2025-02-18 12:00:00,10976.784491317512,10030.413833836166,8015.44931105356
forecast_1165,2025-02-18 13:00:00,10935.73765946975,10291.50387861191,7213.481967300563
forecast_1166,2025-02-18 14:00:00,11880.737160189597,10447.921915228993,8025.713766270743
forecast_1167,2025-02-18 15:00:00,12148.04440982782,10934.52185540627,8661.985259485009
forecast_1168,2025-02-18 16:00:00,11247.295694169328,10368.103132173283,7902.887021552802
forecast_1169,2025-02-18 17:00:00,11742.397212365197,9951.680896025027,8849.59529946057
forecast_1170,2025-02-18 18:00:00,11431.287583367703,9550.53719548996,7416.67551988879
forecast_1171,2025-02-18 19:00:00,10539.264448352507,8930.071659790721,7295.857843126075
forecast_1172,2025-02-18 20:00:00,9303.187845837434,7716.9578340597245,8019.035562690159
forecast_1173,2025-02-18 21:00:00,10370.33371772968,9139.756965956705,9155.010477768654
forecast_1174,2025-02-18 22:00:00,10263.788678906376,8899.441134565244,7818.035492797987
forecast_1175,2025-02-18 23:00:00,9483.96242767772,11192.683538439342,8365.510034539071
forecast_1176,2025-02-19 00:00:00,9681.880705572792,10737.501700737612,8371.28662452397
forecast_1177,2025-02-19 01:00:00,7029.6613807795275,6412.653757086878,7017.8667377402635
forecast_1178,2025-02-19 02:00:00,10990.954652710183,11694.825074973636,10025.889105264669
forecast_1179,2025-02-19 03:00:00,10810.25748974512,12086.597080618187,10304.80273599679
forecast_1180,2025-02-19 04:00:00,10772.646044529152,13241.985822527022,10074.69863977425
forecast_1181,2025-02-19 05:00:00,13035.012059753732,13966.270225770582,11099.502148413567
forecast_1182,2025-02-19 06:00:00,13943.859755503838,14270.77848072341,11185.847296789792
forecast_1183,2025-02-19 07:00:00,14143.713519097333,14877.09792344714,10834.500826691548
forecast_1184,2025-02-19 08:00:00,12502.121679182233,14238.208660516955,9846.395446641525
forecast_1185,2025-02-19 09:00:00,10156.071244125313,11153.434919326815,8383.61386836419
forecast_1186,2025-02-19 10:00:00,7139.786604352969,8471.659932240209,6723.816883173929
forecast_1187,2025-02-19 11:00:00,6800.096770395696,6519.577679703061,6249.800092461372
forecast_1188,2025-02-19 12:00:00,5967.182497213446,5285.26093245088,4463.518486695982
forecast_1189,2025-02-19 13:00:00,4207.6776351391645,3700.84595088067,2844.0293710448004
forecast_1190,2025-02-19 14:00:00,4287.436574669218,4152.041366987657,3259.651003151564
forecast_1191,2025-02-19 15:00:00,4913.63270168012,4079.9183479339326,3384.9819646915116
forecast_1192,2025-02-19 16:00:00,4990.651267106949,3925.1629755646286,3085.915375420641
forecast_1193,2025-02-19 17:00:00,5198.524131671447,3612.2137452911506,3064.405672354561
forecast_1194,2025-02-19 18:00:00,6107.284381938677,4289.506159731983,3944.313799279489
forecast_1195,2025-02-19 19:00:00,5990.238380746313,4603.1252909222085,5434.808290274553
forecast_1196,2025-02-19 20:00:00,5684.217090686368,5220.090373068342,7792.113998657579
forecast_1197,2025-02-19 21:00:00,6968.4209128063,6952.021136346401,7495.9722643440955
forecast_1198,2025-02-19 22:00:00,7581.751108067875,8546.803915077975,7080.771154079465
forecast_1199,2025-02-19 23:00:00,7999.91360868205,9304.304659993935,7411.3377850193365
forecast_1200,2025-02-20 00:00:00,7812.139824571552,8784.548720702476,7713.721300371896
forecast_1201,2025-02-20 01:00:00,6884.9177496494285,6199.469693622336,6624.997906227421
forecast_1202,2025-02-20 02:00:00,6916.651329567272,6633.634586357506,6599.188277315473
forecast_1203,2025-02-20 03:00:00,6835.314261026446,6527.26601235898,5834.152012034465
forecast_1204,2025-02-20 04:00:00,6910.4677932414,7060.1063212126655,5422.136566690968
forecast_1205,2025-02-20 05:00:00,7100.7879249175585,7271.48229607074,6342.369676569928
forecast_1206,2025-02-20 06:00:00,6993.267742717547,8179.949219702507,7282.022080335432
forecast_1207,2025-02-20 07:00:00,10692.401624831695,11831.07202131142,9036.969099287251
forecast_1208,2025-02-20 08:00:00,12406.478704438085,13567.473688094666,9866.31236274499
forecast_1209,2025-02-20 09:00:00,12062.596033492271,13537.005787911812,9752.554489832506
forecast_1210,2025-02-20 10:00:00,9485.512266121004,9449.75916818978,8558.87090522479
forecast_1211,2025-02-20 11:00:00,11006.40055678925,10013.648935949399,10366.642227461982
forecast_1212,2025-02-20 12:00:00,10302.149070624831,8756.231557215255,8427.617978927245
forecast_1213,2025-02-20 13:00:00,9112.388591633404,7170.959346951113,6548.36528867814
forecast_1214,2025-02-20 14:00:00,8465.449242653249,5999.504039740021,6000.81160399692
forecast_1215,2025-02-20 15:00:00,9055.817077032247,6805.445072902595,6430.273089193222
forecast_1216,2025-02-20 16:00:00,8205.928206422472,5703.099075235894,5144.808189759734
forecast_1217,2025-02-20 17:00:00,7262.22796545475,5668.746791535139,4888.797137761103
forecast_1218,2025-02-20 18:00:00,8462.277208364325,6776.055785540363,6097.892198771587
forecast_1219,2025-02-20 19:00:00,10236.97883456995,8022.094059223462,8531.570121905806
forecast_1220,2025-02-20 20:00:00,8537.825442235791,7705.1648654509445,8507.926172326324
forecast_1221,2025-02-20 21:00:00,7477.792043040498,5868.461138074191,6862.427464519547
forecast_1222,2025-02-20 22:00:00,7731.017854241439,6614.717130270985,6662.030628648993
forecast_1223,2025-02-20 23:00:00,6726.200955540249,7702.560615571153,5496.767002716023
forecast_1224,2025-02-21 00:00:00,7278.96104320382,8749.339823009037,6501.462066097623
forecast_1225,2025-02-21 01:00:00,9083.867597758644,9112.157014341536,6522.95338028831
forecast_1226,2025-02-21 02:00:00,10749.915519666627,10627.482818630198,9013.766464904627
forecast_1227,2025-02-21 03:00:00,9896.99201504184,9982.968660506895,8253.648102148778
forecast_1228,2025-02-21 04:00:00,7081.7226839565965,7142.285732515409,7736.453708050159
forecast_1229,2025-02-21 05:00:00,9413.030209592442,10403.974473225931,7797.013581506021
forecast_1230,2025-02-21 06:00:00,9699.384034788418,10455.768716549357,7679.341025600971
forecast_1231,2025-02-21 07:00:00,10427.314135026114,10640.841292293248,8436.73829129425
forecast_1232,2025-02-21 08:00:00,10492.812793676749,11456.884875375661,8726.919517681157
forecast_1233,2025-02-21 09:00:00,9901.534901820094,9491.009175938538,8093.312927416503
forecast_1234,2025-02-21 10:00:00,6805.378127562918,6598.032134132105,6865.955426923671
forecast_1235,2025-02-21 11:00:00,5122.85228774777,4883.6711485976675,4543.626108924549
forecast_1236,2025-02-21 12:00:00,4769.8616908998565,4318.613001204174,4606.550963872214
forecast_1237,2025-02-21 13:00:00,4508.936254843877,4476.7786706066845,3670.3926726779437
forecast_1238,2025-02-21 14:00:00,5655.975326864648,4802.643295805282,3852.5443345766366
forecast_1239,2025-02-21 15:00:00,6901.901246997623,4784.535361569254,4486.499970565584
forecast_1240,2025-02-21 16:00:00,6733.327435611144,4563.099141096621,4150.796282710816
forecast_1241,2025-02-21 17:00:00,6982.718550538053,4843.507999658463,3775.291762693767
forecast_1242,2025-02-21 18:00:00,9205.83558977661,6959.646596217068,5892.675255340563
forecast_1243,2025-02-21 19:00:00,10236.448013867197,8676.027389974948,9004.66069091945
forecast_1244,2025-02-21 20:00:00,9952.972373241835,9485.39478821217,9422.28138103126
forecast_1245,2025-02-21 21:00:00,10423.507185032171,10086.039563985689,11189.255169096772
forecast_1246,2025-02-21 22:00:00,9642.783738425705,9832.708199369978,11523.324903793524
forecast_1247,2025-02-21 23:00:00,10527.535580168933,10203.948944465013,11997.54905601327
forecast_1248,2025-02-22 00:00:00,11202.592914269679,9759.075685404316,11349.633775980037
forecast_1249,2025-02-22 01:00:00,11775.651771863559,9515.433992295972,10407.857923490514
forecast_1250,2025-02-22 02:00:00,12058.714273164418,10773.209597915285,10776.380096366356
forecast_1251,2025-02-22 03:00:00,13140.200704864003,13568.040795760615,13561.09149195812
forecast_1252,2025-02-22 04:00:00,12118.760215389764,12900.560185169208,11848.461784678962
forecast_1253,2025-02-22 05:00:00,11495.69073078314,10984.303439772564,10654.180951137556
forecast_1254,2025-02-22 06:00:00,7690.0050312959675,7620.544502884014,6943.948454243867
forecast_1255,2025-02-22 07:00:00,9260.911884604202,11836.261987322541,7697.137339396281
forecast_1256,2025-02-22 08:00:00,9493.109238132281,11126.284257225108,7783.392962991733
forecast_1257,2025-02-22 09:00:00,6673.406070006179,7121.822515600274,4851.336192531873
forecast_1258,2025-02-22 10:00:00,4398.3313649637785,3905.929464409187,2349.482249632142
forecast_1259,2025-02-22 11:00:00,3572.2725960074918,2634.3191339003147,1347.503443779378
forecast_1260,2025-02-22 12:00:00,2930.1662821479877,2471.9273772867496,1803.8934249648253
forecast_1261,2025-02-22 13:00:00,5341.987322780497,4330.7377165507,4099.700119428942
forecast_1262,2025-02-22 14:00:00,4777.058953573557,4683.906806474396,4152.976041384685
forecast_1263,2025-02-22 15:00:00,5525.973405348965,4749.954073649179,3583.885099029904
forecast_1264,2025-02-22 16:00:00,5368.806785083055,4848.304829400558,4109.488368164199
forecast_1265,2025-02-22 17:00:00,6075.899195412071,5163.566919692685,4569.748335084437
forecast_1266,2025-02-22 18:00:00,8572.360244506406,7994.793780907303,7164.889533638986
forecast_1267,2025-02-22 19:00:00,11548.26689498405,10100.576095203935,11610.837809095776
forecast_1268,2025-02-22 20:00:00,11512.796787065025,10840.297557562384,12861.72782497569
forecast_1269,2025-02-22 21:00:00,12340.097330872297,12847.22263416577,14141.902447798731
forecast_1270,2025-02-22 22:00:00,14414.259829002121,14267.569310409359,14910.577255041391
forecast_1271,2025-02-22 23:00:00,14359.156573283788,15833.234791989053,15276.07160425076
forecast_1272,2025-02-23 00:00:00,15124.37512870519,16907.88803131279,16387.335458830174
forecast_1273,2025-02-23 01:00:00,14118.316371085337,15830.68597295113,14955.371062244654
forecast_1274,2025-02-23 02:00:00,13768.59514315702,15042.525741971254,16911.211998502546
forecast_1275,2025-02-23 03:00:00,14463.923361497062,16139.684802400798,16061.071242600337
forecast_1276,2025-02-23 04:00:00,14815.979183456831,16768.665362945503,16375.30440631585
forecast_1277,2025-02-23 05:00:00,14073.533839269805,16579.563653440142,15492.894112885797
forecast_1278,2025-02-23 06:00:00,14422.247945367897,16880.6129281725,15957.88915093425
forecast_1279,2025-02-23 07:00:00,15931.63106565143,18005.634017608616,15349.66869858731
forecast_1280,2025-02-23 08:00:00,15456.472044349977,17934.21434048946,15227.677742635384
forecast_1281,2025-02-23 09:00:00,15059.157532073887,16015.803746416508,15257.89056294882
forecast_1282,2025-02-23 10:00:00,13551.359342297475,14220.421425382314,14527.473822046735
forecast_1283,2025-02-23 11:00:00,13175.003273629727,12389.78066998646,13146.101297915084
forecast_1284,2025-02-23 12:00:00,13586.067862015943,12382.889190048585,12321.610615935213
forecast_1285,2025-02-23 13:00:00,13177.640799561212,11598.186014601084,10641.326612376584
forecast_1286,2025-02-23 14:00:00,13446.694147571901,11037.647281534255,10114.060772090244
forecast_1287,2025-02-23 15:00:00,12075.581855727101,10711.585777473547,10620.94666721121
forecast_1288,2025-02-23 16:00:00,12006.078505962163,10819.245803425798,8840.019788136779
forecast_1289,2025-02-23 17:00:00,10805.235829686155,7910.619614034966,6522.110835841294
forecast_1290,2025-02-23 18:00:00,9332.1276221785,7118.106307674088,5058.329540014285
forecast_1291,2025-02-23 19:00:00,8597.974901651327,6587.130382692068,5452.950405972956
forecast_1292,2025-02-23 20:00:00,8362.454263085167,6381.611673664838,6634.155439282704
forecast_1293,2025-02-23 21:00:00,8690.835054654319,8782.919371187289,9434.043081557282
forecast_1294,2025-02-23 22:00:00,9483.771787928243,9524.1908386569,8702.281907096036
forecast_1295,2025-02-23 23:00:00,9969.971327600771,10090.077788837809,7824.423608164374
forecast_1296,2025-02-24 00:00:00,10499.292859404391,11952.00025776671,9116.943891777199
forecast_1297,2025-02-24 01:00:00,13721.884300029618,13500.13194893046,10636.496142651606
forecast_1298,2025-02-24 02:00:00,15187.001548806682,15944.659457750775,13836.124591343681
forecast_1299,2025-02-24 03:00:00,16814.125791011473,16964.06465671419,14264.224072842864
forecast_1300,2025-02-24 04:00:00,16257.20011016297,16267.114416080123,14346.516643650813
forecast_1301,2025-02-24 05:00:00,16325.493366251558,16220.36797057182,12589.814319897127
forecast_1302,2025-02-24 06:00:00,15832.667311750516,16079.544142519884,12332.575009478527
forecast_1303,2025-02-24 07:00:00,15862.315033972407,15883.902982439558,12009.914844954832
forecast_1304,2025-02-24 08:00:00,15610.546458396513,15315.195008202496,11831.84294977824
forecast_1305,2025-02-24 09:00:00,13080.550910856846,13477.285833655978,11285.808792995058
forecast_1306,2025-02-24 10:00:00,10557.094053003244,11296.44450836338,9457.172768280037
forecast_1307,2025-02-24 11:00:00,9097.465651478436,9462.695090218935,7746.463360428419
forecast_1308,2025-02-24 12:00:00,8304.60959839484,7066.314187649758,6903.253841939897
forecast_1309,2025-02-24 13:00:00,6184.721923121026,6009.451678682054,6364.2721952072125
forecast_1310,2025-02-24 14:00:00,5995.519792192853,5611.909186592377,4669.284618746766
forecast_1311,2025-02-24 15:00:00,7559.6020186556425,6103.225963438259,6625.853801627448
forecast_1312,2025-02-24 16:00:00,7526.816998135893,6237.304461774432,5461.480278273008
forecast_1313,2025-02-24 17:00:00,7829.525597716174,5975.231146348818,5382.230338216204
forecast_1314,2025-02-24 18:00:00,9523.750982249638,8466.390109091059,9037.50416023047
forecast_1315,2025-02-24 19:00:00,13174.010930002403,12531.916223592141,13249.468324209989
forecast_1316,2025-02-24 20:00:00,15078.19999521841,16530.057387656372,15186.273647209975
forecast_1317,2025-02-24 21:00:00,17971.53002644831,18597.068500115245,16733.738665622368
forecast_1318,2025-02-24 22:00:00,19319.6553321287,18655.775246121546,16739.782924593514
forecast_1319,2025-02-24 23:00:00,20129.151582609862,19337.31460823939,17133.14584470657
forecast_1320,2025-02-25 00:00:00,20993.87869144326,19778.660858426934,17602.75365044558
forecast_1321,2025-02-25 01:00:00,20124.098485949897,19663.862289934266,17820.366120280552
forecast_1322,2025-02-25 02:00:00,20119.074730829503,20362.50966092068,18817.529403333163
forecast_1323,2025-02-25 03:00:00,20153.680326090125,20436.825888860985,19591.404838730818
forecast_1324,2025-02-25 04:00:00,19922.263332569753,20503.20483760453,18225.899880205605
forecast_1325,2025-02-25 05:00:00,20086.44087892599,20820.53388401857,17923.816545982445
forecast_1326,2025-02-25 06:00:00,19821.05072932581,20945.40339980765,17788.19459280412
forecast_1327,2025-02-25 07:00:00,20236.321210477145,20711.744787844174,17720.528693178458
forecast_1328,2025-02-25 08:00:00,19806.371188317502,20499.923512184778,16851.872857225957
forecast_1329,2025-02-25 09:00:00,19890.992380173167,20588.469307535088,16976.985550557903
forecast_1330,2025-02-25 10:00:00,18509.12442333387,19682.447021563316,16718.541988482448
forecast_1331,2025-02-25 11:00:00,17214.280539007083,19205.32322142919,16847.635454966003
forecast_1332,2025-02-25 12:00:00,15692.296315812759,17761.369731828883,15594.308782710721
forecast_1333,2025-02-25 13:00:00,14402.673132442247,16627.055683033588,13150.122638869369
forecast_1334,2025-02-25 14:00:00,14908.01059641048,16883.299439812905,13568.742896609852
forecast_1335,2025-02-25 15:00:00,15091.614659548206,16926.73550298805,15322.389548864714
forecast_1336,2025-02-25 16:00:00,16562.914384981133,17257.30955754939,15265.05859213829
forecast_1337,2025-02-25 17:00:00,18352.66759145681,19187.73233549002,16348.052953494365
forecast_1338,2025-02-25 18:00:00,19559.86121443466,19316.329438976507,18070.910372280145
forecast_1339,2025-02-25 19:00:00,19869.410754281304,19333.54271390175,18834.147444741127
forecast_1340,2025-02-25 20:00:00,20046.61539996998,19600.6199524562,19130.920695387846
forecast_1341,2025-02-25 21:00:00,20087.48591813398,19592.192729586564,19051.210129153522
forecast_1342,2025-02-25 22:00:00,20203.099174474257,19637.171238862204,17921.038189017938
forecast_1343,2025-02-25 23:00:00,19835.305366558598,19049.691263555495,17884.789813123833
forecast_1344,2025-02-26 00:00:00,19156.710209957022,18570.521970237533,18781.194734690336
forecast_1345,2025-02-26 01:00:00,18040.51061135002,18183.996248680687,18226.014417355193
forecast_1346,2025-02-26 02:00:00,18221.33023072184,18258.141279580497,18334.36722141417
forecast_1347,2025-02-26 03:00:00,18091.92658959226,18021.72408782447,18081.27652751403
forecast_1348,2025-02-26 04:00:00,17659.57531171789,18204.058942522628,16929.15794260694
forecast_1349,2025-02-26 05:00:00,18222.19764812031,18756.35515446745,16639.037134275564
forecast_1350,2025-02-26 06:00:00,17195.763581662643,17871.13873068883,15888.106456040814
forecast_1351,2025-02-26 07:00:00,16068.91444693645,17272.97911624256,15329.29961000368
forecast_1352,2025-02-26 08:00:00,16742.45462605217,17424.553314249606,14430.107055064418
forecast_1353,2025-02-26 09:00:00,15238.79857279368,17014.027923578516,14292.71705085273
forecast_1354,2025-02-26 10:00:00,13193.979642457296,14017.433834070864,12830.323078093112
forecast_1355,2025-02-26 11:00:00,12114.20443034553,13026.54622642119,12049.941178711912
forecast_1356,2025-02-26 12:00:00,12210.900400651251,12651.40646168803,9401.90050699208
forecast_1357,2025-02-26 13:00:00,12492.806592665436,12777.7541542768,8360.309482352062
forecast_1358,2025-02-26 14:00:00,12623.767208898318,12812.064456713906,9568.986612613435
forecast_1359,2025-02-26 15:00:00,13003.647300562825,13499.254851627884,10216.038701313346
forecast_1360,2025-02-26 16:00:00,13060.316811799505,13046.092526608516,11195.940828952025
forecast_1361,2025-02-26 17:00:00,13338.796071592818,13680.342036491933,11610.83301774244
forecast_1362,2025-02-26 18:00:00,13428.963343343301,13775.034874703217,11938.187016538384
forecast_1363,2025-02-26 19:00:00,14512.156266622016,16907.513149346472,14520.277729989824
forecast_1364,2025-02-26 20:00:00,16212.029609436835,18033.95261283917,15200.745718200576
forecast_1365,2025-02-26 21:00:00,17095.86434686635,18695.237729013836,15502.585490680613
forecast_1366,2025-02-26 22:00:00,16004.951033715153,17560.011932961883,14857.88567959986
forecast_1367,2025-02-26 23:00:00,15858.48776503985,17745.51102147987,15888.852231133616
forecast_1368,2025-02-27 00:00:00,16842.641325495893,18045.41732854686,16485.3396931878
forecast_1369,2025-02-27 01:00:00,17496.82669251045,19554.995447031863,16918.140693299363
forecast_1370,2025-02-27 02:00:00,18122.89251779188,19270.576195739308,16530.661976455078
forecast_1371,2025-02-27 03:00:00,17859.94041687171,20043.8808604812,17623.863081697036
forecast_1372,2025-02-27 04:00:00,17670.412929470036,20142.90183929706,16913.375595276695
forecast_1373,2025-02-27 05:00:00,18047.874329620172,20420.657269670697,16335.353918641222
forecast_1374,2025-02-27 06:00:00,17417.03317696431,20070.85818427836,15673.225238258365
forecast_1375,2025-02-27 07:00:00,17826.983132959398,19911.81389108258,16157.759776475888
forecast_1376,2025-02-27 08:00:00,16809.27804784073,18839.708065927465,15478.845951097423
forecast_1377,2025-02-27 09:00:00,17416.690419707676,18267.056308589425,14443.024989106692
forecast_1378,2025-02-27 10:00:00,14942.826247368324,17702.11540969201,14415.368778507729
forecast_1379,2025-02-27 11:00:00,14034.5780746344,16288.84991072171,13635.013163773285
forecast_1380,2025-02-27 12:00:00,14874.744821616225,16746.910992467085,13712.516012126893
forecast_1381,2025-02-27 13:00:00,14803.416847008599,15224.522547420147,10795.892812587548
forecast_1382,2025-02-27 14:00:00,9376.754161950319,9059.97087735078,8891.22758714295
forecast_1383,2025-02-27 15:00:00,9400.428532152746,9428.224572125599,9767.113626815277
forecast_1384,2025-02-27 16:00:00,8885.677427933631,8192.496604035237,6785.805145968899
forecast_1385,2025-02-27 17:00:00,7668.133675235172,7314.368071797914,5729.080764357233
forecast_1386,2025-02-27 18:00:00,8022.371959933861,8938.584062168457,6518.823067188789
forecast_1387,2025-02-27 19:00:00,11496.986890691891,13305.331418534808,9170.701747050325
forecast_1388,2025-02-27 20:00:00,11809.95620661214,13443.312827455735,9885.949432534375
forecast_1389,2025-02-27 21:00:00,11495.645511181041,13595.651285027621,9215.571437102246
forecast_1390,2025-02-27 22:00:00,10849.704222562928,14649.291102981075,8340.033119922535
forecast_1391,2025-02-27 23:00:00,10010.565621689384,14400.690491915922,9265.598330132498
forecast_1392,2025-02-28 00:00:00,10285.117463962159,13977.052494097323,8856.427413394062
forecast_1393,2025-02-28 01:00:00,10373.895972015383,12747.562034980077,10278.17530122723
forecast_1394,2025-02-28 02:00:00,13449.742016533537,14135.24543458618,10750.583068933249
forecast_1395,2025-02-28 03:00:00,15363.526029784916,15713.303113357451,14286.752359082957
forecast_1396,2025-02-28 04:00:00,16870.338660527814,17580.04482771133,14772.236131259397
forecast_1397,2025-02-28 05:00:00,16671.832045240524,17336.49208498734,15817.722466500412
forecast_1398,2025-02-28 06:00:00,17300.629827100503,17873.278527266782,15404.930441132694
forecast_1399,2025-02-28 07:00:00,18513.116479140597,18530.60185321444,16567.851894928677
forecast_1400,2025-02-28 08:00:00,17589.644603605346,18217.838108056418,14470.995371837418
forecast_1401,2025-02-28 09:00:00,18121.525701527517,19294.284607669168,16462.929837044365
forecast_1402,2025-02-28 10:00:00,17027.70310422532,19669.614845759843,16319.600935098002
forecast_1403,2025-02-28 11:00:00,14885.765097079508,17756.82935039542,13896.039818335206
forecast_1404,2025-02-28 12:00:00,12978.267484484411,14019.892122753121,10579.669576175691
forecast_1405,2025-02-28 13:00:00,11132.487265475243,11810.072387869734,10529.691653163824
forecast_1406,2025-02-28 14:00:00,11259.37892202575,11098.35476395385,10261.668926019407
forecast_1407,2025-02-28 15:00:00,10865.134772947007,10054.477522282072,9440.259284975116
forecast_1408,2025-02-28 16:00:00,11399.806756261147,11817.46844098564,10361.256620693122
forecast_1409,2025-02-28 17:00:00,12022.099592715484,14075.902624024671,11576.515876683756
forecast_1410,2025-02-28 18:00:00,13635.843589995931,14011.348400125522,11371.499053161691
forecast_1411,2025-02-28 19:00:00,13933.905239540956,15018.07406083149,14262.34506134885
forecast_1412,2025-02-28 20:00:00,13728.032029263079,14567.223261903559,9777.51556134106
forecast_1413,2025-02-28 21:00:00,12951.17080195493,11959.371734088492,9996.212291013675
forecast_1414,2025-02-28 22:00:00,11639.401448357668,10208.329776130407,9393.9551411924
forecast_1415,2025-02-28 23:00:00,9117.406555731843,7672.2513629659,7417.109243285911
forecast_1416,2025-03-01 00:00:00,7035.631141847721,5935.735869290289,5577.314528811883
forecast_1417,2025-03-01 01:00:00,11616.147409243193,10328.50104875209,10100.446541925472
forecast_1418,2025-03-01 02:00:00,7990.0723552757245,6037.661914763604,5013.583314589934
forecast_1419,2025-03-01 03:00:00,4947.658755421388,3921.2301945759536,3645.484296530327
forecast_1420,2025-03-01 04:00:00,3186.336089903811,2575.4869908084083,2525.7342987691413
forecast_1421,2025-03-01 05:00:00,1972.5634800722987,1489.0170285112358,1568.7954017889153
forecast_1422,2025-03-01 06:00:00,945.1080476826824,1072.8068645706599,614.328677132974
forecast_1423,2025-03-01 07:00:00,1209.0409145889626,1011.014583405497,637.0066590818848
forecast_1424,2025-03-01 08:00:00,1095.5523187883177,1272.6492316726417,358.9451185294024
forecast_1425,2025-03-01 09:00:00,642.5290599138209,608.864003626684,426.3247374406172
forecast_1426,2025-03-01 10:00:00,835.307095505495,869.0786538827404,514.873947397285
forecast_1427,2025-03-01 11:00:00,754.8567852860318,1187.2686098591723,520.4605537068186
forecast_1428,2025-03-01 12:00:00,1841.7429181668685,2215.801821003692,908.8726818214786
forecast_1429,2025-03-01 13:00:00,2253.6465150494705,2459.08945832046,945.3776303186639
forecast_1430,2025-03-01 14:00:00,2927.642000575548,3661.458823241766,1815.5966691806486
forecast_1431,2025-03-01 15:00:00,2739.1938247348244,3208.1693963719977,1793.9262517299458
forecast_1432,2025-03-01 16:00:00,3164.365084888775,2028.252426781316,1566.8929030262507
forecast_1433,2025-03-01 17:00:00,4425.182668192999,3788.659735804577,2088.6212861966537
forecast_1434,2025-03-01 18:00:00,3005.939885475803,2634.7073215359173,1611.5751330023916
forecast_1435,2025-03-01 19:00:00,2608.5703549504915,3296.688007828709,2030.0532962044654
forecast_1436,2025-03-01 20:00:00,2236.713940446973,2274.4477619320246,1574.969393470255
forecast_1437,2025-03-01 21:00:00,1436.549949535362,1246.730659611668,931.9450522140365
forecast_1438,2025-03-01 22:00:00,1278.744257422025,1012.7649825410226,620.8711094278034
forecast_1439,2025-03-01 23:00:00,1172.8604551149392,934.9381597599178,370.16909079532536
forecast_1440,2025-03-02 00:00:00,948.5570718166183,755.2022091766411,221.07920893914957
forecast_1441,2025-03-02 01:00:00,3779.49100272011,4303.379699899166,2723.187083109513
forecast_1442,2025-03-02 02:00:00,3859.9024895353,3848.8387474243355,2429.5296946579037
forecast_1443,2025-03-02 03:00:00,3477.62328914068,4083.365624561184,2544.668313950586
forecast_1444,2025-03-02 04:00:00,4330.399652339575,3889.257065041442,2669.0179014138957
forecast_1445,2025-03-02 05:00:00,3899.5278432318346,3326.899303157489,2257.312823706168
forecast_1446,2025-03-02 06:00:00,1489.3375577453915,1026.5962290774946,462.6225294820124
forecast_1447,2025-03-02 07:00:00,237.55874716530127,414.11858034045036,490.21936974734217
forecast_1448,2025-03-02 08:00:00,419.69627659478533,418.7036277537607,129.495196819884
forecast_1449,2025-03-02 09:00:00,868.6935243274146,878.3951463160787,433.71193483670237
forecast_1450,2025-03-02 10:00:00,1188.1984756608858,1036.5101490656627,681.2856400359768
forecast_1451,2025-03-02 11:00:00,1626.6544546999107,1707.4853714151504,1330.0688066557766
forecast_1452,2025-03-02 12:00:00,2030.6304439042908,2592.062196542628,1784.4619825012219
forecast_1453,2025-03-02 13:00:00,2031.0146041400596,2571.769564689575,2447.2617336481026
forecast_1454,2025-03-02 14:00:00,2243.997212923592,1624.4579553139024,2279.9101774496776
forecast_1455,2025-03-02 15:00:00,2369.7865887151365,2340.5422592179166,3606.637856766339
forecast_1456,2025-03-02 16:00:00,2857.5564381395757,3172.1315904669036,5265.324535991733
forecast_1457,2025-03-02 17:00:00,3777.8679693501704,5528.06807404889,5442.187379559652
forecast_1458,2025-03-02 18:00:00,4247.383895835734,5372.833744955685,6414.797841415428
forecast_1459,2025-03-02 19:00:00,9987.774950669496,12598.547364790504,11051.596019712279
forecast_1460,2025-03-02 20:00:00,8379.413584778144,10545.790850047757,8634.011637974134
forecast_1461,2025-03-02 21:00:00,7331.457576440204,9776.585784186289,7701.905590060962
forecast_1462,2025-03-02 22:00:00,8892.79611221813,10823.16865974974,8495.603533375068
forecast_1463,2025-03-02 23:00:00,8870.795555885195,10609.508281018348,7477.640639796144
forecast_1464,2025-03-03 00:00:00,9768.9131986494,11136.646084715412,8966.463009054854
forecast_1465,2025-03-03 01:00:00,13958.497862917367,16026.31969107785,12805.226310563836
forecast_1466,2025-03-03 02:00:00,13844.295850232244,15558.288560545952,11723.932703147222
forecast_1467,2025-03-03 03:00:00,11202.644374952437,13753.584613292398,9865.77578167675
forecast_1468,2025-03-03 04:00:00,11035.482664023979,13782.131405528922,10207.247838829546
forecast_1469,2025-03-03 05:00:00,11931.66566496918,14089.210843068251,10606.43779031184
forecast_1470,2025-03-03 06:00:00,13897.752891401315,15549.065952248602,12584.544918750038
forecast_1471,2025-03-03 07:00:00,14893.29743121892,16395.28338397666,11781.730553457477
forecast_1472,2025-03-03 08:00:00,14462.321135234457,16161.357478838898,12077.83179284983
forecast_1473,2025-03-03 09:00:00,14239.119143322181,16481.15088277746,12121.970650449588
forecast_1474,2025-03-03 10:00:00,13748.473030495612,15544.801910412636,11752.690206645651
forecast_1475,2025-03-03 11:00:00,14611.808602167448,15252.340106052372,11145.951655307355
forecast_1476,2025-03-03 12:00:00,13032.96806041649,13888.493607261316,11083.10721435433
forecast_1477,2025-03-03 13:00:00,12415.65422166684,14708.25540595112,11076.69053844425
forecast_1478,2025-03-03 14:00:00,12040.963581175996,13575.796067344001,11042.061069318876
forecast_1479,2025-03-03 15:00:00,12135.162788963868,14092.831214435297,11334.281304791264
forecast_1480,2025-03-03 16:00:00,11670.78828051506,14547.538466240696,11048.2413952981
forecast_1481,2025-03-03 17:00:00,11577.249891008181,13972.814184863366,11349.63878063817
forecast_1482,2025-03-03 18:00:00,10408.953362262046,13666.945686379257,10480.045576928338
forecast_1483,2025-03-03 19:00:00,8485.295903241402,10747.005184385656,7823.688395597192
forecast_1484,2025-03-03 20:00:00,4951.273134859464,7297.209860066286,5179.772212135181
forecast_1485,2025-03-03 21:00:00,5632.047016874132,9156.420177918522,7436.580515600406
forecast_1486,2025-03-03 22:00:00,9037.622464496997,10715.01604309836,8329.032456779485
forecast_1487,2025-03-03 23:00:00,9198.794749773238,11257.792465547693,8806.796707765998
forecast_1488,2025-03-04 00:00:00,9722.722258256463,11367.46522399918,9787.469130636573
forecast_1489,2025-03-04 01:00:00,11434.321932514866,13611.29952916403,11127.437946156824
forecast_1490,2025-03-04 02:00:00,11133.572186160467,13463.429890082347,10753.146600290915
forecast_1491,2025-03-04 03:00:00,12107.01376907219,13934.659131721282,10762.323182157083
forecast_1492,2025-03-04 04:00:00,13288.425412248624,15286.28821348901,11088.683625998954
forecast_1493,2025-03-04 05:00:00,12991.350090210555,14984.112333408937,11086.976278625476
forecast_1494,2025-03-04 06:00:00,14232.715984437407,15366.74007631002,11227.225400028248
forecast_1495,2025-03-04 07:00:00,14568.169310442947,15958.7413428553,11165.084192841234
forecast_1496,2025-03-04 08:00:00,14350.917011137204,15963.950918464572,10923.305960228301
forecast_1497,2025-03-04 09:00:00,14167.524368565566,15467.220944932786,10948.03162983217
forecast_1498,2025-03-04 10:00:00,14091.89759991178,15872.51198917219,11195.041911664934
forecast_1499,2025-03-04 11:00:00,13865.499025993662,15652.119336716347,11176.317244092914
forecast_1500,2025-03-04 12:00:00,14360.326444066563,16354.610458192969,11401.617938362993
forecast_1501,2025-03-04 13:00:00,14436.232105073914,15735.768711071085,11385.538048346754
forecast_1502,2025-03-04 14:00:00,14760.933746489713,16430.79630906345,11819.16595983714
forecast_1503,2025-03-04 15:00:00,14241.884963733653,15927.405362713145,12063.667413297688
forecast_1504,2025-03-04 16:00:00,13010.308795166558,15433.276722655672,11723.305829074696
forecast_1505,2025-03-04 17:00:00,12718.497488127654,14630.824676902579,11275.027078643829
forecast_1506,2025-03-04 18:00:00,12246.159378460276,14975.36287004748,11136.420349387969
forecast_1507,2025-03-04 19:00:00,11149.854111908546,13895.288428541011,11857.378140301367
forecast_1508,2025-03-04 20:00:00,10541.038872492705,12872.73355349915,10455.951943811413
forecast_1509,2025-03-04 21:00:00,10772.617555410327,12680.536133822516,10402.273666189041
forecast_1510,2025-03-04 22:00:00,11099.551945918505,12822.667700023621,9603.616792869936
forecast_1511,2025-03-04 23:00:00,10251.037144386344,11131.609762459135,9420.739401752428
forecast_1512,2025-03-05 00:00:00,6741.615963687479,8781.81362977242,6791.867503151381
forecast_1513,2025-03-05 01:00:00,0.0,0.0,481.4416460882326
forecast_1514,2025-03-05 02:00:00,0.0,0.0,255.6408955002439
forecast_1515,2025-03-05 03:00:00,209.71125501989303,0.0,888.1959257166552
forecast_1516,2025-03-05 04:00:00,278.85207093230184,176.8008983225391,950.0265698910774
forecast_1517,2025-03-05 05:00:00,309.19255442388663,60.05408593923444,787.5131412828126
forecast_1518,2025-03-05 06:00:00,362.1227574640706,136.73863415879921,758.2207893312853
forecast_1519,2025-03-05 07:00:00,108.68022554930548,217.1073948679073,443.2774671611171
forecast_1520,2025-03-05 08:00:00,38.17382726965683,156.1837784452107,536.8888559492515
forecast_1521,2025-03-05 09:00:00,0.0,0.0,469.9985017963966
forecast_1522,2025-03-05 10:00:00,0.0,0.0,803.4106647679566
forecast_1523,2025-03-05 11:00:00,0.0,209.69415273549282,921.9947382298703
forecast_1524,2025-03-05 12:00:00,0.0,449.52454676175336,387.27312263696183
forecast_1525,2025-03-05 13:00:00,0.0,253.5719058986135,389.94029990604116
forecast_1526,2025-03-05 14:00:00,0.0,0.0,135.92304149196698
forecast_1527,2025-03-05 15:00:00,0.0,0.0,156.8636737699739
forecast_1528,2025-03-05 16:00:00,0.0,0.0,11.603246926783534
forecast_1529,2025-03-05 17:00:00,39.529899906804644,174.1222367293746,290.5505515507602
forecast_1530,2025-03-05 18:00:00,0.0,263.82577596106864,303.0479225979788
forecast_1531,2025-03-05 19:00:00,331.2784806991474,842.711870533391,876.8773579671812
forecast_1532,2025-03-05 20:00:00,1238.8501146442643,1043.8382769974598,1144.8633635862418
forecast_1533,2025-03-05 21:00:00,2096.404244731587,1645.6536794284455,1471.40164042513
forecast_1534,2025-03-05 22:00:00,1303.8771120937117,1669.9648711815921,1000.517236718244
forecast_1535,2025-03-05 23:00:00,865.4266193722679,1104.51051584304,668.3289790417132
forecast_1536,2025-03-06 00:00:00,1124.7555636389638,992.0266226126737,543.034772248999
forecast_1537,2025-03-06 01:00:00,742.46481913453,782.8820355731806,404.0384754242866
forecast_1538,2025-03-06 02:00:00,518.5151747901795,843.5286516252478,314.05653943636463
forecast_1539,2025-03-06 03:00:00,295.78609117622545,526.6463724538671,263.31936566718514
forecast_1540,2025-03-06 04:00:00,294.7184999844415,413.6939194057687,267.04746758537357
forecast_1541,2025-03-06 05:00:00,468.36070043710646,407.8181476906534,362.93036600414496
forecast_1542,2025-03-06 06:00:00,349.64960179268724,389.7350131012055,243.48486538811898
forecast_1543,2025-03-06 07:00:00,205.63438879493415,200.31586444955488,0.0
forecast_1544,2025-03-06 08:00:00,20.081891271547804,2.9081290761868885,12.002716421967023
forecast_1545,2025-03-06 09:00:00,0.3656488899705863,48.73224630900282,0.5987924688895698
forecast_1546,2025-03-06 10:00:00,15.759757031129409,11.477747818259173,19.65511011206324
forecast_1547,2025-03-06 11:00:00,51.84027868602295,16.720693301505,0.0
forecast_1548,2025-03-06 12:00:00,72.37378104689043,8.935318754981646,0.0
forecast_1549,2025-03-06 13:00:00,20.18270494521175,30.858511393915098,16.989002638678905
forecast_1550,2025-03-06 14:00:00,40.95481508263979,0.0,63.728953620526724
forecast_1551,2025-03-06 15:00:00,29.551032118410536,44.58870437317491,22.37835303368028
forecast_1552,2025-03-06 16:00:00,0.0,70.6145332182094,0.0
forecast_1553,2025-03-06 17:00:00,28.978487178005235,165.87897422987155,108.8715994669057
forecast_1554,2025-03-06 18:00:00,0.0,88.9665654772292,45.04212039913456
forecast_1555,2025-03-06 19:00:00,0.0,100.62287364909727,68.03291312735782
forecast_1556,2025-03-06 20:00:00,148.9831865936945,298.6462788639037,57.22277470484904
forecast_1557,2025-03-06 21:00:00,146.12900155573607,353.9580040528262,99.97656425313906
forecast_1558,2025-03-06 22:00:00,80.23181364262558,287.5024410283884,69.73105242840441
forecast_1559,2025-03-06 23:00:00,376.34541481990783,119.1541149082989,32.65367654488851
forecast_1560,2025-03-07 00:00:00,516.7988034241152,306.1784470955752,192.56753122009533
forecast_1561,2025-03-07 01:00:00,0.0,50.471552729606586,10.225504829598858
forecast_1562,2025-03-07 02:00:00,0.0,184.42256832342042,0.0
forecast_1563,2025-03-07 03:00:00,0.0,0.0,57.23992610211617
forecast_1564,2025-03-07 04:00:00,0.0,12.900494451289457,41.720229381411265
forecast_1565,2025-03-07 05:00:00,0.0,37.45518039640292,36.17949714842653
forecast_1566,2025-03-07 06:00:00,0.0,187.39271452934443,44.39704050310571
forecast_1567,2025-03-07 07:00:00,136.45571450180663,147.07459810868914,12.535679989587383
forecast_1568,2025-03-07 08:00:00,0.0,0.0,0.0
forecast_1569,2025-03-07 09:00:00,0.0,0.0,3.0064658041039087
forecast_1570,2025-03-07 10:00:00,0.0,0.0,0.0
forecast_1571,2025-03-07 11:00:00,0.0,0.0,0.0
forecast_1572,2025-03-07 12:00:00,16.41737857226626,0.0,0.1512662328529597
forecast_1573,2025-03-07 13:00:00,0.0,0.0,74.29571443415206
forecast_1574,2025-03-07 14:00:00,0.0,0.0,61.16777633893995
forecast_1575,2025-03-07 15:00:00,0.0,1.944766162437449,105.09280211466648
forecast_1576,2025-03-07 16:00:00,0.0,0.0,111.67448763475123
forecast_1577,2025-03-07 17:00:00,132.48334787857445,83.881085454889,107.09172228568234
forecast_1578,2025-03-07 18:00:00,202.16798342720455,288.18106560178927,263.03947992409866
forecast_1579,2025-03-07 19:00:00,342.8816277658881,560.4206496450608,311.7789113812933
forecast_1580,2025-03-07 20:00:00,293.9760216607519,495.32110531484483,175.75832933922138
forecast_1581,2025-03-07 21:00:00,421.82992258615286,559.9786591855811,221.38401247393134
forecast_1582,2025-03-07 22:00:00,772.7743195623125,982.6818239356578,487.5063682444551
forecast_1583,2025-03-07 23:00:00,1450.7281947010524,1609.1597615446913,834.6881973222704
forecast_1584,2025-03-08 00:00:00,1177.8904667779618,2135.187562497902,1264.0462766886073
forecast_1585,2025-03-08 01:00:00,1170.8226950869691,1641.2815128552893,1574.297921638015
forecast_1586,2025-03-08 02:00:00,804.8118009918837,1495.7120201170455,1166.5777624594416
forecast_1587,2025-03-08 03:00:00,3022.3893619157516,3548.398446785203,1744.195910537262
forecast_1588,2025-03-08 04:00:00,4049.407921717932,4469.015444091716,3249.1989877318433
forecast_1589,2025-03-08 05:00:00,4647.865720895026,4861.6330117173975,3153.37016431076
forecast_1590,2025-03-08 06:00:00,3770.065318022105,4784.564675288712,2512.8886159984404
forecast_1591,2025-03-08 07:00:00,3582.5691165300295,3412.1386067910103,1984.2980643426074
forecast_1592,2025-03-08 08:00:00,3701.340161745471,4410.168747713436,1753.143004081787
forecast_1593,2025-03-08 09:00:00,2652.161108928419,3284.8851548663933,1817.061937703787
forecast_1594,2025-03-08 10:00:00,4372.844467579273,4762.912493395579,2875.229288099437
forecast_1595,2025-03-08 11:00:00,4783.8422142411755,4860.38126112931,3151.091360310139
forecast_1596,2025-03-08 12:00:00,3857.1940746532787,4005.425445044527,2917.8256383777125
forecast_1597,2025-03-08 13:00:00,4124.930030241592,3618.7390060425582,3661.4125630672124
forecast_1598,2025-03-08 14:00:00,4733.482473728343,4457.219578846064,3770.0311435343456
forecast_1599,2025-03-08 15:00:00,6166.073391908871,5255.626706040702,4058.097801006069
forecast_1600,2025-03-08 16:00:00,6819.3521724489,5487.639678530401,5228.3281351701935
forecast_1601,2025-03-08 17:00:00,8389.557585971615,6858.3442649710205,6559.41214909845
forecast_1602,2025-03-08 18:00:00,9225.122638060606,8342.41262899393,6112.51717917325
forecast_1603,2025-03-08 19:00:00,8226.21799520737,7873.972422865173,5873.1052714577145
forecast_1604,2025-03-08 20:00:00,8510.44775010275,7669.632447890307,5955.991930344922
forecast_1605,2025-03-08 21:00:00,8545.00721467973,9328.38365881199,5877.232703717242
forecast_1606,2025-03-08 22:00:00,9315.607405857756,9292.95807318293,6171.785256907302
forecast_1607,2025-03-08 23:00:00,8893.905310262571,9927.483394459798,6771.612296520515
forecast_1608,2025-03-09 00:00:00,9110.512921285568,9674.495272564436,7322.325087906335
forecast_1609,2025-03-09 01:00:00,6574.891814477176,6384.579738190922,4590.057075340191
forecast_1610,2025-03-09 02:00:00,5982.787985651229,6223.707269670026,4063.0495033405577
forecast_1611,2025-03-09 03:00:00,6304.798360316501,6035.271263974414,3609.8430863296303
forecast_1612,2025-03-09 04:00:00,4947.845100240703,4182.917779115393,3058.5196644688235
forecast_1613,2025-03-09 05:00:00,3453.0517258660734,3065.06051503447,2392.7014998088844
forecast_1614,2025-03-09 06:00:00,3971.1054719529693,2504.780218687731,2342.45473151448
forecast_1615,2025-03-09 07:00:00,3381.8884217293726,2593.7552545208696,2358.9904127558602
forecast_1616,2025-03-09 08:00:00,2105.620510872713,1146.6196713978532,930.9234226453575
forecast_1617,2025-03-09 09:00:00,488.26394658491364,256.5541384204602,57.06868896111182
forecast_1618,2025-03-09 10:00:00,11.115100126099842,0.0,27.219939537732575
forecast_1619,2025-03-09 11:00:00,0.0,13.263978886257627,0.0
forecast_1620,2025-03-09 12:00:00,0.0,37.64275855566067,16.35299849008476
forecast_1621,2025-03-09 13:00:00,0.0,0.0,45.498058142677756
forecast_1622,2025-03-09 14:00:00,34.178747279874266,91.17380881413403,118.71731668963497
forecast_1623,2025-03-09 15:00:00,20.07240529762104,196.1716201966921,97.53099481518137
forecast_1624,2025-03-09 16:00:00,46.6437384389505,46.34211139877879,13.607731673886487
forecast_1625,2025-03-09 17:00:00,145.6567490683843,42.279030668485,26.663885226217367
forecast_1626,2025-03-09 18:00:00,20.684855184450658,53.73483391733499,20.909374809961626
forecast_1627,2025-03-09 19:00:00,75.34501787794224,137.8601852490469,0.0
forecast_1628,2025-03-09 20:00:00,251.4049775964776,453.4525854696721,154.43992721443468
forecast_1629,2025-03-09 21:00:00,214.9400312493731,247.9854367508577,0.0
forecast_1630,2025-03-09 22:00:00,607.5638047983913,755.3760229833237,162.6989635614884
forecast_1631,2025-03-09 23:00:00,937.8094352719644,1715.6253251890876,577.2706102633863
forecast_1632,2025-03-10 00:00:00,1712.8287203602283,2393.91416198819,1222.6876594700436
forecast_1633,2025-03-10 01:00:00,4901.547118670163,4478.156412176925,2543.779555121829
forecast_1634,2025-03-10 02:00:00,5889.275444231635,5120.559499541715,4232.018207320892
forecast_1635,2025-03-10 03:00:00,5688.117655794169,5384.768513470545,3964.8997229968545
forecast_1636,2025-03-10 04:00:00,4761.221864136761,4619.552940928268,3082.4748308614653
forecast_1637,2025-03-10 05:00:00,3759.9213227655514,4306.842891107989,2533.218234939921
forecast_1638,2025-03-10 06:00:00,3863.3986573037228,4105.072938571931,2782.3823682541956
forecast_1639,2025-03-10 07:00:00,5369.293360898181,4631.965545026165,3706.1731085742713
forecast_1640,2025-03-10 08:00:00,4154.267954055189,4153.091137059494,3147.0791097057727
forecast_1641,2025-03-10 09:00:00,3328.6047303717532,3702.0530593726567,3000.3719473434408
forecast_1642,2025-03-10 10:00:00,2033.5042284860826,2413.017208560625,2039.3331097231764
forecast_1643,2025-03-10 11:00:00,1233.994347316927,1862.5719702913334,1554.5415815555627
forecast_1644,2025-03-10 12:00:00,1188.0985706869164,1584.0711817013919,1306.0245375664997
forecast_1645,2025-03-10 13:00:00,1853.9574564141544,2103.8596014331065,1583.8135393750067
forecast_1646,2025-03-10 14:00:00,2508.422056234121,3013.2989585507853,2145.3938646581705
forecast_1647,2025-03-10 15:00:00,3313.295861596244,3673.4858565428726,2361.4019578505176
forecast_1648,2025-03-10 16:00:00,3919.587856896015,4039.541509115298,2518.8424238475295
forecast_1649,2025-03-10 17:00:00,3588.3199836143795,4076.314915670002,3302.2036841882627
forecast_1650,2025-03-10 18:00:00,3897.488942644143,3631.770180672359,2126.3295249813677
forecast_1651,2025-03-10 19:00:00,4419.760801651787,5990.890747449318,3039.258975398174
forecast_1652,2025-03-10 20:00:00,6555.390931167565,7283.6070033683645,5193.857396500411
forecast_1653,2025-03-10 21:00:00,8080.963401189946,9263.768060674642,7016.388187338718
forecast_1654,2025-03-10 22:00:00,9062.20882491392,9996.047241639177,8386.70565954626
forecast_1655,2025-03-10 23:00:00,13356.162579693806,13463.74036199245,10564.105960468556
forecast_1656,2025-03-11 00:00:00,15772.184240117298,16511.229758194222,14505.282758232577
forecast_1657,2025-03-11 01:00:00,16819.069245373328,17620.062635875052,13281.585311676115
forecast_1658,2025-03-11 02:00:00,16105.672744562185,17329.22770769476,13130.926646187367
forecast_1659,2025-03-11 03:00:00,16929.032929318666,17330.074540094065,13661.935010844769
forecast_1660,2025-03-11 04:00:00,17299.55448040578,17818.82844487754,15106.652381141608
forecast_1661,2025-03-11 05:00:00,17201.200754100275,17662.988245261764,15048.240123086458
forecast_1662,2025-03-11 06:00:00,16614.31712245837,15691.982857800354,12800.244916376552
forecast_1663,2025-03-11 07:00:00,13415.000157226663,12325.568949314524,8898.213175080096
forecast_1664,2025-03-11 08:00:00,9277.102487123917,9400.736422090598,5381.973855754343
forecast_1665,2025-03-11 09:00:00,3556.25151519545,3297.982552152221,2378.6618360085654
forecast_1666,2025-03-11 10:00:00,3542.294116984389,1935.5657918528848,1618.0048786326513
forecast_1667,2025-03-11 11:00:00,1461.930186921997,1074.8114547933571,954.5106480538925
forecast_1668,2025-03-11 12:00:00,775.3033923470474,908.3053587699623,557.3068271367925
forecast_1669,2025-03-11 13:00:00,639.6814007630162,752.654132152266,777.0562227205529
forecast_1670,2025-03-11 14:00:00,306.54259274411044,339.54571206098376,552.340418708206
forecast_1671,2025-03-11 15:00:00,523.0942566160206,758.0686597163822,598.2246603328211
forecast_1672,2025-03-11 16:00:00,720.9532833083067,746.8492780588347,688.094818488299
forecast_1673,2025-03-11 17:00:00,396.0911277917067,706.678168447956,128.51264019443218
forecast_1674,2025-03-11 18:00:00,2736.1345536362273,2837.0968297482073,2070.420210414875
forecast_1675,2025-03-11 19:00:00,3735.4566610529105,4635.3099606435635,3355.954070489346
forecast_1676,2025-03-11 20:00:00,4776.170870017432,4724.943870864543,3938.7956221199765
forecast_1677,2025-03-11 21:00:00,6607.046194733313,7047.832747165683,6317.977000880644
forecast_1678,2025-03-11 22:00:00,9166.870727057172,9920.10043338264,7358.443388043686
forecast_1679,2025-03-11 23:00:00,13749.253135946023,14290.163584042748,12410.034544130089
forecast_1680,2025-03-12 00:00:00,18654.523784203346,18156.40718615697,15911.095204242343
forecast_1681,2025-03-12 01:00:00,15215.785920915429,15764.430357446385,13409.554752169992
forecast_1682,2025-03-12 02:00:00,13614.65565720704,16077.815518669133,11193.72295280892
forecast_1683,2025-03-12 03:00:00,10916.84054674288,11577.12249596256,7078.760696659069
forecast_1684,2025-03-12 04:00:00,11167.812552936228,13524.635302171006,8701.99909454214
forecast_1685,2025-03-12 05:00:00,13830.881087962036,15568.916991729704,12757.368942306612
forecast_1686,2025-03-12 06:00:00,16828.9943133004,16711.732572953388,15213.354851110756
forecast_1687,2025-03-12 07:00:00,17893.71149435963,18020.990077733462,15774.838638915608
forecast_1688,2025-03-12 08:00:00,18256.32846199067,19006.926834115537,15089.815672239014
forecast_1689,2025-03-12 09:00:00,18283.482610445983,18602.564181192512,14659.922044871833
forecast_1690,2025-03-12 10:00:00,17695.175341777445,18115.611009991808,14933.681592632085
forecast_1691,2025-03-12 11:00:00,16881.59017125854,17495.617922459398,14688.109680816358
forecast_1692,2025-03-12 12:00:00,15488.084102874067,16985.89859297883,14580.083966868664
forecast_1693,2025-03-12 13:00:00,16528.571392282967,17760.435807832077,14712.76282401132
forecast_1694,2025-03-12 14:00:00,16906.35902263454,17981.66593215068,14697.822817484526
forecast_1695,2025-03-12 15:00:00,17190.084050936715,18032.813578471185,14991.93825791223
forecast_1696,2025-03-12 16:00:00,18255.880708775047,19045.93300652102,16001.682995623882
forecast_1697,2025-03-12 17:00:00,18775.793903081667,18972.709189567184,17127.83763348274
forecast_1698,2025-03-12 18:00:00,17791.121710328072,18895.541109084574,15884.025085925809
forecast_1699,2025-03-12 19:00:00,16913.775282090723,18207.66185418765,13641.00369908043
forecast_1700,2025-03-12 20:00:00,14572.231786313276,14379.789878735459,11744.987454790717
forecast_1701,2025-03-12 21:00:00,13736.491430113418,13695.227734777784,11989.264767145374
forecast_1702,2025-03-12 22:00:00,12031.664071635132,12190.074317584911,11450.265608946022
forecast_1703,2025-03-12 23:00:00,12198.013068342725,12064.204752743248,10856.882093498136
forecast_1704,2025-03-13 00:00:00,13290.70528521026,14050.839874250458,9908.809336667526
forecast_1705,2025-03-13 01:00:00,12921.441226989322,14686.801678075286,9487.842754306439
forecast_1706,2025-03-13 02:00:00,14179.435811490874,15607.325870468889,10203.385337027326
forecast_1707,2025-03-13 03:00:00,14358.281833121999,15858.698125749552,10402.752351702644
forecast_1708,2025-03-13 04:00:00,14309.877036566237,15211.215510029542,10362.17098864226
forecast_1709,2025-03-13 05:00:00,13706.138638796363,15438.916704067376,9462.178159582822
forecast_1710,2025-03-13 06:00:00,11025.862683280437,13193.769448050987,7402.067935596051
forecast_1711,2025-03-13 07:00:00,10272.460018061878,12908.025940583888,7553.678524456441
forecast_1712,2025-03-13 08:00:00,10139.20845492101,12316.856383839451,6331.470599457532
forecast_1713,2025-03-13 09:00:00,9989.66170980587,11551.999622448964,5463.705956466073
forecast_1714,2025-03-13 10:00:00,6560.347957856532,8769.100724367552,3826.009235169555
forecast_1715,2025-03-13 11:00:00,4122.662099964523,4437.40552142556,1792.2383545589435
forecast_1716,2025-03-13 12:00:00,2680.5576298022756,2952.4738152252457,1905.0270470452672
forecast_1717,2025-03-13 13:00:00,2739.5158343164744,2583.9236398692474,1817.8105911999621
forecast_1718,2025-03-13 14:00:00,2715.0468184489932,1914.8132112465846,1512.7020375155698
forecast_1719,2025-03-13 15:00:00,1532.5720104861105,1539.1919747781183,847.1026037299108
forecast_1720,2025-03-13 16:00:00,413.3658350431303,544.329844127941,404.5430224243108
forecast_1721,2025-03-13 17:00:00,398.39106245917156,518.6944617360803,113.70047558331396
forecast_1722,2025-03-13 18:00:00,907.088314520108,671.8102182841818,160.8992158903878
forecast_1723,2025-03-13 19:00:00,1649.4774468653118,1972.4657852837447,676.4906630184967
forecast_1724,2025-03-13 20:00:00,2107.278756184281,2435.4560188894275,990.3676743479768
forecast_1725,2025-03-13 21:00:00,2704.906297341616,2724.1225026484026,1821.9996525003219
forecast_1726,2025-03-13 22:00:00,3256.9070825864146,4265.772022517377,2799.76133748268
forecast_1727,2025-03-13 23:00:00,3991.6172983059223,4270.446625984522,2970.036157629232
forecast_1728,2025-03-14 00:00:00,4089.4680679162093,3113.7054135674957,2557.1592321513112
forecast_1729,2025-03-14 01:00:00,3008.6247082376062,2820.227270308359,1579.3568401840168
forecast_1730,2025-03-14 02:00:00,2400.2281501144803,1691.8773069607391,1010.4289877490633
forecast_1731,2025-03-14 03:00:00,2000.1037633174485,1646.4252745421845,1004.6303473109151
forecast_1732,2025-03-14 04:00:00,1187.7126472814232,1251.3350104739316,488.9377292748633
forecast_1733,2025-03-14 05:00:00,1056.0810759280887,872.9650932834743,339.631071200461
forecast_1734,2025-03-14 06:00:00,907.0271967691657,1014.4416470092283,510.99174753531275
forecast_1735,2025-03-14 07:00:00,651.9212034832511,520.5124855637916,186.54387597213105
forecast_1736,2025-03-14 08:00:00,781.5776534160136,707.8427569537789,430.6880930712529
forecast_1737,2025-03-14 09:00:00,409.9756913224471,718.6453366275222,269.8980689407483
forecast_1738,2025-03-14 10:00:00,195.11616587423717,611.0102598239722,536.0642953653085
forecast_1739,2025-03-14 11:00:00,375.6522076656653,599.530123851716,274.91593562093715
forecast_1740,2025-03-14 12:00:00,234.92166128792863,665.051100182629,251.92778627847636
forecast_1741,2025-03-14 13:00:00,260.36663245452667,674.8876658301918,430.8922676528158
forecast_1742,2025-03-14 14:00:00,402.3581983354136,590.1317467879009,698.4197572686007
forecast_1743,2025-03-14 15:00:00,451.53178943069116,809.1294291974971,729.557098256549
forecast_1744,2025-03-14 16:00:00,382.98237976473104,953.3592295946377,664.7166089791716
forecast_1745,2025-03-14 17:00:00,466.53825364887047,895.5701110535729,534.3035948381179
forecast_1746,2025-03-14 18:00:00,435.7976128508974,303.6831031574559,347.5286195852383
forecast_1747,2025-03-14 19:00:00,753.3418098621596,368.69962629119226,432.3700316871668
forecast_1748,2025-03-14 20:00:00,727.9429449347541,467.7859708136087,236.9022958207289
forecast_1749,2025-03-14 21:00:00,899.3036999597344,407.9766024267434,150.48234620653153
forecast_1750,2025-03-14 22:00:00,898.4939961633031,532.0272884433596,225.6057882163681
forecast_1751,2025-03-14 23:00:00,683.0663052383832,667.1603074716396,253.7831282729637
forecast_1752,2025-03-15 00:00:00,1015.9332800342235,807.4613778976828,263.83412804870386
forecast_1753,2025-03-15 01:00:00,1669.0620179222306,891.401914282091,892.8581546102045
forecast_1754,2025-03-15 02:00:00,1394.5582182802966,1201.215858122189,1181.1487987565129
forecast_1755,2025-03-15 03:00:00,1574.3976182646265,1384.9505321687961,1200.217320128377
forecast_1756,2025-03-15 04:00:00,1791.2576409204175,1551.4068463374736,1584.8873114055684
forecast_1757,2025-03-15 05:00:00,1791.947810241589,1607.2053941356874,1561.1059574081125
forecast_1758,2025-03-15 06:00:00,1646.7544612564675,1678.1923397338346,1235.6893152533814
forecast_1759,2025-03-15 07:00:00,2067.4275846682817,1970.5702372633257,1441.164778443743
forecast_1760,2025-03-15 08:00:00,2017.597102359615,2456.2291109796624,1936.9213426762465
forecast_1761,2025-03-15 09:00:00,2641.560894371763,2256.8308015963394,2217.485911027335
forecast_1762,2025-03-15 10:00:00,2456.929098500497,3257.1845172521985,2867.521345123118
forecast_1763,2025-03-15 11:00:00,2478.2674114217803,3023.7852724047207,2723.232608306799
forecast_1764,2025-03-15 12:00:00,2561.8919111971677,3258.2587912311933,2744.429337261473
forecast_1765,2025-03-15 13:00:00,3258.564889425496,4795.085960560214,4391.333798895963
forecast_1766,2025-03-15 14:00:00,1718.3275799602857,3019.4018346075836,3127.09930051626
forecast_1767,2025-03-15 15:00:00,570.6631877638046,827.7572040483919,1988.6890500890854
forecast_1768,2025-03-15 16:00:00,273.31130989467175,531.0031490826641,1385.755205291117
forecast_1769,2025-03-15 17:00:00,385.727036722391,694.3476439753489,1084.1518983613132
forecast_1770,2025-03-15 18:00:00,225.07640917500657,550.1498172674255,908.0492708309412
forecast_1771,2025-03-15 19:00:00,290.37038320546844,225.2243780736084,1045.50368541076
forecast_1772,2025-03-15 20:00:00,754.7550451552847,599.5879451216383,1277.4225969139325
forecast_1773,2025-03-15 21:00:00,1049.2791279089417,811.334654376517,1107.6569152225195
forecast_1774,2025-03-15 22:00:00,1147.4404069428795,711.0344909859917,1377.8173072430852
forecast_1775,2025-03-15 23:00:00,1114.0767925782222,917.8069514791686,950.6340571968426
forecast_1776,2025-03-16 00:00:00,584.6917090632666,682.3542073554385,478.657513520402
forecast_1777,2025-03-16 01:00:00,354.3968050362623,251.50965266265555,460.045368583374
forecast_1778,2025-03-16 02:00:00,366.23057412378864,285.6453807417966,386.64465562998186
forecast_1779,2025-03-16 03:00:00,387.43288298040454,426.0476527049832,477.81252661323106
forecast_1780,2025-03-16 04:00:00,780.9336816250786,558.4575327823676,412.71266500991527
forecast_1781,2025-03-16 05:00:00,122.85204404213682,138.31392718116987,49.35950079784517
forecast_1782,2025-03-16 06:00:00,113.1466887358365,14.351802166339208,16.617393029743397
forecast_1783,2025-03-16 07:00:00,1.8835933083331478,29.047743829852532,57.92221230770228
forecast_1784,2025-03-16 08:00:00,79.99508404349886,2.5980574025124827,28.823752612634156
forecast_1785,2025-03-16 09:00:00,21.960378439143696,25.635987093743495,2.2299797881425136
forecast_1786,2025-03-16 10:00:00,0.0,0.0,13.50014463403014
forecast_1787,2025-03-16 11:00:00,0.0,35.04529054403028,74.67681063528995
forecast_1788,2025-03-16 12:00:00,0.0,88.41058833113414,170.8301613406565
forecast_1789,2025-03-16 13:00:00,224.71573873929145,304.3152931932158,739.0551674939868
forecast_1790,2025-03-16 14:00:00,1588.0547477031516,1224.9244137210976,1251.6283689642473
forecast_1791,2025-03-16 15:00:00,2955.5315819877414,3310.3255447676856,2478.9357905546353
forecast_1792,2025-03-16 16:00:00,4783.12368069178,4907.003442540658,3374.6044082541875
forecast_1793,2025-03-16 17:00:00,5097.927819954304,5840.385639079484,3562.492139065094
forecast_1794,2025-03-16 18:00:00,5197.869427259763,6369.6777352840245,3481.8895515195723
forecast_1795,2025-03-16 19:00:00,5248.737180448646,6467.055757786712,3400.3668712258705
forecast_1796,2025-03-16 20:00:00,10768.07816687699,8901.356579731428,7311.413218213975
forecast_1797,2025-03-16 21:00:00,12119.366676387535,10671.785043136662,10432.216339259077
forecast_1798,2025-03-16 22:00:00,10124.977864444885,8807.702778232659,9597.060189761654
forecast_1799,2025-03-16 23:00:00,5600.152122069384,5638.689753607827,5986.308814704587
forecast_1800,2025-03-17 00:00:00,3694.7222606374153,5672.415278462776,3591.8494327369413
forecast_1801,2025-03-17 01:00:00,11019.300712049846,11580.611494167355,9649.06001485585
forecast_1802,2025-03-17 02:00:00,10093.756632183664,11786.767040916337,7763.35229919094
forecast_1803,2025-03-17 03:00:00,9251.955752980122,9680.120081339766,6822.429212156222
forecast_1804,2025-03-17 04:00:00,5231.131066690768,6601.4332070206565,3670.3789993422556
forecast_1805,2025-03-17 05:00:00,4985.448371995808,5049.67929089998,4484.510274654559
forecast_1806,2025-03-17 06:00:00,5382.213272737765,6720.395004080418,3746.866859300855
forecast_1807,2025-03-17 07:00:00,4417.3699162460925,3302.97803436699,1237.6999667859388
forecast_1808,2025-03-17 08:00:00,2437.5263833911354,1378.4295689343312,895.8668939118329
forecast_1809,2025-03-17 09:00:00,1083.9805183722735,1127.6502912206563,790.5124624371167
forecast_1810,2025-03-17 10:00:00,581.5116672350431,369.00515466003435,159.36966715680856
forecast_1811,2025-03-17 11:00:00,1095.3544215743689,654.1994090163585,612.9332029145672
forecast_1812,2025-03-17 12:00:00,2977.1391270903046,2748.9900760732257,2398.6328540613063
forecast_1813,2025-03-17 13:00:00,7024.977658262971,5320.563009688998,4580.937463848128
forecast_1814,2025-03-17 14:00:00,8302.876696761836,7008.65081869508,6345.981864427556
forecast_1815,2025-03-17 15:00:00,9273.63502797999,7251.327893900931,6661.882007900008
forecast_1816,2025-03-17 16:00:00,9427.369388042309,7091.120280462207,6187.3523234154145
forecast_1817,2025-03-17 17:00:00,8839.410732846634,7121.91118923975,6507.751333772188
forecast_1818,2025-03-17 18:00:00,7824.693875659434,6777.411795580952,7007.775343168309
forecast_1819,2025-03-17 19:00:00,7021.243162645158,6982.638356815323,6741.1750995431075
forecast_1820,2025-03-17 20:00:00,7624.5987618191975,8047.285184536063,7330.989734816118
forecast_1821,2025-03-17 21:00:00,9418.301332705701,10726.921554856752,10583.42002679902
forecast_1822,2025-03-17 22:00:00,11040.658519844867,12575.7490982804,11772.745908497769
forecast_1823,2025-03-17 23:00:00,9756.854989612075,10965.029157200477,6644.439871369071
forecast_1824,2025-03-18 00:00:00,7452.414917026233,7601.185876362354,3166.474859274916
forecast_1825,2025-03-18 01:00:00,3766.292240218618,5975.821767938644,3134.6603488835003
forecast_1826,2025-03-18 02:00:00,3037.6526641215273,4371.257328227933,2052.3730599944747
forecast_1827,2025-03-18 03:00:00,2633.681054372253,3204.225127931553,1244.3654927874645
forecast_1828,2025-03-18 04:00:00,1701.548934077416,1601.0032516412753,964.5882652878513
forecast_1829,2025-03-18 05:00:00,2698.813035125758,3516.600759397573,1383.8074171003943
forecast_1830,2025-03-18 06:00:00,2135.7624830035015,1787.708259065407,900.6268228541326
forecast_1831,2025-03-18 07:00:00,606.6737531042751,1121.3695227241383,259.6752518487342
forecast_1832,2025-03-18 08:00:00,450.33965185655006,456.9312515462724,45.22159753871241
forecast_1833,2025-03-18 09:00:00,846.3327728040489,609.6964837329562,412.56281477068916
forecast_1834,2025-03-18 10:00:00,213.49045859157914,108.62317589674973,314.3469675361586
forecast_1835,2025-03-18 11:00:00,194.99677654440637,0.0,110.39545651829286
forecast_1836,2025-03-18 12:00:00,0.0,113.09902171414285,640.700936552085
forecast_1837,2025-03-18 13:00:00,367.68384819239594,617.6328177609782,814.360420405031
forecast_1838,2025-03-18 14:00:00,2047.9357612123451,841.6884927185661,1022.312491616598
forecast_1839,2025-03-18 15:00:00,5639.665719059074,4784.807910063339,2017.7217838969598
forecast_1840,2025-03-18 16:00:00,10633.13662505825,11032.538103630579,6291.690525566056
forecast_1841,2025-03-18 17:00:00,12407.324419418377,12161.326192828672,8129.784062940781
forecast_1842,2025-03-18 18:00:00,13279.698755813382,14304.176250701195,9981.459524054104
forecast_1843,2025-03-18 19:00:00,11960.718419948797,14146.657203675471,10701.528801578672
forecast_1844,2025-03-18 20:00:00,8932.601180693473,11381.873690443927,8998.85261446831
forecast_1845,2025-03-18 21:00:00,3176.0901747697817,3356.6409608628387,4054.9371638135235
forecast_1846,2025-03-18 22:00:00,4467.378889945029,4114.550027618371,4055.2464249525647
forecast_1847,2025-03-18 23:00:00,3276.24879118638,3917.600897905107,2406.7396357915018
forecast_1848,2025-03-19 00:00:00,2843.845362026618,3160.3826692071293,1775.3513934596074
forecast_1849,2025-03-19 01:00:00,2236.9635372275234,2108.334860995428,925.2582016404937
forecast_1850,2025-03-19 02:00:00,2036.851501305,1455.6633645588508,810.008638983197
forecast_1851,2025-03-19 03:00:00,1594.026469506523,902.6040912268209,699.8653121938354
forecast_1852,2025-03-19 04:00:00,1041.357439219723,646.4069487649514,420.154390870498
forecast_1853,2025-03-19 05:00:00,508.62685290614917,216.11698154648005,419.9615560596177
forecast_1854,2025-03-19 06:00:00,862.2485951183135,559.1955387479957,757.8176926079828
forecast_1855,2025-03-19 07:00:00,2019.7367519218553,1339.1583276877168,1136.0712091806265
forecast_1856,2025-03-19 08:00:00,2632.153559296873,1776.2507569473562,1199.9245127950107
forecast_1857,2025-03-19 09:00:00,2925.5226306475824,2623.8060490157823,2153.3405064550943
forecast_1858,2025-03-19 10:00:00,4477.075120947744,4639.4066564460845,4757.297857058611
forecast_1859,2025-03-19 11:00:00,4462.891996204612,4829.493381436732,4980.246549478449
forecast_1860,2025-03-19 12:00:00,5637.239762694161,5132.371606310945,5577.211857704399
forecast_1861,2025-03-19 13:00:00,7064.237490198705,6093.818335636155,5815.46695535946
forecast_1862,2025-03-19 14:00:00,6848.001494423935,5266.936220084661,4959.75595558647
forecast_1863,2025-03-19 15:00:00,7422.890963965686,6029.037787589521,5384.117396223888
forecast_1864,2025-03-19 16:00:00,9093.144768811657,7273.004501309516,6415.615490586101
forecast_1865,2025-03-19 17:00:00,8900.264087437421,7692.8968128456845,6722.296002695875
forecast_1866,2025-03-19 18:00:00,10765.712503151028,8959.644627157177,8544.757203191804
forecast_1867,2025-03-19 19:00:00,11519.46186586458,10280.419708843276,9574.736598090409
forecast_1868,2025-03-19 20:00:00,11587.842748721308,10496.888986735976,11556.827204486062
forecast_1869,2025-03-19 21:00:00,12486.087547671179,12439.616007102517,13029.835726150113
forecast_1870,2025-03-19 22:00:00,13354.056920149453,15797.214117642541,14246.2758610204
forecast_1871,2025-03-19 23:00:00,11391.310092646607,13290.983514529844,12795.97132056631
forecast_1872,2025-03-20 00:00:00,13504.085702431514,15563.39293929327,13770.895240845357
forecast_1873,2025-03-20 01:00:00,15578.869555834319,17990.30299524534,15026.087263870386
forecast_1874,2025-03-20 02:00:00,16490.561961535295,17772.296518824056,14948.703248406136
forecast_1875,2025-03-20 03:00:00,17504.39917725727,18229.101142838,14943.778334030687
forecast_1876,2025-03-20 04:00:00,17742.74038545628,18084.869772229315,15396.305404076598
forecast_1877,2025-03-20 05:00:00,17817.928561773086,18408.453265289547,16015.971396198858
forecast_1878,2025-03-20 06:00:00,17495.344646535792,18643.395016270002,16460.125206277466
forecast_1879,2025-03-20 07:00:00,17385.625449657073,18897.302746439593,16091.568144390594
forecast_1880,2025-03-20 08:00:00,18593.665778160954,19325.015553900772,16565.154339095312
forecast_1881,2025-03-20 09:00:00,17668.285535254054,18796.57870016402,16742.979152635802
forecast_1882,2025-03-20 10:00:00,16717.939746466258,18331.954386007397,15656.878331910091
forecast_1883,2025-03-20 11:00:00,16010.512592127867,16890.429456432907,14896.437636889907
forecast_1884,2025-03-20 12:00:00,16039.307607570834,17466.003528385696,15499.425608474978
forecast_1885,2025-03-20 13:00:00,16353.642153784478,17848.93521265268,15783.50520228022
forecast_1886,2025-03-20 14:00:00,17643.13389731963,18600.908234047864,16998.19870239541
forecast_1887,2025-03-20 15:00:00,17585.123952090922,18252.504597284267,18362.371563863286
forecast_1888,2025-03-20 16:00:00,17800.052818269836,18762.458083732483,18439.5136047752
forecast_1889,2025-03-20 17:00:00,17795.32138211736,18744.01684042857,18423.749812715654
forecast_1890,2025-03-20 18:00:00,17908.496005232013,18880.052935225518,18672.36144549452
forecast_1891,2025-03-20 19:00:00,18260.13070984903,19427.489947826703,18509.6861862019
forecast_1892,2025-03-20 20:00:00,17892.766121383585,19581.383953926368,18929.40212096545
forecast_1893,2025-03-20 21:00:00,18662.782958008214,19874.458573594628,19272.082121022206
forecast_1894,2025-03-20 22:00:00,18623.553979984456,20031.957104786274,19477.259017706205
forecast_1895,2025-03-20 23:00:00,18327.438186301264,19506.282004757562,18866.0214068302
forecast_1896,2025-03-21 00:00:00,18775.168228710092,19026.940703025764,17565.581848561727
forecast_1897,2025-03-21 01:00:00,16781.924713323464,18101.05926962912,18101.171521669112
forecast_1898,2025-03-21 02:00:00,17961.79735870032,19086.42262903347,18506.46083900125
forecast_1899,2025-03-21 03:00:00,17877.426697975607,19132.069604346245,18547.683946767487
forecast_1900,2025-03-21 04:00:00,18173.70962339592,19489.78677965737,18209.944161979958
forecast_1901,2025-03-21 05:00:00,18346.714791655864,19596.708674552254,17770.330388241087
forecast_1902,2025-03-21 06:00:00,18568.400448699762,20086.77644594662,17751.35697249974
forecast_1903,2025-03-21 07:00:00,18499.922977435926,19664.70696061503,17109.315689389736
forecast_1904,2025-03-21 08:00:00,18767.048699438823,19711.484347096663,17715.75116654441
forecast_1905,2025-03-21 09:00:00,18701.697187718408,19593.658996964936,18350.726932139296
forecast_1906,2025-03-21 10:00:00,18231.201397629557,19733.81952322905,18270.383055223298
forecast_1907,2025-03-21 11:00:00,17847.215958274257,19529.630421868733,17573.484636571553
forecast_1908,2025-03-21 12:00:00,17294.995122923163,19424.985399486777,17720.636837267804
forecast_1909,2025-03-21 13:00:00,17102.809012006142,18901.778767612566,17727.9736964172
forecast_1910,2025-03-21 14:00:00,16949.44104992283,18630.541570469857,17175.968957166457
forecast_1911,2025-03-21 15:00:00,16685.45611469556,18022.430397802033,16261.540064605693
forecast_1912,2025-03-21 16:00:00,16450.721827111585,18549.31470530563,15536.797542805114
forecast_1913,2025-03-21 17:00:00,17121.575427302385,18978.20118345059,16064.61349828882
forecast_1914,2025-03-21 18:00:00,17287.947031435197,19378.769451130363,16999.123154356697
forecast_1915,2025-03-21 19:00:00,17498.903504883066,19787.55982909451,17100.74485606025
forecast_1916,2025-03-21 20:00:00,17746.99637305159,19702.865946362825,16929.147479074407
forecast_1917,2025-03-21 21:00:00,17198.412014264864,18676.590131771158,18045.785460542378
forecast_1918,2025-03-21 22:00:00,17381.43956876377,18492.525802654018,18495.1137783271
forecast_1919,2025-03-21 23:00:00,17349.778994972272,18531.703349382835,18423.095485293325
forecast_1920,2025-03-22 00:00:00,16897.28582355267,18530.577859157373,17967.327693282263
forecast_1921,2025-03-22 01:00:00,17948.461825919774,19725.58341706816,18613.881107219735
forecast_1922,2025-03-22 02:00:00,18080.10971229335,19544.166096299003,17851.468699332556
forecast_1923,2025-03-22 03:00:00,17594.142775437613,19121.14555342214,16890.06371212404
forecast_1924,2025-03-22 04:00:00,16917.804152240147,18852.88551579119,15743.318233614553
forecast_1925,2025-03-22 05:00:00,17170.48564044981,18977.418532036143,15656.027811401496
forecast_1926,2025-03-22 06:00:00,17165.56357712249,19097.23763038328,16191.904605435138
forecast_1927,2025-03-22 07:00:00,17578.47293308374,18991.388379140106,16476.066869595026
forecast_1928,2025-03-22 08:00:00,18372.52894114819,19114.64714335379,16679.40992075823
forecast_1929,2025-03-22 09:00:00,17292.421575236895,19057.52221156888,17783.25578823814
forecast_1930,2025-03-22 10:00:00,17066.220125367854,19212.552327696278,17124.848914548493
forecast_1931,2025-03-22 11:00:00,17287.27084535506,19336.57220582789,16593.244968709125
forecast_1932,2025-03-22 12:00:00,17831.468934822726,18756.916699771653,16764.575371279203
forecast_1933,2025-03-22 13:00:00,17339.04667008041,18450.524238989543,16960.273417480985
forecast_1934,2025-03-22 14:00:00,16733.881820193794,18287.062591790207,17680.146857584554
forecast_1935,2025-03-22 15:00:00,15738.060014014336,17428.193574504487,16493.384337553405
forecast_1936,2025-03-22 16:00:00,15350.618326497986,17536.823106750548,16498.901250064933
forecast_1937,2025-03-22 17:00:00,15573.478591319623,16929.446587111826,16274.706238971812
forecast_1938,2025-03-22 18:00:00,16163.341326522339,16878.10967329786,16410.90666517983
forecast_1939,2025-03-22 19:00:00,16212.907349770476,18820.721894633876,16825.161650919938
forecast_1940,2025-03-22 20:00:00,15972.522418838043,18176.58504929909,17149.59118538199
forecast_1941,2025-03-22 21:00:00,16797.76405982308,18158.199038468996,17754.8843055814
forecast_1942,2025-03-22 22:00:00,17425.103274689864,18870.671320595862,17928.536724113404
forecast_1943,2025-03-22 23:00:00,17625.05185799578,19013.948409363027,16533.03931061547
forecast_1944,2025-03-23 00:00:00,18101.9756823881,18662.369462504677,17211.132277300087
forecast_1945,2025-03-23 01:00:00,15230.754012417394,17111.16111216658,14803.401222923487
forecast_1946,2025-03-23 02:00:00,14991.991012039483,17050.566456370176,14129.494702981257
forecast_1947,2025-03-23 03:00:00,15776.653058527669,16832.8267961035,13691.956717775445
forecast_1948,2025-03-23 04:00:00,15952.575387461025,16709.8621330471,14437.118565073513
forecast_1949,2025-03-23 05:00:00,15721.362158221138,16397.31785367381,12391.972608534405
forecast_1950,2025-03-23 06:00:00,12579.745823073628,13999.40463323855,8724.08774635182
forecast_1951,2025-03-23 07:00:00,7405.196543587623,9484.920809611445,5635.384894068229
forecast_1952,2025-03-23 08:00:00,5676.623057626893,6199.518483955044,3355.776127852476
forecast_1953,2025-03-23 09:00:00,3370.3850435395516,3367.7738495746653,1437.0485680010697
forecast_1954,2025-03-23 10:00:00,1222.0974018602387,1041.5425013493884,492.1267441223147
forecast_1955,2025-03-23 11:00:00,514.7608272307571,628.0543682034869,252.1112979943717
forecast_1956,2025-03-23 12:00:00,384.59001551841,607.7137590587839,243.37463954783888
forecast_1957,2025-03-23 13:00:00,698.7030516312126,728.4087535663083,286.9149642602357
forecast_1958,2025-03-23 14:00:00,763.1593733977784,1035.5112659531374,457.492253937629
forecast_1959,2025-03-23 15:00:00,1963.064703609061,2071.938504389591,709.8023980567382
forecast_1960,2025-03-23 16:00:00,2756.765673745518,3331.1136757220547,914.3557756560172
forecast_1961,2025-03-23 17:00:00,2508.4027422206227,3279.269515701015,1074.2792980367203
forecast_1962,2025-03-23 18:00:00,1444.041569134497,1651.0390494491833,581.9610119509628
forecast_1963,2025-03-23 19:00:00,2880.407084707801,3953.12878707003,2346.8415301975983
forecast_1964,2025-03-23 20:00:00,4777.715087066668,6807.29850572896,3666.500792665525
forecast_1965,2025-03-23 21:00:00,6335.5344457312585,9603.039984466572,6455.773702199353
forecast_1966,2025-03-23 22:00:00,7547.815170010737,11799.155488151677,6777.36028358221
forecast_1967,2025-03-23 23:00:00,9179.527786644172,13407.960968526217,8600.381366635336
forecast_1968,2025-03-24 00:00:00,11728.69339872669,15078.206476585767,10144.10348674071
forecast_1969,2025-03-24 01:00:00,12710.149246629828,14874.785240803189,10602.405839392948
forecast_1970,2025-03-24 02:00:00,10293.978252976345,14182.575558675055,8350.53111255278
forecast_1971,2025-03-24 03:00:00,9783.691488181144,14114.616857523293,10873.125471346286
forecast_1972,2025-03-24 04:00:00,8472.226491697716,13127.785227451868,9802.157894418395
forecast_1973,2025-03-24 05:00:00,9610.761730503229,13741.693421831827,9351.94264808346
forecast_1974,2025-03-24 06:00:00,11408.996344178515,14351.043302258828,10697.03893616242
forecast_1975,2025-03-24 07:00:00,11419.685588561882,15128.453852618079,11242.676071382797
forecast_1976,2025-03-24 08:00:00,13370.678067074894,16000.679089392019,12366.04499381721
forecast_1977,2025-03-24 09:00:00,12197.2145800065,14212.894951565364,12045.456897317255
forecast_1978,2025-03-24 10:00:00,13845.495519672613,15478.554351891984,13356.753609917545
forecast_1979,2025-03-24 11:00:00,15027.832910182771,16745.295485194365,15120.044104341046
forecast_1980,2025-03-24 12:00:00,15641.103623116727,18225.702688608184,15892.195068193565
forecast_1981,2025-03-24 13:00:00,15282.181640326024,17830.270366187433,15431.469734898646
forecast_1982,2025-03-24 14:00:00,14199.856036424553,16695.466864136142,14143.076977357025
forecast_1983,2025-03-24 15:00:00,13175.32310847535,15440.00406112127,13940.294926241564
forecast_1984,2025-03-24 16:00:00,13471.60144298892,15921.669778252235,13794.24986656204
forecast_1985,2025-03-24 17:00:00,12241.552340704955,13482.518934864042,13590.43468594978
forecast_1986,2025-03-24 18:00:00,10492.20755939572,11096.859294325212,11069.026003200002
forecast_1987,2025-03-24 19:00:00,10821.906035513763,13334.47059414806,12667.63429433253
forecast_1988,2025-03-24 20:00:00,12264.35253989951,15159.719095549219,14272.716923571621
forecast_1989,2025-03-24 21:00:00,13064.935985278707,14852.670975313946,14350.00198064526
forecast_1990,2025-03-24 22:00:00,14660.336284702953,16882.950812440464,16064.583450987499
forecast_1991,2025-03-24 23:00:00,15803.03392356046,17548.576824343007,16279.082652098414
forecast_1992,2025-03-25 00:00:00,14910.292610250875,17088.439184937044,15797.884974082623
forecast_1993,2025-03-25 01:00:00,16918.315300995495,17767.05542848725,17151.305804944055
forecast_1994,2025-03-25 02:00:00,16367.421922855876,18118.002215987395,16568.96875636557
forecast_1995,2025-03-25 03:00:00,14733.31493715614,16429.453172079302,12036.58599637893
forecast_1996,2025-03-25 04:00:00,9729.649018633647,12728.862142618393,8260.076719702227
forecast_1997,2025-03-25 05:00:00,6281.1009019858275,8517.33384903782,5826.790341691522
forecast_1998,2025-03-25 06:00:00,5334.343187274112,6428.871817368994,4008.151355128359
forecast_1999,2025-03-25 07:00:00,4845.217875078745,7082.459855424649,4006.0551346214847
forecast_2000,2025-03-25 08:00:00,6376.593882323157,6944.456963426557,4557.533145301789
forecast_2001,2025-03-25 09:00:00,5743.20825547592,7194.903822818227,5060.2511617441205
forecast_2002,2025-03-25 10:00:00,8139.97115097663,10212.595365258172,6429.088633241758
forecast_2003,2025-03-25 11:00:00,6623.143821959983,8794.390550912432,8606.066236776252
forecast_2004,2025-03-25 12:00:00,7338.331060195959,12113.005311185672,11243.515392046262
forecast_2005,2025-03-25 13:00:00,10927.787558336247,15467.669405542789,13302.551961669102
forecast_2006,2025-03-25 14:00:00,13841.2446348913,17670.506850511752,15185.062685558123
forecast_2007,2025-03-25 15:00:00,14341.15026212198,17839.0591242584,16160.388630754374
forecast_2008,2025-03-25 16:00:00,13646.74993337102,17422.902359575237,14835.292962191012
forecast_2009,2025-03-25 17:00:00,14777.466395921123,17764.78440954587,13208.327812045885
forecast_2010,2025-03-25 18:00:00,16023.054000887854,18141.831694369128,17620.793923915215
forecast_2011,2025-03-25 19:00:00,15952.07932880585,18275.917110202903,13651.947817944578
forecast_2012,2025-03-25 20:00:00,16189.70112452313,18377.010442195984,13159.143875820528
forecast_2013,2025-03-25 21:00:00,16771.727064327224,19270.11595085873,13316.473978807568
forecast_2014,2025-03-25 22:00:00,18214.101759880003,19688.233907818496,16301.98557120668
forecast_2015,2025-03-25 23:00:00,19079.681560134883,19419.964700885976,18597.492879220485
forecast_2016,2025-03-26 00:00:00,18719.413495982426,19439.574027036004,17509.85302329109
forecast_2017,2025-03-26 01:00:00,18961.215951808237,19653.340577200346,16327.041433030032
forecast_2018,2025-03-26 02:00:00,18633.928877495673,19283.877561436067,16127.192209269962
forecast_2019,2025-03-26 03:00:00,17136.786013420613,18600.37375616351,14941.79657724152
forecast_2020,2025-03-26 04:00:00,16889.581872769573,17076.405739273145,14270.618528165327
forecast_2021,2025-03-26 05:00:00,15945.565997428515,16098.59962535753,11912.403068504911
forecast_2022,2025-03-26 06:00:00,12005.927368843935,13396.473499854244,7759.337146176888
forecast_2023,2025-03-26 07:00:00,5188.963782873103,4660.829855776796,3021.1477643760604
forecast_2024,2025-03-26 08:00:00,2165.452011068312,2399.448500200782,1511.6943056982127
forecast_2025,2025-03-26 09:00:00,1493.4766007995913,1114.413426067034,687.6649461476243
forecast_2026,2025-03-26 10:00:00,577.9487284650703,907.2327431569806,575.0756145056301
forecast_2027,2025-03-26 11:00:00,624.4473488614877,802.8934435604666,572.8828510536741
forecast_2028,2025-03-26 12:00:00,1063.2196519811696,1282.6319290248684,545.2403318162181
forecast_2029,2025-03-26 13:00:00,1790.7297867391796,2591.501979296874,1030.2846093590529
forecast_2030,2025-03-26 14:00:00,2593.956928194606,3099.0713614615374,2640.6303016333954
forecast_2031,2025-03-26 15:00:00,2694.559817432037,3097.6304794785997,2170.339637566616
forecast_2032,2025-03-26 16:00:00,2539.274758766621,2659.5064866145312,1194.1433967977591
forecast_2033,2025-03-26 17:00:00,1774.1989977896967,2210.189539050681,1506.0849501555745
forecast_2034,2025-03-26 18:00:00,2992.7667142029263,4433.08976684384,2065.4253803239294
forecast_2035,2025-03-26 19:00:00,4397.8840957222565,5906.559305998906,3347.8602089928445
forecast_2036,2025-03-26 20:00:00,5746.504204326083,7038.700149575949,3900.511420630922
forecast_2037,2025-03-26 21:00:00,7413.313127114637,8812.485827753779,4846.816768785469
forecast_2038,2025-03-26 22:00:00,8884.35239422424,11026.918582094197,6153.378246588819
forecast_2039,2025-03-26 23:00:00,9807.544312647276,13117.770896864698,8376.575704851291
forecast_2040,2025-03-27 00:00:00,12791.031473113766,16377.138551250693,12832.007650317368
forecast_2041,2025-03-27 01:00:00,14704.706516325105,18233.890479917827,13877.933643007282
forecast_2042,2025-03-27 02:00:00,15433.242415828832,18550.94953337423,14380.47775349611
forecast_2043,2025-03-27 03:00:00,17037.392523188788,19132.270149596086,15671.69670309779
forecast_2044,2025-03-27 04:00:00,17281.180738286992,19201.47566684487,15980.34601243402
forecast_2045,2025-03-27 05:00:00,11447.336966736562,11986.541667231817,8415.791036922454
forecast_2046,2025-03-27 06:00:00,9379.949558880478,11631.944948336568,8220.405596301169
forecast_2047,2025-03-27 07:00:00,10489.220201831116,13281.172288613681,7920.206847317263
forecast_2048,2025-03-27 08:00:00,11441.761586653121,14421.598085441252,10185.181397410464
forecast_2049,2025-03-27 09:00:00,10984.564295903736,13724.053838241038,10450.414307221949
forecast_2050,2025-03-27 10:00:00,9639.462130840895,12459.220785233621,8160.372262889092
forecast_2051,2025-03-27 11:00:00,9933.009721149974,10910.156444260272,8199.149522591173
forecast_2052,2025-03-27 12:00:00,9083.604159605182,9612.794628208245,6368.305362618235
forecast_2053,2025-03-27 13:00:00,6912.165179465675,8654.141619547792,6952.889246111561
forecast_2054,2025-03-27 14:00:00,7216.15474173778,8642.954108943486,7235.057703982882
forecast_2055,2025-03-27 15:00:00,7965.874434309926,7651.886955169832,6193.927383636572
forecast_2056,2025-03-27 16:00:00,7377.511678655227,6900.0307273307035,4456.633230366261
forecast_2057,2025-03-27 17:00:00,6739.698803531147,6375.718666772746,3856.9195947016246
forecast_2058,2025-03-27 18:00:00,8667.982767815622,8267.039197745667,7578.582208204018
forecast_2059,2025-03-27 19:00:00,7512.876681522172,8266.03000109524,6337.166547539029
forecast_2060,2025-03-27 20:00:00,7153.4146572655745,7714.401956103015,7785.672621373888
forecast_2061,2025-03-27 21:00:00,9047.902856475313,9947.575827342955,9887.278192306443
forecast_2062,2025-03-27 22:00:00,9108.299220051174,10224.977770689158,9473.80940001185
forecast_2063,2025-03-27 23:00:00,9470.046767301108,10143.003579483171,7893.897466316892
forecast_2064,2025-03-28 00:00:00,9308.484676857748,11427.36416928952,7353.4746366914405
forecast_2065,2025-03-28 01:00:00,3731.450220068439,3240.3814925974207,1545.754360205466
forecast_2066,2025-03-28 02:00:00,2434.979911574601,2621.516663098431,1575.5911029693145
forecast_2067,2025-03-28 03:00:00,3436.662920429526,2263.438743151062,1392.4036139337434
forecast_2068,2025-03-28 04:00:00,2629.2073421930077,2645.2531321163897,1400.3164450167144
forecast_2069,2025-03-28 05:00:00,1431.159030526003,1397.3796693616055,855.0812854533211
forecast_2070,2025-03-28 06:00:00,774.9578650066412,619.870891719326,366.317983320827
forecast_2071,2025-03-28 07:00:00,875.1335527364896,364.3066664552132,293.92567208808293
forecast_2072,2025-03-28 08:00:00,462.0544272324049,378.8609826296701,208.3829208257633
forecast_2073,2025-03-28 09:00:00,363.26505176095765,472.65467673993373,178.12932874093732
forecast_2074,2025-03-28 10:00:00,415.38685748944266,441.2548393091357,242.19047399997777
forecast_2075,2025-03-28 11:00:00,463.4821815119726,300.0169674439181,183.57144805819786
forecast_2076,2025-03-28 12:00:00,462.5260355153606,271.85353040016184,72.87673907945431
forecast_2077,2025-03-28 13:00:00,1516.3119250951859,1289.6655783156482,725.4248676975411
forecast_2078,2025-03-28 14:00:00,1694.2597027038817,1518.6217017068857,845.3561865838722
forecast_2079,2025-03-28 15:00:00,3019.0929092913643,1951.5977851200557,1354.242043478239
forecast_2080,2025-03-28 16:00:00,2352.001360101198,1734.256074561178,498.3732545849982
forecast_2081,2025-03-28 17:00:00,1730.0477851531225,859.026361943966,623.6325358425777
forecast_2082,2025-03-28 18:00:00,2621.4520439714993,1527.5967393853016,897.3008582769124
forecast_2083,2025-03-28 19:00:00,3159.495163169058,2640.3159795047836,1555.0320221849558
forecast_2084,2025-03-28 20:00:00,4063.752853315155,3436.560532535228,2390.291552536938
forecast_2085,2025-03-28 21:00:00,4920.29570984302,5046.529217908056,3107.759121061413
forecast_2086,2025-03-28 22:00:00,4961.7668777315275,4747.8750556869545,3438.0731612269815
forecast_2087,2025-03-28 23:00:00,4912.720943648212,3554.2901499709087,4833.22040434029
forecast_2088,2025-03-29 00:00:00,4971.115303572424,4596.537148653608,3604.0222069073466
forecast_2089,2025-03-29 01:00:00,345.45677346019556,335.55741614613333,247.5946931999662
forecast_2090,2025-03-29 02:00:00,177.9131560954033,118.81281202102353,157.35740615140358
forecast_2091,2025-03-29 03:00:00,275.5000889150706,341.1703680037374,153.0698190509692
forecast_2092,2025-03-29 04:00:00,420.2583792074519,991.8631333328663,837.3258698819541
forecast_2093,2025-03-29 05:00:00,2832.6138030448024,3478.3613209871924,1496.1452080230429
forecast_2094,2025-03-29 06:00:00,4219.6490286127555,5430.322511004643,2160.4707192617275
forecast_2095,2025-03-29 07:00:00,4667.268845697995,4714.18349410523,2463.7724567477826
forecast_2096,2025-03-29 08:00:00,4082.168007540232,5417.211857976588,4196.530522390773
forecast_2097,2025-03-29 09:00:00,3856.4805774759952,4834.2483691630405,5364.779128605956
forecast_2098,2025-03-29 10:00:00,6199.516103627296,5476.067852512577,5661.036033848547
forecast_2099,2025-03-29 11:00:00,10178.726465799702,10238.532643358878,9577.070246520358
forecast_2100,2025-03-29 12:00:00,11321.654670710092,11810.076503900687,10455.797530964446
forecast_2101,2025-03-29 13:00:00,13065.95422203086,12263.920341937559,11461.493054651793
forecast_2102,2025-03-29 14:00:00,14068.884458514172,12370.777827402262,13133.690657431574
forecast_2103,2025-03-29 15:00:00,13361.539529118985,13864.812634603237,11999.630141411359
forecast_2104,2025-03-29 16:00:00,13150.746151372658,12952.782292213871,12401.489535586039
forecast_2105,2025-03-29 17:00:00,13425.864847403767,12923.999334042912,10070.783969479342
forecast_2106,2025-03-29 18:00:00,13037.278593736077,12523.703096983805,10592.928437356319
forecast_2107,2025-03-29 19:00:00,12585.933040587634,11470.42511854423,9670.531638432007
forecast_2108,2025-03-29 20:00:00,13387.052135188998,12345.135267818372,9046.101952867912
forecast_2109,2025-03-29 21:00:00,13865.365909995982,12387.064309135843,9521.943641698364
forecast_2110,2025-03-29 22:00:00,13619.918468644551,12503.568005915125,9919.768140945087
forecast_2111,2025-03-29 23:00:00,13756.016144051071,11568.228122037071,9143.85365742661
forecast_2112,2025-03-30 00:00:00,13458.070014148954,11225.693619903474,9097.12295141889
forecast_2113,2025-03-30 01:00:00,13914.109810470702,12092.913766781028,9681.691728815034
forecast_2114,2025-03-30 02:00:00,12889.117416668763,10190.481446814772,8428.348537941654
forecast_2115,2025-03-30 03:00:00,11311.654589005142,9211.274152998754,6993.498048192488
forecast_2116,2025-03-30 04:00:00,10513.8025510573,8947.02742452559,7428.270778477783
forecast_2117,2025-03-30 05:00:00,9288.749421497452,8286.820794671186,7161.26027375464
forecast_2118,2025-03-30 06:00:00,9357.148528723856,8815.013468252919,8098.2829642228735
forecast_2119,2025-03-30 07:00:00,7623.998097766655,7682.25747968187,6529.12189039999
forecast_2120,2025-03-30 08:00:00,9175.463918354852,7005.849533304075,5692.254084169227
forecast_2121,2025-03-30 09:00:00,8008.88150045386,5986.173040799966,5141.16188421918
forecast_2122,2025-03-30 10:00:00,8120.699863219364,6004.977163909826,5212.641029937078
forecast_2123,2025-03-30 11:00:00,7900.575995565284,6165.890567314678,6237.720290313448
forecast_2124,2025-03-30 12:00:00,8476.582983385788,7361.246526851133,6760.941435152736
forecast_2125,2025-03-30 13:00:00,9042.479668309219,7798.710707466975,6764.269574667286
forecast_2126,2025-03-30 14:00:00,9299.231359813462,7695.634867412201,6729.187542350687
forecast_2127,2025-03-30 15:00:00,7696.090498205091,7366.539906188104,5486.094596950568
forecast_2128,2025-03-30 16:00:00,6691.055216560657,4827.500623550951,4230.36647593378
forecast_2129,2025-03-30 17:00:00,5311.039383316035,4309.112800795762,3640.9027583716506
forecast_2130,2025-03-30 18:00:00,5094.701136824104,4156.211575088351,4017.3420360957407
forecast_2131,2025-03-30 19:00:00,4819.318747363953,4525.468911612322,3795.2982130314035
forecast_2132,2025-03-30 20:00:00,4110.388893712186,4075.253583767505,3554.70804540236
forecast_2133,2025-03-30 21:00:00,4503.10320573214,4666.546890254054,3703.382136810357
forecast_2134,2025-03-30 22:00:00,4822.431610041631,4557.473118024476,4684.615970073984
forecast_2135,2025-03-30 23:00:00,7312.44830769171,7667.315978971989,5825.276002689228
forecast_2136,2025-03-31 00:00:00,7859.811985154663,8321.77697270651,5105.317104063986
forecast_2137,2025-03-31 01:00:00,12236.30133078811,12648.734000375327,13302.201797783133
forecast_2138,2025-03-31 02:00:00,12071.930474780636,13181.907655632363,13273.840437048539
forecast_2139,2025-03-31 03:00:00,11467.893323168948,13235.854068022938,12814.413916758978
forecast_2140,2025-03-31 04:00:00,11983.135973855935,14900.795086822092,12394.571109988048
forecast_2141,2025-03-31 05:00:00,12205.427677509419,15413.512827326584,11737.435727782247
forecast_2142,2025-03-31 06:00:00,12320.873007121898,14425.816299103633,11237.644355726487
forecast_2143,2025-03-31 07:00:00,8337.90244647198,10713.184305956562,5799.719876452093
forecast_2144,2025-03-31 08:00:00,6678.427076232247,6676.705218471839,4617.537618316478
forecast_2145,2025-03-31 09:00:00,4879.059090530561,5306.404705368524,3071.3265642207534
forecast_2146,2025-03-31 10:00:00,2343.4516504007547,2837.680142223738,2216.4303804127208
forecast_2147,2025-03-31 11:00:00,2104.453844347718,1882.668745010704,1639.9064208633881
forecast_2148,2025-03-31 12:00:00,2728.8084734387644,2383.1213825867594,2393.0585569355794
forecast_2149,2025-03-31 13:00:00,2797.4567168197195,3097.719500679881,3532.9863562659943
forecast_2150,2025-03-31 14:00:00,3092.7774842800745,3624.4615142785783,3163.3706923006926
forecast_2151,2025-03-31 15:00:00,3903.421924841872,3993.2857198140905,3039.4320485512917
forecast_2152,2025-03-31 16:00:00,3572.6996283947815,3453.8712456458666,2294.513081722513
forecast_2153,2025-03-31 17:00:00,4871.192297555396,3869.90807158319,3030.9006818951093
forecast_2154,2025-03-31 18:00:00,4417.181010522087,4220.598753696581,3109.6077668459275
forecast_2155,2025-03-31 19:00:00,5762.435181920805,6040.4971806797785,6571.215410485212
forecast_2156,2025-03-31 20:00:00,8240.533241414043,8828.09800909349,7491.8485026940725
forecast_2157,2025-03-31 21:00:00,8590.310564719077,10243.983139994976,8607.161965009796
forecast_2158,2025-03-31 22:00:00,9659.232547401134,11971.821044297774,9514.494021356904
forecast_2159,2025-03-31 23:00:00,12188.98444006865,14132.750653019017,11263.652153069292
forecast_2160,2025-04-01 00:00:00,13178.443919611715,13636.244297547893,11643.339565593691
forecast_2161,2025-04-01 01:00:00,6136.101934972639,6776.662816578457,4954.954742291533
forecast_2162,2025-04-01 02:00:00,5244.352314599444,6552.463747150293,4628.359064770922
forecast_2163,2025-04-01 03:00:00,5106.937884746841,6348.097080653529,4458.211837690639
forecast_2164,2025-04-01 04:00:00,6053.174506635859,6271.464173642743,4406.463078075027
forecast_2165,2025-04-01 05:00:00,5836.079996242821,5564.124100822675,4340.512069745119
forecast_2166,2025-04-01 06:00:00,5402.136713737512,5378.932777242438,3965.651927114788
forecast_2167,2025-04-01 07:00:00,3946.137455319403,3352.4029104794713,2541.8272480882038
forecast_2168,2025-04-01 08:00:00,3580.3691685190192,2336.8437899360665,2338.705107775494
forecast_2169,2025-04-01 09:00:00,780.4247085846015,766.3935297473579,498.7782664063375
forecast_2170,2025-04-01 10:00:00,0.0,0.0,142.42016222398243
forecast_2171,2025-04-01 11:00:00,0.0,0.0,56.87834047013118
forecast_2172,2025-04-01 12:00:00,0.0,40.05601869869009,75.6793091267664
forecast_2173,2025-04-01 13:00:00,75.43767179317429,219.2897062945317,188.50143320632407
forecast_2174,2025-04-01 14:00:00,397.9516866854544,460.6756814365398,299.1127451340851
forecast_2175,2025-04-01 15:00:00,451.5686038985334,689.3195739298028,394.4306264785718
forecast_2176,2025-04-01 16:00:00,410.4531990246537,220.5642384730827,685.4136809364481
forecast_2177,2025-04-01 17:00:00,864.2523446988021,804.6508901567671,729.9828872096243
forecast_2178,2025-04-01 18:00:00,591.9336251286713,703.4672293334398,396.0329792863909
forecast_2179,2025-04-01 19:00:00,938.5219565309393,683.2276010158276,508.1304100108979
forecast_2180,2025-04-01 20:00:00,1742.0285754909773,1275.830353614105,376.00525740405567
forecast_2181,2025-04-01 21:00:00,1896.9868146080194,1287.7999373579723,554.0518000987656
forecast_2182,2025-04-01 22:00:00,1650.9073450967664,1319.4288132092893,722.0258702969546
forecast_2183,2025-04-01 23:00:00,1496.4315401738936,1254.78572852093,670.7205197091878
forecast_2184,2025-04-02 00:00:00,1351.5405661671462,1132.2231592515182,722.3944603332797
forecast_2185,2025-04-02 01:00:00,410.57286732393277,297.1417764833295,173.91850939160412
forecast_2186,2025-04-02 02:00:00,501.40697901726196,244.08856044327257,145.23284053196093
forecast_2187,2025-04-02 03:00:00,512.8804541117054,259.40674017513106,175.92843617157848
forecast_2188,2025-04-02 04:00:00,334.3147527704125,164.68187668608894,131.74885453289698
forecast_2189,2025-04-02 05:00:00,116.3970707229624,52.67116677118939,74.02666489111914
forecast_2190,2025-04-02 06:00:00,83.27695703434343,126.99391911613466,78.74786874571215
forecast_2191,2025-04-02 07:00:00,183.41369043072783,230.6803077219787,98.54935096722335
forecast_2192,2025-04-02 08:00:00,158.60672739436532,163.15386533679902,24.638298213968472
forecast_2193,2025-04-02 09:00:00,93.27098737227156,105.24165718373084,52.2380567811975
forecast_2194,2025-04-02 10:00:00,116.453937146108,370.8319447486708,89.81229395695608
forecast_2195,2025-04-02 11:00:00,419.59267077090993,666.6798437871872,318.2013197736431
forecast_2196,2025-04-02 12:00:00,571.1974477001991,627.49937029661,329.78180019554526
forecast_2197,2025-04-02 13:00:00,257.138861703659,676.1541001987462,567.2304556831937
forecast_2198,2025-04-02 14:00:00,521.5803578007065,806.5936293624126,789.712233745984
forecast_2199,2025-04-02 15:00:00,816.2607511984077,902.1177858405634,1001.5168556089874
forecast_2200,2025-04-02 16:00:00,672.8890385307262,749.210670326558,612.1473768622101
forecast_2201,2025-04-02 17:00:00,630.9496120442469,1155.553625023979,384.8186591952235
forecast_2202,2025-04-02 18:00:00,576.2676226243615,886.4149371823589,490.3413710521294
forecast_2203,2025-04-02 19:00:00,261.0287640423174,743.281682156835,455.0878272946934
forecast_2204,2025-04-02 20:00:00,218.1577749988804,319.27440970805867,320.3107487414574
forecast_2205,2025-04-02 21:00:00,156.32596425268784,65.61994325531192,263.05960139859474
forecast_2206,2025-04-02 22:00:00,621.1374043590403,409.34328284561246,776.4125936833914
forecast_2207,2025-04-02 23:00:00,1077.6814529020864,933.5818341660678,796.319551859614
forecast_2208,2025-04-03 00:00:00,785.0893531320655,933.2840950513164,667.8444764821897
forecast_2209,2025-04-03 01:00:00,572.0194880326429,593.6921836793165,350.93066365758165
forecast_2210,2025-04-03 02:00:00,746.1539830966498,630.9063361719809,424.5097474362267
forecast_2211,2025-04-03 03:00:00,713.4768335707164,575.9089984097692,410.7376714692759
forecast_2212,2025-04-03 04:00:00,729.351097518817,763.9473488888457,534.1428989530957
forecast_2213,2025-04-03 05:00:00,710.2778727934632,954.9981776143926,569.6415783220849
forecast_2214,2025-04-03 06:00:00,660.0622357198719,999.4151458718896,618.8030805115077
forecast_2215,2025-04-03 07:00:00,918.2377538315546,724.5656714334399,459.60418840994515
forecast_2216,2025-04-03 08:00:00,645.2640853182081,685.6963429994607,233.01702884165707
forecast_2217,2025-04-03 09:00:00,378.41661433749135,596.6368249060412,345.38276281931934
forecast_2218,2025-04-03 10:00:00,600.3888399438796,698.021345010387,180.51713128330306
forecast_2219,2025-04-03 11:00:00,276.83167564636966,200.4702675899852,348.23321731154533
forecast_2220,2025-04-03 12:00:00,203.75574153360284,410.6321322930203,321.2113534134337
forecast_2221,2025-04-03 13:00:00,136.47714220717484,264.387303541609,228.48722087059
forecast_2222,2025-04-03 14:00:00,278.81865060852624,480.521969745003,265.8379578361747
forecast_2223,2025-04-03 15:00:00,560.484615910908,648.1975802009373,363.6374398496035
forecast_2224,2025-04-03 16:00:00,170.7572748553736,140.5612559231145,60.68121999174646
forecast_2225,2025-04-03 17:00:00,76.05901770563595,80.77056355339603,69.24131097388475
forecast_2226,2025-04-03 18:00:00,76.53119689237043,253.91100456077453,146.959575032456
forecast_2227,2025-04-03 19:00:00,463.7392619820328,394.91957894116433,197.77761040064965
forecast_2228,2025-04-03 20:00:00,843.2764242850009,612.2225025912857,217.06300793766908
forecast_2229,2025-04-03 21:00:00,1101.8374105507976,807.2909678677198,484.25113605433535
forecast_2230,2025-04-03 22:00:00,975.136973567599,927.0376967060987,384.0221219364434
forecast_2231,2025-04-03 23:00:00,1190.5881779762858,1369.4837795635171,543.8265417161492
forecast_2232,2025-04-04 00:00:00,1691.0242599768337,2322.8170027933043,1393.769842244196
forecast_2233,2025-04-04 01:00:00,3358.2265848535185,4440.0017669342005,2239.7389728583553
forecast_2234,2025-04-04 02:00:00,4424.832295151117,4966.155194105541,3743.738611034769
forecast_2235,2025-04-04 03:00:00,4520.710992130679,5589.548501044293,4036.427452156068
forecast_2236,2025-04-04 04:00:00,5019.530604497315,6920.686022652666,6126.926191391123
forecast_2237,2025-04-04 05:00:00,6453.612663043197,7333.904308918077,7207.641816314716
forecast_2238,2025-04-04 06:00:00,6166.941106425268,6841.369520344671,6264.662340997952
forecast_2239,2025-04-04 07:00:00,5923.007805292108,6767.5452128947245,5049.597855828859
forecast_2240,2025-04-04 08:00:00,5852.221631276719,5265.676004221139,4453.91245630484
forecast_2241,2025-04-04 09:00:00,4165.45250665272,3791.045551745128,2436.394923499918
forecast_2242,2025-04-04 10:00:00,1303.627318628753,1014.0999443063072,933.1569203689434
forecast_2243,2025-04-04 11:00:00,1062.089725985762,854.4646155710859,685.620134349963
forecast_2244,2025-04-04 12:00:00,766.5604826535885,678.8766456074636,611.9444786832228
forecast_2245,2025-04-04 13:00:00,694.1503473697414,577.9989567668457,540.9305619322869
forecast_2246,2025-04-04 14:00:00,480.8918752400593,521.0410866561546,670.0432382240465
forecast_2247,2025-04-04 15:00:00,957.2436841412816,679.4290537048932,1003.2387260755347
forecast_2248,2025-04-04 16:00:00,1404.5282483612632,913.9955457856261,1115.5307078876338
forecast_2249,2025-04-04 17:00:00,1793.9884051598044,1566.2355753959207,1528.580686962657
forecast_2250,2025-04-04 18:00:00,2330.7449203327737,2081.1880238455005,1336.490535469202
forecast_2251,2025-04-04 19:00:00,1905.4453470798028,2427.838001131818,1420.672642633034
forecast_2252,2025-04-04 20:00:00,2919.6553136250436,3274.841164644722,1852.4245094591017
forecast_2253,2025-04-04 21:00:00,2343.498865938373,2790.8252199978565,1146.199957111979
forecast_2254,2025-04-04 22:00:00,1651.062821939976,1470.585844473061,993.8279475644144
forecast_2255,2025-04-04 23:00:00,3298.1238186937508,3611.5939781597144,2218.4274004211325
forecast_2256,2025-04-05 00:00:00,3828.827417073103,4770.020788384557,2915.458545451267
forecast_2257,2025-04-05 01:00:00,6334.888122640774,8240.999864924008,3983.800451544126
forecast_2258,2025-04-05 02:00:00,8062.103345248477,9573.1028705837,4267.877652362826
forecast_2259,2025-04-05 03:00:00,7751.59172812979,9844.026809246892,5882.49948883437
forecast_2260,2025-04-05 04:00:00,7701.56441633074,9472.989012794684,5915.5381216237665
forecast_2261,2025-04-05 05:00:00,7464.785404968684,8090.845540074733,4977.168894560134
forecast_2262,2025-04-05 06:00:00,7329.341341977026,10176.715229501211,5176.25443859567
forecast_2263,2025-04-05 07:00:00,5826.058873129063,7206.790464351274,3796.1971917302485
forecast_2264,2025-04-05 08:00:00,4886.897612232101,6334.768221984393,3782.102478763392
forecast_2265,2025-04-05 09:00:00,4051.886371981399,5426.48540959019,2786.1909987248
forecast_2266,2025-04-05 10:00:00,3457.615688507,4486.364980826419,1792.207400412004
forecast_2267,2025-04-05 11:00:00,3965.408809826727,6224.684304671684,3181.031870030338
forecast_2268,2025-04-05 12:00:00,6185.520648423721,8155.500052330576,5559.965845160446
forecast_2269,2025-04-05 13:00:00,8386.217687953867,11502.283474154823,8857.257389574479
forecast_2270,2025-04-05 14:00:00,10697.543626378738,12961.525595114601,11655.223820906405
forecast_2271,2025-04-05 15:00:00,10773.143752763468,12755.101710344983,11289.739123466334
forecast_2272,2025-04-05 16:00:00,10059.264824030246,12900.444344905893,9276.192607950054
forecast_2273,2025-04-05 17:00:00,10010.43701727178,12282.751778840726,9432.97684937611
forecast_2274,2025-04-05 18:00:00,10849.386622760123,12982.079334931328,9369.746518957381
forecast_2275,2025-04-05 19:00:00,12248.999094661978,13228.161892783013,12457.306946520348
forecast_2276,2025-04-05 20:00:00,14472.392480830948,15046.704649603025,14587.188062421743
forecast_2277,2025-04-05 21:00:00,12543.301213548872,14139.99868691685,12672.10393251091
forecast_2278,2025-04-05 22:00:00,10798.959139615106,12696.257876261005,11252.663146993655
forecast_2279,2025-04-05 23:00:00,11795.050784272626,13265.849599794368,12311.88882963034
forecast_2280,2025-04-06 00:00:00,13026.292156951142,13580.32597988094,13121.665137452195
forecast_2281,2025-04-06 01:00:00,12424.520121405163,13734.54293190639,14139.565431430769
forecast_2282,2025-04-06 02:00:00,12768.404551118445,14205.363590997673,13766.909576750519
forecast_2283,2025-04-06 03:00:00,13950.417223001865,14206.007012897446,14263.220556157365
forecast_2284,2025-04-06 04:00:00,14203.7231906095,14130.999520119423,13958.008089909572
forecast_2285,2025-04-06 05:00:00,14740.91540077219,14746.306319061363,13385.703650707725
forecast_2286,2025-04-06 06:00:00,14660.460459464657,14388.75958431844,13524.516631711767
forecast_2287,2025-04-06 07:00:00,15052.236355046101,15411.415935549692,13384.513553677361
forecast_2288,2025-04-06 08:00:00,15350.95693907922,15287.609990637442,13919.263955547407
forecast_2289,2025-04-06 09:00:00,14241.742958824634,14074.903148434232,11460.139506115542
forecast_2290,2025-04-06 10:00:00,13057.218516865149,12289.451917848499,9398.301741334384
forecast_2291,2025-04-06 11:00:00,11518.94064661698,10952.236127338512,7911.268141019799
forecast_2292,2025-04-06 12:00:00,11690.823370454882,11468.383166060157,8559.526157456317
forecast_2293,2025-04-06 13:00:00,12248.15349296068,12465.40947154316,9862.160961367972
forecast_2294,2025-04-06 14:00:00,13260.741115046081,12978.404306125833,11046.189203161939
forecast_2295,2025-04-06 15:00:00,13234.170059235903,13378.500123659416,11168.235761685837
forecast_2296,2025-04-06 16:00:00,12361.784365500878,12346.030235192973,10281.814492802245
forecast_2297,2025-04-06 17:00:00,12614.882490122876,12135.858018634304,10242.404667439148
forecast_2298,2025-04-06 18:00:00,12658.671211712955,11996.582981334624,11210.977075026578
forecast_2299,2025-04-06 19:00:00,13376.735945875413,13166.232928035713,11807.737815091732
forecast_2300,2025-04-06 20:00:00,12877.56461747284,12684.003366293815,12040.450630221485
forecast_2301,2025-04-06 21:00:00,13001.7307561302,12788.945483127127,11975.1118225945
forecast_2302,2025-04-06 22:00:00,13609.076388463385,13005.150201374317,13570.102537314504
forecast_2303,2025-04-06 23:00:00,13884.9055829556,14765.713214691898,13286.879109851368
forecast_2304,2025-04-07 00:00:00,13925.40308836998,13869.71671155653,13289.109360570525
forecast_2305,2025-04-07 01:00:00,15450.365183150729,15338.073059119584,14993.261806957418
forecast_2306,2025-04-07 02:00:00,15097.064550797748,15773.360440679915,14945.333392997307
forecast_2307,2025-04-07 03:00:00,13643.424729207225,14400.397063458007,12572.238754555368
forecast_2308,2025-04-07 04:00:00,11936.382541610514,13498.111831637178,11526.747729268796
forecast_2309,2025-04-07 05:00:00,11904.876209731274,14498.648139508223,10740.309708423674
forecast_2310,2025-04-07 06:00:00,11444.558036525726,14768.99745206253,10649.580197464884
forecast_2311,2025-04-07 07:00:00,11993.890872241864,14966.359826489397,10211.723790079534
forecast_2312,2025-04-07 08:00:00,10230.622985022195,13543.180666031125,10418.90141955511
forecast_2313,2025-04-07 09:00:00,10089.901290591453,13119.368822781313,9481.336830094162
forecast_2314,2025-04-07 10:00:00,8953.676942849297,10758.155190507592,8876.891030004857
forecast_2315,2025-04-07 11:00:00,8390.143899597371,9160.728711321293,7399.726859360927
forecast_2316,2025-04-07 12:00:00,8258.493141332192,8912.1832689314,6650.488239174226
forecast_2317,2025-04-07 13:00:00,8088.395215697304,8482.739048111576,6347.489340518792
forecast_2318,2025-04-07 14:00:00,8649.404958477875,9668.90565614385,9870.783141353586
forecast_2319,2025-04-07 15:00:00,10688.1313998828,12063.707659475127,11826.538158295629
forecast_2320,2025-04-07 16:00:00,13148.425859247156,15246.46665414639,14515.843768882012
forecast_2321,2025-04-07 17:00:00,14851.202492151442,16506.215388406163,14549.204725880634
forecast_2322,2025-04-07 18:00:00,14020.922106020771,15994.185274232648,14187.002430847915
forecast_2323,2025-04-07 19:00:00,14737.356855138409,17735.75838218864,14680.968521698194
forecast_2324,2025-04-07 20:00:00,16410.50647567925,19175.85177195683,17422.097649322346
forecast_2325,2025-04-07 21:00:00,16533.58589564226,19349.547669529133,17701.319635155345
forecast_2326,2025-04-07 22:00:00,17342.817403138906,19877.336046865214,17660.984764233497
forecast_2327,2025-04-07 23:00:00,18642.300184373937,19940.614500970598,16029.734510382807
forecast_2328,2025-04-08 00:00:00,18552.045172352926,19997.48588490186,15990.522119068504
forecast_2329,2025-04-08 01:00:00,17372.965337083348,19920.43453781466,16266.9029892131
forecast_2330,2025-04-08 02:00:00,17719.896364872253,19592.641046167824,15750.21146612553
forecast_2331,2025-04-08 03:00:00,18742.18934821857,19806.524664382694,16097.284902956186
forecast_2332,2025-04-08 04:00:00,19726.41240821954,19836.371836636994,16726.603014897828
forecast_2333,2025-04-08 05:00:00,19328.744478225086,19784.396627696096,16246.200150054823
forecast_2334,2025-04-08 06:00:00,17825.88590577571,19395.0082423892,15656.359576087094
forecast_2335,2025-04-08 07:00:00,17913.928075751934,19026.89010297166,14539.635622688118
forecast_2336,2025-04-08 08:00:00,17373.496717084727,18318.299882639516,14830.684326458178
forecast_2337,2025-04-08 09:00:00,15428.820341229299,16123.9213743844,13180.599226921138
forecast_2338,2025-04-08 10:00:00,14051.899760660841,14007.113832980358,11297.9879659947
forecast_2339,2025-04-08 11:00:00,13581.24249220888,13005.45711397859,10162.671997909065
forecast_2340,2025-04-08 12:00:00,13811.92567546588,13342.846843545958,10842.553174057164
forecast_2341,2025-04-08 13:00:00,12831.719246710398,12591.215108337175,9767.873728810158
forecast_2342,2025-04-08 14:00:00,11363.986303242122,10796.278790301563,9814.112082780646
forecast_2343,2025-04-08 15:00:00,10146.473145537118,9114.515797308015,6676.540059801336
forecast_2344,2025-04-08 16:00:00,5624.5984873388325,5356.139838146467,3612.2529882742524
forecast_2345,2025-04-08 17:00:00,2664.2477059137536,2813.607404669072,1882.7821927610496
forecast_2346,2025-04-08 18:00:00,1098.7932365966587,1105.149901461782,333.032267646747
forecast_2347,2025-04-08 19:00:00,1264.8877075117891,752.14028194725,564.6811801418082
forecast_2348,2025-04-08 20:00:00,705.4422817912641,404.4263327495757,346.53426418800865
forecast_2349,2025-04-08 21:00:00,497.25100274141386,288.95787552230985,232.2612372188307
forecast_2350,2025-04-08 22:00:00,94.12101569991621,168.08609007165575,171.58041827343976
forecast_2351,2025-04-08 23:00:00,314.05339225526444,167.08850718045275,119.8754880737008
forecast_2352,2025-04-09 00:00:00,317.20723161921546,240.74310959470947,116.6944390642655
forecast_2353,2025-04-09 01:00:00,401.16515486272544,494.2705424836473,198.47413233113096
forecast_2354,2025-04-09 02:00:00,387.682913718239,512.7852998718563,146.54354216960834
forecast_2355,2025-04-09 03:00:00,304.57692913688095,271.7796343527896,76.23707592968296
forecast_2356,2025-04-09 04:00:00,507.0191486018907,333.46588774410503,77.25853917110703
forecast_2357,2025-04-09 05:00:00,436.4184845018935,567.7610880011748,263.3648074199534
forecast_2358,2025-04-09 06:00:00,1050.9830620552887,970.2967812953055,462.0198882275045
forecast_2359,2025-04-09 07:00:00,1058.4861146341116,1154.7371546039064,651.5567513551619
forecast_2360,2025-04-09 08:00:00,1146.257615716236,1134.605786052765,508.5116851040773
forecast_2361,2025-04-09 09:00:00,1017.4509517090144,969.4062031979237,772.7848690539611
forecast_2362,2025-04-09 10:00:00,847.4705649668956,1391.9872092154537,707.5209336441127
forecast_2363,2025-04-09 11:00:00,745.7137083143405,1387.8462188077726,850.5061575742501
forecast_2364,2025-04-09 12:00:00,1659.4319228550555,2548.321040680193,1414.0219005296256
forecast_2365,2025-04-09 13:00:00,1709.1368558042086,2629.3425565552943,1593.820460451918
forecast_2366,2025-04-09 14:00:00,2502.8003601200417,3664.4356767248855,2576.4112694602095
forecast_2367,2025-04-09 15:00:00,3331.0415114459583,3941.0547737597926,2339.5109903227426
forecast_2368,2025-04-09 16:00:00,5188.260563231789,5649.12982069899,5432.671614810225
forecast_2369,2025-04-09 17:00:00,6324.095831080648,6829.952999672049,7426.278292787625
forecast_2370,2025-04-09 18:00:00,6132.318518942432,6052.115983623378,4819.152211916449
forecast_2371,2025-04-09 19:00:00,4655.595320005824,5793.000288945635,3092.9884084597443
forecast_2372,2025-04-09 20:00:00,5052.470000229294,5513.894465310447,3335.8034472652494
forecast_2373,2025-04-09 21:00:00,4303.728810174135,5374.791528034998,3171.2356161825987
forecast_2374,2025-04-09 22:00:00,4481.825342368094,5792.751476051171,3339.536341800493
forecast_2375,2025-04-09 23:00:00,6816.1878338926335,8296.019268483702,3849.9816227510055
forecast_2376,2025-04-10 00:00:00,7636.024779630798,8335.044365667973,4240.247505395324
forecast_2377,2025-04-10 01:00:00,6083.109379166428,6637.693591427223,4043.8303882893783
forecast_2378,2025-04-10 02:00:00,6368.529361703734,7964.244562432256,4471.640020333056
forecast_2379,2025-04-10 03:00:00,7860.803859145186,9129.19227909715,6538.654778622718
forecast_2380,2025-04-10 04:00:00,7311.782189916185,8278.496873058826,4197.633507143205
forecast_2381,2025-04-10 05:00:00,6853.209772095313,6425.032937108553,3589.0703553205344
forecast_2382,2025-04-10 06:00:00,6112.652547034344,4944.564134958939,3757.3200370030136
forecast_2383,2025-04-10 07:00:00,4274.503400927018,3863.9267342507624,2800.5300721150466
forecast_2384,2025-04-10 08:00:00,4001.072035272888,4496.963273124096,3226.5922373693293
forecast_2385,2025-04-10 09:00:00,4043.848912327421,4811.72571403788,3244.055946282381
forecast_2386,2025-04-10 10:00:00,2840.6844987654817,3082.45877708663,2485.519339008886
forecast_2387,2025-04-10 11:00:00,2773.681133189563,1947.6120578204147,2604.997630813491
forecast_2388,2025-04-10 12:00:00,2122.4152234960425,1452.1065555857106,1879.8420778745715
forecast_2389,2025-04-10 13:00:00,1735.536247555673,1100.1310159821753,1126.9803949604154
forecast_2390,2025-04-10 14:00:00,1776.2524923917538,1151.4289587887254,1230.8937504230246
forecast_2391,2025-04-10 15:00:00,2226.04607417302,1854.4902111572756,1164.1468271955328
forecast_2392,2025-04-10 16:00:00,2031.9430604782956,1679.3290058064474,820.3652850377615
forecast_2393,2025-04-10 17:00:00,2385.7748390814695,2034.9477171266583,887.1015760575983
forecast_2394,2025-04-10 18:00:00,2198.69647502939,2146.5183291768285,637.0304992190838
forecast_2395,2025-04-10 19:00:00,3039.255649984701,2097.281302492905,727.9058310426108
forecast_2396,2025-04-10 20:00:00,3116.779924005102,2243.5913818693452,668.7050045249395
forecast_2397,2025-04-10 21:00:00,2778.7049083084225,2016.4392738554502,565.1102518715873
forecast_2398,2025-04-10 22:00:00,3117.4744085926995,2971.3601643293296,1241.3574053412465
forecast_2399,2025-04-10 23:00:00,3320.8562562068546,3083.9488908910675,1230.1704472183264
forecast_2400,2025-04-11 00:00:00,3613.316029569234,2806.552220715586,1452.224798525939
forecast_2401,2025-04-11 01:00:00,1537.4554942722373,1299.970129779231,967.1046408270533
forecast_2402,2025-04-11 02:00:00,2078.3361126128902,1513.5512902996863,1328.308630384196
forecast_2403,2025-04-11 03:00:00,1455.573266579252,1398.2806943967958,1103.032173450204
forecast_2404,2025-04-11 04:00:00,1301.09647010456,1151.3961833938642,938.9615100583336
forecast_2405,2025-04-11 05:00:00,1156.1554831075089,978.680860678727,1064.5052840068954
forecast_2406,2025-04-11 06:00:00,1133.5027503094977,922.6174168445065,900.2996486916235
forecast_2407,2025-04-11 07:00:00,971.1201595398568,606.6787976276397,558.1912657394656
forecast_2408,2025-04-11 08:00:00,270.2864114575,272.5085300901966,33.674838833617564
forecast_2409,2025-04-11 09:00:00,13.415236758005443,58.527032109627235,32.588128317968845
forecast_2410,2025-04-11 10:00:00,26.86104834571462,58.04421551154874,72.89460246568756
forecast_2411,2025-04-11 11:00:00,23.839286720001667,66.32526208400178,89.86157298905204
forecast_2412,2025-04-11 12:00:00,0.0,158.63440456940407,131.3151051092816
forecast_2413,2025-04-11 13:00:00,0.0,174.89162649311325,202.99373160809168
forecast_2414,2025-04-11 14:00:00,57.38748081670595,301.75610894431236,394.88645146468446
forecast_2415,2025-04-11 15:00:00,133.56825665538952,356.1274180551298,537.3344107877919
forecast_2416,2025-04-11 16:00:00,48.12424644189354,197.33799941031845,414.9415100430257
forecast_2417,2025-04-11 17:00:00,365.611390269843,249.20651936707029,313.9725572932467
forecast_2418,2025-04-11 18:00:00,469.19755494223966,488.054433668062,196.83953935839335
forecast_2419,2025-04-11 19:00:00,1505.3307779893164,1552.716193807582,457.32419689906015
forecast_2420,2025-04-11 20:00:00,2344.700830937155,3008.56736958781,1072.4875488463501
forecast_2421,2025-04-11 21:00:00,2756.263920465831,3215.178954676848,1472.846066229929
forecast_2422,2025-04-11 22:00:00,2302.4119223963858,3014.935289117563,1586.8203962934588
forecast_2423,2025-04-11 23:00:00,2467.3166395721523,3026.891811912265,1787.7023853361998
forecast_2424,2025-04-12 00:00:00,2305.166006673854,3138.7744980988246,1764.5910679605115
forecast_2425,2025-04-12 01:00:00,1255.605317062931,1379.9248558047902,433.6615060061447
forecast_2426,2025-04-12 02:00:00,1977.7021760518448,2012.671730525144,986.2535231695867
forecast_2427,2025-04-12 03:00:00,2130.7837952909167,2476.5958153928723,2143.727919233785
forecast_2428,2025-04-12 04:00:00,2404.1849017456852,2319.2359034018837,1809.1052740967164
forecast_2429,2025-04-12 05:00:00,2932.3322723262377,2471.790096459767,1806.680476499778
forecast_2430,2025-04-12 06:00:00,3167.179058653378,3564.008399983973,1867.850401717528
forecast_2431,2025-04-12 07:00:00,5608.72068977558,6333.957972874692,4003.039458952265
forecast_2432,2025-04-12 08:00:00,5067.934771087178,6376.17115483126,3507.6027339434836
forecast_2433,2025-04-12 09:00:00,5844.136405039095,9088.792137381552,5640.505518905677
forecast_2434,2025-04-12 10:00:00,9124.440338690769,12116.949854459759,10025.482997713378
forecast_2435,2025-04-12 11:00:00,9567.689646759152,13319.718546624457,11300.68127851158
forecast_2436,2025-04-12 12:00:00,10161.490795282136,14225.576419293662,12232.359462618186
forecast_2437,2025-04-12 13:00:00,11339.594322093471,14660.035411799476,13635.289349323954
forecast_2438,2025-04-12 14:00:00,11862.0064633537,14456.638700750867,13289.109548442084
forecast_2439,2025-04-12 15:00:00,10364.75101041856,13598.763453777816,12140.432398184468
forecast_2440,2025-04-12 16:00:00,9869.530432973555,12241.686772092851,11075.7301802844
forecast_2441,2025-04-12 17:00:00,6672.595143700497,8726.74394434145,7710.219384664243
forecast_2442,2025-04-12 18:00:00,8012.7680083883915,12112.574637404554,8866.264214087076
forecast_2443,2025-04-12 19:00:00,10337.93134569678,12186.892006471358,9369.362218413104
forecast_2444,2025-04-12 20:00:00,14413.36010578349,15374.561077236624,14571.936964047127
forecast_2445,2025-04-12 21:00:00,14554.864227681806,15966.101683756136,15282.255435816878
forecast_2446,2025-04-12 22:00:00,14422.670375193391,16624.668257764642,14293.295240374922
forecast_2447,2025-04-12 23:00:00,14311.69726868804,16395.076391148577,14160.615916230681
forecast_2448,2025-04-13 00:00:00,14408.076980328815,16831.079833581614,15091.417847165347
forecast_2449,2025-04-13 01:00:00,14797.64259476718,17033.082190348043,14611.476539890633
forecast_2450,2025-04-13 02:00:00,11576.439328475271,13423.017109451632,13778.62736883093
forecast_2451,2025-04-13 03:00:00,13000.5711411294,14611.774094457738,11711.235790739383
forecast_2452,2025-04-13 04:00:00,15979.996688655476,17131.518906646917,13603.217000652188
forecast_2453,2025-04-13 05:00:00,17040.313904705537,17174.528870704242,12330.7523549564
forecast_2454,2025-04-13 06:00:00,17403.95978129359,19208.478011949956,13803.371907887748
forecast_2455,2025-04-13 07:00:00,17873.625079224028,19043.56064016732,13695.170451200645
forecast_2456,2025-04-13 08:00:00,18245.6287004337,18871.12184097251,17732.108572399928
forecast_2457,2025-04-13 09:00:00,18382.92961004534,18925.101741130664,18436.374724593166
forecast_2458,2025-04-13 10:00:00,17207.639633658368,19116.689526109498,18350.616784602447
forecast_2459,2025-04-13 11:00:00,15954.924686156543,18810.738938297738,17049.669497997085
forecast_2460,2025-04-13 12:00:00,16061.495973818075,18742.729383336165,17221.436926265425
forecast_2461,2025-04-13 13:00:00,16505.467184763525,19085.68172239586,17420.074405210813
forecast_2462,2025-04-13 14:00:00,16044.10839979878,18778.720391646744,17135.408940340738
forecast_2463,2025-04-13 15:00:00,15299.815265762754,18432.673825158803,16618.69753282492
forecast_2464,2025-04-13 16:00:00,15938.598651367682,18266.1131687856,17093.832021413706
forecast_2465,2025-04-13 17:00:00,17053.642922417286,19444.550786346987,17652.385814486046
forecast_2466,2025-04-13 18:00:00,18820.80608505053,19769.041622024633,17118.31325942769
forecast_2467,2025-04-13 19:00:00,18286.200805424683,19486.380788146802,17307.757999554324
forecast_2468,2025-04-13 20:00:00,17698.05526415487,18951.96365879005,16978.666085338875
forecast_2469,2025-04-13 21:00:00,17547.7693872284,19552.40758674432,17415.92989265591
forecast_2470,2025-04-13 22:00:00,15664.151901762038,18788.529829783783,16819.164156227533
forecast_2471,2025-04-13 23:00:00,14565.855547368245,18078.7723230467,16007.55316041734
forecast_2472,2025-04-14 00:00:00,14194.4160907587,17388.56216371899,15878.061324381892
forecast_2473,2025-04-14 01:00:00,13386.464404056402,17358.64166899237,15814.270855028335
forecast_2474,2025-04-14 02:00:00,9994.009224670594,13637.091887788305,9422.558151175981
forecast_2475,2025-04-14 03:00:00,8499.399501956803,12112.222082456257,7298.228464194782
forecast_2476,2025-04-14 04:00:00,7604.797124638266,9587.499769126112,6048.550121248838
forecast_2477,2025-04-14 05:00:00,7505.049043338591,8802.398418041297,5642.296660511221
forecast_2478,2025-04-14 06:00:00,6045.182599947526,5381.714894473226,2777.178865722749
forecast_2479,2025-04-14 07:00:00,4527.042292601949,5242.1440076059935,2480.5255744569727
forecast_2480,2025-04-14 08:00:00,2257.2717595208987,2876.0781514520513,1575.8807191400292
forecast_2481,2025-04-14 09:00:00,1141.3192514715865,1136.311707268913,865.1620780783525
forecast_2482,2025-04-14 10:00:00,1011.0326338084647,1044.3341351965073,784.0481002753262
forecast_2483,2025-04-14 11:00:00,1951.2362207370168,2582.5283300544575,1288.2409582589526
forecast_2484,2025-04-14 12:00:00,2109.7254333973037,2624.137078748906,1653.0869826169799
forecast_2485,2025-04-14 13:00:00,1632.126651290323,1352.647948222082,2339.7589362576023
forecast_2486,2025-04-14 14:00:00,1207.8014280860534,734.2818311414259,1153.716599492578
forecast_2487,2025-04-14 15:00:00,476.76133593335265,473.5392431694052,582.1399087408226
forecast_2488,2025-04-14 16:00:00,746.0010417817883,558.5501384512114,478.7462516834958
forecast_2489,2025-04-14 17:00:00,450.6867139249083,500.36968238525316,380.85010767350576
forecast_2490,2025-04-14 18:00:00,569.015839418715,769.3386304386567,688.7415561374667
forecast_2491,2025-04-14 19:00:00,1614.4236407440646,1450.5586453275403,1465.5145319825956
forecast_2492,2025-04-14 20:00:00,2081.7212880358525,1972.2035814496332,1393.4142814456548
forecast_2493,2025-04-14 21:00:00,3214.330806801176,3291.8083981078094,1791.4638621031745
forecast_2494,2025-04-14 22:00:00,3923.443609157564,4263.473296041944,2200.4338802786842
forecast_2495,2025-04-14 23:00:00,4117.860970019769,4586.929067606117,2486.6824123856877
forecast_2496,2025-04-15 00:00:00,4307.575695828645,4792.951605698846,2169.5609314723165
forecast_2497,2025-04-15 01:00:00,9069.27155152964,9242.935570168704,4728.748639996285
forecast_2498,2025-04-15 02:00:00,7220.846756886945,6733.824306850576,3462.9672330412905
forecast_2499,2025-04-15 03:00:00,5785.327354019144,4528.420384987626,2689.535871878741
forecast_2500,2025-04-15 04:00:00,5754.155928189144,4481.645877337714,2721.0190798168146
forecast_2501,2025-04-15 05:00:00,5781.525341334311,4694.144041041989,2508.909316475521
forecast_2502,2025-04-15 06:00:00,4404.297315582422,4205.025392681381,2597.771607702837
forecast_2503,2025-04-15 07:00:00,6462.198856934383,7250.594506350692,4740.5679861097415
forecast_2504,2025-04-15 08:00:00,4539.430473103266,5312.0525926932505,4608.717209908461
forecast_2505,2025-04-15 09:00:00,6227.891695907606,5794.741329004546,4724.243892090667
forecast_2506,2025-04-15 10:00:00,6999.051349412393,6638.705336151807,5456.467675187659
forecast_2507,2025-04-15 11:00:00,6894.0085036889395,5948.308571605894,4417.05625336623
forecast_2508,2025-04-15 12:00:00,5902.413058886002,4821.531054719427,4572.054011732502
forecast_2509,2025-04-15 13:00:00,7038.147831564251,5205.113618093367,4281.349451944946
forecast_2510,2025-04-15 14:00:00,8901.582443295836,7714.620440412786,5989.804609398689
forecast_2511,2025-04-15 15:00:00,9732.881928733092,9171.320744691384,7153.5595149957835
forecast_2512,2025-04-15 16:00:00,11343.949621309172,10114.992519333135,8065.0516477597375
forecast_2513,2025-04-15 17:00:00,11512.801196192908,11486.378250404918,8873.040921903235
forecast_2514,2025-04-15 18:00:00,11511.680590093993,11897.076672320103,9843.639344370526
forecast_2515,2025-04-15 19:00:00,13050.678408257874,12128.448180060726,10150.36629011073
forecast_2516,2025-04-15 20:00:00,12665.994844373003,12268.10519151413,11672.078894227287
forecast_2517,2025-04-15 21:00:00,13242.463096740963,13087.7849482241,12274.134555838174
forecast_2518,2025-04-15 22:00:00,14055.885952089804,15011.346475607454,14903.657319053067
forecast_2519,2025-04-15 23:00:00,15650.146870944678,15712.993132863674,14442.046938266833
forecast_2520,2025-04-16 00:00:00,15732.026755100247,15461.358111606094,14610.050853814711
forecast_2521,2025-04-16 01:00:00,18259.041466557872,18298.47752528314,16149.043301713496
forecast_2522,2025-04-16 02:00:00,18574.737084308978,18612.054581752116,16426.374873027828
forecast_2523,2025-04-16 03:00:00,16504.056799036982,17295.83451693809,15194.958046803313
forecast_2524,2025-04-16 04:00:00,16755.212474941905,17030.16942665716,13865.947898701826
forecast_2525,2025-04-16 05:00:00,16387.869160087546,16982.408601934472,13031.384121897276
forecast_2526,2025-04-16 06:00:00,16271.372839821574,18049.07069422366,15202.014966672134
forecast_2527,2025-04-16 07:00:00,15083.877499656064,16227.518221924644,10761.523201900343
forecast_2528,2025-04-16 08:00:00,14055.321632873603,15779.318599120394,10266.791532364108
forecast_2529,2025-04-16 09:00:00,10543.40311026795,13367.867341759229,10248.501755115863
forecast_2530,2025-04-16 10:00:00,8084.554171364533,11386.345213645043,9055.141403794007
forecast_2531,2025-04-16 11:00:00,7916.809993016085,9187.205423821124,8859.54478425487
forecast_2532,2025-04-16 12:00:00,11224.39885313374,11163.861805844186,10160.02235900431
forecast_2533,2025-04-16 13:00:00,12751.236590047967,12823.28775874889,11049.98835365691
forecast_2534,2025-04-16 14:00:00,13623.4254999544,14275.033401303692,13847.641590516496
forecast_2535,2025-04-16 15:00:00,14891.681178575653,16151.729457478346,15228.341250636686
forecast_2536,2025-04-16 16:00:00,16145.779362080539,16998.047760133784,15795.271682188879
forecast_2537,2025-04-16 17:00:00,16816.641138608615,18046.12128440928,16732.51642634263
forecast_2538,2025-04-16 18:00:00,17748.047392425557,18938.313096821446,16683.400437772154
forecast_2539,2025-04-16 19:00:00,17623.509780488144,19528.66968081534,17496.46050571101
forecast_2540,2025-04-16 20:00:00,17921.978024920085,19668.921716218585,17991.46634679089
forecast_2541,2025-04-16 21:00:00,17909.121210835903,19498.13842611972,18293.391512723985
forecast_2542,2025-04-16 22:00:00,17231.630522550575,18837.871513146776,17410.720496760343
forecast_2543,2025-04-16 23:00:00,17797.585240077613,19226.441734463267,17144.233919499875
forecast_2544,2025-04-17 00:00:00,18478.025508841696,19589.85157931295,17180.888973605735
forecast_2545,2025-04-17 01:00:00,17431.221674440814,18995.264657461106,16442.411855904495
forecast_2546,2025-04-17 02:00:00,17400.18539395919,18756.971002045022,16109.9468868379
forecast_2547,2025-04-17 03:00:00,17787.34840397774,18805.68991857001,15923.875022670143
forecast_2548,2025-04-17 04:00:00,16469.532759918548,18185.350970036772,14530.452024328777
forecast_2549,2025-04-17 05:00:00,15336.003016386561,17068.611507313817,12732.725100684933
forecast_2550,2025-04-17 06:00:00,15338.463005708858,17330.037666421023,12844.14326084013
forecast_2551,2025-04-17 07:00:00,15548.98223152369,16856.52744254346,13280.535572182416
forecast_2552,2025-04-17 08:00:00,13304.89466461949,16036.151899780098,14004.537614337161
forecast_2553,2025-04-17 09:00:00,9996.847461015193,12619.203512600416,8372.656601674724
forecast_2554,2025-04-17 10:00:00,8374.733594353434,11777.976044334211,8148.197195876442
forecast_2555,2025-04-17 11:00:00,8556.078906989133,12093.36455680456,9125.148105226737
forecast_2556,2025-04-17 12:00:00,7911.978177447539,11853.036266052122,9182.923668795118
forecast_2557,2025-04-17 13:00:00,7357.224884827178,10082.078717474542,10297.962147870874
forecast_2558,2025-04-17 14:00:00,7909.493982558514,11961.93892145568,9825.033431006706
forecast_2559,2025-04-17 15:00:00,8702.30054794616,12919.688516800443,9875.539920825
forecast_2560,2025-04-17 16:00:00,9935.812179875069,13745.682279219021,12329.331956905278
forecast_2561,2025-04-17 17:00:00,9658.395714920582,13792.54148059334,11539.669311695832
forecast_2562,2025-04-17 18:00:00,10261.62735837925,13423.517596918773,10642.408747249474
forecast_2563,2025-04-17 19:00:00,12120.544464504927,14028.884902990998,11509.087124335096
forecast_2564,2025-04-17 20:00:00,11736.55064747147,14347.026223706007,12958.487872591437
forecast_2565,2025-04-17 21:00:00,11065.8365895071,14694.28395780422,12525.598127505296
forecast_2566,2025-04-17 22:00:00,10328.39177650929,11965.031628681087,12333.976042481085
forecast_2567,2025-04-17 23:00:00,9927.728556963226,11824.505549404734,11695.034813017013
forecast_2568,2025-04-18 00:00:00,16099.567868011563,18411.172712971216,15888.996939781822
forecast_2569,2025-04-18 01:00:00,15695.239865164769,17867.205224433208,15752.11971695502
forecast_2570,2025-04-18 02:00:00,16407.840911797462,18386.199584670114,16662.284057565186
forecast_2571,2025-04-18 03:00:00,16791.35619440565,19477.83555431879,17460.4859964343
forecast_2572,2025-04-18 04:00:00,17692.755023529302,19531.557890068027,18032.049803852173
forecast_2573,2025-04-18 05:00:00,17039.454849601323,18877.51432848742,16015.242270354644
forecast_2574,2025-04-18 06:00:00,13247.807119633333,14258.435215595295,10574.691418767019
forecast_2575,2025-04-18 07:00:00,12594.528128424972,14547.974509691738,10927.581879490084
forecast_2576,2025-04-18 08:00:00,10762.055623991499,12387.176137490796,9793.00594183661
forecast_2577,2025-04-18 09:00:00,8800.573023376455,11256.380153884293,7338.22831502856
forecast_2578,2025-04-18 10:00:00,9465.545921335228,11668.070068011886,9226.749900240255
forecast_2579,2025-04-18 11:00:00,10053.383375755311,11974.884758811679,12745.89739030159
forecast_2580,2025-04-18 12:00:00,10452.052437828148,11643.48560980187,10406.97955081832
forecast_2581,2025-04-18 13:00:00,8540.295671481928,10592.330204067286,8081.018028746947
forecast_2582,2025-04-18 14:00:00,8732.234654103844,9668.860630229081,7714.919502855187
forecast_2583,2025-04-18 15:00:00,7952.940042028148,8533.012298202118,7717.430315337397
forecast_2584,2025-04-18 16:00:00,7764.695288974273,7528.286610293792,6714.345453399769
forecast_2585,2025-04-18 17:00:00,7793.299030573105,7554.513769944095,7402.8430046195235
forecast_2586,2025-04-18 18:00:00,8558.830863622403,9290.517035713274,7362.007394183395
forecast_2587,2025-04-18 19:00:00,8688.298426132631,10486.2201930886,7923.185005907498
forecast_2588,2025-04-18 20:00:00,9123.841759947329,11331.342122851956,9589.891055558553
forecast_2589,2025-04-18 21:00:00,9798.80797268208,12058.09535978227,8944.824868255773
forecast_2590,2025-04-18 22:00:00,10702.30524455381,13285.89146640701,9880.517212874049
forecast_2591,2025-04-18 23:00:00,8915.737864189308,12178.195282594977,8108.037488182095
forecast_2592,2025-04-19 00:00:00,9672.985787958009,13220.992416345622,9703.80071793356
forecast_2593,2025-04-19 01:00:00,9400.780209854649,13270.577766621403,8232.062176446936
forecast_2594,2025-04-19 02:00:00,11229.626532110411,14317.721660615518,10524.276619718139
forecast_2595,2025-04-19 03:00:00,13279.971390349598,15956.909776085062,12061.416028727379
forecast_2596,2025-04-19 04:00:00,13261.233920498278,15769.999420101338,12251.441962344383
forecast_2597,2025-04-19 05:00:00,13413.143148900734,15106.306592747958,12699.941214891456
forecast_2598,2025-04-19 06:00:00,10683.192213219518,13384.439378290896,9318.671288534773
forecast_2599,2025-04-19 07:00:00,9942.64338437201,12111.174199009969,7588.251897529342
forecast_2600,2025-04-19 08:00:00,9840.2762622487,12182.635161671356,9453.082723042355
forecast_2601,2025-04-19 09:00:00,10537.623546807185,13856.619568999642,11473.108569557156
forecast_2602,2025-04-19 10:00:00,9971.557595980888,13011.240646145965,11378.224097519285
forecast_2603,2025-04-19 11:00:00,10230.82468138585,13008.012118903884,11434.810755689494
forecast_2604,2025-04-19 12:00:00,12099.153365317099,16158.278489929884,14419.685214194018
forecast_2605,2025-04-19 13:00:00,14412.407323438401,16436.794296118595,15759.099211369592
forecast_2606,2025-04-19 14:00:00,16019.429481326239,18146.509709001402,15835.073098205805
forecast_2607,2025-04-19 15:00:00,15932.684471837078,18213.13627611864,16089.36046329016
forecast_2608,2025-04-19 16:00:00,15766.790950561872,18436.14609475141,16864.23855061582
forecast_2609,2025-04-19 17:00:00,16828.5340534496,18666.866528689505,17616.08355308619
forecast_2610,2025-04-19 18:00:00,16859.75289846013,18730.009990219107,16186.54180129503
forecast_2611,2025-04-19 19:00:00,17393.972233529843,19060.905154436092,14630.8846268021
forecast_2612,2025-04-19 20:00:00,16954.327565170363,18452.421429397622,14371.818722184535
forecast_2613,2025-04-19 21:00:00,15887.278482064414,17048.213938033787,13883.197312058499
forecast_2614,2025-04-19 22:00:00,11614.005519541091,14235.140441496265,10698.914696121488
forecast_2615,2025-04-19 23:00:00,9553.007893540542,10735.674955883262,8494.165923535844
forecast_2616,2025-04-20 00:00:00,8472.528107770333,8660.24990538961,7086.260343430502
forecast_2617,2025-04-20 01:00:00,8036.700063246647,8776.288710229202,7069.843439453484
forecast_2618,2025-04-20 02:00:00,7714.22718072357,6884.275516102523,5016.842411805654
forecast_2619,2025-04-20 03:00:00,3976.9746097960506,5297.925883075165,3387.347332867952
forecast_2620,2025-04-20 04:00:00,2014.216427692391,2566.881004710582,1979.4034027111675
forecast_2621,2025-04-20 05:00:00,1538.5429239410835,1652.7581903182506,966.2029534677672
forecast_2622,2025-04-20 06:00:00,1284.0395170604227,1192.5037949450996,609.7822864062614
forecast_2623,2025-04-20 07:00:00,308.9602808909995,337.1126883781215,109.33808110961476
forecast_2624,2025-04-20 08:00:00,129.548809603965,34.05647155099657,22.40878735946735
forecast_2625,2025-04-20 09:00:00,145.01088956777184,84.24947068492791,39.040741795400876
forecast_2626,2025-04-20 10:00:00,23.071513723856004,0.0,52.313298781663285
forecast_2627,2025-04-20 11:00:00,0.0,42.43811045507153,73.27365109815482
forecast_2628,2025-04-20 12:00:00,29.769639492016484,43.07540969673953,45.96295926143857
forecast_2629,2025-04-20 13:00:00,42.32368843770942,133.9873089254596,135.22908049739593
forecast_2630,2025-04-20 14:00:00,133.72928087500657,215.28803704566172,191.22852712099228
forecast_2631,2025-04-20 15:00:00,110.11730599531127,166.63257715901682,327.12245016358224
forecast_2632,2025-04-20 16:00:00,152.63198933110948,205.52658024505638,72.64326869917309
forecast_2633,2025-04-20 17:00:00,196.38844049471936,245.4278412699866,55.15767266834528
forecast_2634,2025-04-20 18:00:00,158.6231454007136,182.40542192683097,87.10361212141324
forecast_2635,2025-04-20 19:00:00,151.16775705924655,138.9100686893927,99.04194893838321
forecast_2636,2025-04-20 20:00:00,257.9668869132804,147.58719881484276,72.1913220377025
forecast_2637,2025-04-20 21:00:00,111.48835075139905,118.19266139719792,67.25137688859077
forecast_2638,2025-04-20 22:00:00,197.21092917056353,191.35360513475996,196.56489836148555
forecast_2639,2025-04-20 23:00:00,108.4513697150923,75.93044936337878,14.268460719243013
forecast_2640,2025-04-21 00:00:00,266.57439591277983,75.85318592962082,39.46831011146751
forecast_2641,2025-04-21 01:00:00,119.27672050421052,13.601445166125295,65.67024200927798
forecast_2642,2025-04-21 02:00:00,166.87682988848832,109.86674818281125,91.13079315633524
forecast_2643,2025-04-21 03:00:00,112.33575564138307,73.92388335487263,39.52587734727051
forecast_2644,2025-04-21 04:00:00,307.49985394339336,195.74118623811395,53.77883235380437
forecast_2645,2025-04-21 05:00:00,400.8831040211299,263.3421411725989,30.600059635575747
forecast_2646,2025-04-21 06:00:00,662.6701751326209,783.5357944035692,177.20617880564708
forecast_2647,2025-04-21 07:00:00,1240.6320116181976,977.5331349167358,595.6925259872704
forecast_2648,2025-04-21 08:00:00,766.8639117512846,930.6749397141216,457.19481855915825
forecast_2649,2025-04-21 09:00:00,1115.7677338269832,1005.8220758772013,425.5313794272076
forecast_2650,2025-04-21 10:00:00,986.2805636299062,950.4910978869467,376.4866646263234
forecast_2651,2025-04-21 11:00:00,910.6738715037598,626.5136674738061,316.9254438386965
forecast_2652,2025-04-21 12:00:00,503.5496335348315,551.9454337556043,337.67807292555506
forecast_2653,2025-04-21 13:00:00,1216.3889772387004,1633.1663477592144,823.1715911154315
forecast_2654,2025-04-21 14:00:00,805.3603158653634,1491.4049842191869,878.1166191220906
forecast_2655,2025-04-21 15:00:00,659.0035725093744,1571.5434121085577,877.5749400519092
forecast_2656,2025-04-21 16:00:00,236.7148602436244,1115.4189098623046,494.7807981803851
forecast_2657,2025-04-21 17:00:00,385.4638077972489,1640.3637175224162,396.69222383019445
forecast_2658,2025-04-21 18:00:00,703.875730218384,1718.080272481481,371.56240943080024
forecast_2659,2025-04-21 19:00:00,2028.1024801876072,2521.5815713113657,1270.2302378497302
forecast_2660,2025-04-21 20:00:00,4057.5159636354506,5304.974996374073,2721.1649164547057
forecast_2661,2025-04-21 21:00:00,4098.623308988496,5139.298027399919,2641.016978242169
forecast_2662,2025-04-21 22:00:00,4837.505629006328,6461.356773819401,2552.5889475356435
forecast_2663,2025-04-21 23:00:00,5493.286520014613,7051.463921414178,3072.337013015797
forecast_2664,2025-04-22 00:00:00,5531.567844682332,7002.133386238436,3604.2451586426037
forecast_2665,2025-04-22 01:00:00,7010.247042677816,7591.704618492057,3467.1404859990207
forecast_2666,2025-04-22 02:00:00,7587.944603718587,8766.549676134095,4814.7688611124495
forecast_2667,2025-04-22 03:00:00,5805.519465634891,6444.920323049075,3568.8480855924117
forecast_2668,2025-04-22 04:00:00,5925.0485799823055,7294.5132132003855,4463.078362516827
forecast_2669,2025-04-22 05:00:00,5194.446594112408,5214.109164800115,3402.5602987897196
forecast_2670,2025-04-22 06:00:00,4033.5996233272704,4474.029688511544,3366.464981624057
forecast_2671,2025-04-22 07:00:00,2770.75002637769,3177.464717215759,1715.2514552157754
forecast_2672,2025-04-22 08:00:00,2508.522129172714,2720.0561342468027,1917.7711356292518
forecast_2673,2025-04-22 09:00:00,4386.632631168558,7058.726788160921,4013.022816317129
forecast_2674,2025-04-22 10:00:00,4781.51451555146,7548.415098694901,4068.111683708798
forecast_2675,2025-04-22 11:00:00,6038.731982843709,8875.854505912346,6204.148979744758
forecast_2676,2025-04-22 12:00:00,11176.918676350293,12804.561944571344,9485.884202450095
forecast_2677,2025-04-22 13:00:00,10357.578687827676,12563.660226170781,8362.761219556141
forecast_2678,2025-04-22 14:00:00,8102.534506902209,9249.935622333864,4964.050125358299
forecast_2679,2025-04-22 15:00:00,5222.190421400409,6039.188762443307,2730.7099552833224
forecast_2680,2025-04-22 16:00:00,3321.627599322441,4068.361249889753,2233.5293464826386
forecast_2681,2025-04-22 17:00:00,1721.731680257464,1721.250292418295,1129.186509174276
forecast_2682,2025-04-22 18:00:00,2313.090887559867,2083.295121237655,947.4938513840536
forecast_2683,2025-04-22 19:00:00,3408.3192715444034,3285.2044522119218,1894.7950625637195
forecast_2684,2025-04-22 20:00:00,4153.148117564222,3343.934658263621,2075.0994338989117
forecast_2685,2025-04-22 21:00:00,4283.693773775853,3971.28387990697,1566.5778387788887
forecast_2686,2025-04-22 22:00:00,2950.484392894516,4333.795016132586,1761.2893283850335
forecast_2687,2025-04-22 23:00:00,3300.931801484943,4285.045153702231,1734.5225605986998
forecast_2688,2025-04-23 00:00:00,3981.688499099452,4957.540785910347,2083.1140215581713
forecast_2689,2025-04-23 01:00:00,5462.065447796436,7824.991835275099,3232.778446577336
forecast_2690,2025-04-23 02:00:00,5325.023023134532,7199.049506061533,2756.2611670178526
forecast_2691,2025-04-23 03:00:00,4914.521243247435,6563.39494831355,2268.259832129799
forecast_2692,2025-04-23 04:00:00,4433.630565132609,6356.653832657186,3641.1127031813517
forecast_2693,2025-04-23 05:00:00,3828.211961172334,4902.162683169959,2171.593636017573
forecast_2694,2025-04-23 06:00:00,3706.2573407984287,4876.178010077656,3034.190811475352
forecast_2695,2025-04-23 07:00:00,2873.5776802539917,3721.3054135586062,1687.2709442539222
forecast_2696,2025-04-23 08:00:00,2210.1167606463164,2870.2660785522207,1496.2055189026426
forecast_2697,2025-04-23 09:00:00,1719.0353365371698,1924.4405132264153,1117.3537233647721
forecast_2698,2025-04-23 10:00:00,645.5345306666242,688.1447357279442,383.90094589001757
forecast_2699,2025-04-23 11:00:00,171.98591987223483,233.8793964050289,141.8946586091768
forecast_2700,2025-04-23 12:00:00,43.49339537798431,237.28466403570764,74.00420280699805
forecast_2701,2025-04-23 13:00:00,2.3008054761947156,99.9379475482181,26.91574301575759
forecast_2702,2025-04-23 14:00:00,83.00571282090537,63.04011175633573,0.0
forecast_2703,2025-04-23 15:00:00,197.5878055766489,176.1181340342582,0.0
forecast_2704,2025-04-23 16:00:00,500.3608869859732,429.11105666970224,384.0545640318482
forecast_2705,2025-04-23 17:00:00,1144.7855166550999,1158.9226984431339,519.6129111349749
forecast_2706,2025-04-23 18:00:00,2262.795180983116,1593.950064541922,733.0735033779312
forecast_2707,2025-04-23 19:00:00,2393.149305511942,2024.3553892608825,769.4726731803012
forecast_2708,2025-04-23 20:00:00,4314.918226709625,4483.146011911452,2796.2783536547195
forecast_2709,2025-04-23 21:00:00,5124.95855024048,5984.861950616417,3603.205382833098
forecast_2710,2025-04-23 22:00:00,7017.9754773903915,7610.240093416242,5161.096465575571
forecast_2711,2025-04-23 23:00:00,7827.691888919885,8609.631066874392,6506.994999670043
forecast_2712,2025-04-24 00:00:00,11401.435445134806,12253.698985650115,9990.7754070479
forecast_2713,2025-04-24 01:00:00,11945.590239254338,14104.310536280798,11428.15666984871
forecast_2714,2025-04-24 02:00:00,12633.49894709588,13737.58560234083,11233.830735576868
forecast_2715,2025-04-24 03:00:00,14044.972429566356,15150.97373952965,12447.359275134335
forecast_2716,2025-04-24 04:00:00,14366.799960147262,15110.73254666076,14166.972860666821
forecast_2717,2025-04-24 05:00:00,14486.22789735383,14802.578289170355,12948.049964298028
forecast_2718,2025-04-24 06:00:00,15044.435294525565,15363.00528777207,14176.014479316316
forecast_2719,2025-04-24 07:00:00,14649.960883754804,15415.480842255456,12298.20046661459
forecast_2720,2025-04-24 08:00:00,11431.97264559995,14054.93151777974,10224.819157210391
forecast_2721,2025-04-24 09:00:00,8826.856099086426,8937.13555685314,7378.107368351866
forecast_2722,2025-04-24 10:00:00,6868.484061850582,7573.103795559686,5516.691429778297
forecast_2723,2025-04-24 11:00:00,7957.201533481657,9257.496681670033,8591.588962067504
forecast_2724,2025-04-24 12:00:00,10287.555772242851,11429.10816147452,11006.109851004489
forecast_2725,2025-04-24 13:00:00,12693.816277609652,13645.176568679151,12499.80977039083
forecast_2726,2025-04-24 14:00:00,14141.163348054326,15225.363511266221,14383.897050013311
forecast_2727,2025-04-24 15:00:00,15103.145438614416,15506.293041484007,15262.3265814506
forecast_2728,2025-04-24 16:00:00,16198.68338576765,17070.99861609582,15544.820706061975
forecast_2729,2025-04-24 17:00:00,16292.2319901994,17548.986726070678,15077.938503293053
forecast_2730,2025-04-24 18:00:00,16835.00262812719,18364.940164794934,15408.240852360132
forecast_2731,2025-04-24 19:00:00,16970.19191690405,18410.698758388236,15901.912944256184
forecast_2732,2025-04-24 20:00:00,16789.601947640953,18480.889390936343,13945.505096729607
forecast_2733,2025-04-24 21:00:00,16764.60067382528,17899.51292163523,15409.298519281067
forecast_2734,2025-04-24 22:00:00,15422.931908757379,15961.382113924828,13477.39325236791
forecast_2735,2025-04-24 23:00:00,15212.011923542124,15219.699943189118,13090.164533933748
forecast_2736,2025-04-25 00:00:00,14397.23200985028,14823.571181501982,13045.684737526883
forecast_2737,2025-04-25 01:00:00,13814.020887914763,14400.937338807536,9905.290655380806
forecast_2738,2025-04-25 02:00:00,13522.849437294673,13298.518846915853,10110.74504509858
forecast_2739,2025-04-25 03:00:00,13253.450927750428,13103.902219555115,9902.553546740788
forecast_2740,2025-04-25 04:00:00,13092.848739215215,13724.736565564534,9702.525376917
forecast_2741,2025-04-25 05:00:00,13147.531311155193,14521.767973109636,10576.470281067554
forecast_2742,2025-04-25 06:00:00,12614.703599696908,13854.011367308272,10313.717775523113
forecast_2743,2025-04-25 07:00:00,11840.597056534416,12221.414123651168,9284.295775306276
forecast_2744,2025-04-25 08:00:00,11996.125464391806,11497.239006515963,8695.493744224705
forecast_2745,2025-04-25 09:00:00,12182.96187028491,10789.824289638484,7791.592203938522
forecast_2746,2025-04-25 10:00:00,12567.183592365223,11333.190639087772,8589.590222514575
forecast_2747,2025-04-25 11:00:00,12637.801643639652,11135.249136014385,7651.984937838001
forecast_2748,2025-04-25 12:00:00,12291.76901602552,10382.77471940941,7824.841630528099
forecast_2749,2025-04-25 13:00:00,11385.499743293987,10144.092944616132,7686.387446514707
forecast_2750,2025-04-25 14:00:00,11195.455292046368,10543.359789793138,8029.545290968139
forecast_2751,2025-04-25 15:00:00,10480.489760426048,10031.43786131528,8099.809973899328
forecast_2752,2025-04-25 16:00:00,10639.574433714095,10139.33863257567,8757.169173799122
forecast_2753,2025-04-25 17:00:00,10644.72024637541,10012.757513331115,8782.95888130802
forecast_2754,2025-04-25 18:00:00,11049.476129655195,11088.248434684836,8781.967381725392
forecast_2755,2025-04-25 19:00:00,9590.39303630591,9094.46430155778,7238.4922053645005
forecast_2756,2025-04-25 20:00:00,11038.396407585335,10868.041027382664,9345.303603022467
forecast_2757,2025-04-25 21:00:00,13462.677998169498,13327.287244883622,11553.79034157929
forecast_2758,2025-04-25 22:00:00,13542.05467378041,12288.086510507821,11123.65096929308
forecast_2759,2025-04-25 23:00:00,11213.35357984022,9226.981845615632,9912.905110795326
forecast_2760,2025-04-26 00:00:00,9334.111603581861,8970.61653715212,8297.478351822594
forecast_2761,2025-04-26 01:00:00,8629.757129877915,8295.174302550575,6798.914989655344
forecast_2762,2025-04-26 02:00:00,7721.4078233899945,9024.333734248556,9083.960814724294
forecast_2763,2025-04-26 03:00:00,11875.025192052182,13676.71669224015,11774.812662001556
forecast_2764,2025-04-26 04:00:00,13425.879852169051,13872.140355052172,10761.88246406256
forecast_2765,2025-04-26 05:00:00,14174.574866826208,15027.988095972087,11973.720795461135
forecast_2766,2025-04-26 06:00:00,14468.757320868915,15902.994130827934,13611.7856809136
forecast_2767,2025-04-26 07:00:00,14171.27407082109,16311.125269143984,12811.356688434185
forecast_2768,2025-04-26 08:00:00,15139.349447905744,15452.745119361007,12398.31151040161
forecast_2769,2025-04-26 09:00:00,11288.037435476659,12625.720614430196,11084.371681265617
forecast_2770,2025-04-26 10:00:00,11300.744491928352,13087.045388009505,10087.144084984902
forecast_2771,2025-04-26 11:00:00,11428.027167843378,13695.716244180292,11424.949488466487
forecast_2772,2025-04-26 12:00:00,12369.891848250838,13169.604082813388,12460.565893103665
forecast_2773,2025-04-26 13:00:00,12356.62952965282,12609.219086817035,11437.463879638144
forecast_2774,2025-04-26 14:00:00,12595.709199374784,13452.485699442304,12549.556622415366
forecast_2775,2025-04-26 15:00:00,14882.53990447358,15740.128544628476,15278.490730870484
forecast_2776,2025-04-26 16:00:00,15266.885841497446,15680.778614999923,14760.043363164401
forecast_2777,2025-04-26 17:00:00,16196.901079157247,17988.188537399732,15824.42404070872
forecast_2778,2025-04-26 18:00:00,17243.735925675708,18825.13963077912,16642.119900299655
forecast_2779,2025-04-26 19:00:00,17212.9051506343,19290.550753009302,17538.921276241836
forecast_2780,2025-04-26 20:00:00,17698.404484802835,19240.011866427667,17029.310206419013
forecast_2781,2025-04-26 21:00:00,17890.41997742336,19346.22138615616,17803.682511420895
forecast_2782,2025-04-26 22:00:00,18417.980889372426,19514.91447262881,17518.51698263492
forecast_2783,2025-04-26 23:00:00,18718.020152510555,19208.70954974548,17356.60654302106
forecast_2784,2025-04-27 00:00:00,18620.772519456914,20023.30279615513,17026.329540142997
forecast_2785,2025-04-27 01:00:00,18409.17301196512,19903.543474845083,17545.83251533372
forecast_2786,2025-04-27 02:00:00,17968.154756400283,19562.399280531292,16654.178486262754
forecast_2787,2025-04-27 03:00:00,17622.955291481427,19359.489782851877,16567.358404068644
forecast_2788,2025-04-27 04:00:00,17021.241447996777,19093.00606479293,15976.902708573078
forecast_2789,2025-04-27 05:00:00,16088.794154499079,18053.856427412276,15502.377938721429
forecast_2790,2025-04-27 06:00:00,16264.314244014897,18729.576836900655,15411.133160126712
forecast_2791,2025-04-27 07:00:00,16086.053866781393,17791.76464651198,15048.825462222925
forecast_2792,2025-04-27 08:00:00,15284.47535909815,17416.20501154344,15411.34516526479
forecast_2793,2025-04-27 09:00:00,14899.634029967943,17604.78542008675,14956.015996765353
forecast_2794,2025-04-27 10:00:00,15845.96650700855,17459.363543188552,14951.271138854983
forecast_2795,2025-04-27 11:00:00,15932.863819742837,17394.36177791626,15471.153170599493
forecast_2796,2025-04-27 12:00:00,15669.166615473496,17521.996444320608,15814.685970505228
forecast_2797,2025-04-27 13:00:00,16126.688446716527,17094.02998365045,15886.292743001439
forecast_2798,2025-04-27 14:00:00,15902.096495659925,17856.082490069115,15959.118791586763
forecast_2799,2025-04-27 15:00:00,15713.034008120152,16990.011770196375,15219.430583528812
forecast_2800,2025-04-27 16:00:00,15389.050322539419,17103.174644158673,15362.086339084635
forecast_2801,2025-04-27 17:00:00,15868.356341557777,16965.8717265995,15358.194989244299
forecast_2802,2025-04-27 18:00:00,14656.24576324678,15744.422856508578,14698.649345233005
forecast_2803,2025-04-27 19:00:00,13675.587606321405,15528.25906728246,14347.892475329982
forecast_2804,2025-04-27 20:00:00,13652.692632238297,15605.559153410313,14869.301095644647
forecast_2805,2025-04-27 21:00:00,13300.175093473601,15166.20610522453,13595.961290854122
forecast_2806,2025-04-27 22:00:00,14614.982138310412,16833.46293627657,14853.447008447805
forecast_2807,2025-04-27 23:00:00,15378.074581430305,16614.396327819264,14906.10831202815
forecast_2808,2025-04-28 00:00:00,12720.106366745958,13282.670770268276,11561.4631726086
forecast_2809,2025-04-28 01:00:00,13414.653140144916,14511.310075250358,13235.285779762986
forecast_2810,2025-04-28 02:00:00,11724.377334826251,13209.71573555785,12173.724359632732
forecast_2811,2025-04-28 03:00:00,13425.299936571473,14656.897379415683,11943.486811090335
forecast_2812,2025-04-28 04:00:00,13836.369252611259,14424.571983234353,10584.024278385321
forecast_2813,2025-04-28 05:00:00,8688.342968831588,9543.310904054382,7723.552412022704
forecast_2814,2025-04-28 06:00:00,7618.0745618569,8097.329158601868,6729.19954746431
forecast_2815,2025-04-28 07:00:00,7485.433712837332,8668.51754421155,6449.721437028939
forecast_2816,2025-04-28 08:00:00,5702.703201028618,6301.973812617287,4667.229785888058
forecast_2817,2025-04-28 09:00:00,3643.856214232822,4012.0248051901285,1978.6230644682316
forecast_2818,2025-04-28 10:00:00,4051.014561126068,4305.361415605542,2747.2846647574597
forecast_2819,2025-04-28 11:00:00,7932.762833889932,7464.91517876099,6102.300489512012
forecast_2820,2025-04-28 12:00:00,10489.659756698557,10558.367963209426,9195.340719703221
forecast_2821,2025-04-28 13:00:00,11948.063383948775,11404.556949424545,9771.004753770127
forecast_2822,2025-04-28 14:00:00,12466.999411237888,11749.603989648534,9339.761294438504
forecast_2823,2025-04-28 15:00:00,10902.264110327607,10232.326467804842,8642.428763568974
forecast_2824,2025-04-28 16:00:00,8359.372696454337,7753.106086462159,5843.220485980512
forecast_2825,2025-04-28 17:00:00,4444.113592162454,4473.676240206298,3264.715096665897
forecast_2826,2025-04-28 18:00:00,2050.999830685318,3160.673761342382,2498.559637786446
forecast_2827,2025-04-28 19:00:00,3218.6292624339235,2771.4442148135604,1390.7061445509305
forecast_2828,2025-04-28 20:00:00,4938.193277220706,5040.0193336009115,2303.5702171374696
forecast_2829,2025-04-28 21:00:00,5745.384588173977,6140.803717680557,3952.886123548692
forecast_2830,2025-04-28 22:00:00,5162.127230315808,5941.589711167876,3423.2087311424298
forecast_2831,2025-04-28 23:00:00,4874.532530042118,5934.166387762084,3979.105388975082
forecast_2832,2025-04-29 00:00:00,3850.367181491343,4601.437217075452,2587.003544894993
forecast_2833,2025-04-29 01:00:00,2809.3792507138214,2676.8631668180415,1134.436476756992
forecast_2834,2025-04-29 02:00:00,2137.4897403769637,2478.07014968,752.8374019764761
forecast_2835,2025-04-29 03:00:00,2328.34175861471,2223.910970361041,1119.6179285018952
forecast_2836,2025-04-29 04:00:00,1679.4139644191582,1768.488049665357,1000.4265122653518
forecast_2837,2025-04-29 05:00:00,2382.138217230217,2709.770919154363,902.2256178620702
forecast_2838,2025-04-29 06:00:00,3272.2341613619274,3846.2897153595422,1735.5527530706538
forecast_2839,2025-04-29 07:00:00,4011.660825332885,3502.664772978515,1477.219319162946
forecast_2840,2025-04-29 08:00:00,4751.56513483328,5252.1278341598345,3320.1836149791893
forecast_2841,2025-04-29 09:00:00,3999.850618991759,5005.322972980385,3882.6147282226707
forecast_2842,2025-04-29 10:00:00,4451.587131179888,4858.437613201987,4490.676335161596
forecast_2843,2025-04-29 11:00:00,5247.720202232664,4525.554647527321,4163.587675208136
forecast_2844,2025-04-29 12:00:00,5092.487097735709,4495.294396740876,4431.548859515929
forecast_2845,2025-04-29 13:00:00,4795.920907199467,4518.94201900655,3830.881284775734
forecast_2846,2025-04-29 14:00:00,4867.611879610558,4464.215605896389,3745.998727514712
forecast_2847,2025-04-29 15:00:00,5678.287517579847,4776.148365685567,6014.474707716741
forecast_2848,2025-04-29 16:00:00,6883.118287875845,5927.452751414574,6642.093287173842
forecast_2849,2025-04-29 17:00:00,5931.279981596177,4753.354224583518,4433.876923793024
forecast_2850,2025-04-29 18:00:00,5155.844033967152,4905.329746262869,4201.319978933685
forecast_2851,2025-04-29 19:00:00,7479.817895154571,8656.46714990772,7128.697326268325
forecast_2852,2025-04-29 20:00:00,11533.994591248984,12695.94250913215,12726.967463289424
forecast_2853,2025-04-29 21:00:00,14441.471906367258,15486.258907719424,15875.30956841027
forecast_2854,2025-04-29 22:00:00,18012.370678642892,18267.710717479593,16509.35450153581
forecast_2855,2025-04-29 23:00:00,18944.626868879834,19290.679642580842,17285.3675431735
forecast_2856,2025-04-30 00:00:00,17910.529380609834,19145.90292969614,17111.095896642597
forecast_2857,2025-04-30 01:00:00,17338.704549242662,19230.838616087127,16387.582676061553
forecast_2858,2025-04-30 02:00:00,18413.91340861026,18934.662627272086,17011.4470433622
forecast_2859,2025-04-30 03:00:00,19495.60527393508,19653.26734174954,17749.628181266195
forecast_2860,2025-04-30 04:00:00,18686.65643882067,19589.165475008747,16847.755608508618
forecast_2861,2025-04-30 05:00:00,17397.74326901697,18841.965213990607,16026.350916576592
forecast_2862,2025-04-30 06:00:00,17261.15013701074,18667.510341722314,15155.186366351221
forecast_2863,2025-04-30 07:00:00,16612.873227001408,17271.233309859883,14973.227364441951
forecast_2864,2025-04-30 08:00:00,15270.011008906562,16003.888970482076,15284.891800152853
forecast_2865,2025-04-30 09:00:00,13483.48634273991,14781.455329293896,14244.723148996654
forecast_2866,2025-04-30 10:00:00,11949.024435121628,14802.846349631478,13197.979777959568
forecast_2867,2025-04-30 11:00:00,11758.815266176505,14907.11976646508,13584.625821177253
forecast_2868,2025-04-30 12:00:00,10477.135428368143,13094.95251947236,12470.533918263234
forecast_2869,2025-04-30 13:00:00,10350.514542791672,13047.29762458434,11921.669232654587
forecast_2870,2025-04-30 14:00:00,8522.698930816436,11423.57129851194,10453.646083999945
forecast_2871,2025-04-30 15:00:00,8272.117366567305,10718.92383339627,9007.611617932853
forecast_2872,2025-04-30 16:00:00,7996.235737541745,9620.129198610517,7733.203424167132
forecast_2873,2025-04-30 17:00:00,7205.476620722316,7420.242210215288,6612.621697876325
forecast_2874,2025-04-30 18:00:00,5788.964557724685,6915.449419909036,4642.974894576031
forecast_2875,2025-04-30 19:00:00,4362.590712583601,5824.063750319577,4294.001482160361
forecast_2876,2025-04-30 20:00:00,5080.056856243007,7271.853449943089,4089.0145701109705
forecast_2877,2025-04-30 21:00:00,7693.540776954682,10319.989692296042,6243.1541261147395
forecast_2878,2025-04-30 22:00:00,7965.1842592416115,11079.448586044491,6907.772616501694
forecast_2879,2025-04-30 23:00:00,9466.435216258033,11402.369388515357,7559.487971135109
forecast_2880,2025-05-01 00:00:00,10133.213038374655,12459.545571628807,7512.219535079875
forecast_2881,2025-05-01 01:00:00,12980.52117794934,15200.421455809541,10943.780753557374
forecast_2882,2025-05-01 02:00:00,13839.359567610132,16353.304876465243,13041.291904561336
forecast_2883,2025-05-01 03:00:00,15346.283800783509,17309.518637524816,14162.784422988325
forecast_2884,2025-05-01 04:00:00,16068.51663827623,18002.040596921826,15242.910439271063
forecast_2885,2025-05-01 05:00:00,16369.043328805483,18569.79797303187,14668.58343013721
forecast_2886,2025-05-01 06:00:00,16474.091180377964,18605.32018377947,14641.951103743537
forecast_2887,2025-05-01 07:00:00,16655.044221642613,18502.85744272547,14930.218093726678
forecast_2888,2025-05-01 08:00:00,16380.11933392016,18200.991206790983,14126.856448198423
forecast_2889,2025-05-01 09:00:00,16066.600043109336,17197.490872592676,13910.759924939432
forecast_2890,2025-05-01 10:00:00,15921.706585567901,16827.56014383342,15263.58994433829
forecast_2891,2025-05-01 11:00:00,15751.870648167996,16878.78598058897,15472.276716390375
forecast_2892,2025-05-01 12:00:00,16425.867082736095,17444.536499016744,15309.180366303794
forecast_2893,2025-05-01 13:00:00,16095.260977863394,17320.326340272644,15506.884536928996
forecast_2894,2025-05-01 14:00:00,15816.203720559317,17061.598791471213,15744.248137885617
forecast_2895,2025-05-01 15:00:00,15402.96600558175,17540.795658788076,17181.371395715945
forecast_2896,2025-05-01 16:00:00,16403.739194211335,17927.483653529867,16776.024001885657
forecast_2897,2025-05-01 17:00:00,13273.316547228167,14549.566487414184,12936.163577909381
forecast_2898,2025-05-01 18:00:00,10098.382959223793,11541.827438255214,11029.40078001566
forecast_2899,2025-05-01 19:00:00,8404.349902095308,12001.874645325299,9432.238704795765
forecast_2900,2025-05-01 20:00:00,10378.54826574782,13133.561143884355,11781.722086738717
forecast_2901,2025-05-01 21:00:00,8286.009631727204,11477.26770958329,7909.564641216007
forecast_2902,2025-05-01 22:00:00,11137.556984988798,13048.475673454814,11152.662278437261
forecast_2903,2025-05-01 23:00:00,13991.856047830253,14996.379411851565,13566.630600979499
forecast_2904,2025-05-02 00:00:00,16304.914611064605,17103.55928025799,14810.468701491833
forecast_2905,2025-05-02 01:00:00,14871.93967190799,16588.78484398961,13877.514993848561
forecast_2906,2025-05-02 02:00:00,14551.916005750752,15192.453505065923,12469.468801182005
forecast_2907,2025-05-02 03:00:00,14999.809861546433,15367.585391880228,11088.463176880778
forecast_2908,2025-05-02 04:00:00,15368.16675120557,14934.36687274411,12723.352307499603
forecast_2909,2025-05-02 05:00:00,15170.990962663362,17027.099872666287,12641.683832559342
forecast_2910,2025-05-02 06:00:00,16041.312049566357,17147.857312497246,14717.63500745832
forecast_2911,2025-05-02 07:00:00,14500.163361327794,14337.339112048327,12700.535044141927
forecast_2912,2025-05-02 08:00:00,13608.386095768657,13630.463874695179,10116.57139957994
forecast_2913,2025-05-02 09:00:00,13756.514134726842,11892.125227156752,9209.02910522693
forecast_2914,2025-05-02 10:00:00,11041.750420923086,9847.030422868425,6480.16282906441
forecast_2915,2025-05-02 11:00:00,9632.132467727819,8496.240039147897,5708.481824710106
forecast_2916,2025-05-02 12:00:00,10104.597085964837,7361.39316793963,4920.930253092015
forecast_2917,2025-05-02 13:00:00,8795.893933139138,5607.754302772683,3595.8806734167506
forecast_2918,2025-05-02 14:00:00,8682.213120742892,4921.913632185248,3970.682729271978
forecast_2919,2025-05-02 15:00:00,6700.157538400705,5467.170250413547,4047.0218931175655
forecast_2920,2025-05-02 16:00:00,5815.446991059139,5683.7761645006285,4178.864775775201
forecast_2921,2025-05-02 17:00:00,4587.302328388793,4452.306485723738,3931.5623628130643
forecast_2922,2025-05-02 18:00:00,6496.657842841141,6053.7417418817395,4849.667665638053
forecast_2923,2025-05-02 19:00:00,6502.70030288483,7147.719752953874,5008.77565539961
forecast_2924,2025-05-02 20:00:00,8362.704524572462,9084.636555363255,7578.138118437603
forecast_2925,2025-05-02 21:00:00,8450.698971368174,10148.099746449985,9621.324418181443
forecast_2926,2025-05-02 22:00:00,10926.93908351792,11958.090317344015,9810.206358233792
forecast_2927,2025-05-02 23:00:00,10013.538933957916,12493.064357404162,9592.838226607826
forecast_2928,2025-05-03 00:00:00,11911.916416862026,13742.64474239078,10304.94754124389
forecast_2929,2025-05-03 01:00:00,11214.593470301405,12690.865435012382,10030.880695232865
forecast_2930,2025-05-03 02:00:00,9880.24346315769,11037.66403376209,11705.210281089334
forecast_2931,2025-05-03 03:00:00,8106.075575925828,9455.288187632272,8739.146642848835
forecast_2932,2025-05-03 04:00:00,8006.897832168981,8378.595435769572,5418.369507219692
forecast_2933,2025-05-03 05:00:00,7445.643075816793,7984.710362287444,6798.944361366334
forecast_2934,2025-05-03 06:00:00,4601.756614474361,5093.132196823672,3132.9290563345803
forecast_2935,2025-05-03 07:00:00,2975.6863824018164,2727.9994174085405,1928.5284777696536
forecast_2936,2025-05-03 08:00:00,2357.6113903097266,2218.0050985458947,1424.3953042939004
forecast_2937,2025-05-03 09:00:00,3651.9584677784023,4695.507375125053,4020.069066823553
forecast_2938,2025-05-03 10:00:00,5204.987720124984,6193.405766261052,4762.138788690033
forecast_2939,2025-05-03 11:00:00,9116.209213960734,11649.29371993338,10676.35672364626
forecast_2940,2025-05-03 12:00:00,11365.793147140894,14235.40199439676,12243.320765009084
forecast_2941,2025-05-03 13:00:00,12058.32258776279,14568.560818345848,14011.350163569676
forecast_2942,2025-05-03 14:00:00,11484.118573597347,11666.912856153227,10344.18741687656
forecast_2943,2025-05-03 15:00:00,12155.48050962766,11725.86465257099,10701.946770764362
forecast_2944,2025-05-03 16:00:00,13706.670097112516,12455.631344700316,11436.537595549842
forecast_2945,2025-05-03 17:00:00,12170.72906243322,11454.087386605672,9250.046695039728
forecast_2946,2025-05-03 18:00:00,12096.279912906477,11457.202649782137,10671.395209656843
forecast_2947,2025-05-03 19:00:00,12799.416297648473,12683.866695452594,10733.98286787382
forecast_2948,2025-05-03 20:00:00,14765.049896473807,14884.095866411548,12122.33895666662
forecast_2949,2025-05-03 21:00:00,13509.085605252261,14146.46255312434,11867.350016149025
forecast_2950,2025-05-03 22:00:00,14260.432259049952,13437.730443977041,11891.085576115904
forecast_2951,2025-05-03 23:00:00,14299.881329143953,13378.690285059636,12582.497331075489
forecast_2952,2025-05-04 00:00:00,14380.281767955685,15500.54517947188,11963.02900436218
forecast_2953,2025-05-04 01:00:00,14798.58178601595,15757.738706299771,12790.151302246657
forecast_2954,2025-05-04 02:00:00,14512.919679037977,14756.146615405787,12934.334215826231
forecast_2955,2025-05-04 03:00:00,14337.09473892961,13493.68583263954,12612.662603777646
forecast_2956,2025-05-04 04:00:00,14185.710524965305,14216.141688929216,10477.070073738516
forecast_2957,2025-05-04 05:00:00,15152.641510812708,15362.472138703057,9200.312564712363
forecast_2958,2025-05-04 06:00:00,15269.645410120815,15262.05608377653,9826.55097081416
forecast_2959,2025-05-04 07:00:00,14260.67072495186,14206.787163559322,9743.6574678477
forecast_2960,2025-05-04 08:00:00,14162.36129866031,14127.39964864032,8308.181973398596
forecast_2961,2025-05-04 09:00:00,13332.077034683529,13359.80399663398,8885.059122679997
forecast_2962,2025-05-04 10:00:00,13733.307874128523,13068.589036297659,9334.488710528
forecast_2963,2025-05-04 11:00:00,13988.518616349047,14270.628102955197,9761.02222633554
forecast_2964,2025-05-04 12:00:00,14455.954029926308,14224.059320296814,11133.237725057465
forecast_2965,2025-05-04 13:00:00,14627.953875958687,16288.78466534745,13390.143801205208
forecast_2966,2025-05-04 14:00:00,15552.182076332188,17237.577751150795,15132.21840962721
forecast_2967,2025-05-04 15:00:00,15262.42833695713,17390.662622936507,15223.266521110898
forecast_2968,2025-05-04 16:00:00,14603.943195522168,17229.04768736009,14812.275231548618
forecast_2969,2025-05-04 17:00:00,14916.452136865886,17622.002092764105,13567.526521650698
forecast_2970,2025-05-04 18:00:00,14746.733827193999,17039.964262557332,13047.739473420248
forecast_2971,2025-05-04 19:00:00,15287.924317467508,17025.297091012617,10951.181354923527
forecast_2972,2025-05-04 20:00:00,14209.118476075202,14200.855850425689,10385.842454285568
forecast_2973,2025-05-04 21:00:00,12801.935576372274,12170.229553349003,9081.71105736833
forecast_2974,2025-05-04 22:00:00,8359.960343599649,8293.374777127765,4830.9713138102325
forecast_2975,2025-05-04 23:00:00,5666.749460768724,5247.139713391475,2924.876025306327
forecast_2976,2025-05-05 00:00:00,4160.551291135017,4813.184465731126,2696.9013786595856
forecast_2977,2025-05-05 01:00:00,4544.809863116714,5322.584492633388,2282.9604143046286
forecast_2978,2025-05-05 02:00:00,2987.394087013136,3686.003114515909,2851.0609022605186
forecast_2979,2025-05-05 03:00:00,2594.1892848584976,3067.5412647235767,2559.426017700519
forecast_2980,2025-05-05 04:00:00,3226.6795538100323,3195.4101644453845,2982.0780755363094
forecast_2981,2025-05-05 05:00:00,1954.802284106218,1374.2021094736458,1750.9741574635036
forecast_2982,2025-05-05 06:00:00,512.1107232897314,438.7262691819292,258.90812675433364
forecast_2983,2025-05-05 07:00:00,612.6490758917404,495.8471280529609,167.67241137576133
forecast_2984,2025-05-05 08:00:00,67.24246392524257,227.83903748202044,0.0
forecast_2985,2025-05-05 09:00:00,132.74700405344117,179.0601563211119,33.63086423452716
forecast_2986,2025-05-05 10:00:00,0.0,24.301967153201623,40.963862005342754
forecast_2987,2025-05-05 11:00:00,0.0,0.0,11.41343333146861
forecast_2988,2025-05-05 12:00:00,0.0,59.27102378660456,42.250577843937066
forecast_2989,2025-05-05 13:00:00,209.10726808297994,139.0815709803674,328.877336322869
forecast_2990,2025-05-05 14:00:00,125.44935847515227,324.1870254189195,440.93735616121216
forecast_2991,2025-05-05 15:00:00,334.2355510803645,303.3373964444563,204.19673318123367
forecast_2992,2025-05-05 16:00:00,114.66395794752366,133.239418084413,75.78392376791464
forecast_2993,2025-05-05 17:00:00,332.5369886124662,259.8497382545482,148.3709485177249
forecast_2994,2025-05-05 18:00:00,693.8686833216893,716.6389634415374,295.98597481493204
forecast_2995,2025-05-05 19:00:00,2730.096703420642,3431.397726873766,1206.8110207669674
forecast_2996,2025-05-05 20:00:00,3777.014104921019,4019.03798613195,1630.2846072395262
forecast_2997,2025-05-05 21:00:00,2988.3616047379646,2847.661464741057,2106.2303950705727
forecast_2998,2025-05-05 22:00:00,3333.0269665475944,3547.7726978626956,1855.433333565672
forecast_2999,2025-05-05 23:00:00,2218.039682825226,1932.5512713722521,1080.9718046495345
forecast_3000,2025-05-06 00:00:00,3495.848146339444,3170.01845974499,1686.953937417249
forecast_3001,2025-05-06 01:00:00,1233.7179733782696,801.7926807794311,169.10435900403857
forecast_3002,2025-05-06 02:00:00,75.0539671803712,128.83266501187853,30.17564395389252
forecast_3003,2025-05-06 03:00:00,82.08892336279641,39.26772328213786,73.38547693125801
forecast_3004,2025-05-06 04:00:00,47.25727082564294,98.49535368580554,79.78264476941004
forecast_3005,2025-05-06 05:00:00,583.6953925428217,520.9202665048773,164.80463981405057
forecast_3006,2025-05-06 06:00:00,887.2048144480611,918.5499634382277,141.9526058815818
forecast_3007,2025-05-06 07:00:00,1361.556876251214,1342.748252659334,301.76661631463634
forecast_3008,2025-05-06 08:00:00,1183.4265469726977,1150.0908063406457,452.9836593928394
forecast_3009,2025-05-06 09:00:00,1252.1891417389747,940.9179540474428,353.36576574592084
forecast_3010,2025-05-06 10:00:00,746.7825535667703,534.2222509809759,194.26823734987443
forecast_3011,2025-05-06 11:00:00,217.2269689590316,335.0209114411752,185.12826421910432
forecast_3012,2025-05-06 12:00:00,207.18188453916255,319.66308249956336,240.13914352740446
forecast_3013,2025-05-06 13:00:00,462.89241964006203,563.916418320424,385.4855608314544
forecast_3014,2025-05-06 14:00:00,523.4638544571591,701.084733932815,293.84078277614117
forecast_3015,2025-05-06 15:00:00,395.61992239930845,412.2166934532061,370.30022055673487
forecast_3016,2025-05-06 16:00:00,206.78242354123236,400.07237491897644,179.51597100070407
forecast_3017,2025-05-06 17:00:00,187.5223726003409,365.84134083854013,131.41785520354472
forecast_3018,2025-05-06 18:00:00,127.77898912568065,186.50365427347992,114.00872035445812
forecast_3019,2025-05-06 19:00:00,57.76113709981233,174.11706559793305,82.104596971349
forecast_3020,2025-05-06 20:00:00,176.49584819712035,90.29434249278505,42.799340600519855
forecast_3021,2025-05-06 21:00:00,224.08877955427513,328.8332880691853,285.9931943856845
forecast_3022,2025-05-06 22:00:00,509.16649506916616,725.9239492861129,193.82225386497825
forecast_3023,2025-05-06 23:00:00,478.65414049997156,481.21871344840395,149.60755295741868
forecast_3024,2025-05-07 00:00:00,765.422759327471,525.5384690850991,413.0765259353255
forecast_3025,2025-05-07 01:00:00,1751.1589254310638,1320.394401255823,774.1334897880597
forecast_3026,2025-05-07 02:00:00,1578.908481559477,1293.4143276084537,788.3529298285451
forecast_3027,2025-05-07 03:00:00,1840.2157487476718,1184.068603120703,620.6958154116213
forecast_3028,2025-05-07 04:00:00,1603.583977959495,1057.1526008058736,529.4899129356139
forecast_3029,2025-05-07 05:00:00,1692.548547721929,1695.5133751741794,1248.5322174738944
forecast_3030,2025-05-07 06:00:00,1952.455762997064,1986.063735617214,1593.868870711534
forecast_3031,2025-05-07 07:00:00,2893.4380558839102,2021.2518551654198,2029.1098479620414
forecast_3032,2025-05-07 08:00:00,2356.6290737120344,1712.332088922758,1612.9449557426021
forecast_3033,2025-05-07 09:00:00,1541.0697605939224,1249.5428346471865,818.449083802784
forecast_3034,2025-05-07 10:00:00,1417.1736801755171,1102.9547509604774,625.9534150831095
forecast_3035,2025-05-07 11:00:00,998.8488334223723,748.7580530062637,470.3055840659147
forecast_3036,2025-05-07 12:00:00,1060.7697235976773,692.4047628327545,380.85165822263826
forecast_3037,2025-05-07 13:00:00,951.516001145066,944.2385336413962,787.0430499063733
forecast_3038,2025-05-07 14:00:00,965.9763900949001,1012.0011551414448,665.1784537500695
forecast_3039,2025-05-07 15:00:00,661.0838032972498,598.3737606254047,400.0780817638312
forecast_3040,2025-05-07 16:00:00,426.2490017658243,209.74045033098471,234.67657169777928
forecast_3041,2025-05-07 17:00:00,500.636665410418,476.71095089947704,229.72091185719847
forecast_3042,2025-05-07 18:00:00,511.43850514292507,389.34640964417406,44.424431236372094
forecast_3043,2025-05-07 19:00:00,1426.9452770838648,809.9524148645097,473.10713105640275
forecast_3044,2025-05-07 20:00:00,1556.1156189725357,1056.1245326279438,416.15168503508085
forecast_3045,2025-05-07 21:00:00,2715.8182942514086,2687.8998987860227,1627.2087779587368
forecast_3046,2025-05-07 22:00:00,3389.0288320231766,4297.319145671352,2361.529141536682
forecast_3047,2025-05-07 23:00:00,5578.793691165946,6230.511871856209,3849.708913743844
forecast_3048,2025-05-08 00:00:00,4128.303267537396,4076.328536586675,3149.1729638812562
forecast_3049,2025-05-08 01:00:00,3341.7572683814424,3885.1126745053975,2389.990616182473
forecast_3050,2025-05-08 02:00:00,4148.098375881937,4833.462625337342,2977.48755475373
forecast_3051,2025-05-08 03:00:00,7836.883425782945,7890.741748700222,4577.3848466075215
forecast_3052,2025-05-08 04:00:00,10626.552343003885,9412.806622519574,6047.227577669078
forecast_3053,2025-05-08 05:00:00,9522.922561166333,8947.361698334784,5278.182749150949
forecast_3054,2025-05-08 06:00:00,7544.009411287984,6803.184716742024,3887.3872336402073
forecast_3055,2025-05-08 07:00:00,4659.362736883708,3942.757142503483,2320.7171409525254
forecast_3056,2025-05-08 08:00:00,2597.2161343975417,2324.541792355258,2058.354792772512
forecast_3057,2025-05-08 09:00:00,549.7763401009572,652.5000776215883,354.1724195941424
forecast_3058,2025-05-08 10:00:00,389.79979002954025,508.11011283679363,279.5185114968265
forecast_3059,2025-05-08 11:00:00,165.1859345527075,142.71184157726248,209.85348186513178
forecast_3060,2025-05-08 12:00:00,336.2512502403655,377.17290895453345,472.5101412409103
forecast_3061,2025-05-08 13:00:00,335.4764656066452,372.7163885108777,654.6673616559357
forecast_3062,2025-05-08 14:00:00,1553.8384880395386,2785.006644889555,1314.221017516406
forecast_3063,2025-05-08 15:00:00,748.476107081454,1454.8762917967472,742.4519026350346
forecast_3064,2025-05-08 16:00:00,1112.2468449063886,2100.8077451959634,689.2237929784019
forecast_3065,2025-05-08 17:00:00,1265.394199907278,2590.739718440854,769.1487481754241
forecast_3066,2025-05-08 18:00:00,2198.2064050533018,3559.3315928336224,984.7402610764004
forecast_3067,2025-05-08 19:00:00,3561.2609957750587,4623.816567461402,2206.844439976963
forecast_3068,2025-05-08 20:00:00,2302.5532252732055,2198.8062047426642,1588.9730667456417
forecast_3069,2025-05-08 21:00:00,2443.371551151007,2577.2019475868474,1686.5384382428917
forecast_3070,2025-05-08 22:00:00,1976.4614719751085,2464.9557887598794,919.1942859455767
forecast_3071,2025-05-08 23:00:00,1491.0074379646314,1768.2669926569167,1055.0920993603772
forecast_3072,2025-05-09 00:00:00,3087.4301933944657,3628.903289922455,2259.0480828701347
forecast_3073,2025-05-09 01:00:00,5535.861751094988,7111.0420573748515,2807.0488904032673
forecast_3074,2025-05-09 02:00:00,5601.911401693364,7550.762522213501,3718.151208785315
forecast_3075,2025-05-09 03:00:00,4952.615730856676,5032.204667984183,2116.344982569074
forecast_3076,2025-05-09 04:00:00,4489.107988954431,5714.190318460589,3401.808093946912
forecast_3077,2025-05-09 05:00:00,3051.580850925094,3161.31921096121,973.0676536540293
forecast_3078,2025-05-09 06:00:00,2353.551746043029,2526.73061876944,1403.2093041891121
forecast_3079,2025-05-09 07:00:00,2169.1774709657843,1840.6174760851059,591.2912473586806
forecast_3080,2025-05-09 08:00:00,2052.1447206287366,1901.2960098682604,480.37174986196555
forecast_3081,2025-05-09 09:00:00,1922.6273135259084,1764.1226229942035,638.7944353804374
forecast_3082,2025-05-09 10:00:00,2491.5302344252364,2094.3332888818354,1340.9054055071115
forecast_3083,2025-05-09 11:00:00,2829.1479547489603,3386.2090076593663,1328.4319696709324
forecast_3084,2025-05-09 12:00:00,4974.0516686132105,6401.213804056371,3370.313878935047
forecast_3085,2025-05-09 13:00:00,6805.086340104231,7762.305861948241,5961.814851922388
forecast_3086,2025-05-09 14:00:00,10775.917480216853,11479.864864507017,9718.89886988712
forecast_3087,2025-05-09 15:00:00,10678.077594367285,11579.652917366855,9517.605006844073
forecast_3088,2025-05-09 16:00:00,10828.505654674187,12196.800382543854,11219.728060410504
forecast_3089,2025-05-09 17:00:00,12660.18783278745,13926.890869031686,13822.179065650438
forecast_3090,2025-05-09 18:00:00,10175.86928984531,11705.716964595274,10277.411022545104
forecast_3091,2025-05-09 19:00:00,8533.830363034089,9665.781370889948,6418.645058935248
forecast_3092,2025-05-09 20:00:00,6523.5836747767125,6022.290734106674,3279.795152508461
forecast_3093,2025-05-09 21:00:00,3453.659365344264,3441.069679613389,1157.0667415777637
forecast_3094,2025-05-09 22:00:00,1672.4884974413949,1752.2763510402565,780.5336976256734
forecast_3095,2025-05-09 23:00:00,4125.070821543482,3864.7216392046266,1617.3966956793895
forecast_3096,2025-05-10 00:00:00,5161.975414398445,5982.444051755623,3003.718006307501
forecast_3097,2025-05-10 01:00:00,10576.287476379524,13259.937407250136,6853.542812243317
forecast_3098,2025-05-10 02:00:00,12822.419840716046,15160.72457520838,9599.041459236225
forecast_3099,2025-05-10 03:00:00,12445.791593759786,15253.138165254346,11290.233785771574
forecast_3100,2025-05-10 04:00:00,13429.426641512748,15931.33625333548,12700.177251488203
forecast_3101,2025-05-10 05:00:00,13502.145042598288,15617.788766484206,12249.485494364439
forecast_3102,2025-05-10 06:00:00,16643.360267146523,17567.3286697792,14134.361941806439
forecast_3103,2025-05-10 07:00:00,18671.988126474367,19297.744233882215,16226.51096816972
forecast_3104,2025-05-10 08:00:00,18603.78722290341,19368.401977434958,17258.09747020975
forecast_3105,2025-05-10 09:00:00,19441.404229987045,19225.49290085826,17953.060323394657
forecast_3106,2025-05-10 10:00:00,19594.190530452306,19146.76716668534,18789.39857894408
forecast_3107,2025-05-10 11:00:00,18992.9739606756,18437.473265119053,17056.716241998787
forecast_3108,2025-05-10 12:00:00,19022.130100847688,18187.45046818007,17186.36922180032
forecast_3109,2025-05-10 13:00:00,18264.40930126311,17759.877658750476,16955.383149613845
forecast_3110,2025-05-10 14:00:00,17951.667193655117,18171.348054818915,16911.54278664666
forecast_3111,2025-05-10 15:00:00,16610.836145588157,17497.720710032412,16274.62946953683
forecast_3112,2025-05-10 16:00:00,16388.370294844815,17619.9548000328,16228.278412391814
forecast_3113,2025-05-10 17:00:00,14922.868897288954,16243.704888491811,15532.482795803979
forecast_3114,2025-05-10 18:00:00,13937.387009159296,13620.88247193813,11498.816312527966
forecast_3115,2025-05-10 19:00:00,11652.54881054874,11856.108555291126,9822.31114153719
forecast_3116,2025-05-10 20:00:00,9607.978688843625,9785.614935371457,8947.927782397368
forecast_3117,2025-05-10 21:00:00,7322.526508652736,7396.411794791881,5169.067429227492
forecast_3118,2025-05-10 22:00:00,7315.439609830495,8393.859119513314,5360.182922388343
forecast_3119,2025-05-10 23:00:00,7988.579447381929,8165.699323242291,3798.8997803570373
forecast_3120,2025-05-11 00:00:00,6227.821432788927,6373.576801012089,2699.6709272334715
forecast_3121,2025-05-11 01:00:00,7142.265478000045,7101.3326074570905,5140.583276979076
forecast_3122,2025-05-11 02:00:00,6420.063032727175,6777.806636022599,5089.011676346007
forecast_3123,2025-05-11 03:00:00,5527.209161903174,6231.356384886739,4128.1808729043005
forecast_3124,2025-05-11 04:00:00,5666.97344897831,5789.321923034617,4701.357410388752
forecast_3125,2025-05-11 05:00:00,6336.497958868733,6910.681354107072,5505.837789458835
forecast_3126,2025-05-11 06:00:00,4795.5424744382035,5421.965728518739,3782.1517602121735
forecast_3127,2025-05-11 07:00:00,3548.0729694599468,3038.252836868476,2188.207354576142
forecast_3128,2025-05-11 08:00:00,3474.130703407885,2524.9690240393065,1891.8537952588265
forecast_3129,2025-05-11 09:00:00,1630.42355471332,944.5027640117033,782.9101034922259
forecast_3130,2025-05-11 10:00:00,156.3555124385953,287.43579189458023,8.928873827407498
forecast_3131,2025-05-11 11:00:00,243.3849716959708,304.73546099692624,92.0638197927441
forecast_3132,2025-05-11 12:00:00,524.5526651524593,445.4771642572267,214.9169662803526
forecast_3133,2025-05-11 13:00:00,756.0102343977479,749.9811777399481,320.8351366658653
forecast_3134,2025-05-11 14:00:00,1848.5202190281695,1691.6946775333688,964.6616348165102
forecast_3135,2025-05-11 15:00:00,2057.136896905653,1941.4321988559416,1674.1168420871265
forecast_3136,2025-05-11 16:00:00,2331.002469879333,2333.9757366701565,1653.4807606825511
forecast_3137,2025-05-11 17:00:00,3344.2860391912154,3552.4088240606184,2444.3131136520565
forecast_3138,2025-05-11 18:00:00,4823.47502993796,4432.76887311967,2109.7120346159286
forecast_3139,2025-05-11 19:00:00,3875.1871749255374,3913.4374687869217,2956.4358532799056
forecast_3140,2025-05-11 20:00:00,4066.0792860958068,4880.416924031174,3295.1883159143213
forecast_3141,2025-05-11 21:00:00,7097.503676189739,7651.613337339793,7168.421140025372
forecast_3142,2025-05-11 22:00:00,9449.748225899395,9287.397952098507,8121.599394332317
forecast_3143,2025-05-11 23:00:00,10613.645089150514,12393.056995060399,9725.724766754183
forecast_3144,2025-05-12 00:00:00,12995.4941462519,14140.414781874553,12207.186550459295
forecast_3145,2025-05-12 01:00:00,12783.787404837492,14905.887950114808,11903.744401713491
forecast_3146,2025-05-12 02:00:00,14299.79659934576,15529.90315269582,12299.270852689477
forecast_3147,2025-05-12 03:00:00,14201.053233080727,15067.647992238855,13153.241470506964
forecast_3148,2025-05-12 04:00:00,14339.71637709705,14569.989890705547,13040.851467421742
forecast_3149,2025-05-12 05:00:00,13596.114801250833,12920.276223295528,13168.850659704698
forecast_3150,2025-05-12 06:00:00,13236.746443469368,12579.786922070014,10879.776927144572
forecast_3151,2025-05-12 07:00:00,11417.979712907574,12613.721602671485,10010.021021268762
forecast_3152,2025-05-12 08:00:00,10461.278325252024,10631.987574430845,8530.21428224442
forecast_3153,2025-05-12 09:00:00,9914.712657382986,10396.080733661787,7754.6226832796
forecast_3154,2025-05-12 10:00:00,9668.978064448642,8693.42375178555,6889.011412065602
forecast_3155,2025-05-12 11:00:00,7363.844362004062,6231.785559781158,5175.8561384731875
forecast_3156,2025-05-12 12:00:00,6438.3078400897275,6283.449247260789,5680.129972731221
forecast_3157,2025-05-12 13:00:00,8241.785552712796,6992.694492768398,5903.004289716393
forecast_3158,2025-05-12 14:00:00,6820.2693317685535,6788.532616137301,5605.028791604026
forecast_3159,2025-05-12 15:00:00,6590.955513816783,5719.403669144992,5006.412038949677
forecast_3160,2025-05-12 16:00:00,6869.097458875386,5935.594830622832,5510.439367403865
forecast_3161,2025-05-12 17:00:00,7553.883132270652,6348.065061798641,5304.5933451633355
forecast_3162,2025-05-12 18:00:00,7333.159617188071,5991.746212180466,5415.876700184435
forecast_3163,2025-05-12 19:00:00,10067.086489324576,8767.451204165494,8073.96626783456
forecast_3164,2025-05-12 20:00:00,13377.050043368468,11697.728242152521,11528.697889995285
forecast_3165,2025-05-12 21:00:00,15037.244878956233,14656.774984911364,12668.549506618081
forecast_3166,2025-05-12 22:00:00,17423.1913979042,17246.183591221452,14812.451398062609
forecast_3167,2025-05-12 23:00:00,17612.31754247282,17298.22481735889,15455.290738813725
forecast_3168,2025-05-13 00:00:00,18022.618267445912,18114.50000421705,16408.295643648933
forecast_3169,2025-05-13 01:00:00,20659.414936836303,18663.803472947176,18016.84099961606
forecast_3170,2025-05-13 02:00:00,20385.243920319816,18956.853551449323,17427.486856766896
forecast_3171,2025-05-13 03:00:00,19348.21749785564,18462.297419488845,16961.61380403724
forecast_3172,2025-05-13 04:00:00,17902.595750008422,18130.31929624679,15932.307955178543
forecast_3173,2025-05-13 05:00:00,17754.34784169787,18103.679867637387,16190.914573362157
forecast_3174,2025-05-13 06:00:00,16012.573126760331,17462.762001940864,16344.889490877847
forecast_3175,2025-05-13 07:00:00,16734.175891573006,17548.892015278318,15151.182442367573
forecast_3176,2025-05-13 08:00:00,14518.900503026878,16401.579471036086,14377.441347131242
forecast_3177,2025-05-13 09:00:00,13318.390395284578,15536.311765763929,14006.418443170676
forecast_3178,2025-05-13 10:00:00,13445.010622063151,15973.807584710292,14338.318047246084
forecast_3179,2025-05-13 11:00:00,12678.07663504483,15802.614729469551,13826.682064115066
forecast_3180,2025-05-13 12:00:00,12791.552715579566,15651.28441796801,13953.947727071129
forecast_3181,2025-05-13 13:00:00,12080.935234750501,15221.799754265066,13836.052210651429
forecast_3182,2025-05-13 14:00:00,12203.083376629529,14484.211523809523,13059.796882965238
forecast_3183,2025-05-13 15:00:00,11859.377089710328,13948.587521360138,12403.546548924072
forecast_3184,2025-05-13 16:00:00,11427.66257279949,13354.13605431979,11374.365813522301
forecast_3185,2025-05-13 17:00:00,11994.9016348343,14439.148394700298,12887.652588856245
forecast_3186,2025-05-13 18:00:00,13083.279864555625,15108.67402613887,13537.567472286826
forecast_3187,2025-05-13 19:00:00,15351.288671785911,16701.68979325336,14917.875185797127
forecast_3188,2025-05-13 20:00:00,17649.11535363302,18139.887572067895,16696.569023269814
forecast_3189,2025-05-13 21:00:00,17417.531785776362,17821.23581726598,16825.79961301315
forecast_3190,2025-05-13 22:00:00,17932.925738429607,18553.4363929618,17266.017762432642
forecast_3191,2025-05-13 23:00:00,18033.334252422082,18723.232819474317,17073.29883643595
forecast_3192,2025-05-14 00:00:00,18477.7588421483,18832.418676900765,17363.847087676877
forecast_3193,2025-05-14 01:00:00,18860.39925209911,18604.53431711339,16902.01269336385
forecast_3194,2025-05-14 02:00:00,19677.37258613702,19217.45206050155,16324.981194164642
forecast_3195,2025-05-14 03:00:00,20195.144312411943,19352.856046685993,16718.595491160042
forecast_3196,2025-05-14 04:00:00,20415.446010544798,19665.5989141444,16433.90334765144
forecast_3197,2025-05-14 05:00:00,20475.2208740875,19053.090368460136,16773.01267512675
forecast_3198,2025-05-14 06:00:00,19777.35166583501,18899.266494796826,15401.858165392474
forecast_3199,2025-05-14 07:00:00,16746.984517662884,17094.043805102905,11514.401781823406
forecast_3200,2025-05-14 08:00:00,14503.662790636832,14567.152315967556,9224.224296823466
forecast_3201,2025-05-14 09:00:00,11421.248881873722,11195.165314202563,7304.762099687304
forecast_3202,2025-05-14 10:00:00,8268.455300406189,7630.6550645671405,7302.816985889638
forecast_3203,2025-05-14 11:00:00,5575.724571862713,4694.600060051878,5832.446754088069
forecast_3204,2025-05-14 12:00:00,4157.25896384765,3730.7513689827188,3817.9205480158157
forecast_3205,2025-05-14 13:00:00,3814.448567507675,3357.8037322329665,3448.7145172870896
forecast_3206,2025-05-14 14:00:00,4045.6993820966145,3230.573211272629,3006.3281630776737
forecast_3207,2025-05-14 15:00:00,4376.459897676098,4352.332378005723,3660.4091342971287
forecast_3208,2025-05-14 16:00:00,4903.8078353085075,3763.3624871602697,3475.0717144050946
forecast_3209,2025-05-14 17:00:00,3868.9141945435986,4253.4636414575125,3056.9037357631123
forecast_3210,2025-05-14 18:00:00,3552.2011646551323,4160.184367915519,2983.110083204067
forecast_3211,2025-05-14 19:00:00,5180.251369150128,7203.466691742936,4591.357967328543
forecast_3212,2025-05-14 20:00:00,6868.267383485763,8804.173545793852,5651.656706104689
forecast_3213,2025-05-14 21:00:00,7994.509325627013,10200.24416778383,5805.87897975845
forecast_3214,2025-05-14 22:00:00,8043.540820151027,11105.516550149023,6714.346308073196
forecast_3215,2025-05-14 23:00:00,6750.2245482009175,9614.070715403961,5713.947297268003
forecast_3216,2025-05-15 00:00:00,7604.16291459376,9911.240707184585,6760.894627484072
forecast_3217,2025-05-15 01:00:00,9229.004403167824,12214.955409602237,8538.646942244872
forecast_3218,2025-05-15 02:00:00,9376.873499961572,12886.395204630091,9482.609173113427
forecast_3219,2025-05-15 03:00:00,9658.240409749753,12433.964835658988,8953.811390719233
forecast_3220,2025-05-15 04:00:00,10520.079333618361,13789.500859595622,9343.296592490462
forecast_3221,2025-05-15 05:00:00,10709.540929453997,13679.426625411274,10473.227372855212
forecast_3222,2025-05-15 06:00:00,13322.856842210773,16049.953852498636,12808.030851928846
forecast_3223,2025-05-15 07:00:00,15779.702295847272,17646.821248493325,15986.935456114841
forecast_3224,2025-05-15 08:00:00,16463.22619874731,18281.838362810995,16123.58524138152
forecast_3225,2025-05-15 09:00:00,14316.14856710162,16924.489397938036,15312.086251813973
forecast_3226,2025-05-15 10:00:00,13754.003254302694,15906.475049827743,14149.345624784051
forecast_3227,2025-05-15 11:00:00,12469.17290687508,13938.738001466061,11674.364731399492
forecast_3228,2025-05-15 12:00:00,12121.717137236288,13598.198725890026,11605.07285423918
forecast_3229,2025-05-15 13:00:00,13732.914587213882,16353.771152552203,15030.369025895205
forecast_3230,2025-05-15 14:00:00,16914.24312558469,18239.407784054954,16604.92847622656
forecast_3231,2025-05-15 15:00:00,16654.507516507063,18428.563173563,16228.857751070642
forecast_3232,2025-05-15 16:00:00,16278.424595079065,18031.238697717865,15208.951695341937
forecast_3233,2025-05-15 17:00:00,15448.503729069942,17393.948094083695,15375.43674165666
forecast_3234,2025-05-15 18:00:00,16277.630938135713,17692.622288106795,16121.889023757867
forecast_3235,2025-05-15 19:00:00,15904.556868064463,16832.149737858555,15479.539814550168
forecast_3236,2025-05-15 20:00:00,15267.703349195739,16269.820706796332,14332.322340942119
forecast_3237,2025-05-15 21:00:00,16683.048027675588,16116.560709221456,16077.983052426775
forecast_3238,2025-05-15 22:00:00,16754.164931358726,17332.526265440807,15983.766719892528
forecast_3239,2025-05-15 23:00:00,14441.849621758545,15411.185592005859,15000.126101822063
forecast_3240,2025-05-16 00:00:00,14624.401001816303,16207.013604121663,15127.18962860555
forecast_3241,2025-05-16 01:00:00,15933.613096641684,16269.136252133452,15973.834377769694
forecast_3242,2025-05-16 02:00:00,16566.316831990487,17495.937604295286,16429.566976045935
forecast_3243,2025-05-16 03:00:00,16216.651696090064,17137.22708624786,15293.82474355192
forecast_3244,2025-05-16 04:00:00,16985.345971739822,17386.41780035378,15340.185997659526
forecast_3245,2025-05-16 05:00:00,16514.991667396924,16353.859185597421,15517.680731880584
forecast_3246,2025-05-16 06:00:00,15403.663476530923,16336.169319331784,15629.259563334035
forecast_3247,2025-05-16 07:00:00,14463.148507039099,15393.733604012594,13731.58610666805
forecast_3248,2025-05-16 08:00:00,13316.6403108667,15267.746835680891,13061.635128622485
forecast_3249,2025-05-16 09:00:00,12302.058767588896,14140.626639478147,12629.894134534134
forecast_3250,2025-05-16 10:00:00,11324.185902181116,12833.967768982837,10911.784699633556
forecast_3251,2025-05-16 11:00:00,8439.203989102547,9603.734401888238,7854.0320508690365
forecast_3252,2025-05-16 12:00:00,8316.53030192045,8154.017934550325,6508.641760505192
forecast_3253,2025-05-16 13:00:00,6613.757617424951,5598.358826737558,4596.52079458472
forecast_3254,2025-05-16 14:00:00,5660.495498860175,5630.516988699712,4401.242595365865
forecast_3255,2025-05-16 15:00:00,5779.998043537392,6660.01936422239,3821.5307723398587
forecast_3256,2025-05-16 16:00:00,6260.906198873476,6278.707362586716,4622.529471700821
forecast_3257,2025-05-16 17:00:00,6781.9929275053,7068.589010025953,4852.374280397991
forecast_3258,2025-05-16 18:00:00,4631.75759453132,6381.8746040769975,3539.8425168665535
forecast_3259,2025-05-16 19:00:00,5034.330254432087,6335.775172999907,3414.9743680372935
forecast_3260,2025-05-16 20:00:00,4909.845232775585,5448.068297730967,2865.50999409216
forecast_3261,2025-05-16 21:00:00,3760.9004127412627,3645.5562224454684,1818.7870275665748
forecast_3262,2025-05-16 22:00:00,3617.8575303868265,3802.1923614663697,1367.6122472113866
forecast_3263,2025-05-16 23:00:00,4102.957221143616,4834.353222568669,3086.120727130216
forecast_3264,2025-05-17 00:00:00,2596.8785918619974,2994.9345317644047,1494.388235206805
forecast_3265,2025-05-17 01:00:00,3645.137150594541,4477.910805321722,2006.2111272378918
forecast_3266,2025-05-17 02:00:00,3918.063408047925,4976.023450103768,2606.6144157998338
forecast_3267,2025-05-17 03:00:00,2929.747148010585,3373.0520710952765,1419.5550574910305
forecast_3268,2025-05-17 04:00:00,2128.6158150935976,2064.7896761763645,1138.0019949723744
forecast_3269,2025-05-17 05:00:00,2311.608107958894,2204.9661960505314,1344.045524638408
forecast_3270,2025-05-17 06:00:00,1072.2491093953906,1116.917545763318,665.5512188620207
forecast_3271,2025-05-17 07:00:00,888.7020899782707,664.2570720784165,241.09859669633414
forecast_3272,2025-05-17 08:00:00,1592.1709943351714,1108.551923495405,509.7503774287475
forecast_3273,2025-05-17 09:00:00,2746.8330394097857,2511.711464516353,961.4913643109388
forecast_3274,2025-05-17 10:00:00,3530.3836399831885,3494.4598923759027,2344.975433053905
forecast_3275,2025-05-17 11:00:00,3807.176090802891,3847.7789787636066,2312.8746884142756
forecast_3276,2025-05-17 12:00:00,3671.5969074219634,4098.016197737639,3394.875443607895
forecast_3277,2025-05-17 13:00:00,6709.941711087047,6102.60862787297,6429.852013460526
forecast_3278,2025-05-17 14:00:00,9105.268341204528,9301.239133434863,8949.661210244558
forecast_3279,2025-05-17 15:00:00,10791.824564648956,12856.347165074292,12315.442971335407
forecast_3280,2025-05-17 16:00:00,13598.099352825988,13967.489630834014,13397.778076749362
forecast_3281,2025-05-17 17:00:00,15313.394315352907,17272.87897606319,15905.124701766506
forecast_3282,2025-05-17 18:00:00,16848.499563358386,18323.71739590703,16816.697373992465
forecast_3283,2025-05-17 19:00:00,17763.218600734926,18767.817693110886,16983.081970218893
forecast_3284,2025-05-17 20:00:00,18188.234030481733,18832.874686865638,15757.412408306936
forecast_3285,2025-05-17 21:00:00,18653.665089691793,18955.596150583093,16731.135251526393
forecast_3286,2025-05-17 22:00:00,19444.79215143515,18573.76662950238,15990.106496552755
forecast_3287,2025-05-17 23:00:00,19468.895365700624,19136.320776647204,14824.39361284893
forecast_3288,2025-05-18 00:00:00,18825.355332202664,19079.736248681256,14468.52858645769
forecast_3289,2025-05-18 01:00:00,18029.656241554123,18133.201259031764,13361.713079141933
forecast_3290,2025-05-18 02:00:00,17395.309689524027,16858.60092959465,11572.524674389577
forecast_3291,2025-05-18 03:00:00,13472.733009436786,13954.55905196015,8632.207255825226
forecast_3292,2025-05-18 04:00:00,11944.505388179883,11826.85035850483,8270.775054353831
forecast_3293,2025-05-18 05:00:00,11641.688718685258,11390.537370105672,9561.440791970128
forecast_3294,2025-05-18 06:00:00,5843.4204749709825,6680.5042102956695,3290.5672551365838
forecast_3295,2025-05-18 07:00:00,3714.438562863138,3604.5601072706795,1435.4522768714648
forecast_3296,2025-05-18 08:00:00,1301.5279825728205,1261.7453405011079,670.0112337066912
forecast_3297,2025-05-18 09:00:00,628.2290041950845,482.84958204608796,127.09083063136134
forecast_3298,2025-05-18 10:00:00,394.409345944444,266.7326119264073,94.42537497401254
forecast_3299,2025-05-18 11:00:00,512.8991970869962,388.8072004332736,376.9838023121602
forecast_3300,2025-05-18 12:00:00,1415.5884662535364,1498.3956425895467,595.5277296101998
forecast_3301,2025-05-18 13:00:00,3063.22084803092,2712.9554361830183,1360.1587187524408
forecast_3302,2025-05-18 14:00:00,2786.313263185344,2703.668758600031,2123.058846725662
forecast_3303,2025-05-18 15:00:00,3909.8813963013054,3302.684639410837,3039.464009119694
forecast_3304,2025-05-18 16:00:00,3409.6065879753405,3332.2513133577045,3035.24849905889
forecast_3305,2025-05-18 17:00:00,4828.1020519791,4448.968431061174,4502.261464845372
forecast_3306,2025-05-18 18:00:00,5830.6469855683445,4642.698409594211,5636.302310127898
forecast_3307,2025-05-18 19:00:00,7347.969683026993,7884.786390572121,7239.825423913143
forecast_3308,2025-05-18 20:00:00,11038.051363399596,10234.218608996962,10313.21484940255
forecast_3309,2025-05-18 21:00:00,11294.383063365753,11168.4959330764,11356.88217463936
forecast_3310,2025-05-18 22:00:00,12791.45011180655,13222.526972959356,11913.42988754711
forecast_3311,2025-05-18 23:00:00,12641.383180329669,12621.157626864802,10877.127303204312
forecast_3312,2025-05-19 00:00:00,12893.668872533226,13913.284955274285,12011.873395826688
forecast_3313,2025-05-19 01:00:00,10816.195376931226,11997.905568059627,8108.771573847816
forecast_3314,2025-05-19 02:00:00,7736.262703960246,11399.923016037894,6201.845582304959
forecast_3315,2025-05-19 03:00:00,7006.245705350049,10495.069860422242,5730.516515327802
forecast_3316,2025-05-19 04:00:00,7698.107852787507,11174.56148426169,5290.318544180332
forecast_3317,2025-05-19 05:00:00,8626.088506300306,12008.595461281255,5394.56220464713
forecast_3318,2025-05-19 06:00:00,7115.650573728098,11648.977248647372,6025.292710458109
forecast_3319,2025-05-19 07:00:00,7810.453452271363,11588.822552693975,6458.034623669735
forecast_3320,2025-05-19 08:00:00,10754.757229504476,12365.89699246638,9909.281746252842
forecast_3321,2025-05-19 09:00:00,11220.06506740534,12695.68918759738,10134.873941502063
forecast_3322,2025-05-19 10:00:00,11906.743906547994,14480.805424521819,13349.155444493077
forecast_3323,2025-05-19 11:00:00,13355.18195524496,14934.312368122324,14045.90863449205
forecast_3324,2025-05-19 12:00:00,14048.645278427697,15737.244541836668,14415.692258431567
forecast_3325,2025-05-19 13:00:00,14977.804803772558,16907.963784502466,14871.993011507411
forecast_3326,2025-05-19 14:00:00,14034.344349499983,16978.387485414314,15255.095959885824
forecast_3327,2025-05-19 15:00:00,15224.556084505988,16908.355564992722,16062.412724031714
forecast_3328,2025-05-19 16:00:00,15401.449238252439,17004.634511682638,16372.033717627268
forecast_3329,2025-05-19 17:00:00,15858.284503345301,17324.912942547595,17478.15392539394
forecast_3330,2025-05-19 18:00:00,17324.562332890044,17660.838432940855,17396.188213782378
forecast_3331,2025-05-19 19:00:00,18213.668205720493,17972.117401816515,16752.667721558835
forecast_3332,2025-05-19 20:00:00,18190.00591241735,18323.280919488094,16518.38396403426
forecast_3333,2025-05-19 21:00:00,18864.156364270842,18779.976948650845,16589.26488428896
forecast_3334,2025-05-19 22:00:00,18785.07028283471,18520.549432630476,16702.739297124004
forecast_3335,2025-05-19 23:00:00,17018.860701266887,17402.73460806782,16020.747650967971
forecast_3336,2025-05-20 00:00:00,16857.531161058334,17821.519691432328,16692.48113094614
forecast_3337,2025-05-20 01:00:00,17110.62939342697,17904.81884783082,16805.569054795396
forecast_3338,2025-05-20 02:00:00,17377.15539720037,18249.59226630404,17959.259745764266
forecast_3339,2025-05-20 03:00:00,16799.564857807138,17915.605173083237,17927.601620092155
forecast_3340,2025-05-20 04:00:00,17598.973371523018,18772.39900087304,16864.962024021173
forecast_3341,2025-05-20 05:00:00,17656.498912661646,19179.695954582523,16858.110295659888
forecast_3342,2025-05-20 06:00:00,17855.505747425068,18791.667611353147,17235.615376232065
forecast_3343,2025-05-20 07:00:00,16860.358498362762,17514.444847626684,17227.437666430425
forecast_3344,2025-05-20 08:00:00,16590.092469885974,17261.64898559981,16435.563066532715
forecast_3345,2025-05-20 09:00:00,15996.591439925107,17229.048715403715,15853.09212753175
forecast_3346,2025-05-20 10:00:00,12843.83926361815,14698.678140397038,13651.002418652075
forecast_3347,2025-05-20 11:00:00,12498.34804348218,14078.80149302721,12445.72918361613
forecast_3348,2025-05-20 12:00:00,11416.32684005547,13545.018185885727,12505.638231264706
forecast_3349,2025-05-20 13:00:00,11818.731036760473,13017.988566358395,12480.017245215235
forecast_3350,2025-05-20 14:00:00,12906.332944494237,14096.299643483755,13170.014647644492
forecast_3351,2025-05-20 15:00:00,13212.249263678113,14980.581752261996,14901.257052178353
forecast_3352,2025-05-20 16:00:00,13762.692658374363,15213.721283355748,15158.610582999278
forecast_3353,2025-05-20 17:00:00,13790.668564464262,15485.446672748085,15564.295831810146
forecast_3354,2025-05-20 18:00:00,15009.491314371971,15877.83834629082,16630.890586558315
forecast_3355,2025-05-20 19:00:00,15822.531454102784,17155.781564954745,17175.50893779287
forecast_3356,2025-05-20 20:00:00,15809.26593744288,16770.037958727764,17724.86750800812
forecast_3357,2025-05-20 21:00:00,15642.943691653762,16105.771187088118,16478.377471243915
forecast_3358,2025-05-20 22:00:00,15852.79094460227,16794.248882883097,16898.675054443054
forecast_3359,2025-05-20 23:00:00,16578.379191868273,17502.8193642783,17412.27244447452
forecast_3360,2025-05-21 00:00:00,16642.936355354395,17333.404991706782,17424.185282279544
forecast_3361,2025-05-21 01:00:00,14857.846112875473,15481.209836921269,15643.420285249882
forecast_3362,2025-05-21 02:00:00,14281.440367963514,15384.203029555398,15589.342940661712
forecast_3363,2025-05-21 03:00:00,15272.572352563127,15875.018934018402,14273.349095129985
forecast_3364,2025-05-21 04:00:00,15929.131587650774,15786.791669577362,12728.073720780492
forecast_3365,2025-05-21 05:00:00,13166.101687650093,13175.65527800123,9017.328291015392
forecast_3366,2025-05-21 06:00:00,9024.195561851444,9708.773198958352,5121.8745157790045
forecast_3367,2025-05-21 07:00:00,3475.3681647449716,4999.106843223308,2597.144007770364
forecast_3368,2025-05-21 08:00:00,3218.508491100572,3718.9849162413157,2431.0794790908512
forecast_3369,2025-05-21 09:00:00,1962.2109006487442,2225.057132561541,1442.9927959569072
forecast_3370,2025-05-21 10:00:00,1415.9038742236678,1540.7462738441368,610.8245730500518
forecast_3371,2025-05-21 11:00:00,368.8629063152644,501.99992898434033,152.54342835728704
forecast_3372,2025-05-21 12:00:00,363.17288003584804,348.23606384716874,604.4970172957228
forecast_3373,2025-05-21 13:00:00,743.1162748425096,425.1583090997391,612.9702401630686
forecast_3374,2025-05-21 14:00:00,601.7164632533611,347.2129708058291,632.645588251172
forecast_3375,2025-05-21 15:00:00,375.13589340363666,301.3653862178505,575.595260331746
forecast_3376,2025-05-21 16:00:00,264.27080032433963,452.2708585826896,571.4752703311824
forecast_3377,2025-05-21 17:00:00,545.1874465825395,500.1224847358891,276.19775551448055
forecast_3378,2025-05-21 18:00:00,485.6534840333324,319.4361464223224,83.94445577518545
forecast_3379,2025-05-21 19:00:00,640.8188249077192,465.44610942703235,143.67564433885212
forecast_3380,2025-05-21 20:00:00,712.3756989808746,563.0614191939821,204.98754165585862
forecast_3381,2025-05-21 21:00:00,789.1523591563663,747.3621401385298,200.2461969967841
forecast_3382,2025-05-21 22:00:00,765.8644868817983,772.2550825102068,195.4261705267333
forecast_3383,2025-05-21 23:00:00,548.9160754527195,463.8786647081886,247.1290995043772
forecast_3384,2025-05-22 00:00:00,444.35285629090015,488.6830559264,426.50791478709436
forecast_3385,2025-05-22 01:00:00,931.6773431259679,933.5568279546637,429.34835183713295
forecast_3386,2025-05-22 02:00:00,629.1667228975476,628.1277396353745,366.476329384841
forecast_3387,2025-05-22 03:00:00,846.4307628694517,1149.9677496773616,706.0071316753312
forecast_3388,2025-05-22 04:00:00,862.9896134773974,1000.4186568926674,349.9571677332997
forecast_3389,2025-05-22 05:00:00,851.8643279256204,715.7324310691818,412.04585561599424
forecast_3390,2025-05-22 06:00:00,779.7783035357044,882.7939807520511,626.6302720524476
forecast_3391,2025-05-22 07:00:00,795.9110008572274,779.9647118717883,639.3221718341936
forecast_3392,2025-05-22 08:00:00,1086.9262726236466,1070.139754193389,524.7812957572415
forecast_3393,2025-05-22 09:00:00,1459.3421213344084,1540.3548128256052,923.3674584334747
forecast_3394,2025-05-22 10:00:00,2587.951940440293,2556.260719230624,1482.861104348742
forecast_3395,2025-05-22 11:00:00,2107.579701774834,2600.7468516537815,1531.1119618884165
forecast_3396,2025-05-22 12:00:00,1527.2866061406182,2598.1724277345493,1711.4109462332387
forecast_3397,2025-05-22 13:00:00,1667.5618046173447,2813.4450032967898,1590.0600078271511
forecast_3398,2025-05-22 14:00:00,1486.3835330452814,2166.4848457794324,1394.364517234683
forecast_3399,2025-05-22 15:00:00,1271.0843214712283,1653.0421557647196,950.6369253131796
forecast_3400,2025-05-22 16:00:00,624.3465589352769,1034.0540281197864,502.9598591082598
forecast_3401,2025-05-22 17:00:00,473.1346440921334,505.397301923877,291.6832379464892
forecast_3402,2025-05-22 18:00:00,128.29857015275724,262.0589706885422,160.10381148411145
forecast_3403,2025-05-22 19:00:00,385.719287652517,371.324258534477,131.40594463088777
forecast_3404,2025-05-22 20:00:00,638.5660824583933,483.9690216670256,181.35270814500623
forecast_3405,2025-05-22 21:00:00,1468.0612390963788,901.4752304349481,303.98218745323453
forecast_3406,2025-05-22 22:00:00,1928.9711090568876,1458.8086569439097,247.34341088125342
forecast_3407,2025-05-22 23:00:00,2044.531586538352,1579.7127072521453,291.79124661521365
forecast_3408,2025-05-23 00:00:00,1861.284240713179,1380.8178440284169,330.575939980442
forecast_3409,2025-05-23 01:00:00,2516.2671973595707,1446.0607660700352,490.9698207043817
forecast_3410,2025-05-23 02:00:00,3467.694211987034,2146.0580027193796,579.3751755238503
forecast_3411,2025-05-23 03:00:00,2823.722125806507,1737.0604893761956,437.6454555869858
forecast_3412,2025-05-23 04:00:00,3345.872282466471,2605.538877508945,804.9787844147451
forecast_3413,2025-05-23 05:00:00,3434.894128831172,2601.221584149372,680.4656237827876
forecast_3414,2025-05-23 06:00:00,3367.5120443364603,2671.9667460939054,519.9877695607919
forecast_3415,2025-05-23 07:00:00,3321.8498003259615,2598.9979714704477,660.6088178013393
forecast_3416,2025-05-23 08:00:00,2761.4628488313556,1535.7275855832227,606.2834612897836
forecast_3417,2025-05-23 09:00:00,3023.0246349596255,1653.223630793418,668.2244768044374
forecast_3418,2025-05-23 10:00:00,2119.7194549535034,1520.5921343839607,437.0449247896162
forecast_3419,2025-05-23 11:00:00,1776.43886009217,1366.1607151513178,697.989336372813
forecast_3420,2025-05-23 12:00:00,1515.3465894193425,1061.4005718998155,752.5368344949366
forecast_3421,2025-05-23 13:00:00,1455.4348032953228,1075.846989360295,601.1802457882017
forecast_3422,2025-05-23 14:00:00,1246.3404895065955,929.6814175848834,492.3024215975227
forecast_3423,2025-05-23 15:00:00,912.4864282624565,904.4395248726352,435.40995709112565
forecast_3424,2025-05-23 16:00:00,673.1964431702916,572.4803225970887,194.88877744033255
forecast_3425,2025-05-23 17:00:00,868.874982747336,822.7903466274653,278.59215193833154
forecast_3426,2025-05-23 18:00:00,2036.773014007123,1877.654941902388,566.2055454425553
forecast_3427,2025-05-23 19:00:00,2172.0734063254786,1525.733196253642,634.0905934156131
forecast_3428,2025-05-23 20:00:00,2312.0064550730904,2783.0873724959556,638.6580212867137
forecast_3429,2025-05-23 21:00:00,3708.030179170927,3556.0914203160905,1003.8945035544353
forecast_3430,2025-05-23 22:00:00,4408.389453572197,4517.023533572321,1870.3072250117789
forecast_3431,2025-05-23 23:00:00,3267.500235213936,3155.121879396435,845.8410230408024
forecast_3432,2025-05-24 00:00:00,3600.6268854216287,3547.2687127316763,1094.7732223150947
forecast_3433,2025-05-24 01:00:00,4711.613302313351,4557.818769606313,1462.102930077007
forecast_3434,2025-05-24 02:00:00,4739.943905048417,4422.278599367032,1094.72787522922
forecast_3435,2025-05-24 03:00:00,5325.411294806454,5637.7983245752985,1650.0374786351897
forecast_3436,2025-05-24 04:00:00,5081.151262295321,5266.00430550965,2096.6036252365398
forecast_3437,2025-05-24 05:00:00,4841.771820646695,4763.99166365195,1650.0385209023204
forecast_3438,2025-05-24 06:00:00,4654.744843537818,5599.529579720374,2399.4688912803426
forecast_3439,2025-05-24 07:00:00,6039.800064127725,6911.599327469967,2144.060969412379
forecast_3440,2025-05-24 08:00:00,4824.197261872074,5542.369066715222,2383.472042258165
forecast_3441,2025-05-24 09:00:00,3948.053829085717,5042.035055719686,2067.3010813367505
forecast_3442,2025-05-24 10:00:00,3318.889900192873,4392.889109272652,2042.770132865578
forecast_3443,2025-05-24 11:00:00,3150.4309362524,4325.028614689891,2373.1991118899964
forecast_3444,2025-05-24 12:00:00,2871.8949471015353,4030.0481768284903,2293.856800984308
forecast_3445,2025-05-24 13:00:00,2602.2982515581098,3595.2285054612303,2832.7248695700255
forecast_3446,2025-05-24 14:00:00,2645.4382507509367,3485.8016781162023,2667.5099186732746
forecast_3447,2025-05-24 15:00:00,3410.9483031426885,3978.938538086563,2751.066877097056
forecast_3448,2025-05-24 16:00:00,3553.1529838261185,4071.5855775327123,3233.6510215667245
forecast_3449,2025-05-24 17:00:00,4570.238915282105,5576.065710214924,4089.749111698573
forecast_3450,2025-05-24 18:00:00,5835.598419289728,6653.21294864308,5330.091365036243
forecast_3451,2025-05-24 19:00:00,5579.422388329957,6436.687141849555,4961.747348837233
forecast_3452,2025-05-24 20:00:00,5768.829934024749,6832.669718424311,4528.836484391597
forecast_3453,2025-05-24 21:00:00,4494.645601677437,5061.798290531262,3648.68255697228
forecast_3454,2025-05-24 22:00:00,4513.167852910112,4255.638735370843,3332.1929772841836
forecast_3455,2025-05-24 23:00:00,3847.9290857390297,3573.4274516112187,2789.939521955207
forecast_3456,2025-05-25 00:00:00,3721.806800948851,3539.4000219587047,2975.5594742194344
forecast_3457,2025-05-25 01:00:00,3169.911146225006,3456.219036749577,2094.860392838197
forecast_3458,2025-05-25 02:00:00,2384.3321825265657,2369.9208201836177,1666.5974157349376
forecast_3459,2025-05-25 03:00:00,2843.7297528120334,2752.500680546444,1583.9639252307056
forecast_3460,2025-05-25 04:00:00,1588.6213526032532,1858.8431235229336,613.437562036824
forecast_3461,2025-05-25 05:00:00,1749.3057162403072,2081.348154476656,690.2858300942214
forecast_3462,2025-05-25 06:00:00,2784.6711739305724,2641.155944511226,1138.0822477330692
forecast_3463,2025-05-25 07:00:00,3215.6370133170603,2741.2775455251685,1345.9246837837172
forecast_3464,2025-05-25 08:00:00,2729.0489948231757,2449.8540298306816,1135.4834303018843
forecast_3465,2025-05-25 09:00:00,1367.480266591809,1334.3206333768126,708.1687895386634
forecast_3466,2025-05-25 10:00:00,69.97152264531358,164.614044878972,0.0
forecast_3467,2025-05-25 11:00:00,196.13878054716145,190.8705454248648,0.0
forecast_3468,2025-05-25 12:00:00,1055.0534453432156,686.4521951498567,199.90364145091445
forecast_3469,2025-05-25 13:00:00,1818.3113595749876,1791.6447635445463,873.1208681280773
forecast_3470,2025-05-25 14:00:00,1756.4194810756162,1471.6827243707107,595.9517042257875
forecast_3471,2025-05-25 15:00:00,1521.570877938057,1114.1709295073613,513.6243885991953
forecast_3472,2025-05-25 16:00:00,1524.913233457081,1341.5493099550738,633.1468263122753
forecast_3473,2025-05-25 17:00:00,1726.263726195518,1259.5218956419696,685.959347999243
forecast_3474,2025-05-25 18:00:00,1986.5969582597452,1403.2290685980229,513.9136738385724
forecast_3475,2025-05-25 19:00:00,3667.8828234888088,3826.1632091119586,2545.246714400771
forecast_3476,2025-05-25 20:00:00,3838.20151323521,5004.089542608193,3164.4852544983496
forecast_3477,2025-05-25 21:00:00,4003.481462654439,4233.784853482044,3644.3714964330475
forecast_3478,2025-05-25 22:00:00,5758.3828489222005,6062.070517678916,4950.680517146345
forecast_3479,2025-05-25 23:00:00,6411.865304299328,6066.446635262168,5536.083907209347
forecast_3480,2025-05-26 00:00:00,6997.536037480816,6832.81476799629,5458.986102718017
forecast_3481,2025-05-26 01:00:00,6894.5723479305325,7213.895618000729,5828.661154552748
forecast_3482,2025-05-26 02:00:00,6598.665036115204,6673.357908505512,5237.544429062975
forecast_3483,2025-05-26 03:00:00,5956.3372189751,6378.718738018408,4703.7908239177505
forecast_3484,2025-05-26 04:00:00,5552.210554306387,5553.543355746419,3761.7427866464063
forecast_3485,2025-05-26 05:00:00,3837.570121937456,3187.1201452678924,2005.6551255212041
forecast_3486,2025-05-26 06:00:00,2594.6592433810806,1222.786278143233,1761.0992569438956
forecast_3487,2025-05-26 07:00:00,1186.8907660819164,839.410616030494,821.0032464287881
forecast_3488,2025-05-26 08:00:00,203.5951975466318,192.41747140620518,23.72412642078393
forecast_3489,2025-05-26 09:00:00,41.71780164099274,107.8465483191579,0.0
forecast_3490,2025-05-26 10:00:00,0.0,83.2302048135103,25.535355022259683
forecast_3491,2025-05-26 11:00:00,35.7622887747783,45.585133454059616,38.11343602232939
forecast_3492,2025-05-26 12:00:00,120.63098053163404,34.487778836499594,111.18525119355049
forecast_3493,2025-05-26 13:00:00,116.89758323008974,135.40073979356924,59.058241249708516
forecast_3494,2025-05-26 14:00:00,148.43183122196692,300.3097774880997,293.8541534321726
forecast_3495,2025-05-26 15:00:00,146.39344970690823,230.20704165146253,309.75127968712155
forecast_3496,2025-05-26 16:00:00,177.44302886518827,150.97756601590206,0.0
forecast_3497,2025-05-26 17:00:00,420.5775829248687,330.0094190561834,308.37176931023555
forecast_3498,2025-05-26 18:00:00,337.8459529869787,352.0828010491097,169.81692009612567
forecast_3499,2025-05-26 19:00:00,602.2680972970679,511.47718486187466,156.02475330165328
forecast_3500,2025-05-26 20:00:00,755.6008713390213,1026.6618759634716,230.31494866068465
forecast_3501,2025-05-26 21:00:00,2124.1171163698705,1997.4222686111948,909.017337295045
forecast_3502,2025-05-26 22:00:00,2105.6778325664254,2609.195475621639,1388.6265967310278
forecast_3503,2025-05-26 23:00:00,3119.8067141467923,4048.3353793588713,2496.683416000122
forecast_3504,2025-05-27 00:00:00,4193.951939788649,5326.198656897177,3280.722788295575
forecast_3505,2025-05-27 01:00:00,4967.191540381684,5952.935840938923,4140.896687896012
forecast_3506,2025-05-27 02:00:00,5054.385542426441,5752.829469563093,3914.0015548127353
forecast_3507,2025-05-27 03:00:00,4822.391280499185,6143.219588160217,3498.140005747453
forecast_3508,2025-05-27 04:00:00,4237.91609927158,4597.790958146622,2115.530775407755
forecast_3509,2025-05-27 05:00:00,3043.2511261804666,2787.542704496141,2013.6309312394942
forecast_3510,2025-05-27 06:00:00,2208.929454967284,1501.8161936802906,1059.2478900514925
forecast_3511,2025-05-27 07:00:00,1452.4885666599353,800.4578147054226,458.8712383484515
forecast_3512,2025-05-27 08:00:00,219.90405775507014,203.91740219272629,106.03632976686346
forecast_3513,2025-05-27 09:00:00,358.25696887280674,162.6924570872108,29.832091572958713
forecast_3514,2025-05-27 10:00:00,426.27972971246504,553.6729565716863,147.68343824462082
forecast_3515,2025-05-27 11:00:00,132.6678676520433,237.32883971598142,127.21956251336059
forecast_3516,2025-05-27 12:00:00,148.056494042289,187.66613387243927,290.2059865835282
forecast_3517,2025-05-27 13:00:00,184.93247124883544,162.05336216815977,221.26447144477896
forecast_3518,2025-05-27 14:00:00,153.22638072662085,234.10896316069184,478.9905479703462
forecast_3519,2025-05-27 15:00:00,86.42305325391222,73.71444974622666,55.725680034135024
forecast_3520,2025-05-27 16:00:00,178.8583500142129,60.765601961070104,66.20208708993653
forecast_3521,2025-05-27 17:00:00,201.8086092688331,80.31834214908154,28.640946346537408
forecast_3522,2025-05-27 18:00:00,179.1180076741448,104.76312057764943,46.655662317756175
forecast_3523,2025-05-27 19:00:00,130.27039208856777,57.64375358309108,22.458136456921444
forecast_3524,2025-05-27 20:00:00,186.62722290203942,192.61414915913423,25.036039199640268
forecast_3525,2025-05-27 21:00:00,299.9826880938118,350.10782726465544,173.73897367924062
forecast_3526,2025-05-27 22:00:00,620.6600031599821,496.26279105803025,508.99791141528834
forecast_3527,2025-05-27 23:00:00,1169.718887299929,978.5034607159243,407.9487850813232
forecast_3528,2025-05-28 00:00:00,1363.011267174139,1546.4319002654627,719.2446932609598
forecast_3529,2025-05-28 01:00:00,2397.7820771365896,2814.3822449807476,1604.1407556386157
forecast_3530,2025-05-28 02:00:00,4780.664578646291,4596.052507582236,2708.3456150113307
forecast_3531,2025-05-28 03:00:00,4647.865052793617,4501.733558692783,3390.259705200468
forecast_3532,2025-05-28 04:00:00,3834.237066127709,3565.2439483968697,2396.4352170387365
forecast_3533,2025-05-28 05:00:00,3573.46599119098,3228.7689873251134,2494.072902442561
forecast_3534,2025-05-28 06:00:00,2339.906251310496,1777.4219329722491,1036.4585650806255
forecast_3535,2025-05-28 07:00:00,864.3242955481521,680.2402028019629,458.6577578123153
forecast_3536,2025-05-28 08:00:00,168.6682478530122,87.60647921612751,32.299869169768996
forecast_3537,2025-05-28 09:00:00,44.155599495342294,10.171255640300402,10.90438078865414
forecast_3538,2025-05-28 10:00:00,75.41979763666858,73.55670977175915,24.346796124811707
forecast_3539,2025-05-28 11:00:00,156.6097486217761,95.03733863326929,6.604734616947967
forecast_3540,2025-05-28 12:00:00,351.5583278412892,357.79741655592227,112.29849964216163
forecast_3541,2025-05-28 13:00:00,199.03682531863655,305.9373884199485,260.2947236144616
forecast_3542,2025-05-28 14:00:00,234.69901346701118,576.0332911940264,390.31791069217377
forecast_3543,2025-05-28 15:00:00,548.3323960876178,692.8551088486959,395.45512958235355
forecast_3544,2025-05-28 16:00:00,481.62258820866896,339.41559441064663,203.70597216371823
forecast_3545,2025-05-28 17:00:00,446.87322556971316,401.4800983668249,202.30489464777554
forecast_3546,2025-05-28 18:00:00,391.40445079143865,470.38941566559856,490.89807912045234
forecast_3547,2025-05-28 19:00:00,196.43284682056571,233.23809632047656,72.91200980367634
forecast_3548,2025-05-28 20:00:00,236.2140331444094,481.6694832933977,126.29409743310579
forecast_3549,2025-05-28 21:00:00,1456.4419655931308,1033.7614156999575,586.6933551943348
forecast_3550,2025-05-28 22:00:00,822.0642305221386,676.0141671713307,536.2626218889786
forecast_3551,2025-05-28 23:00:00,919.3632009689298,560.1835877784578,748.3538223144416
forecast_3552,2025-05-29 00:00:00,745.4653126037177,324.4764865911309,435.96341941070847
forecast_3553,2025-05-29 01:00:00,524.0673711574549,566.5439228135111,261.30732897264824
forecast_3554,2025-05-29 02:00:00,1346.6077750760726,1240.8125185319868,437.58991315516664
forecast_3555,2025-05-29 03:00:00,1205.1656265415254,1123.5002330458944,595.6442769447461
forecast_3556,2025-05-29 04:00:00,687.2615691187642,767.9861112992049,490.86655847102253
forecast_3557,2025-05-29 05:00:00,745.9637509250693,472.89837070317384,361.92678480075193
forecast_3558,2025-05-29 06:00:00,400.781301410453,275.19930947522835,81.91180795540426
forecast_3559,2025-05-29 07:00:00,243.93232116839854,187.59537191255725,69.16367002345132
forecast_3560,2025-05-29 08:00:00,275.0057301532755,160.96081142652503,45.50723225514095
forecast_3561,2025-05-29 09:00:00,0.062659739087612,0.0,16.59842106438786
forecast_3562,2025-05-29 10:00:00,0.0,27.680032305136315,60.87966065838769
forecast_3563,2025-05-29 11:00:00,23.82035101054956,193.82735304674088,134.45444643754624
forecast_3564,2025-05-29 12:00:00,159.34651675418962,176.24726709060837,217.9101758528546
forecast_3565,2025-05-29 13:00:00,182.6788872650971,448.24298191581903,328.95476760199074
forecast_3566,2025-05-29 14:00:00,258.828069503254,505.3528867719202,254.4678460003865
forecast_3567,2025-05-29 15:00:00,326.8024544496355,375.9980160525771,169.37583869362624
forecast_3568,2025-05-29 16:00:00,321.3075550081338,542.0449372651674,449.9870911723326
forecast_3569,2025-05-29 17:00:00,399.51224639064384,663.3133228728028,412.3619152596938
forecast_3570,2025-05-29 18:00:00,440.77665125982907,753.2841237671068,222.64036261881682
forecast_3571,2025-05-29 19:00:00,857.7120021966444,981.4169531072878,537.5938242670271
forecast_3572,2025-05-29 20:00:00,1249.4736270302385,1352.573152182865,505.2906371874959
forecast_3573,2025-05-29 21:00:00,1352.1229896504683,1402.3187987667332,448.5341291056445
forecast_3574,2025-05-29 22:00:00,1368.7111739806057,1620.3123505102594,464.82789151059006
forecast_3575,2025-05-29 23:00:00,1373.8066329675748,1616.747630258438,492.6695771166563
forecast_3576,2025-05-30 00:00:00,1514.8056515948977,1544.7122050279163,555.9789278746107
forecast_3577,2025-05-30 01:00:00,1085.9071910250138,1001.3433482440379,225.2117243544208
forecast_3578,2025-05-30 02:00:00,1036.4427241172832,1256.167806245105,275.10133259463765
forecast_3579,2025-05-30 03:00:00,1046.4443710804776,1611.9522794794366,303.3161431067775
forecast_3580,2025-05-30 04:00:00,1748.4652395975434,2418.6235107042608,695.5499511303277
forecast_3581,2025-05-30 05:00:00,1684.9422605321226,2281.964984642639,740.6924792677039
forecast_3582,2025-05-30 06:00:00,1916.9138090699896,2503.6282964634947,822.2922448198767
forecast_3583,2025-05-30 07:00:00,2260.363526829688,2487.3591865922785,847.8595258798983
forecast_3584,2025-05-30 08:00:00,1768.176908129159,1950.8332451168278,721.6983153095431
forecast_3585,2025-05-30 09:00:00,1506.2354019058462,1476.2912125408152,890.72835813892
forecast_3586,2025-05-30 10:00:00,1156.054196837303,1333.5738937208703,598.1371459480549
forecast_3587,2025-05-30 11:00:00,885.1942566128668,1238.2258951267838,584.3304583070955
forecast_3588,2025-05-30 12:00:00,745.9077298147121,852.1710753614481,362.3340810521742
forecast_3589,2025-05-30 13:00:00,470.1476746484333,783.6615868802668,489.3040278569648
forecast_3590,2025-05-30 14:00:00,484.5126419575022,531.2028509654416,408.0492477675377
forecast_3591,2025-05-30 15:00:00,263.308545866523,436.49990340267703,184.4981524988051
forecast_3592,2025-05-30 16:00:00,153.5761281132597,394.3273021294359,143.42943207968278
forecast_3593,2025-05-30 17:00:00,320.30565518966137,817.5759709575418,390.7163895679415
forecast_3594,2025-05-30 18:00:00,819.0090625254398,1472.1705661819317,507.74417727844053
forecast_3595,2025-05-30 19:00:00,857.9410012445485,807.8694605501254,300.3176430741776
forecast_3596,2025-05-30 20:00:00,1217.0766642870692,1448.9633753434996,371.2115851654758
forecast_3597,2025-05-30 21:00:00,1513.1801055439362,1693.1746089297822,452.9874118912512
forecast_3598,2025-05-30 22:00:00,1127.2211546169756,1631.5759802843686,363.0381719954442
forecast_3599,2025-05-30 23:00:00,954.0112536208628,1016.95979416586,283.9401991033386
forecast_3600,2025-05-31 00:00:00,751.370820837424,819.4385955835146,221.97322553818563
forecast_3601,2025-05-31 01:00:00,343.4362411199568,347.35323968291675,59.70334873063297
forecast_3602,2025-05-31 02:00:00,643.4800421018358,539.4561509578263,402.24313238550286
forecast_3603,2025-05-31 03:00:00,934.6254910558958,919.3125104403886,275.6449090368151
forecast_3604,2025-05-31 04:00:00,1147.1297100972408,768.2524259907913,335.15856416847066
forecast_3605,2025-05-31 05:00:00,991.1861991851312,931.3270337902836,428.1307801482148
forecast_3606,2025-05-31 06:00:00,774.1685043387943,818.4336561148829,241.30473088568456
forecast_3607,2025-05-31 07:00:00,991.8527988401516,997.2399733478189,231.67893060595125
forecast_3608,2025-05-31 08:00:00,849.2582831361608,991.6611559831416,469.25023193348875
forecast_3609,2025-05-31 09:00:00,538.9988909702414,357.55463529344837,134.80930939559474
forecast_3610,2025-05-31 10:00:00,375.4108940097399,506.53346933198395,220.76441765896155
forecast_3611,2025-05-31 11:00:00,633.3954392607892,721.1244467625112,558.2193369700324
forecast_3612,2025-05-31 12:00:00,698.8987200629182,712.3422264423479,719.311391279885
forecast_3613,2025-05-31 13:00:00,770.1781260758116,647.4350951120894,693.0177974602117
forecast_3614,2025-05-31 14:00:00,875.791481421592,680.4610739401927,735.63071338264
forecast_3615,2025-05-31 15:00:00,671.2376783115662,678.4955165685305,723.9859761646959
forecast_3616,2025-05-31 16:00:00,925.64157398954,888.1310321105715,485.45033200776027
forecast_3617,2025-05-31 17:00:00,924.6876324095044,937.9144977847499,498.2882598931794
forecast_3618,2025-05-31 18:00:00,1451.401407389809,1328.3698178471257,660.6830688549514
forecast_3619,2025-05-31 19:00:00,1295.4411317979987,1515.3951042561287,577.6447855073297
forecast_3620,2025-05-31 20:00:00,1217.5285418397573,1571.3016866904154,625.5064507320607
forecast_3621,2025-05-31 21:00:00,1133.2535300012485,1632.7892518746519,535.2577504093857
forecast_3622,2025-05-31 22:00:00,1011.630361881544,1117.7736192796986,524.3447164765756
forecast_3623,2025-05-31 23:00:00,1286.0161010498416,1739.8728765652577,681.7104048852814
forecast_3624,2025-06-01 00:00:00,561.3772580409195,637.0470823670222,180.57300422140025
forecast_3625,2025-06-01 01:00:00,802.3041665632912,652.6244631988064,250.47371379333939
forecast_3626,2025-06-01 02:00:00,914.5892276890182,834.7785391790516,240.51265883381436
forecast_3627,2025-06-01 03:00:00,1504.2300774632565,1240.1702018761048,769.5699119756619
forecast_3628,2025-06-01 04:00:00,1638.5629644327412,1352.0461523230097,783.0941402464994
forecast_3629,2025-06-01 05:00:00,1735.408416846514,1191.0904785894743,555.7342462775076
forecast_3630,2025-06-01 06:00:00,1382.2234144322936,988.5190182399496,291.92052190064805
forecast_3631,2025-06-01 07:00:00,744.2630612528508,740.0489149547477,206.6157976448129
forecast_3632,2025-06-01 08:00:00,240.3714098174478,378.8670035354196,103.83874104118452
forecast_3633,2025-06-01 09:00:00,103.42399112676914,50.81736567305947,38.38346089467336
forecast_3634,2025-06-01 10:00:00,0.0,20.127414275054747,13.943321641638391
forecast_3635,2025-06-01 11:00:00,26.943129792779622,10.250486311152772,32.07614423195944
forecast_3636,2025-06-01 12:00:00,0.0,36.77364935743021,12.881517396624073
forecast_3637,2025-06-01 13:00:00,74.64502604558514,10.644780774975148,37.692260474953045
forecast_3638,2025-06-01 14:00:00,92.14224838438254,46.18841954836674,3.26030404757173
forecast_3639,2025-06-01 15:00:00,163.6661703539142,289.16941654624213,326.3454835278165
forecast_3640,2025-06-01 16:00:00,8.462881019019779,0.0,0.0
forecast_3641,2025-06-01 17:00:00,90.62231083425144,75.6110487081947,67.14163811809318
forecast_3642,2025-06-01 18:00:00,522.6903607634639,391.00125997115276,261.8109072218711
forecast_3643,2025-06-01 19:00:00,1342.1324017920836,1371.6677515409008,1093.200795767245
forecast_3644,2025-06-01 20:00:00,2541.5793595259097,3171.2756917283996,1846.6729764684208
forecast_3645,2025-06-01 21:00:00,3211.1029577939894,3852.4843067867514,2884.6181250299933
forecast_3646,2025-06-01 22:00:00,3736.7793471738664,3905.451781025959,2420.1641388422
forecast_3647,2025-06-01 23:00:00,2871.3001565768445,2816.08604201999,2706.3240271874542
forecast_3648,2025-06-02 00:00:00,4111.573015888408,5120.837462997159,3607.75117574457
forecast_3649,2025-06-02 01:00:00,3851.0119767712854,4008.8018300268104,3757.28515729846
forecast_3650,2025-06-02 02:00:00,2439.469327972191,2910.835459956503,2048.6785660214746
forecast_3651,2025-06-02 03:00:00,4145.331825492668,4396.341604923806,3174.1325715748394
forecast_3652,2025-06-02 04:00:00,2416.221375794902,2283.1414046261552,1999.04955301982
forecast_3653,2025-06-02 05:00:00,2688.7514310632055,2277.307148180088,1709.8661698241851
forecast_3654,2025-06-02 06:00:00,1072.6395314185615,680.8233621113537,614.4193023058186
forecast_3655,2025-06-02 07:00:00,467.50987630505267,243.39522065623748,79.71883629543031
forecast_3656,2025-06-02 08:00:00,272.34725765834565,165.57143789089412,123.76927441421786
forecast_3657,2025-06-02 09:00:00,110.89379660721661,246.83720140486295,0.0
forecast_3658,2025-06-02 10:00:00,298.08031427209585,311.5434625791818,122.81465564087505
forecast_3659,2025-06-02 11:00:00,414.6655713125684,331.18040223023496,48.01860673297926
forecast_3660,2025-06-02 12:00:00,328.3052195400692,427.7927189481673,351.2131371936998
forecast_3661,2025-06-02 13:00:00,215.21701537580682,359.52957794694004,548.5359995430025
forecast_3662,2025-06-02 14:00:00,466.6684077110169,865.7604642923147,493.42673156497796
forecast_3663,2025-06-02 15:00:00,712.7478968181665,771.3035212087067,581.5678290409875
forecast_3664,2025-06-02 16:00:00,614.946145920417,1168.412082492119,636.5826833111173
forecast_3665,2025-06-02 17:00:00,1314.3475457802538,1628.880565777795,1049.8368536295272
forecast_3666,2025-06-02 18:00:00,2440.568092533941,2554.6371730503706,1340.569097461238
forecast_3667,2025-06-02 19:00:00,2933.387651210968,2281.951742569099,1905.8578993201422
forecast_3668,2025-06-02 20:00:00,1903.5042573735827,2675.008614094664,1594.1431903287817
forecast_3669,2025-06-02 21:00:00,1711.5047107218725,1416.6356454020195,1007.2222538268439
forecast_3670,2025-06-02 22:00:00,1400.7694115650204,1691.1220372702157,984.0459874661855
forecast_3671,2025-06-02 23:00:00,1143.4677776745189,1184.312266094854,556.8937666610864
forecast_3672,2025-06-03 00:00:00,574.1988691262444,539.9005921541161,218.96467866276708
forecast_3673,2025-06-03 01:00:00,1106.909439504075,1466.695108607464,766.9637507026271
forecast_3674,2025-06-03 02:00:00,1317.309578701963,1095.1030857547703,285.3633986351558
forecast_3675,2025-06-03 03:00:00,1578.0565564079338,1449.168910796667,219.1296489847648
forecast_3676,2025-06-03 04:00:00,1564.965160257892,1806.568496205265,608.1063059644289
forecast_3677,2025-06-03 05:00:00,1849.8385895570736,2255.657644111332,596.7803169779341
forecast_3678,2025-06-03 06:00:00,2232.732172527291,2696.806901775247,517.0098744544075
forecast_3679,2025-06-03 07:00:00,1583.4374368026124,1406.8667118448166,431.7480190863753
forecast_3680,2025-06-03 08:00:00,570.6267364605749,400.2414308119751,157.7893788436157
forecast_3681,2025-06-03 09:00:00,617.6778802163906,263.7849919470014,154.0837796915021
forecast_3682,2025-06-03 10:00:00,1447.436267694853,1090.917509117269,963.5190909062051
forecast_3683,2025-06-03 11:00:00,3124.8331514865686,2069.7446598335573,1781.451890765853
forecast_3684,2025-06-03 12:00:00,4452.261634188056,3706.796491820525,3268.3960181767816
forecast_3685,2025-06-03 13:00:00,7571.005250441068,5194.574951314121,3961.4046218515286
forecast_3686,2025-06-03 14:00:00,8988.26339696115,7961.166897338117,6367.888519818282
forecast_3687,2025-06-03 15:00:00,9903.384840740193,9472.596974852964,7290.564432714018
forecast_3688,2025-06-03 16:00:00,10448.088743918423,9333.48493331316,8443.225771362817
forecast_3689,2025-06-03 17:00:00,11726.576775762109,10960.292022866053,9174.605240243553
forecast_3690,2025-06-03 18:00:00,12292.415601975641,10585.43096349652,10452.562409587956
forecast_3691,2025-06-03 19:00:00,13050.266253858485,11489.53384778043,10156.369147246169
forecast_3692,2025-06-03 20:00:00,13327.799483778972,13859.688088837418,12390.368824011886
forecast_3693,2025-06-03 21:00:00,15780.97329828943,17506.435213696688,15411.542424749854
forecast_3694,2025-06-03 22:00:00,15118.865762094752,16144.778836555324,15661.954220195305
forecast_3695,2025-06-03 23:00:00,14974.88519315653,14679.219059852356,13823.49583977435
forecast_3696,2025-06-04 00:00:00,14532.60649425981,14112.612531167018,12274.12204719225
forecast_3697,2025-06-04 01:00:00,13991.272451353421,13106.18730003607,13479.061493202635
forecast_3698,2025-06-04 02:00:00,13455.03129108576,13115.305271132982,13100.088808617944
forecast_3699,2025-06-04 03:00:00,14426.462628881305,14968.628888410118,13450.398620300548
forecast_3700,2025-06-04 04:00:00,14759.719379696562,15612.689563657696,15199.528661854729
forecast_3701,2025-06-04 05:00:00,14550.96376095712,15505.403982749278,13779.805916480746
forecast_3702,2025-06-04 06:00:00,15993.856986122017,17511.796364238366,16899.163969116045
forecast_3703,2025-06-04 07:00:00,17430.481863238827,17969.50420235725,17057.475697215246
forecast_3704,2025-06-04 08:00:00,17639.411895635396,18215.16553304293,17273.03450998369
forecast_3705,2025-06-04 09:00:00,16632.48839431761,17846.968383527714,17230.795243605986
forecast_3706,2025-06-04 10:00:00,15739.013252231289,17285.226040356498,16200.088651734617
forecast_3707,2025-06-04 11:00:00,14937.121099580625,16793.502860027584,15037.582893321716
forecast_3708,2025-06-04 12:00:00,14317.921235548389,16725.706044677238,14922.401733691055
forecast_3709,2025-06-04 13:00:00,14106.1541438035,16353.417387105288,14264.75720032371
forecast_3710,2025-06-04 14:00:00,14166.63470584357,15363.247519239978,12911.781944765642
forecast_3711,2025-06-04 15:00:00,13865.556486041645,13433.232960706384,10677.693884051156
forecast_3712,2025-06-04 16:00:00,13259.793195757798,11756.138209502393,9110.419257719455
forecast_3713,2025-06-04 17:00:00,13714.377285694596,11928.558446776608,9205.080105675868
forecast_3714,2025-06-04 18:00:00,11332.316749764672,10632.57295224341,8394.836106082219
forecast_3715,2025-06-04 19:00:00,12088.387675611039,9637.817812305091,6938.012667951762
forecast_3716,2025-06-04 20:00:00,12918.920431247832,11406.527710973593,9102.472588158647
forecast_3717,2025-06-04 21:00:00,12052.924710548848,10313.719328387479,7421.958044174974
forecast_3718,2025-06-04 22:00:00,10590.216086226223,8899.687632160976,8877.888000247794
forecast_3719,2025-06-04 23:00:00,11951.17016144661,11740.671301360304,9478.733425144044
forecast_3720,2025-06-05 00:00:00,12052.127417242742,12376.67574973472,11053.460215672545
forecast_3721,2025-06-05 01:00:00,12033.23037468104,11557.371353228202,10400.395820178654
forecast_3722,2025-06-05 02:00:00,12021.987471941453,13150.10870380133,11375.334804623411
forecast_3723,2025-06-05 03:00:00,15090.386013381556,15073.348297665467,12835.644809815094
forecast_3724,2025-06-05 04:00:00,15098.665666164934,15431.720416835116,11843.83413610105
forecast_3725,2025-06-05 05:00:00,14711.816563173446,15002.742285467539,12246.411450868714
forecast_3726,2025-06-05 06:00:00,12872.823173356172,14488.07230848845,11043.148260829454
forecast_3727,2025-06-05 07:00:00,14527.91403691721,15090.132444574327,11163.367829875606
forecast_3728,2025-06-05 08:00:00,10973.629588068392,12918.328569676012,8710.12652432658
forecast_3729,2025-06-05 09:00:00,8873.915968013727,8743.469804506789,6737.858553671273
forecast_3730,2025-06-05 10:00:00,6378.98647522247,6273.934083652257,4964.627977889564
forecast_3731,2025-06-05 11:00:00,4530.43386968191,4950.363014559819,3789.443117344377
forecast_3732,2025-06-05 12:00:00,4906.1867786094035,4807.377875319092,3546.0769632278743
forecast_3733,2025-06-05 13:00:00,4671.53030509408,3935.1670027994537,3059.400535919014
forecast_3734,2025-06-05 14:00:00,5240.388945974783,4208.8665105771815,4232.680233602169
forecast_3735,2025-06-05 15:00:00,5065.838997514122,4599.507221108917,4867.2989687134
forecast_3736,2025-06-05 16:00:00,7925.992382006155,6540.3000033326625,8019.3694435007765
forecast_3737,2025-06-05 17:00:00,10175.352820614713,8144.691348118579,9180.694895124187
forecast_3738,2025-06-05 18:00:00,11017.308021189192,10031.276697023419,10620.601169084075
forecast_3739,2025-06-05 19:00:00,13854.480936845195,13481.22053049828,13739.000479432816
forecast_3740,2025-06-05 20:00:00,15665.814917004029,13871.047255259107,15416.534332291485
forecast_3741,2025-06-05 21:00:00,16951.799062340222,15607.138594812628,16799.862954053082
forecast_3742,2025-06-05 22:00:00,18045.315806294155,16761.233026488688,17356.560376598503
forecast_3743,2025-06-05 23:00:00,18059.829454139563,16876.89674460644,17743.2750811169
forecast_3744,2025-06-06 00:00:00,18154.625185036275,17701.46086458788,17066.86638683339
forecast_3745,2025-06-06 01:00:00,17118.46790706014,16800.035303672386,16884.05166823767
forecast_3746,2025-06-06 02:00:00,18609.030159189242,17116.89006395024,17106.49009398798
forecast_3747,2025-06-06 03:00:00,18336.51252578169,18687.527476231702,16833.47227664828
forecast_3748,2025-06-06 04:00:00,19140.864770799246,18658.934808512022,17297.523518717
forecast_3749,2025-06-06 05:00:00,19000.724784028007,18134.359951866947,16740.656159295402
forecast_3750,2025-06-06 06:00:00,18450.474899180354,18172.427323992557,17099.706154493073
forecast_3751,2025-06-06 07:00:00,17467.303580305903,17664.380618669056,15675.350942747134
forecast_3752,2025-06-06 08:00:00,15644.395723835649,16008.325424901068,15279.766213190853
forecast_3753,2025-06-06 09:00:00,13478.921333537,13759.709011130277,13139.733610242814
forecast_3754,2025-06-06 10:00:00,11793.832207227153,13571.234261070804,13128.781943019061
forecast_3755,2025-06-06 11:00:00,12553.684657700116,14856.899590879202,12812.982173477038
forecast_3756,2025-06-06 12:00:00,12421.112220368826,14381.503258714225,12765.840769644583
forecast_3757,2025-06-06 13:00:00,12617.524337997831,14199.619780895746,13459.890524501268
forecast_3758,2025-06-06 14:00:00,12566.99284215889,14361.191918946899,13782.717603396519
forecast_3759,2025-06-06 15:00:00,13202.41329151856,14673.294104335368,14371.312977224772
forecast_3760,2025-06-06 16:00:00,12836.88109394576,14153.525934752091,13638.635808134337
forecast_3761,2025-06-06 17:00:00,12966.19699286793,13322.834449404789,14222.063409314213
forecast_3762,2025-06-06 18:00:00,11828.354506519696,11945.293930664831,11458.72626185051
forecast_3763,2025-06-06 19:00:00,13751.847085399455,16071.299889893078,15601.206987565696
forecast_3764,2025-06-06 20:00:00,15218.843176884906,16234.916572652026,16343.38424020638
forecast_3765,2025-06-06 21:00:00,16364.43931269139,16992.806604330453,16315.071905716022
forecast_3766,2025-06-06 22:00:00,16133.39669623203,16300.422859474795,16437.495859026683
forecast_3767,2025-06-06 23:00:00,16738.13673965422,17096.815245035563,16203.984708293812
forecast_3768,2025-06-07 00:00:00,16075.19919102428,16016.029639735725,16410.857889995284
forecast_3769,2025-06-07 01:00:00,16140.64469319991,16602.96929186192,16931.2852048047
forecast_3770,2025-06-07 02:00:00,16073.341803424546,16721.86092062929,16362.082772156575
forecast_3771,2025-06-07 03:00:00,15543.138845898166,16646.847344234786,15875.549787043208
forecast_3772,2025-06-07 04:00:00,15892.629855074907,16212.637767680035,13855.931526079832
forecast_3773,2025-06-07 05:00:00,16643.331229126004,17741.389041957747,15165.50320647001
forecast_3774,2025-06-07 06:00:00,17572.430164410223,17886.68480894633,15939.506623247207
forecast_3775,2025-06-07 07:00:00,16829.31754208941,17202.63259484073,16290.945187195093
forecast_3776,2025-06-07 08:00:00,15112.665067998094,16715.826010797144,15321.11223862853
forecast_3777,2025-06-07 09:00:00,11916.140788080018,13456.934060947286,12882.836618178046
forecast_3778,2025-06-07 10:00:00,9344.32018474888,9523.22952640193,8131.162601301126
forecast_3779,2025-06-07 11:00:00,9394.884739247747,8914.059021438676,9855.138735949668
forecast_3780,2025-06-07 12:00:00,4903.7311887073865,4769.980319189878,4848.885483044355
forecast_3781,2025-06-07 13:00:00,4606.7110585604,4577.838739685199,3818.7925496437433
forecast_3782,2025-06-07 14:00:00,4661.8057035182355,4611.5640799358125,3335.0140844275047
forecast_3783,2025-06-07 15:00:00,4138.958230984858,4688.491799465404,3635.6737036825916
forecast_3784,2025-06-07 16:00:00,4112.763612349843,4511.616872138546,2836.212328887172
forecast_3785,2025-06-07 17:00:00,3933.2181344773494,4578.6782388579395,3960.162173699756
forecast_3786,2025-06-07 18:00:00,6000.141705367528,6549.546868911154,5597.191886562148
forecast_3787,2025-06-07 19:00:00,7311.436306680597,7225.284418872534,6911.301218637898
forecast_3788,2025-06-07 20:00:00,8421.52022658749,9688.03102634592,8385.494518823218
forecast_3789,2025-06-07 21:00:00,10933.183807240472,13233.093597767313,11709.544440624204
forecast_3790,2025-06-07 22:00:00,11933.958042424607,13701.113178239997,10193.952258207206
forecast_3791,2025-06-07 23:00:00,10095.33527136927,11602.274420699005,8346.442846828044
forecast_3792,2025-06-08 00:00:00,10821.008271730667,12368.894658708383,10046.207234451267
forecast_3793,2025-06-08 01:00:00,9771.551666741578,12296.056200101437,9488.11777187792
forecast_3794,2025-06-08 02:00:00,8478.7131853414,9850.235152832869,9149.127082836032
forecast_3795,2025-06-08 03:00:00,8305.779029488669,9627.701252836967,7513.195354186406
forecast_3796,2025-06-08 04:00:00,8467.160415328197,10404.400597872533,7065.756065562953
forecast_3797,2025-06-08 05:00:00,6797.7335111718585,7677.48979159895,4758.85182892972
forecast_3798,2025-06-08 06:00:00,5068.810583926401,5064.397618979224,2561.074930210947
forecast_3799,2025-06-08 07:00:00,3129.15456053606,2681.3955645111027,1555.6282584942198
forecast_3800,2025-06-08 08:00:00,1933.057454158285,1867.78558527261,1120.202570911564
forecast_3801,2025-06-08 09:00:00,704.3986401859918,1307.8859163629622,454.69073429732896
forecast_3802,2025-06-08 10:00:00,159.3853600181396,389.58550376965337,179.34522006384404
forecast_3803,2025-06-08 11:00:00,5.441436237326906,31.15589713802686,41.630926142628816
forecast_3804,2025-06-08 12:00:00,0.0,15.633312630243456,54.077539133943894
forecast_3805,2025-06-08 13:00:00,47.835542099186796,0.0,31.594552520128293
forecast_3806,2025-06-08 14:00:00,0.0,30.525418372945545,59.971253037939114
forecast_3807,2025-06-08 15:00:00,84.81009606923398,74.63803816802645,80.95276455910823
forecast_3808,2025-06-08 16:00:00,0.0,0.0,19.304480528940754
forecast_3809,2025-06-08 17:00:00,163.63874439109202,45.79928921531377,0.0
forecast_3810,2025-06-08 18:00:00,452.0092173429072,335.8381237895256,82.93351179600835
forecast_3811,2025-06-08 19:00:00,870.6387872862557,771.4749753665659,459.9404159037459
forecast_3812,2025-06-08 20:00:00,1070.4174240145608,997.4518482882373,512.8724356211725
forecast_3813,2025-06-08 21:00:00,1269.837865624132,1364.9599012853787,710.8870927787622
forecast_3814,2025-06-08 22:00:00,2760.464396984512,2554.370871179444,1886.8646356081754
forecast_3815,2025-06-08 23:00:00,4744.757002171196,5812.054006238218,4025.7963980224763
forecast_3816,2025-06-09 00:00:00,8009.36332008528,7334.650033092695,6204.290272648123
forecast_3817,2025-06-09 01:00:00,8423.416705784324,9442.300204531268,6642.485979747021
forecast_3818,2025-06-09 02:00:00,9385.42084990906,10002.50514754461,7066.631529186199
forecast_3819,2025-06-09 03:00:00,7836.499370861283,8152.51931562275,5889.243374590728
forecast_3820,2025-06-09 04:00:00,7618.4312351279705,8103.140794814268,5660.61082255426
forecast_3821,2025-06-09 05:00:00,6972.376446122459,7720.013678414557,5331.130303935337
forecast_3822,2025-06-09 06:00:00,4513.546824991407,3844.4890689108606,3060.7459211986497
forecast_3823,2025-06-09 07:00:00,2847.582624895524,2218.312007224449,1972.851451431376
forecast_3824,2025-06-09 08:00:00,900.8471135624497,890.6565108744568,439.96941143342053
forecast_3825,2025-06-09 09:00:00,347.7233326619711,277.99372486715725,52.4222731643514
forecast_3826,2025-06-09 10:00:00,219.45468569979886,324.41749200238286,163.04112055256445
forecast_3827,2025-06-09 11:00:00,202.07872451229613,711.8446795750876,359.5695236431572
forecast_3828,2025-06-09 12:00:00,196.38794410899663,293.92073826852777,230.86727605155855
forecast_3829,2025-06-09 13:00:00,285.3558701301237,289.4138707203414,279.8803263997143
forecast_3830,2025-06-09 14:00:00,578.5614482593321,1022.3025232257365,530.7928990583523
forecast_3831,2025-06-09 15:00:00,643.1437684239067,1227.1120441631979,763.5103050942163
forecast_3832,2025-06-09 16:00:00,1037.8600856677972,1500.189857715383,1518.6653383986593
forecast_3833,2025-06-09 17:00:00,1546.3357998882248,2385.0573618983217,1807.5267501769515
forecast_3834,2025-06-09 18:00:00,2088.0253969267237,2827.6027497047753,1463.7103239660835
forecast_3835,2025-06-09 19:00:00,2019.1989958184365,2741.2586739551025,1711.482543109665
forecast_3836,2025-06-09 20:00:00,2414.244633632896,3160.027104517539,2326.863060359672
forecast_3837,2025-06-09 21:00:00,4275.325954853791,5264.723098580211,2805.596946065356
forecast_3838,2025-06-09 22:00:00,8124.598398008308,9609.834406738082,6041.290230803944
forecast_3839,2025-06-09 23:00:00,8237.696289582924,11084.879647857078,5864.658752093409
forecast_3840,2025-06-10 00:00:00,8079.495337607936,11533.734472561877,7198.505819225014
forecast_3841,2025-06-10 01:00:00,11173.682855459887,12453.501298915018,10116.891483633894
forecast_3842,2025-06-10 02:00:00,13268.03405033076,13278.348671402495,12325.213654420622
forecast_3843,2025-06-10 03:00:00,15431.936234035067,15006.560142287792,14581.844896725474
forecast_3844,2025-06-10 04:00:00,15604.060386123225,15763.192066902202,13758.220791596592
forecast_3845,2025-06-10 05:00:00,17354.409336931556,16905.958065056984,15510.673748595173
forecast_3846,2025-06-10 06:00:00,16946.654146964152,16485.052945429656,15009.136316093232
forecast_3847,2025-06-10 07:00:00,14799.38877229588,16311.778022306396,11818.172005817956
forecast_3848,2025-06-10 08:00:00,10628.532500777726,12347.397094686105,9487.10922395316
forecast_3849,2025-06-10 09:00:00,6880.042167272476,8464.884972922078,5786.48366358838
forecast_3850,2025-06-10 10:00:00,5424.409711513518,5787.135221370904,3850.722290081862
forecast_3851,2025-06-10 11:00:00,4096.90904547319,4756.894689443856,3639.498477409104
forecast_3852,2025-06-10 12:00:00,4990.3386345606405,4928.327709521103,2850.933283952282
forecast_3853,2025-06-10 13:00:00,4697.292284763231,4678.092836282719,3888.321162472859
forecast_3854,2025-06-10 14:00:00,5857.642704791072,5770.3842070996225,6113.443340628505
forecast_3855,2025-06-10 15:00:00,7398.612774302719,7799.063692023192,6908.769903831741
forecast_3856,2025-06-10 16:00:00,7762.734103519086,7321.898057369869,7579.788694352958
forecast_3857,2025-06-10 17:00:00,8451.60625016372,7954.717312605002,7529.853327084767
forecast_3858,2025-06-10 18:00:00,9317.322190561434,9511.454234415174,8690.23440426893
forecast_3859,2025-06-10 19:00:00,9084.456282440648,8926.364016797606,8071.610200554114
forecast_3860,2025-06-10 20:00:00,10015.56170524763,11173.757214741747,9917.331084216723
forecast_3861,2025-06-10 21:00:00,11938.075584716174,11894.988838510702,12154.643734670404
forecast_3862,2025-06-10 22:00:00,13176.625429412754,12922.56510131286,13369.815887591896
forecast_3863,2025-06-10 23:00:00,13987.827221366813,12279.941956558518,13193.452379746168
forecast_3864,2025-06-11 00:00:00,13320.14001492299,13227.57102716393,12402.072190964485
forecast_3865,2025-06-11 01:00:00,10260.156431006846,11814.360149951564,11509.3026854042
forecast_3866,2025-06-11 02:00:00,10038.044153880197,13075.388427427499,12073.362098558393
forecast_3867,2025-06-11 03:00:00,12042.317324207872,13852.128495684385,11662.495238982749
forecast_3868,2025-06-11 04:00:00,13891.964468118926,13915.821942781833,10371.679523767505
forecast_3869,2025-06-11 05:00:00,15581.22578063105,15395.789024305846,9823.14967235744
forecast_3870,2025-06-11 06:00:00,14914.37199615964,15082.373792166862,10265.084656893425
forecast_3871,2025-06-11 07:00:00,13172.708078805093,13730.85199128745,8661.39805923911
forecast_3872,2025-06-11 08:00:00,9880.92128932001,10844.4888376527,6857.897794978792
forecast_3873,2025-06-11 09:00:00,8456.761594654421,8212.51907354613,5455.473691811173
forecast_3874,2025-06-11 10:00:00,7767.183047438616,6653.305254882811,4774.359151531779
forecast_3875,2025-06-11 11:00:00,6823.217757523377,5733.5159315165765,3832.936755524009
forecast_3876,2025-06-11 12:00:00,6813.540299185895,5066.243885125443,3903.366269389442
forecast_3877,2025-06-11 13:00:00,6125.245393454635,5248.014291858716,3792.9664826037815
forecast_3878,2025-06-11 14:00:00,6706.436359858024,5320.894786594254,3743.039915542578
forecast_3879,2025-06-11 15:00:00,4759.337557134935,3752.5308754223774,2741.4782251487604
forecast_3880,2025-06-11 16:00:00,3771.06542534495,3409.6481883574497,3301.391848313702
forecast_3881,2025-06-11 17:00:00,4355.023742457805,3048.8257402362005,3456.472008820603
forecast_3882,2025-06-11 18:00:00,2817.8718976416294,2067.0624074688003,1489.1430766571787
forecast_3883,2025-06-11 19:00:00,3131.2333979703694,2412.836999516034,1310.959088291857
forecast_3884,2025-06-11 20:00:00,4365.895442647088,3707.7941292318847,2063.265086410298
forecast_3885,2025-06-11 21:00:00,4392.7588483431455,3929.6485193544604,2289.423841443226
forecast_3886,2025-06-11 22:00:00,5465.71326467412,5356.644462147816,3971.7394996333646
forecast_3887,2025-06-11 23:00:00,5546.944217154467,6272.131060053544,4169.437678094708
forecast_3888,2025-06-12 00:00:00,4445.539871158661,4780.079511777626,3052.643151955758
forecast_3889,2025-06-12 01:00:00,3688.134986269033,3764.478711827932,2820.859673241611
forecast_3890,2025-06-12 02:00:00,3307.0427839566546,3491.039808320369,2922.533233695401
forecast_3891,2025-06-12 03:00:00,2318.117699107252,1681.3524219094434,1362.8533620092096
forecast_3892,2025-06-12 04:00:00,1676.4999211134264,1246.2794210103905,986.6879221575923
forecast_3893,2025-06-12 05:00:00,1079.423002828802,790.5804497043492,692.3427111613377
forecast_3894,2025-06-12 06:00:00,152.9481459259472,209.08525942502175,115.0529249172779
forecast_3895,2025-06-12 07:00:00,119.93934525277407,98.8597237419437,76.4862977095459
forecast_3896,2025-06-12 08:00:00,82.19253729883917,85.33801242970617,23.310284463641842
forecast_3897,2025-06-12 09:00:00,101.40833315692348,147.9210388640525,64.75013572134735
forecast_3898,2025-06-12 10:00:00,30.77481560404394,44.267101198198176,10.360163577853218
forecast_3899,2025-06-12 11:00:00,19.433642752018468,20.219820134194038,19.968453669675494
forecast_3900,2025-06-12 12:00:00,15.822455247553375,34.203440579345006,12.906898589118427
forecast_3901,2025-06-12 13:00:00,38.43419875793408,0.0,1.2035037801125554
forecast_3902,2025-06-12 14:00:00,45.78401401662521,14.171148924080144,30.05554133990146
forecast_3903,2025-06-12 15:00:00,56.90035443311639,3.0013107096557787,2.541916895862095
forecast_3904,2025-06-12 16:00:00,0.0,0.0,51.21569096469879
forecast_3905,2025-06-12 17:00:00,47.70084280672726,116.4577837997357,31.166180291181035
forecast_3906,2025-06-12 18:00:00,39.604324987244,222.320512059661,7.523975855025228
forecast_3907,2025-06-12 19:00:00,299.89262217484844,421.06125821246735,163.67634965800426
forecast_3908,2025-06-12 20:00:00,413.73946462565664,699.3081289634098,283.2963875302976
forecast_3909,2025-06-12 21:00:00,616.8568364703453,575.880030273158,206.40363676201204
forecast_3910,2025-06-12 22:00:00,521.3142071159127,968.268163291576,227.90297662115805
forecast_3911,2025-06-12 23:00:00,1024.60851533482,794.7779481933644,233.11942859365857
forecast_3912,2025-06-13 00:00:00,980.2795401317079,1032.7791692055514,498.21179841771067
forecast_3913,2025-06-13 01:00:00,1566.1030638745085,1923.0951754040211,783.468843887
forecast_3914,2025-06-13 02:00:00,2893.6468916715557,2813.6282272177214,1857.8561284467057
forecast_3915,2025-06-13 03:00:00,4722.396706833295,5308.904200393572,3160.178015649127
forecast_3916,2025-06-13 04:00:00,4067.0989078580633,4222.6734015058355,3353.6908947338925
forecast_3917,2025-06-13 05:00:00,3077.648662436128,2637.865449029325,2259.7888971815787
forecast_3918,2025-06-13 06:00:00,1950.5571001248688,1731.0632360121003,2042.3989019578278
forecast_3919,2025-06-13 07:00:00,498.0619973820437,384.70893134004376,160.84901467178793
forecast_3920,2025-06-13 08:00:00,33.966095981449996,0.0,21.301756489773155
forecast_3921,2025-06-13 09:00:00,45.16689755387084,0.0,12.57295147418084
forecast_3922,2025-06-13 10:00:00,242.99456158469746,125.88244733931845,0.0
forecast_3923,2025-06-13 11:00:00,156.17318687958937,68.8109527604787,18.584271731113454
forecast_3924,2025-06-13 12:00:00,260.40788588778895,254.8489930043602,127.1845316620661
forecast_3925,2025-06-13 13:00:00,345.3971648804099,196.4666803571685,349.6296884496467
forecast_3926,2025-06-13 14:00:00,539.9675412681844,430.7092306454385,721.178306738057
forecast_3927,2025-06-13 15:00:00,782.0470130473348,973.9626381682499,970.0191197506342
forecast_3928,2025-06-13 16:00:00,429.36870206271135,496.1780174862804,592.0756168809386
forecast_3929,2025-06-13 17:00:00,900.6305043970627,982.6487890164394,625.5011059288331
forecast_3930,2025-06-13 18:00:00,1058.3506998994285,1126.662407607865,731.2229808919877
forecast_3931,2025-06-13 19:00:00,1016.8632199396882,1012.4071674505099,594.6743213279381
forecast_3932,2025-06-13 20:00:00,922.7140451390192,904.0059809054198,641.9484316968453
forecast_3933,2025-06-13 21:00:00,1736.8152010835408,2010.6320827113104,841.3657204805569
forecast_3934,2025-06-13 22:00:00,2641.7903348438163,3728.9397378575914,1689.5545139085139
forecast_3935,2025-06-13 23:00:00,2983.1972770042585,3834.1461358837555,2625.834880780917
forecast_3936,2025-06-14 00:00:00,2283.3372175571044,3121.7450070507334,1355.2670033235568
forecast_3937,2025-06-14 01:00:00,7246.5271812905075,9222.981019822591,7098.57930153837
forecast_3938,2025-06-14 02:00:00,7070.466302989241,8753.081923705633,7174.844325885514
forecast_3939,2025-06-14 03:00:00,6377.015482084735,9332.286565419612,5287.38894756627
forecast_3940,2025-06-14 04:00:00,3534.5953935376415,5276.561069288405,2148.2478169869137
forecast_3941,2025-06-14 05:00:00,2499.7048207608395,4092.9386299246225,976.8039496250235
forecast_3942,2025-06-14 06:00:00,2742.231252628459,3075.0170454611525,848.9664942495982
forecast_3943,2025-06-14 07:00:00,1091.1248554201757,1074.304275681859,369.58432175745406
forecast_3944,2025-06-14 08:00:00,212.1551679456369,74.96200747973086,46.30301715279903
forecast_3945,2025-06-14 09:00:00,732.1113704101336,495.43999535641194,62.086784284322796
forecast_3946,2025-06-14 10:00:00,358.2954189421312,534.6360380339643,127.8705086605795
forecast_3947,2025-06-14 11:00:00,206.07601294369752,388.58012248735355,169.07136456984168
forecast_3948,2025-06-14 12:00:00,430.4576333427327,474.69206014823567,296.36954844808014
forecast_3949,2025-06-14 13:00:00,274.8740790727177,323.5991070801476,80.95844264007378
forecast_3950,2025-06-14 14:00:00,162.35783938451272,306.9166612844387,193.80260776027032
forecast_3951,2025-06-14 15:00:00,105.44658173644412,360.84243667984566,130.18452435907167
forecast_3952,2025-06-14 16:00:00,17.029033775703876,166.70847458296376,133.497829942155
forecast_3953,2025-06-14 17:00:00,194.39606412503088,377.8037173045286,205.58489261825224
forecast_3954,2025-06-14 18:00:00,81.59324386852663,416.7513560830813,300.238187394513
forecast_3955,2025-06-14 19:00:00,700.2902669644485,883.2282768518179,451.63715813415564
forecast_3956,2025-06-14 20:00:00,683.3971324162408,1055.2691803231041,189.08488120878533
forecast_3957,2025-06-14 21:00:00,1005.9126880636027,1050.7901701270994,106.40430646260552
forecast_3958,2025-06-14 22:00:00,749.3550933925582,776.9035107994484,138.06207365550043
forecast_3959,2025-06-14 23:00:00,459.1880720991147,505.0048561065655,182.85848023170973
forecast_3960,2025-06-15 00:00:00,482.5960586622643,369.3596952027892,145.7735597678414
forecast_3961,2025-06-15 01:00:00,4779.636521951723,5405.476020424129,4293.763309836514
forecast_3962,2025-06-15 02:00:00,4744.737591532466,4843.26930815484,4264.443369985534
forecast_3963,2025-06-15 03:00:00,3820.8766769838744,4108.007727954201,3247.7587101983722
forecast_3964,2025-06-15 04:00:00,4965.785845305703,4672.509416570066,3403.13802074
forecast_3965,2025-06-15 05:00:00,4717.129121931354,5000.5481101939695,3790.0761241351183
forecast_3966,2025-06-15 06:00:00,4561.029573320554,4589.025021593445,3636.011236806421
forecast_3967,2025-06-15 07:00:00,2217.8548988769567,2430.8897503632625,1956.2939413798251
forecast_3968,2025-06-15 08:00:00,812.3067712231912,970.5153699854541,913.0253299904883
forecast_3969,2025-06-15 09:00:00,440.8152641624291,697.247697461274,411.5862294922457
forecast_3970,2025-06-15 10:00:00,378.63149792251915,391.7281661048553,374.4309443511435
forecast_3971,2025-06-15 11:00:00,302.5753806417989,339.03334865788315,539.5184663980424
forecast_3972,2025-06-15 12:00:00,745.5582198519904,941.5402085024879,1354.945308734407
forecast_3973,2025-06-15 13:00:00,729.7441446953833,965.0020807594437,1245.00482565991
forecast_3974,2025-06-15 14:00:00,873.9430847359309,1868.9138374205297,1473.1653326584462
forecast_3975,2025-06-15 15:00:00,1264.0402196060045,2738.551780299815,1686.336785510482
forecast_3976,2025-06-15 16:00:00,2398.2310207864803,3558.066165392707,2763.8013242967645
forecast_3977,2025-06-15 17:00:00,1639.5881454688642,3495.315782770486,1994.6222294863967
forecast_3978,2025-06-15 18:00:00,2415.6246528773236,3985.7717168074964,3036.9565051302143
forecast_3979,2025-06-15 19:00:00,3168.56558806074,5381.969151285687,4043.112896015208
forecast_3980,2025-06-15 20:00:00,5179.025652716262,6242.1582487398655,3999.5652712083606
forecast_3981,2025-06-15 21:00:00,6306.1138043960045,9665.574941722347,6970.150428948426
forecast_3982,2025-06-15 22:00:00,9059.023765532067,11591.11137328562,8851.331219410204
forecast_3983,2025-06-15 23:00:00,8572.31789266876,12668.638161901588,7884.009948282908
forecast_3984,2025-06-16 00:00:00,9296.739386517005,13701.53889125895,9833.734058591932
forecast_3985,2025-06-16 01:00:00,7653.402181726829,10155.339430646873,6831.690351683599
forecast_3986,2025-06-16 02:00:00,8562.424421516196,11420.782951987485,7579.977684477309
forecast_3987,2025-06-16 03:00:00,8539.471667892622,12328.305623466971,9715.270959357766
forecast_3988,2025-06-16 04:00:00,7704.019719300991,10303.76629377028,7778.854024647573
forecast_3989,2025-06-16 05:00:00,6777.869894602213,9074.64750036016,5940.311186468566
forecast_3990,2025-06-16 06:00:00,6519.359674321848,8873.305671646798,5760.036387099785
forecast_3991,2025-06-16 07:00:00,6083.751077693481,8659.088086845504,5470.852424221564
forecast_3992,2025-06-16 08:00:00,6494.684185281233,8473.731238632006,4300.3227929302175
forecast_3993,2025-06-16 09:00:00,6457.865426838512,9214.322390676256,4998.141324620545
forecast_3994,2025-06-16 10:00:00,5863.721395105064,8872.801612330371,4795.505023512606
forecast_3995,2025-06-16 11:00:00,5918.4277103767845,8404.118467488794,6567.541188707732
forecast_3996,2025-06-16 12:00:00,6021.66998057356,8259.920756395695,5696.022777717013
forecast_3997,2025-06-16 13:00:00,6717.966350636081,8848.228019657909,5765.414034287617
forecast_3998,2025-06-16 14:00:00,9345.575591132714,11882.330639741489,10034.687382987287
forecast_3999,2025-06-16 15:00:00,10661.07100687549,11941.408591602103,10733.918285476404
forecast_4000,2025-06-16 16:00:00,11647.858083971587,11636.94883787171,11237.241992145855
forecast_4001,2025-06-16 17:00:00,13264.411927092988,13320.53200385589,13273.277138139292
forecast_4002,2025-06-16 18:00:00,12678.008138953855,13088.560606439929,11983.667514933772
forecast_4003,2025-06-16 19:00:00,12106.843177366834,12758.828052213006,11266.088867166445
forecast_4004,2025-06-16 20:00:00,12334.64083886535,13449.741048038752,11850.05552904211
forecast_4005,2025-06-16 21:00:00,13843.952787874749,14797.679333444377,12855.965468817845
forecast_4006,2025-06-16 22:00:00,15116.29343168587,17174.353179781232,14388.297037709615
forecast_4007,2025-06-16 23:00:00,14408.359946664163,16210.65871379424,13818.40938426619
forecast_4008,2025-06-17 00:00:00,14727.349149189333,17640.733735851412,15327.11033225803
forecast_4009,2025-06-17 01:00:00,15901.06949104831,17486.877347904338,17160.192862525404
forecast_4010,2025-06-17 02:00:00,16800.866206192833,17627.81646304577,16904.364322145506
forecast_4011,2025-06-17 03:00:00,16340.159217970702,17928.362514558736,17127.295727969256
forecast_4012,2025-06-17 04:00:00,16106.195665853977,17878.159518611268,16785.262433693333
forecast_4013,2025-06-17 05:00:00,14360.930800138487,16800.45440914279,15236.118192000127
forecast_4014,2025-06-17 06:00:00,13716.017006896485,16025.824258366018,13780.642014823376
forecast_4015,2025-06-17 07:00:00,14242.525919314217,16240.05294708186,13600.825902095065
forecast_4016,2025-06-17 08:00:00,11958.54455252885,14480.922975863752,12744.860016955974
forecast_4017,2025-06-17 09:00:00,9443.752396600388,13179.389159178447,12735.655155986393
forecast_4018,2025-06-17 10:00:00,8578.846850905595,11314.233921888059,10311.462735974752
forecast_4019,2025-06-17 11:00:00,8463.182300226554,10816.934522377433,9797.340555362933
forecast_4020,2025-06-17 12:00:00,9380.846363947103,11003.355431518188,10241.515654685782
forecast_4021,2025-06-17 13:00:00,8979.09561627231,11183.099850474218,9555.836601571442
forecast_4022,2025-06-17 14:00:00,8578.039243983852,10709.745460277094,9110.202615751003
forecast_4023,2025-06-17 15:00:00,7488.143047751748,9106.59014465732,8545.932594564054
forecast_4024,2025-06-17 16:00:00,7707.081265159765,8827.288822906494,8319.308861630036
forecast_4025,2025-06-17 17:00:00,6717.731851312378,7298.397868877283,7018.6701592145655
forecast_4026,2025-06-17 18:00:00,5555.7502877562765,6652.382151727199,6286.489236046262
forecast_4027,2025-06-17 19:00:00,4970.267030374479,6636.43138096854,4643.842190832235
forecast_4028,2025-06-17 20:00:00,5155.821046282976,6302.881514175935,4990.4290354051045
forecast_4029,2025-06-17 21:00:00,5693.2349763466145,6704.119986186216,4892.90033185762
forecast_4030,2025-06-17 22:00:00,5337.203384323592,5781.618020034963,4515.000910942637
forecast_4031,2025-06-17 23:00:00,5967.920264673082,7201.880178624719,4386.858948643145
forecast_4032,2025-06-18 00:00:00,6589.275785158521,7616.690885896709,5026.300489552425
forecast_4033,2025-06-18 01:00:00,6645.781606769167,8750.848404846352,4966.786490303584
forecast_4034,2025-06-18 02:00:00,7062.516401548756,9155.974122134876,5135.598778520555
forecast_4035,2025-06-18 03:00:00,6733.8845582056565,9402.765073450164,6175.225168642483
forecast_4036,2025-06-18 04:00:00,7219.9709940680395,8268.331835682826,6338.472389416823
forecast_4037,2025-06-18 05:00:00,6971.416559922228,8295.304214192425,6312.687142158139
forecast_4038,2025-06-18 06:00:00,6607.729025394304,7966.377465369709,5753.663819130781
forecast_4039,2025-06-18 07:00:00,5781.180391396296,6578.338843624066,4478.162155982172
forecast_4040,2025-06-18 08:00:00,5212.062044928414,6128.2379897056635,4949.353874638272
forecast_4041,2025-06-18 09:00:00,4389.681721135413,4432.329139067946,2914.989584175804
forecast_4042,2025-06-18 10:00:00,3972.2507623560045,3959.096549229183,2618.539786641728
forecast_4043,2025-06-18 11:00:00,2887.100931019309,2810.5037213782257,1977.2743116081097
forecast_4044,2025-06-18 12:00:00,3760.121823004327,3582.373881947959,1908.3414133510794
forecast_4045,2025-06-18 13:00:00,2342.165372571868,2272.6098907828537,1245.6405257409208
forecast_4046,2025-06-18 14:00:00,2825.99264933111,2564.1156066304497,1398.066953372001
forecast_4047,2025-06-18 15:00:00,4447.637844677425,3969.44297225759,2224.7209980814737
forecast_4048,2025-06-18 16:00:00,4070.580524564411,3911.288194015482,2920.68170174811
forecast_4049,2025-06-18 17:00:00,4391.103753077396,4073.5604838697495,2954.9694731607033
forecast_4050,2025-06-18 18:00:00,3236.114374370007,3111.1090623907894,1418.3206707495822
forecast_4051,2025-06-18 19:00:00,4333.506414787558,4942.351515324095,4060.0139108383537
forecast_4052,2025-06-18 20:00:00,5846.020387710996,6207.452351372203,4781.82572460639
forecast_4053,2025-06-18 21:00:00,8007.447551196832,8493.849789499796,7459.265277025734
forecast_4054,2025-06-18 22:00:00,8130.253139826902,11854.381000030044,7363.432809673163
forecast_4055,2025-06-18 23:00:00,11104.880320125594,13114.919551250947,9243.52673209297
forecast_4056,2025-06-19 00:00:00,10983.464653219751,13965.454546911886,9142.764543793963
forecast_4057,2025-06-19 01:00:00,12455.219826698481,13952.878838535093,10250.557009694929
forecast_4058,2025-06-19 02:00:00,11147.875703727866,13290.937951111491,9551.336857428914
forecast_4059,2025-06-19 03:00:00,12242.31932911669,13882.218778507133,10334.65450947339
forecast_4060,2025-06-19 04:00:00,11651.725487284159,13747.065016551165,8998.757079590383
forecast_4061,2025-06-19 05:00:00,11260.91066719981,13218.123949162999,8173.094192402682
forecast_4062,2025-06-19 06:00:00,8744.986335216829,10674.408100426239,5524.422878044361
forecast_4063,2025-06-19 07:00:00,5717.237405846019,5633.782487412846,3388.5580931405652
forecast_4064,2025-06-19 08:00:00,4377.460820439668,3889.1008101083044,2063.9834148027157
forecast_4065,2025-06-19 09:00:00,1968.2325924416814,1295.2569232785352,757.7928816098088
forecast_4066,2025-06-19 10:00:00,1141.116244723936,751.4635683841739,574.735521045322
forecast_4067,2025-06-19 11:00:00,87.1738324478518,132.78762929755945,266.09149654620353
forecast_4068,2025-06-19 12:00:00,93.13592150802032,157.03637619951294,149.46275907318727
forecast_4069,2025-06-19 13:00:00,69.76118920737753,69.08241531660502,231.0386115228191
forecast_4070,2025-06-19 14:00:00,75.91661087962224,110.2912133724239,340.50577400608324
forecast_4071,2025-06-19 15:00:00,164.42487469662288,185.19017408268004,491.64198200752486
forecast_4072,2025-06-19 16:00:00,185.1017847218277,228.83949817918187,368.5199821299824
forecast_4073,2025-06-19 17:00:00,594.2591510355355,541.9200495723284,837.1331487783905
forecast_4074,2025-06-19 18:00:00,1146.7460261086817,1455.4752962714558,991.6279375484926
forecast_4075,2025-06-19 19:00:00,1898.7252923525227,3116.269669926426,1920.1674759229104
forecast_4076,2025-06-19 20:00:00,2657.1507108119145,4659.663968571033,2195.2305275849967
forecast_4077,2025-06-19 21:00:00,3559.3839421912226,5622.7918305484145,3848.592113188944
forecast_4078,2025-06-19 22:00:00,4659.605522984876,6673.9180284273,3770.442796731871
forecast_4079,2025-06-19 23:00:00,5400.894305800785,8314.756765667775,4503.420826068467
forecast_4080,2025-06-20 00:00:00,5075.683166529797,7333.156101154096,4098.993248940519
forecast_4081,2025-06-20 01:00:00,8080.739511873196,10402.676125513794,5681.554673895677
forecast_4082,2025-06-20 02:00:00,8330.962219681966,12170.308034764896,6943.119588325322
forecast_4083,2025-06-20 03:00:00,9843.978798062037,11417.937141349206,7561.39740661609
forecast_4084,2025-06-20 04:00:00,10555.232296739525,12790.812547366919,9280.311488504693
forecast_4085,2025-06-20 05:00:00,9887.219996931924,12892.924099077,9619.507656369451
forecast_4086,2025-06-20 06:00:00,9456.614334293668,12053.503835243848,8115.761675521015
forecast_4087,2025-06-20 07:00:00,7667.609103305548,10901.184747225145,6878.280675740277
forecast_4088,2025-06-20 08:00:00,6648.867601844475,9261.669166577409,5055.236468903756
forecast_4089,2025-06-20 09:00:00,6150.386074808974,9035.955200379458,5875.5434556591135
forecast_4090,2025-06-20 10:00:00,6034.318353161199,9899.719540384964,7890.0473061470175
forecast_4091,2025-06-20 11:00:00,8863.711987272209,12857.78107388294,11689.27096189749
forecast_4092,2025-06-20 12:00:00,11266.81295282663,14609.404152646151,14705.140932387581
forecast_4093,2025-06-20 13:00:00,14357.976586992687,16051.211020957075,15726.534612465513
forecast_4094,2025-06-20 14:00:00,14350.20327868506,15835.410893350847,16219.934996945414
forecast_4095,2025-06-20 15:00:00,14685.421298377989,16813.340383250954,15161.042532368216
forecast_4096,2025-06-20 16:00:00,16715.765249593307,17408.995999023333,16868.665379479
forecast_4097,2025-06-20 17:00:00,16322.266432487828,16834.754059506107,16261.683812224706
forecast_4098,2025-06-20 18:00:00,15991.759676563142,16806.479781583963,16911.737612803274
forecast_4099,2025-06-20 19:00:00,16490.32181547427,17273.45699914765,17225.89002287939
forecast_4100,2025-06-20 20:00:00,16871.640740006696,16556.39422344636,17321.749440616906
forecast_4101,2025-06-20 21:00:00,16152.381837341489,16469.568441518335,17029.486489891766
forecast_4102,2025-06-20 22:00:00,16642.978443498672,17227.95407776744,17130.465828288914
forecast_4103,2025-06-20 23:00:00,16937.405395068672,17617.665478404415,17568.88806286206
forecast_4104,2025-06-21 00:00:00,16463.755062375727,17933.634492264333,17400.409192094627
forecast_4105,2025-06-21 01:00:00,16625.13102445553,17634.072115145987,18593.270114734696
forecast_4106,2025-06-21 02:00:00,16490.904021939303,17393.986373776763,18627.880942112883
forecast_4107,2025-06-21 03:00:00,16688.770945448443,18116.993123251483,18423.651195634702
forecast_4108,2025-06-21 04:00:00,16049.34683265754,18088.832222576828,17353.35053202242
forecast_4109,2025-06-21 05:00:00,14243.898480765547,15601.821362711371,15294.587082356089
forecast_4110,2025-06-21 06:00:00,14832.42872992727,14534.112262248382,15366.419944422525
forecast_4111,2025-06-21 07:00:00,14619.606867633196,16379.108706216039,15709.325539445419
forecast_4112,2025-06-21 08:00:00,14316.799250334936,15822.710601868574,15609.14722405979
forecast_4113,2025-06-21 09:00:00,11069.81306520739,12906.642326776113,11060.921413728867
forecast_4114,2025-06-21 10:00:00,9794.147903845758,11179.818046581357,10177.35112951439
forecast_4115,2025-06-21 11:00:00,7876.005832844461,9694.795139901113,8065.595458542736
forecast_4116,2025-06-21 12:00:00,6265.7432049088075,8169.124032376527,6268.1682877061585
forecast_4117,2025-06-21 13:00:00,6554.326808886336,8370.262181240218,5929.368916107466
forecast_4118,2025-06-21 14:00:00,5636.547646473134,6409.821403427891,5364.368200701374
forecast_4119,2025-06-21 15:00:00,8868.380021835796,10672.369966177006,8618.584352616956
forecast_4120,2025-06-21 16:00:00,10240.824173952686,10806.277356049903,10262.460747181953
forecast_4121,2025-06-21 17:00:00,9201.302347232733,9921.225365140268,8551.914765584575
forecast_4122,2025-06-21 18:00:00,8001.302799062963,8654.526629608827,8704.97127871756
forecast_4123,2025-06-21 19:00:00,11378.419377704782,11199.362909647873,9767.836183681378
forecast_4124,2025-06-21 20:00:00,9785.89410659303,11423.749502606192,9843.954217836594
forecast_4125,2025-06-21 21:00:00,8835.222714646186,10751.516502519858,8522.843440442248
forecast_4126,2025-06-21 22:00:00,10450.118884855368,12390.35840650148,10749.746403530127
forecast_4127,2025-06-21 23:00:00,12021.406511412502,13409.649167297226,11935.563910121999
forecast_4128,2025-06-22 00:00:00,15286.177187550442,15865.727079584347,14636.831399009221
forecast_4129,2025-06-22 01:00:00,13152.578540288885,15162.410960364828,12742.606374600246
forecast_4130,2025-06-22 02:00:00,12591.898307947646,15215.341507417394,12267.509260807567
forecast_4131,2025-06-22 03:00:00,13384.825541433802,14778.964787549463,10681.344833237052
forecast_4132,2025-06-22 04:00:00,13995.061751493055,14616.559303054735,9160.83886666305
forecast_4133,2025-06-22 05:00:00,12714.690361818788,13305.166241368688,9029.510654862297
forecast_4134,2025-06-22 06:00:00,10750.650641826585,12290.089370534639,8532.47472430779
forecast_4135,2025-06-22 07:00:00,9043.337216289863,9991.280749653226,6091.38427369024
forecast_4136,2025-06-22 08:00:00,6910.408104061839,6535.031438616121,3633.6955106661844
forecast_4137,2025-06-22 09:00:00,4025.0389061558435,4165.740537468446,2745.9270447104714
forecast_4138,2025-06-22 10:00:00,3960.4555472345023,4248.327965855333,2696.768259532108
forecast_4139,2025-06-22 11:00:00,4943.113485187579,5152.315600131794,3578.900888027652
forecast_4140,2025-06-22 12:00:00,5227.534708419204,4500.373590545224,5065.926459820942
forecast_4141,2025-06-22 13:00:00,4502.350201072732,4478.889429158873,4414.30443959543
forecast_4142,2025-06-22 14:00:00,2943.90936220887,2619.9245429846114,2697.357938887646
forecast_4143,2025-06-22 15:00:00,2333.794935759534,2099.796616086124,1944.8876659498626
forecast_4144,2025-06-22 16:00:00,3058.465472260982,2293.1489971930328,1866.6433457062737
forecast_4145,2025-06-22 17:00:00,3077.145540857415,2598.382958004206,1899.8628740381089
forecast_4146,2025-06-22 18:00:00,4196.9272827082705,3566.252556826866,1758.149755147695
forecast_4147,2025-06-22 19:00:00,3561.67382230586,3068.0876225322527,2501.853104459763
forecast_4148,2025-06-22 20:00:00,3929.0100339370324,3635.412393090407,3190.469523723641
forecast_4149,2025-06-22 21:00:00,4444.913023049073,4366.363255625329,3943.6551303723522
forecast_4150,2025-06-22 22:00:00,5617.854848545865,5297.223474736055,4461.839990390967
forecast_4151,2025-06-22 23:00:00,6176.0477831179405,6204.08473628446,3912.169832182121
forecast_4152,2025-06-23 00:00:00,5733.541579318772,5073.86678137223,3966.3551816508234
forecast_4153,2025-06-23 01:00:00,2763.0702535379496,2038.3841496989621,2270.302224012246
forecast_4154,2025-06-23 02:00:00,2237.356303414279,1928.2677821134787,1815.5560100917464
forecast_4155,2025-06-23 03:00:00,2059.435782441014,1625.5264220039066,1616.0319353122693
forecast_4156,2025-06-23 04:00:00,2133.24041998069,1799.071064526286,2050.5591984245875
forecast_4157,2025-06-23 05:00:00,2038.6645517922352,1434.5285472991475,1861.8645327402883
forecast_4158,2025-06-23 06:00:00,1593.346060418908,1152.6655973306458,1046.4852275072062
forecast_4159,2025-06-23 07:00:00,996.2543506084262,468.54165503726273,529.6611578205632
forecast_4160,2025-06-23 08:00:00,66.39323001604325,42.277950559339345,10.467757571930912
forecast_4161,2025-06-23 09:00:00,41.42471087299839,6.999928693645042,19.084325011896805
forecast_4162,2025-06-23 10:00:00,4.082708105465096,55.44279140917079,77.15802385605386
forecast_4163,2025-06-23 11:00:00,161.72017455668805,128.2779230062597,124.26217004112895
forecast_4164,2025-06-23 12:00:00,108.61818243880546,160.2398318129839,282.6278819099545
forecast_4165,2025-06-23 13:00:00,124.12930118326798,223.24000414799818,394.66778233426385
forecast_4166,2025-06-23 14:00:00,151.0848940865501,223.1498571510971,413.4873141665337
forecast_4167,2025-06-23 15:00:00,104.15631474317298,157.56061194060092,536.1872339057079
forecast_4168,2025-06-23 16:00:00,69.5384788160564,117.75577646148724,128.71498270800902
forecast_4169,2025-06-23 17:00:00,70.39207426251448,12.523395189640917,152.44001024595775
forecast_4170,2025-06-23 18:00:00,13.670543279994314,48.29383320353806,0.0
forecast_4171,2025-06-23 19:00:00,199.65488609377317,95.97579637670047,0.0
forecast_4172,2025-06-23 20:00:00,344.96137980368553,234.11761260418854,5.229251158625644
forecast_4173,2025-06-23 21:00:00,397.6386668078245,313.0161895656075,27.496357716123594
forecast_4174,2025-06-23 22:00:00,164.29366787651355,101.38771965660163,7.609572114845078
forecast_4175,2025-06-23 23:00:00,93.57057598403688,16.029409121320242,10.824816564089513
forecast_4176,2025-06-24 00:00:00,166.02656455961915,45.376012940102754,4.262567894734832
forecast_4177,2025-06-24 01:00:00,159.6645669749839,146.10769398687734,0.0
forecast_4178,2025-06-24 02:00:00,449.1614539655472,361.6724334798536,39.369557761896914
forecast_4179,2025-06-24 03:00:00,304.7205917391205,222.7332265733029,0.0
forecast_4180,2025-06-24 04:00:00,413.18423143961826,361.1442238559369,3.5236653805461198
forecast_4181,2025-06-24 05:00:00,700.6781115893821,681.006720772563,22.299845085648304
forecast_4182,2025-06-24 06:00:00,909.8443049597628,960.5916571432722,87.06602795528886
forecast_4183,2025-06-24 07:00:00,1483.0619945002718,1094.3039164008603,289.30205001893097
forecast_4184,2025-06-24 08:00:00,2230.2684547412305,1494.3308699240563,452.2485765286877
forecast_4185,2025-06-24 09:00:00,1990.0938612718887,1772.2081762349303,584.8439785081134
forecast_4186,2025-06-24 10:00:00,2458.7812523504663,1960.9417137412674,758.0586648439603
forecast_4187,2025-06-24 11:00:00,1340.5747053106172,1334.3490287553138,690.6994692101
forecast_4188,2025-06-24 12:00:00,1122.2817040113002,1576.2565167308737,664.0559143303145
forecast_4189,2025-06-24 13:00:00,1401.4530447806978,1519.9697454965683,713.0304738906232
forecast_4190,2025-06-24 14:00:00,1610.0319855855366,2076.631898251624,874.0668621508395
forecast_4191,2025-06-24 15:00:00,2133.7132483835426,2284.965064389531,925.7128880884477
forecast_4192,2025-06-24 16:00:00,2387.4654835085566,1999.9852662606916,945.2916542343866
forecast_4193,2025-06-24 17:00:00,2750.6714206192346,2162.4467121886364,1438.214585705542
forecast_4194,2025-06-24 18:00:00,2521.200436448608,2751.0571063993934,728.9444023543016
forecast_4195,2025-06-24 19:00:00,3606.4049458803074,4317.822764140918,1339.8664208124203
forecast_4196,2025-06-24 20:00:00,4418.586804665758,4948.582419390098,2170.384195852009
forecast_4197,2025-06-24 21:00:00,5751.50333558374,6693.632256093393,2715.368189542194
forecast_4198,2025-06-24 22:00:00,5447.072910563049,7134.20548750759,2389.650938363937
forecast_4199,2025-06-24 23:00:00,6491.871306663626,7300.67163196189,2754.097414501304
forecast_4200,2025-06-25 00:00:00,6408.259792821953,7528.470301821855,2488.3431374177985
forecast_4201,2025-06-25 01:00:00,4529.48102040234,5812.798134401806,2345.8497748164673
forecast_4202,2025-06-25 02:00:00,4034.8939390166893,3744.981527973265,1536.6581081128268
forecast_4203,2025-06-25 03:00:00,3842.2477852158318,3612.878360707925,1279.7522554395161
forecast_4204,2025-06-25 04:00:00,2959.6719404086575,2688.602965368287,782.2730520036856
forecast_4205,2025-06-25 05:00:00,3265.222674970123,3105.482846305968,1172.4620066499642
forecast_4206,2025-06-25 06:00:00,3367.8057240084568,3094.534071752367,1200.989125078392
forecast_4207,2025-06-25 07:00:00,3228.137449635457,3199.140043215036,842.2667545582092
forecast_4208,2025-06-25 08:00:00,2449.7947379926495,2587.78477226675,615.9755968610282
forecast_4209,2025-06-25 09:00:00,2698.8330296498,2694.5079009709248,949.8571552623297
forecast_4210,2025-06-25 10:00:00,2190.2165959951994,2684.6033944024957,737.4700129205099
forecast_4211,2025-06-25 11:00:00,2465.836819700823,2233.512835698607,462.36267452781465
forecast_4212,2025-06-25 12:00:00,1462.7127549946817,1673.1750210781215,410.33919837374054
forecast_4213,2025-06-25 13:00:00,1852.2789704946472,1771.7924440356337,255.17578912252085
forecast_4214,2025-06-25 14:00:00,1559.6848902490497,1616.4928577503508,318.03494767656895
forecast_4215,2025-06-25 15:00:00,839.3454687052266,1014.3420868814624,246.82643404140748
forecast_4216,2025-06-25 16:00:00,344.1125553926326,280.79327491801314,91.68029961359325
forecast_4217,2025-06-25 17:00:00,581.8898760817493,732.7966939611115,180.75482562472916
forecast_4218,2025-06-25 18:00:00,823.6446714666221,1054.316960175958,245.4167784359109
forecast_4219,2025-06-25 19:00:00,1268.6196693085994,1764.5635028857835,392.5540804046923
forecast_4220,2025-06-25 20:00:00,3144.4151008508634,2285.131048023093,1074.4651158434
forecast_4221,2025-06-25 21:00:00,3392.207035208961,3441.592357027046,1276.0570033739264
forecast_4222,2025-06-25 22:00:00,3880.2852138517133,4486.246538641899,2222.6805573286256
forecast_4223,2025-06-25 23:00:00,4875.726081031397,5710.5466204543345,3671.6584443597176
forecast_4224,2025-06-26 00:00:00,5898.592803171734,5905.555046504822,4629.563422520853
forecast_4225,2025-06-26 01:00:00,7068.425059832152,9892.393446919808,7397.190913136667
forecast_4226,2025-06-26 02:00:00,9383.175700783471,11420.111734518683,8874.691741121993
forecast_4227,2025-06-26 03:00:00,9652.956445390933,10444.91458774181,7896.425904817164
forecast_4228,2025-06-26 04:00:00,10212.386556312602,11156.365332239719,8257.004006121495
forecast_4229,2025-06-26 05:00:00,10392.023677953168,11514.81067999122,10663.799953487673
forecast_4230,2025-06-26 06:00:00,9249.253438827769,9442.121604818307,8234.661046380068
forecast_4231,2025-06-26 07:00:00,8690.399810985602,8777.643955069036,6724.3048275712545
forecast_4232,2025-06-26 08:00:00,7472.550527921733,8858.194446744865,6735.9942859570165
forecast_4233,2025-06-26 09:00:00,8336.836805295983,9599.878236789315,6682.509429496251
forecast_4234,2025-06-26 10:00:00,5481.608532783465,6374.96545266953,4634.621609799206
forecast_4235,2025-06-26 11:00:00,4846.382084240809,5841.015951283745,3538.7745419826792
forecast_4236,2025-06-26 12:00:00,4902.905392782017,5735.279666439323,3776.4380526142722
forecast_4237,2025-06-26 13:00:00,4060.9977900639487,5404.564013198945,3191.1651204141895
forecast_4238,2025-06-26 14:00:00,2884.9985054381737,3539.6950553239176,2989.2654435399745
forecast_4239,2025-06-26 15:00:00,5017.6679921542145,5047.666549179709,3352.2086347675004
forecast_4240,2025-06-26 16:00:00,6086.774575264471,5426.223020940583,3309.8960890808244
forecast_4241,2025-06-26 17:00:00,5666.581861235099,5853.478334003907,3906.064370714089
forecast_4242,2025-06-26 18:00:00,5277.0294333705815,5495.819121467254,3837.248252970678
forecast_4243,2025-06-26 19:00:00,5110.285060450839,4672.818769058182,3460.1014147967153
forecast_4244,2025-06-26 20:00:00,5721.229626218469,5859.322867798569,4387.468123411734
forecast_4245,2025-06-26 21:00:00,5060.011871934214,5438.295254141492,4535.063398527822
forecast_4246,2025-06-26 22:00:00,4555.412670796166,4184.8303046531155,4212.781606761857
forecast_4247,2025-06-26 23:00:00,3525.3207112800324,3791.080439417673,3491.6679160874146
forecast_4248,2025-06-27 00:00:00,3655.692801806805,3406.2929974248905,3471.9266188216397
forecast_4249,2025-06-27 01:00:00,5001.386683773699,4928.301599669635,3603.9056054842176
forecast_4250,2025-06-27 02:00:00,3755.381524337077,3546.8986140724014,2833.9417341947833
forecast_4251,2025-06-27 03:00:00,3587.7344030920176,4113.024163675981,3753.3844226811384
forecast_4252,2025-06-27 04:00:00,4633.329128707757,5265.150675776568,4850.322059639155
forecast_4253,2025-06-27 05:00:00,4126.3433077106365,3727.728997865426,4017.322632341948
forecast_4254,2025-06-27 06:00:00,3047.3025814672415,2418.667127242591,2628.891003442094
forecast_4255,2025-06-27 07:00:00,1986.3702644814991,1775.28896769563,1779.505440122409
forecast_4256,2025-06-27 08:00:00,1772.6560126034124,809.1354233057239,759.5878962471813
forecast_4257,2025-06-27 09:00:00,205.95664630116295,130.57126838859867,66.47491494534374
forecast_4258,2025-06-27 10:00:00,172.1890770091334,145.49559199726056,69.37513619807322
forecast_4259,2025-06-27 11:00:00,127.55005444576986,85.3565690383729,10.394150223064456
forecast_4260,2025-06-27 12:00:00,307.9563104353827,277.2253673143191,150.27560404395118
forecast_4261,2025-06-27 13:00:00,399.2963376980842,582.1474083055011,246.87033871638283
forecast_4262,2025-06-27 14:00:00,908.7064495944228,782.2656082882355,681.053449393764
forecast_4263,2025-06-27 15:00:00,885.8358618979805,405.1712863471371,80.39055989033814
forecast_4264,2025-06-27 16:00:00,667.1536795346253,331.39181531220237,98.96291761068318
forecast_4265,2025-06-27 17:00:00,303.7855471859949,197.65393194246616,45.734381757691494
forecast_4266,2025-06-27 18:00:00,297.9100536556739,177.1921869094939,39.3261930888371
forecast_4267,2025-06-27 19:00:00,203.31742744109667,250.77795603205723,10.085067228245057
forecast_4268,2025-06-27 20:00:00,506.86397625061755,790.9392313817262,389.220672559133
forecast_4269,2025-06-27 21:00:00,2098.0616719676427,2467.6229076145105,1157.5547784816113
forecast_4270,2025-06-27 22:00:00,3485.568445959095,4765.6667066482405,2463.45031631631
forecast_4271,2025-06-27 23:00:00,5463.5877538492,6159.662157925552,3655.9583355311584
forecast_4272,2025-06-28 00:00:00,4164.726407206884,4836.869391339445,3175.1243415720264
forecast_4273,2025-06-28 01:00:00,7105.704699402108,7401.5297525450915,5587.885428146591
forecast_4274,2025-06-28 02:00:00,7260.239630757432,7822.551032667962,5402.212778616621
forecast_4275,2025-06-28 03:00:00,8354.959777260847,9110.810555826329,6495.104257248402
forecast_4276,2025-06-28 04:00:00,9480.847419375592,9458.12459443854,6860.4399470979415
forecast_4277,2025-06-28 05:00:00,10121.643529507754,10509.633078629615,6087.266688934999
forecast_4278,2025-06-28 06:00:00,8154.0173013258045,9098.943566440661,4924.030740163532
forecast_4279,2025-06-28 07:00:00,7642.055520304765,8530.223323696466,6252.685891291257
forecast_4280,2025-06-28 08:00:00,4967.03058587694,6210.318049821835,2943.2982564912368
forecast_4281,2025-06-28 09:00:00,3746.872512803306,4686.2379194808245,1686.8143123508926
forecast_4282,2025-06-28 10:00:00,2957.9241685971842,2598.4917188204718,1226.1022897421722
forecast_4283,2025-06-28 11:00:00,1272.573884225443,1174.0142134115972,848.1666394157959
forecast_4284,2025-06-28 12:00:00,139.70504609816552,232.52226749557755,180.86955672833716
forecast_4285,2025-06-28 13:00:00,209.76162367113835,330.90702681430446,227.73370919318808
forecast_4286,2025-06-28 14:00:00,835.5494781621936,724.9309167144728,804.5276421133925
forecast_4287,2025-06-28 15:00:00,622.1046280862897,790.3225087086702,964.7407172910322
forecast_4288,2025-06-28 16:00:00,767.3624725402832,879.9761603750449,964.2582585484669
forecast_4289,2025-06-28 17:00:00,1670.4050588474038,1645.4219695790935,1876.4693353287462
forecast_4290,2025-06-28 18:00:00,2336.1454896296073,2674.271831659597,2749.8660510904047
forecast_4291,2025-06-28 19:00:00,3042.381377911836,4413.766566749872,2895.0502111765054
forecast_4292,2025-06-28 20:00:00,4684.383008535324,5896.387480472495,4596.490100085458
forecast_4293,2025-06-28 21:00:00,6201.052422336941,7900.31039134418,6210.477432589275
forecast_4294,2025-06-28 22:00:00,6739.27605141933,8125.2341629388175,5317.82454514148
forecast_4295,2025-06-28 23:00:00,6470.992102911024,7345.394861803819,5243.423220170223
forecast_4296,2025-06-29 00:00:00,6307.31042017531,7102.576996494068,5264.468462806907
forecast_4297,2025-06-29 01:00:00,7488.1033997143395,9362.846377328156,6357.11870405255
forecast_4298,2025-06-29 02:00:00,8194.414333279288,9799.96890365449,7365.396834313283
forecast_4299,2025-06-29 03:00:00,8546.924630683998,10453.611187864331,9119.112085518438
forecast_4300,2025-06-29 04:00:00,11011.71568902199,11906.791924662319,9814.185368160952
forecast_4301,2025-06-29 05:00:00,10514.173787365808,11089.287456425305,9165.18810523348
forecast_4302,2025-06-29 06:00:00,11199.213521668149,11240.6409071913,9627.234784871247
forecast_4303,2025-06-29 07:00:00,11405.558574418103,11780.312040943625,8466.289056768848
forecast_4304,2025-06-29 08:00:00,9450.282541933359,9265.202442531614,7757.51056800371
forecast_4305,2025-06-29 09:00:00,7777.154014804738,8666.17013942874,7357.746483774284
forecast_4306,2025-06-29 10:00:00,4728.535000884091,4362.599833099412,3910.2500107570495
forecast_4307,2025-06-29 11:00:00,2998.5457875360353,2828.37014087533,2547.7598733436703
forecast_4308,2025-06-29 12:00:00,2629.98226685217,3069.0552848240472,2426.3025336899673
forecast_4309,2025-06-29 13:00:00,2286.1233898447044,2709.3824065355934,2217.3517938631176
forecast_4310,2025-06-29 14:00:00,2298.3968152684174,2747.6076614912827,2369.631760611789
forecast_4311,2025-06-29 15:00:00,2723.8475273009926,2234.627029270253,2236.309044606882
forecast_4312,2025-06-29 16:00:00,3532.4614343658577,3395.582619100924,3478.815035098101
forecast_4313,2025-06-29 17:00:00,4200.43071089921,3793.69936519544,3579.29201514502
forecast_4314,2025-06-29 18:00:00,3987.5429297798946,3466.4877584873793,3270.4936251878594
forecast_4315,2025-06-29 19:00:00,4584.363815085643,4577.121890846061,3883.483560432154
forecast_4316,2025-06-29 20:00:00,5181.228416459448,6047.872931296327,4419.163028950436
forecast_4317,2025-06-29 21:00:00,7083.17470432453,6930.81349292708,6447.946224270729
forecast_4318,2025-06-29 22:00:00,9952.764456084631,10696.224473182403,7642.715176603062
forecast_4319,2025-06-29 23:00:00,10328.888533995138,11137.113801019806,9125.611351085814
forecast_4320,2025-06-30 00:00:00,11231.899197704925,11974.488795754014,9709.663963321329
forecast_4321,2025-06-30 01:00:00,7031.852064708156,8193.579103396802,5937.252228954355
forecast_4322,2025-06-30 02:00:00,7122.156237116687,8371.796660097963,5806.281225708609
forecast_4323,2025-06-30 03:00:00,7237.338134113614,8145.606276588835,4974.993948248776
forecast_4324,2025-06-30 04:00:00,7781.179430434957,8651.266179019709,5986.795618128263
forecast_4325,2025-06-30 05:00:00,9352.149688482888,9302.263785354326,7064.07322078375
forecast_4326,2025-06-30 06:00:00,9178.166077249029,9928.969660325374,8334.337685994362
forecast_4327,2025-06-30 07:00:00,7960.62576884407,8421.864693328665,6231.703943879389
forecast_4328,2025-06-30 08:00:00,5312.594952954171,6184.369442139236,4502.174825093843
forecast_4329,2025-06-30 09:00:00,4705.9177169424365,5467.374410176361,4065.9288176289983
forecast_4330,2025-06-30 10:00:00,3807.6404780078506,3149.514960208561,2849.8529901083903
forecast_4331,2025-06-30 11:00:00,2167.193839525694,1347.8672173528848,1515.447580763713
forecast_4332,2025-06-30 12:00:00,2081.5095644751177,1706.5104351300922,1202.359463094925
forecast_4333,2025-06-30 13:00:00,2949.808065692322,2545.781545624819,2254.4747259345822
forecast_4334,2025-06-30 14:00:00,4271.659520965721,4750.477809352237,3851.8389499480863
forecast_4335,2025-06-30 15:00:00,4846.73974187742,4660.976559788592,4714.414973100065
forecast_4336,2025-06-30 16:00:00,6582.330106777457,5396.010801992615,5382.118711189502
forecast_4337,2025-06-30 17:00:00,7196.048929867978,7519.379037978081,6093.58050275952
forecast_4338,2025-06-30 18:00:00,8225.111509607344,7729.861189445689,6500.583275261194
forecast_4339,2025-06-30 19:00:00,8578.998691537787,9019.031393612728,7315.99966695939
forecast_4340,2025-06-30 20:00:00,8248.245536056624,8594.658173576756,7138.711518116708
forecast_4341,2025-06-30 21:00:00,8794.530362683967,10212.46367774578,9256.059312244426
forecast_4342,2025-06-30 22:00:00,11043.071678262588,12971.316984833671,9921.679155995198
forecast_4343,2025-06-30 23:00:00,12435.895560115043,14359.900421641878,10604.258836052286
forecast_4344,2025-07-01 00:00:00,11279.630491262735,13663.219295896162,9929.512151120935
forecast_4345,2025-07-01 01:00:00,7617.89570157676,10152.062956965432,8351.347086570486
forecast_4346,2025-07-01 02:00:00,8209.061790191265,10085.420616592854,7433.948957395513
forecast_4347,2025-07-01 03:00:00,8351.778788098003,9637.495222923739,8082.124589807986
forecast_4348,2025-07-01 04:00:00,8690.005373130924,10191.53696966231,8743.348041968213
forecast_4349,2025-07-01 05:00:00,10524.76329643629,11989.93094031462,9465.39947352651
forecast_4350,2025-07-01 06:00:00,9907.300719751152,11460.588526261186,8299.031024188404
forecast_4351,2025-07-01 07:00:00,8518.660399878594,10362.269929592076,6831.758093898637
forecast_4352,2025-07-01 08:00:00,7233.1319317544185,7449.200822431304,5985.783357591131
forecast_4353,2025-07-01 09:00:00,7751.758328917499,7360.082094495711,6706.826241824447
forecast_4354,2025-07-01 10:00:00,5947.710777498253,6282.913642165515,5559.707810689181
forecast_4355,2025-07-01 11:00:00,5312.291745563631,6035.629920741134,5601.886588292197
forecast_4356,2025-07-01 12:00:00,5006.327369197572,5482.062291019964,5387.737219903598
forecast_4357,2025-07-01 13:00:00,4081.1741467970237,4909.814666555623,5231.295566825703
forecast_4358,2025-07-01 14:00:00,4455.642935974513,4582.6048547283,3807.7249069521063
forecast_4359,2025-07-01 15:00:00,3989.152575301988,4957.402221862223,4860.999111934782
forecast_4360,2025-07-01 16:00:00,4314.71234229555,4447.153064420195,4291.420418222387
forecast_4361,2025-07-01 17:00:00,4100.087425548939,4614.416932876468,3548.8389086631064
forecast_4362,2025-07-01 18:00:00,4301.4539492264485,4819.654402911806,5121.483556693542
forecast_4363,2025-07-01 19:00:00,6354.877085739306,6546.644047387108,5515.289227320808
forecast_4364,2025-07-01 20:00:00,5815.986114739081,7021.371637973368,6112.694626064309
forecast_4365,2025-07-01 21:00:00,6904.103175044966,8171.425323339318,7959.61149938445
forecast_4366,2025-07-01 22:00:00,9050.262791363175,9792.902768863443,8907.068013746828
forecast_4367,2025-07-01 23:00:00,10685.128487138143,11707.158716251328,10189.546139071994
forecast_4368,2025-07-02 00:00:00,14751.522751220467,15660.142029573566,13127.161591725155
forecast_4369,2025-07-02 01:00:00,12431.162507309135,14163.9744238918,12738.60584181246
forecast_4370,2025-07-02 02:00:00,14225.07557303852,15504.987212216829,13686.329960938046
forecast_4371,2025-07-02 03:00:00,15831.487033175525,16618.504908115392,14844.95968720459
forecast_4372,2025-07-02 04:00:00,15479.919922729627,16809.855966180938,14481.211735559438
forecast_4373,2025-07-02 05:00:00,15094.635193751621,17174.05673302469,13503.889139865658
forecast_4374,2025-07-02 06:00:00,13609.510463248549,15624.284460399502,13002.856703631689
forecast_4375,2025-07-02 07:00:00,13260.471442418293,15412.328050868162,11500.813858299616
forecast_4376,2025-07-02 08:00:00,11845.254664369822,13180.363662571368,11138.958797866339
forecast_4377,2025-07-02 09:00:00,10625.361875706532,10711.362160602122,9298.165310980849
forecast_4378,2025-07-02 10:00:00,6722.300797687863,8361.343811616913,6555.6237913086425
forecast_4379,2025-07-02 11:00:00,5500.661119788519,7162.331912497851,5581.789240558963
forecast_4380,2025-07-02 12:00:00,5703.76485401838,5655.582402491181,4866.166138408856
forecast_4381,2025-07-02 13:00:00,5548.499417359676,5052.707761298045,5119.558018526597
forecast_4382,2025-07-02 14:00:00,5774.894940282427,4479.887552648113,4749.347077145663
forecast_4383,2025-07-02 15:00:00,5228.091289850585,4102.958483335221,4839.4277270130215
forecast_4384,2025-07-02 16:00:00,4285.191927647633,4254.25081717063,3677.9084732701926
forecast_4385,2025-07-02 17:00:00,4043.87403210783,3388.2559925142727,3547.0101805757545
forecast_4386,2025-07-02 18:00:00,2965.187933148605,2709.1877110070254,2747.368269197714
forecast_4387,2025-07-02 19:00:00,3100.0952661365372,4520.008197312644,3182.9273658730135
forecast_4388,2025-07-02 20:00:00,5034.511773051196,6398.197211869094,3715.4204264828427
forecast_4389,2025-07-02 21:00:00,5825.9734116701,6749.8348174811945,4476.434277304746
forecast_4390,2025-07-02 22:00:00,7343.040987084169,8416.748574218494,5746.871637264073
forecast_4391,2025-07-02 23:00:00,7343.5865776180335,8456.994572098733,6676.356360317855
forecast_4392,2025-07-03 00:00:00,8231.80017262368,9863.179599604115,6430.974179833094
forecast_4393,2025-07-03 01:00:00,9468.706249293204,11221.343383412997,7844.215525991109
forecast_4394,2025-07-03 02:00:00,10490.601131346362,12471.812321071957,9699.094124850431
forecast_4395,2025-07-03 03:00:00,10715.383543563823,12620.275214816633,10292.369953632455
forecast_4396,2025-07-03 04:00:00,11113.795293052068,12592.175195590276,10551.61663116539
forecast_4397,2025-07-03 05:00:00,13375.066241624012,13946.131744408987,11749.458458365127
forecast_4398,2025-07-03 06:00:00,13016.821525297762,14126.839228745175,11288.620186944587
forecast_4399,2025-07-03 07:00:00,12771.565881664315,14142.64179461864,10891.461816281102
forecast_4400,2025-07-03 08:00:00,11841.480345510292,13502.47486016855,11983.188444672584
forecast_4401,2025-07-03 09:00:00,12191.662476944131,12982.182586773519,12382.068051771708
forecast_4402,2025-07-03 10:00:00,11631.19870433594,11927.890537395415,11998.896687595137
forecast_4403,2025-07-03 11:00:00,9798.840231968596,9085.849036629832,9930.54297629389
forecast_4404,2025-07-03 12:00:00,8226.9608085911,7374.109237934612,8878.907968916725
forecast_4405,2025-07-03 13:00:00,7511.756140062225,6381.522820100894,7052.834689400146
forecast_4406,2025-07-03 14:00:00,6769.596893607389,6403.391040774178,8144.256156067057
forecast_4407,2025-07-03 15:00:00,6787.25367964972,7135.6311130177655,8524.938208912467
forecast_4408,2025-07-03 16:00:00,7910.140977178671,6739.6004921418935,8218.063194142982
forecast_4409,2025-07-03 17:00:00,5693.0727763568775,5075.478666252565,5906.013705582509
forecast_4410,2025-07-03 18:00:00,6132.478192254441,5585.002785547492,5401.989642404522
forecast_4411,2025-07-03 19:00:00,8013.229683474215,7501.8230664777075,7831.694702764106
forecast_4412,2025-07-03 20:00:00,9805.284195437456,10084.988372662034,9906.219432513599
forecast_4413,2025-07-03 21:00:00,11392.991301849133,11730.514429982464,10405.661146297463
forecast_4414,2025-07-03 22:00:00,11542.782810730505,11648.756649890747,10069.602756753451
forecast_4415,2025-07-03 23:00:00,12487.962130205467,11612.086624323298,10083.379713820803
forecast_4416,2025-07-04 00:00:00,14393.440268817665,13673.4618499096,13360.61220239369
forecast_4417,2025-07-04 01:00:00,14035.435627704048,13716.805096155176,13689.130060747524
forecast_4418,2025-07-04 02:00:00,13509.300935194358,13046.390221329693,14489.819272197617
forecast_4419,2025-07-04 03:00:00,15343.284507727909,15007.35469494978,17569.687795435035
forecast_4420,2025-07-04 04:00:00,16347.404160171714,16017.514881304372,17422.50400980646
forecast_4421,2025-07-04 05:00:00,16691.27648168116,16824.996287889255,17587.089355629665
forecast_4422,2025-07-04 06:00:00,17317.22067952869,17567.93301279483,16603.41982252919
forecast_4423,2025-07-04 07:00:00,15323.300258006155,16017.267911739453,16319.994004932085
forecast_4424,2025-07-04 08:00:00,15464.245825031283,16023.51440234012,17011.73081702727
forecast_4425,2025-07-04 09:00:00,15971.962831881032,17047.49495816728,16070.852264963825
forecast_4426,2025-07-04 10:00:00,15137.891513728784,15538.556654366723,14867.757865690244
forecast_4427,2025-07-04 11:00:00,15379.113094658635,15415.686084448169,16241.140207274799
forecast_4428,2025-07-04 12:00:00,14745.73748178086,14827.994664070771,15370.474486693363
forecast_4429,2025-07-04 13:00:00,13177.621934398569,13555.769479980076,12952.377678455956
forecast_4430,2025-07-04 14:00:00,10616.045073477324,12444.327898485788,12195.030556653135
forecast_4431,2025-07-04 15:00:00,12425.97193056929,13771.079239713248,13817.831590609245
forecast_4432,2025-07-04 16:00:00,12191.276576004664,13814.542763154224,13836.485866943938
forecast_4433,2025-07-04 17:00:00,13973.381572715043,14443.589502171259,15259.807653204796
forecast_4434,2025-07-04 18:00:00,13992.40331082643,14299.370102049317,14760.037042289072
forecast_4435,2025-07-04 19:00:00,14826.53962230131,15609.768686056232,16060.150959577748
forecast_4436,2025-07-04 20:00:00,16448.93180502305,15889.43356332278,16570.141417617157
forecast_4437,2025-07-04 21:00:00,15666.326251875891,16871.302182330266,15815.901486977045
forecast_4438,2025-07-04 22:00:00,16532.112020881796,17086.844196013724,17221.497405601338
forecast_4439,2025-07-04 23:00:00,16151.60411391035,17221.35550091683,16899.51812422461
forecast_4440,2025-07-05 00:00:00,16381.920824806995,17011.26969456006,17406.81119646949
forecast_4441,2025-07-05 01:00:00,14900.603568422299,14951.237241466952,16081.03163874503
forecast_4442,2025-07-05 02:00:00,13973.895403130658,13896.622028181393,16250.427811610904
forecast_4443,2025-07-05 03:00:00,13519.112972762045,13076.351009994769,16758.861283532573
forecast_4444,2025-07-05 04:00:00,13325.636415727024,13544.150497041019,16191.958824013149
forecast_4445,2025-07-05 05:00:00,13974.695238696726,13600.394406624877,16352.42640085526
forecast_4446,2025-07-05 06:00:00,13732.317850917992,13556.475754145575,15147.930839539504
forecast_4447,2025-07-05 07:00:00,12969.17135784699,14965.60682746809,14850.216441591592
forecast_4448,2025-07-05 08:00:00,11782.909075259495,12904.594167698102,11995.670555437062
forecast_4449,2025-07-05 09:00:00,10115.91973435786,12112.638851168593,9986.60438701852
forecast_4450,2025-07-05 10:00:00,9694.009102076801,10906.957623349112,9637.099600599302
forecast_4451,2025-07-05 11:00:00,10125.205118136228,9851.546556288364,8989.748388113856
forecast_4452,2025-07-05 12:00:00,8952.655567581565,8455.013147848287,8510.473621022013
forecast_4453,2025-07-05 13:00:00,10128.10484322896,9363.44062610915,9850.492789946906
forecast_4454,2025-07-05 14:00:00,10529.692468784024,10209.424981327953,8705.91695526017
forecast_4455,2025-07-05 15:00:00,10577.929134120839,10091.576833674833,10054.906496240565
forecast_4456,2025-07-05 16:00:00,9110.020697635231,9447.72379501434,9750.601338300337
forecast_4457,2025-07-05 17:00:00,10252.981444182804,8958.1029053637,7480.879860510377
forecast_4458,2025-07-05 18:00:00,9766.612903675834,10237.75879745144,9909.00707118028
forecast_4459,2025-07-05 19:00:00,12013.683564126912,12274.16763997127,12921.533584455832
forecast_4460,2025-07-05 20:00:00,13546.524985813183,14759.81191632551,14879.45005401857
forecast_4461,2025-07-05 21:00:00,16251.632852713097,15929.877120577332,16225.04100813028
forecast_4462,2025-07-05 22:00:00,14623.650592874152,14509.622906246459,16578.819762644736
forecast_4463,2025-07-05 23:00:00,14414.298553073388,14079.551455568997,16977.09030817068
forecast_4464,2025-07-06 00:00:00,14718.217306770126,15257.703003318047,16498.529742196384
forecast_4465,2025-07-06 01:00:00,17559.53753500705,16605.330008435278,16322.960514839308
forecast_4466,2025-07-06 02:00:00,17633.03436661573,17546.52291056085,17405.029770455072
forecast_4467,2025-07-06 03:00:00,18355.23220218847,17118.0081086512,17116.627718885215
forecast_4468,2025-07-06 04:00:00,18172.088055205353,17428.7265705765,17320.209323061652
forecast_4469,2025-07-06 05:00:00,17329.165434487306,17224.168920481683,16588.626972257847
forecast_4470,2025-07-06 06:00:00,15979.488651199348,16637.45017043562,16805.446185379093
forecast_4471,2025-07-06 07:00:00,14957.433593808337,15970.78364187152,15697.507062410434
forecast_4472,2025-07-06 08:00:00,13219.594218557224,15728.471833516622,14554.766286679956
forecast_4473,2025-07-06 09:00:00,12221.237994538826,14655.235096423094,12836.992946113842
forecast_4474,2025-07-06 10:00:00,11174.753902934428,13231.532227832104,10120.59668524585
forecast_4475,2025-07-06 11:00:00,9406.321370396288,9911.746565598101,8330.970183786509
forecast_4476,2025-07-06 12:00:00,6633.044910511553,7241.270013631655,5849.429366812301
forecast_4477,2025-07-06 13:00:00,4133.1512618301995,5718.8890830016935,3484.3313806591855
forecast_4478,2025-07-06 14:00:00,4131.07913575748,3898.091539558476,3614.694919831689
forecast_4479,2025-07-06 15:00:00,3829.3133743448466,3610.6173643554607,2921.222000370743
forecast_4480,2025-07-06 16:00:00,3495.301891723632,3279.203359297626,2598.2222188288943
forecast_4481,2025-07-06 17:00:00,4003.2562308164484,3253.634961419719,2582.93666137195
forecast_4482,2025-07-06 18:00:00,4023.9225317396663,3627.8614435438885,3285.8772599259755
forecast_4483,2025-07-06 19:00:00,5203.040908357594,5150.0608176109,4132.361601352703
forecast_4484,2025-07-06 20:00:00,5481.943013466819,6794.59491814822,5329.1575920884925
forecast_4485,2025-07-06 21:00:00,7110.172140528169,7323.194530182524,6106.907422462195
forecast_4486,2025-07-06 22:00:00,8180.854319505641,8300.69487357537,6138.767604676975
forecast_4487,2025-07-06 23:00:00,8772.61034287595,8388.002896179023,6086.0800626363825
forecast_4488,2025-07-07 00:00:00,10050.083915150304,9261.134150109863,7286.700840058287
forecast_4489,2025-07-07 01:00:00,7605.502281238494,6733.601486743275,5224.1028482965685
forecast_4490,2025-07-07 02:00:00,7999.510286279067,6523.419181435368,5372.962960244022
forecast_4491,2025-07-07 03:00:00,8224.15089374931,6791.804090150001,4755.301930549917
forecast_4492,2025-07-07 04:00:00,5393.0861514617445,5334.308294290324,4021.640128873801
forecast_4493,2025-07-07 05:00:00,2742.3132362202728,2712.6493441637554,1723.7334939018376
forecast_4494,2025-07-07 06:00:00,1899.2429826889645,1256.6433417516143,812.3441935039499
forecast_4495,2025-07-07 07:00:00,818.3226152393252,584.9668362425498,258.32937275015166
forecast_4496,2025-07-07 08:00:00,478.72766325613895,299.7835016587142,144.52263216543767
forecast_4497,2025-07-07 09:00:00,90.60755844091325,31.211975349761296,50.45673960284749
forecast_4498,2025-07-07 10:00:00,72.1551141989645,54.5123970655465,82.21424189502451
forecast_4499,2025-07-07 11:00:00,116.49873181789192,163.1186002325969,134.02259353411966
forecast_4500,2025-07-07 12:00:00,20.872737836377333,133.8943658080105,25.121530065961498
forecast_4501,2025-07-07 13:00:00,146.82321697949106,265.5533110611352,237.0179082149891
forecast_4502,2025-07-07 14:00:00,171.2887912005576,245.3857036793749,119.17428328423748
forecast_4503,2025-07-07 15:00:00,151.86575112387035,125.32418624901574,127.51214768080406
forecast_4504,2025-07-07 16:00:00,189.92457470600644,241.92723622425274,134.09464521165526
forecast_4505,2025-07-07 17:00:00,222.63024193089447,190.1969607709492,167.3325502745156
forecast_4506,2025-07-07 18:00:00,357.48318228094007,313.6412140801789,201.1840999317554
forecast_4507,2025-07-07 19:00:00,400.377038206455,302.75646411438436,128.71802260289692
forecast_4508,2025-07-07 20:00:00,506.20082973438645,409.53920413238274,87.63550293541425
forecast_4509,2025-07-07 21:00:00,892.496057278812,563.6608627577097,106.22678532990184
forecast_4510,2025-07-07 22:00:00,860.4615195791916,739.5575494882045,121.61913097754656
forecast_4511,2025-07-07 23:00:00,696.0873065799486,643.6072558383441,88.29983827278079
forecast_4512,2025-07-08 00:00:00,505.02495630904383,401.06640747762634,29.575534623840234
forecast_4513,2025-07-08 01:00:00,208.69206863406524,128.44021193009598,1.7377513224569678
forecast_4514,2025-07-08 02:00:00,0.0,71.00114745633255,0.5577347157247559
forecast_4515,2025-07-08 03:00:00,151.07503046769156,111.15072851355622,17.873944534161478
forecast_4516,2025-07-08 04:00:00,95.46616767090322,39.49956856116225,7.321944618268038
forecast_4517,2025-07-08 05:00:00,95.70394171256586,62.34648598345907,3.2969515576087045
forecast_4518,2025-07-08 06:00:00,60.50134248406633,79.56227780207064,7.641234997976358
forecast_4519,2025-07-08 07:00:00,67.17950684220376,77.97521718836722,6.07308184841999
forecast_4520,2025-07-08 08:00:00,99.43474667485803,109.33073627412493,6.160996678447743
forecast_4521,2025-07-08 09:00:00,45.98368022555974,144.10488800139404,6.5925719744470275
forecast_4522,2025-07-08 10:00:00,48.472622688739776,112.30557491912546,104.66079250319525
forecast_4523,2025-07-08 11:00:00,77.71636599549284,108.22318957562075,122.65044771400488
forecast_4524,2025-07-08 12:00:00,111.60649491106416,170.70686320104141,295.9615387841017
forecast_4525,2025-07-08 13:00:00,357.7669305346164,320.12359006542096,452.60080463277745
forecast_4526,2025-07-08 14:00:00,183.72288744533614,138.80810840956335,282.2907825006139
forecast_4527,2025-07-08 15:00:00,240.9463195478664,470.9104944691164,250.88066838908208
forecast_4528,2025-07-08 16:00:00,187.441940436643,255.2458482844886,153.30270627784031
forecast_4529,2025-07-08 17:00:00,95.40605206607476,158.83363600679127,85.65588592747713
forecast_4530,2025-07-08 18:00:00,125.1553165458988,81.35610408366406,0.0
forecast_4531,2025-07-08 19:00:00,198.79621292250224,327.95635165669916,85.83837781540093
forecast_4532,2025-07-08 20:00:00,438.84667228239863,445.0261872177186,112.11091819004926
forecast_4533,2025-07-08 21:00:00,1063.654515662924,742.980540523185,127.24022557303691
forecast_4534,2025-07-08 22:00:00,1545.7685178166312,1168.5893511012077,138.76437597470718
forecast_4535,2025-07-08 23:00:00,1540.515512409726,1288.963770592183,160.2517854572991
forecast_4536,2025-07-09 00:00:00,1279.6623709698054,1562.4682505486674,175.06657724963264
forecast_4537,2025-07-09 01:00:00,1094.306898274634,1007.8420893169941,230.00221549340884
forecast_4538,2025-07-09 02:00:00,1444.349847538885,1312.160164005396,308.9919275425323
forecast_4539,2025-07-09 03:00:00,1374.362414703841,1275.3365683336085,253.46654639019485
forecast_4540,2025-07-09 04:00:00,1241.697716331094,1067.4765404935727,346.391408241084
forecast_4541,2025-07-09 05:00:00,1417.204669555909,1478.759563347964,362.97709872756855
forecast_4542,2025-07-09 06:00:00,1823.2284106026134,1615.711247773179,389.8887794023042
forecast_4543,2025-07-09 07:00:00,1524.9800475708662,1582.6130464183386,362.20576691671727
forecast_4544,2025-07-09 08:00:00,1277.4957842975857,1211.0569726514304,182.27154568966614
forecast_4545,2025-07-09 09:00:00,1032.9981003388978,798.9668227370419,99.48280898390777
forecast_4546,2025-07-09 10:00:00,573.0123216913423,582.3812023007893,293.6303315601404
forecast_4547,2025-07-09 11:00:00,558.4165660933029,541.1653337566702,431.9695514107589
forecast_4548,2025-07-09 12:00:00,558.1773979444736,626.6639120016906,537.3005220351935
forecast_4549,2025-07-09 13:00:00,471.1705265556177,501.79509501520016,482.6240760472134
forecast_4550,2025-07-09 14:00:00,542.8705278098871,620.9914833143968,776.7262798421802
forecast_4551,2025-07-09 15:00:00,553.0937156469699,568.713708583735,453.9696116092599
forecast_4552,2025-07-09 16:00:00,364.8900517250413,222.11661540748693,344.41323710942896
forecast_4553,2025-07-09 17:00:00,259.3245431071565,384.4389823152087,53.23047788408938
forecast_4554,2025-07-09 18:00:00,416.7025432941804,325.78956642799176,48.49652743791458
forecast_4555,2025-07-09 19:00:00,938.6320016020368,771.2010352796119,138.24505535386115
forecast_4556,2025-07-09 20:00:00,1803.4743290580996,1802.7050969211814,268.80053194381395
forecast_4557,2025-07-09 21:00:00,2490.2483887377507,2843.0308879179147,717.4024067921363
forecast_4558,2025-07-09 22:00:00,2736.546462775328,3095.321943713188,774.2846533928372
forecast_4559,2025-07-09 23:00:00,2646.357489138411,3226.926115861471,965.4711072073561
forecast_4560,2025-07-10 00:00:00,3011.803267641212,3275.6733245169785,890.9470850459412
forecast_4561,2025-07-10 01:00:00,3292.3140241975375,3659.3333220956133,1197.7394287475222
forecast_4562,2025-07-10 02:00:00,3607.9640567144265,3887.007978021722,1499.4789835228987
forecast_4563,2025-07-10 03:00:00,3415.691380154751,3556.908545233484,1458.8212638870643
forecast_4564,2025-07-10 04:00:00,3167.7402878018415,3491.242865634012,1212.5024420593318
forecast_4565,2025-07-10 05:00:00,3862.8870138860057,3996.7520221678424,1518.5125131070831
forecast_4566,2025-07-10 06:00:00,4084.7183006780833,5051.986917941234,2089.870817961433
forecast_4567,2025-07-10 07:00:00,3843.132211852288,4432.117079146583,2504.4173375722858
forecast_4568,2025-07-10 08:00:00,4600.918695758115,5168.789392983769,3290.9905904037064
forecast_4569,2025-07-10 09:00:00,4308.378679402296,6019.402852260715,3297.6254550882986
forecast_4570,2025-07-10 10:00:00,3408.6383324080207,5103.652425662349,4182.254100689073
forecast_4571,2025-07-10 11:00:00,3253.8563699731994,5050.805450602035,3847.422977850056
forecast_4572,2025-07-10 12:00:00,3164.199311577653,4697.9315603374325,3609.9382081877625
forecast_4573,2025-07-10 13:00:00,2287.2859148009975,3541.926210094455,3019.5881943353443
forecast_4574,2025-07-10 14:00:00,2141.622966531237,2995.8600576326494,2527.553129374627
forecast_4575,2025-07-10 15:00:00,2133.388383744143,2864.382011267997,2743.3158465357064
forecast_4576,2025-07-10 16:00:00,2899.39904124729,2813.2444189778284,2743.5944942596143
forecast_4577,2025-07-10 17:00:00,2819.965272286987,2841.8666853696136,2217.320464377028
forecast_4578,2025-07-10 18:00:00,3153.2513555079677,3385.4581348638,2796.715504884706
forecast_4579,2025-07-10 19:00:00,3862.63189120825,4484.117118594819,3590.240528257623
forecast_4580,2025-07-10 20:00:00,4576.564023108071,4893.90341049193,3461.094552090569
forecast_4581,2025-07-10 21:00:00,5404.787570932477,6462.52061121738,3969.0413648221597
forecast_4582,2025-07-10 22:00:00,6001.120545972211,6570.96238458339,4114.546863416006
forecast_4583,2025-07-10 23:00:00,6084.177240426572,6632.083854735822,4321.886440977665
forecast_4584,2025-07-11 00:00:00,6092.060545037177,7113.927317383112,4835.770872115969
forecast_4585,2025-07-11 01:00:00,6585.73368802014,8405.774331542378,4131.785276850333
forecast_4586,2025-07-11 02:00:00,6679.5449294466125,8130.409047450138,4407.82891272504
forecast_4587,2025-07-11 03:00:00,6552.979647097928,7786.642914745978,4338.26022669741
forecast_4588,2025-07-11 04:00:00,5938.3765935408655,7432.772906071965,4636.288717401737
forecast_4589,2025-07-11 05:00:00,6251.609330143879,8170.582322727554,4677.37879465189
forecast_4590,2025-07-11 06:00:00,6426.198318912166,7768.498111922138,4551.194158423212
forecast_4591,2025-07-11 07:00:00,6865.363414058798,7851.754145197021,5077.6285167736205
forecast_4592,2025-07-11 08:00:00,6877.446112944217,8444.450271019079,5414.316699515973
forecast_4593,2025-07-11 09:00:00,5982.74819596448,8408.218347348537,5940.366030533292
forecast_4594,2025-07-11 10:00:00,4176.446525047137,5922.306290591142,4276.125735011183
forecast_4595,2025-07-11 11:00:00,3558.36776269081,5133.726979389623,4078.2260081441045
forecast_4596,2025-07-11 12:00:00,3946.5352729353062,6467.681268551747,4094.3811211539182
forecast_4597,2025-07-11 13:00:00,3723.0438373534976,5286.556020816976,3829.0100887754825
forecast_4598,2025-07-11 14:00:00,3226.9900333058163,4811.539776999701,3633.268684050393
forecast_4599,2025-07-11 15:00:00,2481.0296054090036,3106.41355974976,3224.3143933094752
forecast_4600,2025-07-11 16:00:00,2658.5050016674104,2761.870207576993,2854.6226464253205
forecast_4601,2025-07-11 17:00:00,3116.7158122102614,3144.613522046155,2894.7441081344086
forecast_4602,2025-07-11 18:00:00,3557.460650139146,3525.995050380079,2938.7307638162797
forecast_4603,2025-07-11 19:00:00,3928.9253340956284,4789.479225693007,3033.870257571301
forecast_4604,2025-07-11 20:00:00,4963.804414853937,5126.047996629805,3188.6059934114687
forecast_4605,2025-07-11 21:00:00,5877.5925997081185,6315.261593338467,3554.1114089256885
forecast_4606,2025-07-11 22:00:00,5618.90545429294,6030.602835326681,3267.644090544686
forecast_4607,2025-07-11 23:00:00,6174.957642721753,6935.75288057047,3336.293526897823
forecast_4608,2025-07-12 00:00:00,6336.0039519670045,6916.508574971896,3385.631401582229
forecast_4609,2025-07-12 01:00:00,5595.193819342465,6126.443993517175,2642.970334353802
forecast_4610,2025-07-12 02:00:00,5445.237968078452,5458.244719144326,2679.351097278651
forecast_4611,2025-07-12 03:00:00,5175.774210868987,5221.37472462441,2131.1762872637355
forecast_4612,2025-07-12 04:00:00,4463.929216964465,4649.359049278889,2060.568101528922
forecast_4613,2025-07-12 05:00:00,4175.691080172642,3965.188124971591,1900.6801694315407
forecast_4614,2025-07-12 06:00:00,3466.5362837086063,2988.697025229399,932.6977941836957
forecast_4615,2025-07-12 07:00:00,3210.7312293343475,2744.6820901355563,767.2583193502564
forecast_4616,2025-07-12 08:00:00,2803.51019774199,2397.871188220639,583.5473354802649
forecast_4617,2025-07-12 09:00:00,1777.2419172334298,1308.2715358609928,295.20622784925797
forecast_4618,2025-07-12 10:00:00,761.2407356971144,773.0127660231086,217.2245855599447
forecast_4619,2025-07-12 11:00:00,366.8447201343984,278.91127421610247,158.8578198634041
forecast_4620,2025-07-12 12:00:00,289.6810155708029,197.9878602180519,137.39358858068798
forecast_4621,2025-07-12 13:00:00,172.77238954692928,198.05272579889746,163.9334186661145
forecast_4622,2025-07-12 14:00:00,94.02541399681517,149.68314482020597,184.8320030352573
forecast_4623,2025-07-12 15:00:00,62.79579933142262,12.167195138759581,14.961116532249573
forecast_4624,2025-07-12 16:00:00,56.6808216667419,78.25711510580464,164.28351430455402
forecast_4625,2025-07-12 17:00:00,59.80003546184687,58.756840133426735,18.163949372074683
forecast_4626,2025-07-12 18:00:00,54.4884679479319,0.0,0.0
forecast_4627,2025-07-12 19:00:00,25.859771424784306,55.99092666759269,12.915377940725024
forecast_4628,2025-07-12 20:00:00,99.83777411894114,0.0,0.0
forecast_4629,2025-07-12 21:00:00,343.78881615533874,193.48792237068466,16.972371779090444
forecast_4630,2025-07-12 22:00:00,488.60545312365684,278.18764556648637,107.32574062120484
forecast_4631,2025-07-12 23:00:00,618.6890138985281,490.7188592820928,269.255291465358
forecast_4632,2025-07-13 00:00:00,1245.422281941107,1258.8679218417692,1207.8592009899253
forecast_4633,2025-07-13 01:00:00,1245.480130512834,1640.0017367309852,1021.2474564478995
forecast_4634,2025-07-13 02:00:00,2430.115607967478,2927.478413374465,2158.894187786828
forecast_4635,2025-07-13 03:00:00,2072.145265808007,2113.855773099808,1505.11554309379
forecast_4636,2025-07-13 04:00:00,768.4066166348258,729.4948007449747,734.8896274383573
forecast_4637,2025-07-13 05:00:00,637.8187127444206,291.87430025861545,361.9135974305293
forecast_4638,2025-07-13 06:00:00,348.90518190681496,195.00792446190658,14.034703362848546
forecast_4639,2025-07-13 07:00:00,221.15672599850436,114.69888357648585,103.2036147983615
forecast_4640,2025-07-13 08:00:00,74.65354225819144,10.368180610770034,17.880873911042997
forecast_4641,2025-07-13 09:00:00,31.581476032945343,31.04024785156414,45.51301768225612
forecast_4642,2025-07-13 10:00:00,117.22966931488305,61.615230554207784,38.731088074092156
forecast_4643,2025-07-13 11:00:00,238.40277600506727,246.6907570845323,173.1748481534024
forecast_4644,2025-07-13 12:00:00,134.1341826040334,121.54598406724531,133.52449782931947
forecast_4645,2025-07-13 13:00:00,143.71822019362506,228.99147003371723,213.00234890814983
forecast_4646,2025-07-13 14:00:00,138.58536188148184,242.89249887897867,302.5834603054744
forecast_4647,2025-07-13 15:00:00,68.32508348576756,168.0860960493478,107.7030574690511
forecast_4648,2025-07-13 16:00:00,213.51803963677182,97.71191303122295,276.01941504324395
forecast_4649,2025-07-13 17:00:00,455.5826695428134,645.5541681758637,361.0568259272967
forecast_4650,2025-07-13 18:00:00,2013.2650597762035,1457.2236174491663,678.8486238444439
forecast_4651,2025-07-13 19:00:00,3036.462312069381,2102.225009214107,1392.7103506268154
forecast_4652,2025-07-13 20:00:00,2308.111199298353,2115.803894295757,1204.0379263712382
forecast_4653,2025-07-13 21:00:00,2071.6743299964987,2808.944193971474,1232.5083554656173
forecast_4654,2025-07-13 22:00:00,1741.1405604407012,2514.8100775371668,1381.529967030732
forecast_4655,2025-07-13 23:00:00,2445.1127640209297,2994.7620453116324,1483.24463335069
forecast_4656,2025-07-14 00:00:00,2318.745451994187,2441.64722028143,1257.4150838786943
forecast_4657,2025-07-14 01:00:00,2154.734748410408,3013.172672063071,2289.439536027235
forecast_4658,2025-07-14 02:00:00,2826.2019648672563,2930.7374512876145,1197.0240414252853
forecast_4659,2025-07-14 03:00:00,3664.1182425101206,4246.805602864745,2085.239349222866
forecast_4660,2025-07-14 04:00:00,4178.105575561648,4782.942549768357,2412.050846121502
forecast_4661,2025-07-14 05:00:00,4308.716384572349,4776.391043241688,2011.4508830054513
forecast_4662,2025-07-14 06:00:00,5298.514330498287,5789.022374882987,3766.6205942409056
forecast_4663,2025-07-14 07:00:00,4820.087474704171,5387.470736986562,3479.7591309536333
forecast_4664,2025-07-14 08:00:00,3565.1500219727923,3977.3520240998378,3419.835324630044
forecast_4665,2025-07-14 09:00:00,4112.944656150684,5123.876169450832,2975.8119802313645
forecast_4666,2025-07-14 10:00:00,3477.052464176536,3445.4733004637524,3047.332742655377
forecast_4667,2025-07-14 11:00:00,3482.811414154783,3592.3623663598123,2969.192458546462
forecast_4668,2025-07-14 12:00:00,3285.0026075198666,3779.11975401493,3188.6542620977666
forecast_4669,2025-07-14 13:00:00,2660.575320382965,2459.5361981647443,2297.1613991178087
forecast_4670,2025-07-14 14:00:00,3703.8505348646877,2746.9685781486564,1943.0503128400337
forecast_4671,2025-07-14 15:00:00,3107.217835747573,3447.5940992193864,2124.1683734843223
forecast_4672,2025-07-14 16:00:00,5946.185107403967,7227.849147830746,3862.3107912341393
forecast_4673,2025-07-14 17:00:00,6230.011521968919,5380.915112386213,2952.7872258414855
forecast_4674,2025-07-14 18:00:00,5457.604305961944,4560.665484265401,2427.7301382910473
forecast_4675,2025-07-14 19:00:00,5487.09338912102,5701.500408065175,2443.007679120961
forecast_4676,2025-07-14 20:00:00,5208.875379696964,5625.969449277569,2603.7633622268468
forecast_4677,2025-07-14 21:00:00,4032.545897113558,4818.476860973949,2556.818689027465
forecast_4678,2025-07-14 22:00:00,3859.5590494061626,4192.871485997477,2662.7943173014246
forecast_4679,2025-07-14 23:00:00,4331.429856054547,3968.164253320938,2541.228251142428
forecast_4680,2025-07-15 00:00:00,6261.988886813544,5916.087292623282,4394.963906404864
forecast_4681,2025-07-15 01:00:00,12318.829150923859,11330.708408941995,11361.186614974538
forecast_4682,2025-07-15 02:00:00,10903.189258190943,11546.375357929892,12080.727088410049
forecast_4683,2025-07-15 03:00:00,10414.43647059942,11220.17589868109,11286.77417999554
forecast_4684,2025-07-15 04:00:00,9968.644049117222,9847.053936765009,10295.063469283496
forecast_4685,2025-07-15 05:00:00,7035.275416300385,7575.17213387325,5867.366783991832
forecast_4686,2025-07-15 06:00:00,7157.814800864623,7535.901428278797,5526.374721421885
forecast_4687,2025-07-15 07:00:00,6189.041248501845,7185.543398798751,4727.926020864174
forecast_4688,2025-07-15 08:00:00,4762.922214440905,5428.852305906768,3937.700693456206
forecast_4689,2025-07-15 09:00:00,6238.545515497113,5817.180381699608,4546.542009496882
forecast_4690,2025-07-15 10:00:00,4937.555354794018,4869.109695019549,4077.8733589638923
forecast_4691,2025-07-15 11:00:00,3248.0988637640958,3228.272787142288,2969.6531612653594
forecast_4692,2025-07-15 12:00:00,1808.4523640787274,1924.2662577759215,2477.591865023507
forecast_4693,2025-07-15 13:00:00,1290.1290871036733,1335.5354490891254,1888.1465113232944
forecast_4694,2025-07-15 14:00:00,2396.911927169712,1890.0224138084602,2282.1933429764063
forecast_4695,2025-07-15 15:00:00,4411.455956225364,4475.026710706138,3269.8987726118517
forecast_4696,2025-07-15 16:00:00,4079.808800988495,4484.412771683968,4596.157564779301
forecast_4697,2025-07-15 17:00:00,4441.439993829033,4555.254267299511,4289.2519476873995
forecast_4698,2025-07-15 18:00:00,3436.3024650607445,3415.779538261914,3151.7622056502487
forecast_4699,2025-07-15 19:00:00,2011.0304574979368,2452.2996670184893,1992.143258081624
forecast_4700,2025-07-15 20:00:00,2848.562432265715,3179.3835505883617,2295.6412798372203
forecast_4701,2025-07-15 21:00:00,4263.1843123913095,6284.483295989713,3266.363553225973
forecast_4702,2025-07-15 22:00:00,4164.336983298914,6266.955698508552,2663.0529277167507
forecast_4703,2025-07-15 23:00:00,4066.5841610271214,6304.858790238399,2820.4106547018228
forecast_4704,2025-07-16 00:00:00,5531.001795959524,7093.096839413271,3347.676789625399
forecast_4705,2025-07-16 01:00:00,8734.641086848851,11212.253811027556,6727.4261787102105
forecast_4706,2025-07-16 02:00:00,10739.84199044505,12576.93217736612,8745.799131502643
forecast_4707,2025-07-16 03:00:00,12953.98924547235,13978.534324562806,11459.211442086482
forecast_4708,2025-07-16 04:00:00,12405.262854928436,14668.47333551938,12342.419029616092
forecast_4709,2025-07-16 05:00:00,11481.871416681583,13867.86500606644,10823.271264647423
forecast_4710,2025-07-16 06:00:00,11003.964699098053,12713.759761784962,9936.8584560824
forecast_4711,2025-07-16 07:00:00,9885.839926209583,11258.99534593836,7404.035391104129
forecast_4712,2025-07-16 08:00:00,8163.0570276100525,8792.954479557766,5438.531901401201
forecast_4713,2025-07-16 09:00:00,4924.645764488089,5331.4217397863085,3882.885803698076
forecast_4714,2025-07-16 10:00:00,3942.9266111251873,4618.23782332197,3831.8257070245495
forecast_4715,2025-07-16 11:00:00,3455.122543396575,4956.918848014487,3526.995622577569
forecast_4716,2025-07-16 12:00:00,3445.2393298931793,3543.789738323478,2915.1001253846043
forecast_4717,2025-07-16 13:00:00,5454.251012526908,6492.726820038271,3597.387378446522
forecast_4718,2025-07-16 14:00:00,4473.177383646954,5856.230246318238,4070.951509832566
forecast_4719,2025-07-16 15:00:00,4166.713912655492,4156.945541334289,2973.0121913551893
forecast_4720,2025-07-16 16:00:00,3986.448195665066,4031.3915903015622,3202.2663808810116
forecast_4721,2025-07-16 17:00:00,3027.390776944698,3625.1410329254804,2554.331958182834
forecast_4722,2025-07-16 18:00:00,4341.672022298923,4813.918204670228,4293.157973893797
forecast_4723,2025-07-16 19:00:00,3459.2559496932518,4751.366850817867,2827.3976849572878
forecast_4724,2025-07-16 20:00:00,4129.027605140845,4825.83633265068,3111.23002484513
forecast_4725,2025-07-16 21:00:00,5147.440115124203,7330.430991267718,3959.949341115729
forecast_4726,2025-07-16 22:00:00,6510.697753394088,8369.659509766525,5219.271023443667
forecast_4727,2025-07-16 23:00:00,7336.3881018503735,9124.280158432875,4303.6594273005385
forecast_4728,2025-07-17 00:00:00,8215.415969690896,11557.497294420402,5157.510499238022
forecast_4729,2025-07-17 01:00:00,11382.581520288231,14272.087764651002,12344.020158245723
forecast_4730,2025-07-17 02:00:00,11856.218085359438,14704.197462428649,11024.046035679561
forecast_4731,2025-07-17 03:00:00,11494.43151803549,15186.766026662168,12060.496311178662
forecast_4732,2025-07-17 04:00:00,10576.380897118626,13556.830480769726,10332.312900528588
forecast_4733,2025-07-17 05:00:00,9337.911071557375,12101.3771620615,9208.761700057225
forecast_4734,2025-07-17 06:00:00,8186.435341019136,10680.805985762474,8234.467217918778
forecast_4735,2025-07-17 07:00:00,10115.362570702804,13229.22114015277,11030.316609342315
forecast_4736,2025-07-17 08:00:00,10467.82644628568,14150.250768349084,11699.355093191147
forecast_4737,2025-07-17 09:00:00,10158.77591916365,13373.459845664605,11135.02519277448
forecast_4738,2025-07-17 10:00:00,10447.473414624881,13502.784265578435,11258.712857010169
forecast_4739,2025-07-17 11:00:00,9065.745643048553,12044.922530275033,9081.646818008025
forecast_4740,2025-07-17 12:00:00,7349.676447352345,10184.326378754995,7178.665712494597
forecast_4741,2025-07-17 13:00:00,8011.64493621381,11285.501265471989,8717.785987489575
forecast_4742,2025-07-17 14:00:00,8467.552771342373,10824.23084604908,8640.432677351195
forecast_4743,2025-07-17 15:00:00,8135.043452584336,10160.85328457798,7452.500412377143
forecast_4744,2025-07-17 16:00:00,7402.332914354474,9464.200947387468,5876.227093266652
forecast_4745,2025-07-17 17:00:00,6026.791876048054,7314.931475440016,6295.827088661604
forecast_4746,2025-07-17 18:00:00,4435.212686179605,6448.382763777594,5545.988316929098
forecast_4747,2025-07-17 19:00:00,5655.059772397205,7149.785016327884,5666.80895253006
forecast_4748,2025-07-17 20:00:00,5229.425411386855,7128.462758847283,4938.933014539662
forecast_4749,2025-07-17 21:00:00,6835.925114469304,10216.173551626855,8019.702846491264
forecast_4750,2025-07-17 22:00:00,6431.504704526365,10149.132057840909,6754.933795436137
forecast_4751,2025-07-17 23:00:00,7183.851482700165,10036.757124883829,6259.474347718415
forecast_4752,2025-07-18 00:00:00,8060.055253720205,10595.32759375437,6227.76311407053
forecast_4753,2025-07-18 01:00:00,9668.95136284187,13270.45291769162,11147.870901853541
forecast_4754,2025-07-18 02:00:00,8733.82236473584,11333.751225408236,8263.150985965764
forecast_4755,2025-07-18 03:00:00,9216.462024094897,11124.187428428593,9182.676132956209
forecast_4756,2025-07-18 04:00:00,8251.154636934736,10568.80701821481,8016.598815085577
forecast_4757,2025-07-18 05:00:00,8815.734602863022,11049.15162315993,8476.32809837284
forecast_4758,2025-07-18 06:00:00,4980.795294136551,7399.560228531199,3928.822360434205
forecast_4759,2025-07-18 07:00:00,8043.74575738612,10789.67418051645,7144.403883599158
forecast_4760,2025-07-18 08:00:00,7219.4721419920015,9805.869933988128,5476.586006003809
forecast_4761,2025-07-18 09:00:00,8144.505569737068,11545.568561799233,6846.055420783587
forecast_4762,2025-07-18 10:00:00,6936.188677249647,10398.93807706342,6047.659848088813
forecast_4763,2025-07-18 11:00:00,5794.271596390986,7888.741980982165,4506.376466567327
forecast_4764,2025-07-18 12:00:00,2272.45095380448,2827.211826365867,2359.017623063578
forecast_4765,2025-07-18 13:00:00,1173.710084770067,1983.0989843311315,1306.967474521983
forecast_4766,2025-07-18 14:00:00,1555.7961491457313,2803.8000318349823,2237.183586649837
forecast_4767,2025-07-18 15:00:00,2263.32276726928,3482.0578892169133,2591.76952872678
forecast_4768,2025-07-18 16:00:00,1508.0660870771237,2062.398294698655,1811.5948159247275
forecast_4769,2025-07-18 17:00:00,4695.7880934168925,5574.578967482929,3824.3897926813574
forecast_4770,2025-07-18 18:00:00,5990.629527888125,6979.182006872221,4431.242557268747
forecast_4771,2025-07-18 19:00:00,4981.4894907581875,5768.060151057804,3921.3171758912913
forecast_4772,2025-07-18 20:00:00,5863.735596103064,7556.169230326136,4463.726514901489
forecast_4773,2025-07-18 21:00:00,6308.556468341152,8255.414648962122,4665.574812064685
forecast_4774,2025-07-18 22:00:00,6411.185875056254,8920.027050078606,4444.684970484857
forecast_4775,2025-07-18 23:00:00,6630.729097727849,9769.964584734573,5056.6201801335565
forecast_4776,2025-07-19 00:00:00,7386.677534452506,10979.582085020449,6788.744089683567
forecast_4777,2025-07-19 01:00:00,6037.456117545685,8071.511086812681,4906.950686168258
forecast_4778,2025-07-19 02:00:00,5419.359185081647,6614.179952293026,4497.712505221082
forecast_4779,2025-07-19 03:00:00,4918.01152394191,7658.454804042534,3370.52975661686
forecast_4780,2025-07-19 04:00:00,4419.9692167906005,5706.987423584375,3818.3280061191585
forecast_4781,2025-07-19 05:00:00,4355.064368233498,5663.015823535496,3899.6519844962463
forecast_4782,2025-07-19 06:00:00,3702.441032018311,5354.130004590955,4223.841466275696
forecast_4783,2025-07-19 07:00:00,5331.899178835432,6004.329956537857,3517.8381435922356
forecast_4784,2025-07-19 08:00:00,4824.356138351469,5450.465845345927,3468.487917518887
forecast_4785,2025-07-19 09:00:00,3339.1254477146044,4519.738578154519,3677.86308568495
forecast_4786,2025-07-19 10:00:00,3125.1469792715507,4984.799537609776,4043.1033945439267
forecast_4787,2025-07-19 11:00:00,5887.398754955849,8422.925802427835,6045.99385126791
forecast_4788,2025-07-19 12:00:00,6327.465648821958,10849.827815638107,7819.954499691529
forecast_4789,2025-07-19 13:00:00,5767.256616562815,8479.07866917019,7231.50081043927
forecast_4790,2025-07-19 14:00:00,7911.706570301659,11256.963103912505,9010.912497314594
forecast_4791,2025-07-19 15:00:00,8436.903376623299,11380.417815939574,8992.23795720251
forecast_4792,2025-07-19 16:00:00,8642.308372813488,11561.516207467479,10215.162160659445
forecast_4793,2025-07-19 17:00:00,7425.735839212572,9572.29511337423,9600.960585690857
forecast_4794,2025-07-19 18:00:00,6509.167768979385,9294.837692489979,7812.188371109526
forecast_4795,2025-07-19 19:00:00,7197.861357081252,9913.275756109075,7628.492102369478
forecast_4796,2025-07-19 20:00:00,7850.060746465804,11055.047526342314,8540.930073415608
forecast_4797,2025-07-19 21:00:00,9020.851061124844,12096.095671150064,10166.898265075128
forecast_4798,2025-07-19 22:00:00,11358.365343624562,13879.28750203873,11215.797996784624
forecast_4799,2025-07-19 23:00:00,8539.779772814978,11911.367362098154,7937.783634793338
forecast_4800,2025-07-20 00:00:00,7710.968468171241,11354.597631140437,6969.746960952406
forecast_4801,2025-07-20 01:00:00,9498.708695171235,13117.268949061401,11520.524980154029
forecast_4802,2025-07-20 02:00:00,10072.532766594766,13732.433428104763,11110.91645774268
forecast_4803,2025-07-20 03:00:00,9474.551551912993,13309.888586591505,10322.75030792913
forecast_4804,2025-07-20 04:00:00,8810.654123918726,12677.30660201249,10585.01702857887
forecast_4805,2025-07-20 05:00:00,8943.917569904019,12781.997696386228,9751.137748029394
forecast_4806,2025-07-20 06:00:00,8421.012081709598,12032.788115985735,8690.749286391609
forecast_4807,2025-07-20 07:00:00,8063.004432797015,11978.382562869912,8662.309883419768
forecast_4808,2025-07-20 08:00:00,7798.324327017662,11348.019916939722,7510.248439785196
forecast_4809,2025-07-20 09:00:00,6705.532589493038,10050.809098176902,6347.081330709521
forecast_4810,2025-07-20 10:00:00,5844.9761252471335,9284.46357826769,6349.844397554203
forecast_4811,2025-07-20 11:00:00,4350.1356272337425,7378.121743630798,5143.064160807068
forecast_4812,2025-07-20 12:00:00,4454.732253000148,6302.020763902784,5421.224653749381
forecast_4813,2025-07-20 13:00:00,3722.396971953144,4748.754397404737,3260.863574666675
forecast_4814,2025-07-20 14:00:00,3812.8551651665452,4251.946455003065,2783.286055648561
forecast_4815,2025-07-20 15:00:00,2895.955995065673,4260.1327716902015,2701.2770331158663
forecast_4816,2025-07-20 16:00:00,3212.2537100571953,4217.223493612473,2719.663997084629
forecast_4817,2025-07-20 17:00:00,4061.7503418562233,5288.186889618781,3932.479834131658
forecast_4818,2025-07-20 18:00:00,3835.538720772381,4744.366571650226,4034.7590437708022
forecast_4819,2025-07-20 19:00:00,4697.206596292949,5660.8414801042645,4777.00856147655
forecast_4820,2025-07-20 20:00:00,5945.369605585922,7272.917810503761,5539.274574861582
forecast_4821,2025-07-20 21:00:00,7737.879977614909,10148.810647032795,6491.741808229087
forecast_4822,2025-07-20 22:00:00,9238.361835036942,11154.635731854694,7814.148738358097
forecast_4823,2025-07-20 23:00:00,8939.608423925853,11685.796149299615,7769.021217170831
forecast_4824,2025-07-21 00:00:00,8742.886523300216,11734.52899075102,8776.80812199035
forecast_4825,2025-07-21 01:00:00,9670.67329747715,11697.517274021106,8217.971460240431
forecast_4826,2025-07-21 02:00:00,9917.535836439538,12431.320279945206,8176.921336844026
forecast_4827,2025-07-21 03:00:00,9930.18583036119,12865.667648684674,8313.170967617396
forecast_4828,2025-07-21 04:00:00,7850.163747130328,10719.02137137827,7157.669163639613
forecast_4829,2025-07-21 05:00:00,6943.4895770428775,8530.703721323545,4832.1332592215695
forecast_4830,2025-07-21 06:00:00,8005.281570635012,9956.705164798115,5593.696658545558
forecast_4831,2025-07-21 07:00:00,7563.9152797681045,9914.753606744205,6464.543688581048
forecast_4832,2025-07-21 08:00:00,8039.276838076355,9389.869794995651,5599.564041469465
forecast_4833,2025-07-21 09:00:00,7627.901746246757,8242.59547371256,6338.911330354552
forecast_4834,2025-07-21 10:00:00,6396.780084231827,7381.114946807739,5591.29965179971
forecast_4835,2025-07-21 11:00:00,5896.10309077138,5506.120340750845,5197.495085303577
forecast_4836,2025-07-21 12:00:00,4842.982580125667,5286.376554141832,4834.2156084649505
forecast_4837,2025-07-21 13:00:00,4985.329184838385,4700.40396879859,4595.714562816455
forecast_4838,2025-07-21 14:00:00,5145.3366953614195,5528.11493956499,5003.386888348805
forecast_4839,2025-07-21 15:00:00,4356.970585133222,5011.850197265618,4590.655445203221
forecast_4840,2025-07-21 16:00:00,4231.61722688661,4543.2739454767725,4003.1777913822266
forecast_4841,2025-07-21 17:00:00,5471.6868233586,6785.227100839186,5342.353793880587
forecast_4842,2025-07-21 18:00:00,4364.480282331605,5251.271092889346,4922.558036587011
forecast_4843,2025-07-21 19:00:00,8461.595643575089,9716.258200312843,7271.616778688892
forecast_4844,2025-07-21 20:00:00,9544.662415637962,10828.623192542536,8999.906358153574
forecast_4845,2025-07-21 21:00:00,11634.723450554908,13176.496183639594,9712.622860350632
forecast_4846,2025-07-21 22:00:00,13495.295311001797,13591.893099347808,10363.271811868934
forecast_4847,2025-07-21 23:00:00,12328.758682925161,12565.864412377565,10324.16185360638
forecast_4848,2025-07-22 00:00:00,11366.729251503928,11186.244414408247,9582.806636752368
forecast_4849,2025-07-22 01:00:00,10991.333567475756,13875.863468044494,10645.159133672083
forecast_4850,2025-07-22 02:00:00,11412.143693080721,12962.818769661068,11688.450080232817
forecast_4851,2025-07-22 03:00:00,11780.749089833473,12551.25535717653,11364.192066011996
forecast_4852,2025-07-22 04:00:00,11952.40442791603,12961.147605257876,11347.656768661489
forecast_4853,2025-07-22 05:00:00,13381.276659571153,14727.811098456423,11597.293022421469
forecast_4854,2025-07-22 06:00:00,12707.65418229494,13607.777970809679,11098.49647311132
forecast_4855,2025-07-22 07:00:00,9683.130807045614,12200.861451370922,9247.651289420684
forecast_4856,2025-07-22 08:00:00,8767.60215986563,10862.491253794995,8168.22043944264
forecast_4857,2025-07-22 09:00:00,7170.347554870389,7802.453309131159,6532.575442136258
forecast_4858,2025-07-22 10:00:00,4155.579939195902,4348.237545097007,2867.7828680962
forecast_4859,2025-07-22 11:00:00,3289.964623082152,2841.6591684739637,1973.3132859415748
forecast_4860,2025-07-22 12:00:00,1869.3747861524264,1986.7923736737982,1918.1528076597203
forecast_4861,2025-07-22 13:00:00,1943.1763578985062,1486.7129853377041,1681.655492900497
forecast_4862,2025-07-22 14:00:00,2053.484960589074,2066.8912358979396,1725.6475291421386
forecast_4863,2025-07-22 15:00:00,1965.4806672610355,1858.524742895807,1456.5372781813032
forecast_4864,2025-07-22 16:00:00,2600.4214380588573,1953.538646811041,1602.6189396516338
forecast_4865,2025-07-22 17:00:00,1285.5458206245087,1271.0560082094885,971.9197633807878
forecast_4866,2025-07-22 18:00:00,1178.0676551324814,1238.7771854856187,1063.7333343347912
forecast_4867,2025-07-22 19:00:00,1486.287552320064,1760.5156488567975,1108.335449388866
forecast_4868,2025-07-22 20:00:00,3475.270704965003,3137.0138225569526,2500.669801589517
forecast_4869,2025-07-22 21:00:00,5084.19732580164,4779.428751380761,3886.2223164653815
forecast_4870,2025-07-22 22:00:00,5488.198693394682,4897.904963985069,4295.380599523248
forecast_4871,2025-07-22 23:00:00,5666.829151366116,5810.974467761403,4117.330476225363
forecast_4872,2025-07-23 00:00:00,5289.4701326105405,5803.363337319244,4634.265247943497
forecast_4873,2025-07-23 01:00:00,5596.921291963489,6806.279995024662,5105.865804600709
forecast_4874,2025-07-23 02:00:00,7409.01133198946,7709.355385861826,6145.155693558619
forecast_4875,2025-07-23 03:00:00,8256.589013989338,8180.260760367218,5923.672229231473
forecast_4876,2025-07-23 04:00:00,7567.479475776114,8307.00497420418,5456.39238422349
forecast_4877,2025-07-23 05:00:00,6492.424635235455,6086.388110482072,4298.700809878793
forecast_4878,2025-07-23 06:00:00,5302.316071358664,4925.841985889353,3560.1094226188516
forecast_4879,2025-07-23 07:00:00,4584.11303763693,3825.7258964336133,2068.1245119994423
forecast_4880,2025-07-23 08:00:00,3251.1284989942537,2574.5271681930994,1315.4484217213037
forecast_4881,2025-07-23 09:00:00,1785.3723474776095,1448.3146955229158,844.332390052451
forecast_4882,2025-07-23 10:00:00,598.9707380852578,502.1766078509139,506.7176916708774
forecast_4883,2025-07-23 11:00:00,94.05847812647642,178.67950853823223,242.05707927464468
forecast_4884,2025-07-23 12:00:00,161.7036830514489,179.50095466407979,50.28813841713185
forecast_4885,2025-07-23 13:00:00,14.620083645467151,64.1779319661823,74.68246933283665
forecast_4886,2025-07-23 14:00:00,10.348147475912008,56.032661749480674,0.0
forecast_4887,2025-07-23 15:00:00,186.3018226442432,181.02720563259516,335.5936706645004
forecast_4888,2025-07-23 16:00:00,303.534771010607,228.1122775658414,132.75775176517442
forecast_4889,2025-07-23 17:00:00,264.70950404428396,296.7272232605339,205.1778486311117
forecast_4890,2025-07-23 18:00:00,406.45409162774496,444.28169186940653,279.6986177484537
forecast_4891,2025-07-23 19:00:00,643.2904475421228,781.5879040684216,352.5809615270922
forecast_4892,2025-07-23 20:00:00,437.11573474238327,796.3633455389102,357.4510989762659
forecast_4893,2025-07-23 21:00:00,2166.0103695782977,2708.5485636717012,1935.8399509966043
forecast_4894,2025-07-23 22:00:00,3427.928428512683,4001.396459351674,3028.778397455535
forecast_4895,2025-07-23 23:00:00,4280.3011454643465,4133.0150890373625,3059.0178997406774
forecast_4896,2025-07-24 00:00:00,4129.411245659613,4023.683068245939,3546.9327390845706
forecast_4897,2025-07-24 01:00:00,5045.773602165586,4731.126932110675,3000.5899669804553
forecast_4898,2025-07-24 02:00:00,6218.526641645821,5710.2840100583935,4219.529040567783
forecast_4899,2025-07-24 03:00:00,6020.112934516555,6410.8131204747015,3905.9565251588715
forecast_4900,2025-07-24 04:00:00,7027.345149855579,6555.710883544331,4692.626874738924
forecast_4901,2025-07-24 05:00:00,6694.614821479958,6132.342811613137,4674.510436814866
forecast_4902,2025-07-24 06:00:00,4406.341315375061,4377.3623033333115,3305.03545374695
forecast_4903,2025-07-24 07:00:00,3209.4414518227686,2665.145494589993,2241.590648795235
forecast_4904,2025-07-24 08:00:00,965.8839674700449,829.3129683694942,596.7589155204863
forecast_4905,2025-07-24 09:00:00,83.33131523810398,127.76623585337404,47.880667807927196
forecast_4906,2025-07-24 10:00:00,124.40530874333761,10.923029562993026,4.327986480525617
forecast_4907,2025-07-24 11:00:00,11.640715002998201,39.41275562898623,2.6749322343861683
forecast_4908,2025-07-24 12:00:00,0.0,0.0,0.0
forecast_4909,2025-07-24 13:00:00,0.0,13.824601927842437,0.0
forecast_4910,2025-07-24 14:00:00,3.7164780949981635,13.744981082094116,39.82190731095046
forecast_4911,2025-07-24 15:00:00,113.0757379715276,196.19010103660796,274.9522869838342
forecast_4912,2025-07-24 16:00:00,588.7400769339785,418.80474557981654,222.87449008309395
forecast_4913,2025-07-24 17:00:00,122.78873500120437,65.72953493959349,25.396320526664354
forecast_4914,2025-07-24 18:00:00,106.2417103713001,18.875677269103527,59.84956103980236
forecast_4915,2025-07-24 19:00:00,159.7464246777993,80.5925664957337,95.36871461508856
forecast_4916,2025-07-24 20:00:00,534.854430224129,414.0572360705259,116.8718072352814
forecast_4917,2025-07-24 21:00:00,627.8235758455688,634.2466661517725,64.73113068740042
forecast_4918,2025-07-24 22:00:00,887.3367794507468,782.1819390100685,294.0577860760033
forecast_4919,2025-07-24 23:00:00,954.6883233136352,1072.9037280520924,231.8193900452865
forecast_4920,2025-07-25 00:00:00,805.017642051312,1105.3932741828842,360.48632630779366
forecast_4921,2025-07-25 01:00:00,1364.3777797515297,1032.8122521966282,845.6996340351951
forecast_4922,2025-07-25 02:00:00,1791.8033374331394,2350.4556488222797,1581.9498841979632
forecast_4923,2025-07-25 03:00:00,2340.7771826553567,2374.983422714049,1519.703942602672
forecast_4924,2025-07-25 04:00:00,2517.4484723180817,2717.5277265379614,1696.7109483374131
forecast_4925,2025-07-25 05:00:00,2623.0637773932626,2547.2471021923448,1790.7961775762894
forecast_4926,2025-07-25 06:00:00,1679.3893080356775,1797.56798988854,979.0430891126254
forecast_4927,2025-07-25 07:00:00,1214.4991156171673,1310.143892267276,1048.1037370249799
forecast_4928,2025-07-25 08:00:00,294.3853623663484,496.0665594099443,131.28298015703862
forecast_4929,2025-07-25 09:00:00,106.79791004644552,191.5333428024924,64.09137054798934
forecast_4930,2025-07-25 10:00:00,133.2154034997769,73.32261604095028,85.61911727224297
forecast_4931,2025-07-25 11:00:00,11.727041054417102,35.83201559808941,47.991105917005875
forecast_4932,2025-07-25 12:00:00,0.0,46.26532413150241,0.0
forecast_4933,2025-07-25 13:00:00,20.867203847573457,106.43807320924397,75.42994433404981
forecast_4934,2025-07-25 14:00:00,40.53677702381415,119.07175615729123,165.95066556740338
forecast_4935,2025-07-25 15:00:00,79.96010068706427,117.76822792566496,80.75076061311665
forecast_4936,2025-07-25 16:00:00,230.44984160663824,140.0390170969591,111.12312463894875
forecast_4937,2025-07-25 17:00:00,252.10138221943524,231.94965068128766,169.7429332766336
forecast_4938,2025-07-25 18:00:00,235.3879360959798,161.0691582730055,217.71632722783013
forecast_4939,2025-07-25 19:00:00,570.1704854773249,997.8248463405045,562.5773651596353
forecast_4940,2025-07-25 20:00:00,1236.2843448494784,1597.3966360427137,684.0951999922
forecast_4941,2025-07-25 21:00:00,2044.0776472239343,2563.5823818738177,1159.033816023728
forecast_4942,2025-07-25 22:00:00,3018.4120545848286,3062.996090901941,2229.355498530631
forecast_4943,2025-07-25 23:00:00,2541.0989654188593,2941.221978720759,1591.0776495970206
forecast_4944,2025-07-26 00:00:00,2895.3052037789516,3921.915185872756,3334.67315980394
forecast_4945,2025-07-26 01:00:00,6967.82642242816,7977.9280613470155,4419.946615838356
forecast_4946,2025-07-26 02:00:00,6434.599625921223,7378.772757801316,3842.741620786107
forecast_4947,2025-07-26 03:00:00,5185.2420890709955,6906.4880489187535,3834.06448589882
forecast_4948,2025-07-26 04:00:00,4433.44373864668,6100.127689725724,2993.1412199526085
forecast_4949,2025-07-26 05:00:00,2511.678059300972,3075.273738275988,2082.435840618994
forecast_4950,2025-07-26 06:00:00,1717.6654199448221,1969.968374003094,1494.0903423301766
forecast_4951,2025-07-26 07:00:00,902.3799640946268,671.9372420790191,455.3740542591242
forecast_4952,2025-07-26 08:00:00,323.35140931456755,461.0392936909733,355.50884240132746
forecast_4953,2025-07-26 09:00:00,277.1753352379328,224.86659955991982,125.05342233772086
forecast_4954,2025-07-26 10:00:00,373.5284444843872,382.0536036162471,124.41836955554923
forecast_4955,2025-07-26 11:00:00,86.67025839621586,133.85827282087752,204.4316856177434
forecast_4956,2025-07-26 12:00:00,68.1011264490962,84.61431144254142,82.11595576426345
forecast_4957,2025-07-26 13:00:00,75.60982784293557,82.070255694419,77.55865957530085
forecast_4958,2025-07-26 14:00:00,0.0,144.78215794096988,135.86223491439583
forecast_4959,2025-07-26 15:00:00,61.409436183231904,130.09831529340252,86.5116488088439
forecast_4960,2025-07-26 16:00:00,149.02703219059143,160.65221501557042,60.90169065918525
forecast_4961,2025-07-26 17:00:00,45.78978087586321,81.93621120711192,50.18784289395107
forecast_4962,2025-07-26 18:00:00,111.14283639259729,0.0,100.02524915691323
forecast_4963,2025-07-26 19:00:00,216.9186870960631,250.70748729982787,182.1249138989958
forecast_4964,2025-07-26 20:00:00,527.7034031798305,556.082781081793,151.94539252279404
forecast_4965,2025-07-26 21:00:00,665.6782432157057,631.3947156292494,279.9321390649233
forecast_4966,2025-07-26 22:00:00,981.8386832116255,1039.876691275983,377.236737144023
forecast_4967,2025-07-26 23:00:00,2954.0094532673843,4241.172411884881,2847.9451676007675
forecast_4968,2025-07-27 00:00:00,4353.851510698292,5186.008674123902,3890.9157852596168
forecast_4969,2025-07-27 01:00:00,9760.926876973686,11962.422425987288,5074.230987951859
forecast_4970,2025-07-27 02:00:00,8965.456840689343,11489.876090443333,5220.042395164168
forecast_4971,2025-07-27 03:00:00,9051.998539498349,9543.46142589591,4677.165527926224
forecast_4972,2025-07-27 04:00:00,7444.269549447242,8079.496152655154,4039.4157242292654
forecast_4973,2025-07-27 05:00:00,4325.399669147081,5059.227453572842,3222.706555325175
forecast_4974,2025-07-27 06:00:00,3848.594077340081,4790.516817013859,3096.35496846149
forecast_4975,2025-07-27 07:00:00,2199.8846168615096,2669.0420904507755,1973.1903945987542
forecast_4976,2025-07-27 08:00:00,1799.5797180246304,1563.2004932512996,1165.5372950063
forecast_4977,2025-07-27 09:00:00,1104.6990109530088,1114.9690909006658,350.93158058483425
forecast_4978,2025-07-27 10:00:00,817.1095269572236,631.2809184813558,497.9412864770184
forecast_4979,2025-07-27 11:00:00,513.1843078021549,627.9949657084892,305.3093089925581
forecast_4980,2025-07-27 12:00:00,444.31244352275405,502.8392787563311,397.5920248130417
forecast_4981,2025-07-27 13:00:00,417.47161810695,282.61944910305454,420.50555651025485
forecast_4982,2025-07-27 14:00:00,257.58560796892954,348.0918587630126,377.5346629185982
forecast_4983,2025-07-27 15:00:00,292.28586343268637,299.27061256186346,748.777223008267
forecast_4984,2025-07-27 16:00:00,905.0289205410952,1173.3905984054793,1585.9136785648293
forecast_4985,2025-07-27 17:00:00,1095.0184231886917,1493.1288601584786,1510.9051741903493
forecast_4986,2025-07-27 18:00:00,1142.2768921994152,1448.9889089146702,1293.738310198482
forecast_4987,2025-07-27 19:00:00,1848.2024238245283,2922.2638558146377,2239.128216878076
forecast_4988,2025-07-27 20:00:00,3414.0629988141873,4355.558920246703,3444.4359498091635
forecast_4989,2025-07-27 21:00:00,4045.7186959048904,5457.786724055117,4738.831659178025
forecast_4990,2025-07-27 22:00:00,4830.599354918738,7008.248388142115,4508.4124951340555
forecast_4991,2025-07-27 23:00:00,7707.528433249312,10037.887196786021,5813.164181313701
forecast_4992,2025-07-28 00:00:00,8529.37468507024,10131.433491234044,7094.7361286770465
forecast_4993,2025-07-28 01:00:00,9277.858059149146,11234.094742877287,6453.982617488114
forecast_4994,2025-07-28 02:00:00,10986.024118414654,11121.09262873257,8878.38017075054
forecast_4995,2025-07-28 03:00:00,11012.457085364373,10618.793966442592,7909.986848779865
forecast_4996,2025-07-28 04:00:00,8634.356642527504,9427.38538537076,7226.95531480662
forecast_4997,2025-07-28 05:00:00,8362.551738678783,8763.257093465389,6401.106873133123
forecast_4998,2025-07-28 06:00:00,7010.541610197862,7421.568209482598,5291.04584071553
forecast_4999,2025-07-28 07:00:00,4080.010378056006,3853.3561232085544,3235.8211430152046
forecast_5000,2025-07-28 08:00:00,3258.5135265709855,2475.848467041802,1847.9167155400683
forecast_5001,2025-07-28 09:00:00,1538.6905171130481,1150.6188481243682,887.0079563988529
forecast_5002,2025-07-28 10:00:00,507.2535571292081,376.9333380644049,251.08127150636005
forecast_5003,2025-07-28 11:00:00,200.75340497697132,230.50507719597218,65.2604106128209
forecast_5004,2025-07-28 12:00:00,50.661017686897,0.0,0.0
forecast_5005,2025-07-28 13:00:00,176.91063419838588,173.67904796171123,178.50090952768207
forecast_5006,2025-07-28 14:00:00,491.0969324135224,523.7506000499112,167.23109038992854
forecast_5007,2025-07-28 15:00:00,118.01207944478313,170.45666613686998,269.05930504022757
forecast_5008,2025-07-28 16:00:00,33.00223114316234,141.57093133031935,379.1326794721572
forecast_5009,2025-07-28 17:00:00,207.6183333021291,178.21583357920716,189.27607100338835
forecast_5010,2025-07-28 18:00:00,174.93460952515528,164.83855054406345,71.06321709029794
forecast_5011,2025-07-28 19:00:00,0.0,20.284482318083953,0.0
forecast_5012,2025-07-28 20:00:00,192.46125480023537,80.38788764355932,73.78466192720349
forecast_5013,2025-07-28 21:00:00,544.1086738815434,719.3982029950747,216.9462293828538
forecast_5014,2025-07-28 22:00:00,421.47192542671417,710.0893696564888,83.0960398640808
forecast_5015,2025-07-28 23:00:00,343.96773632472997,89.34781927292066,6.887655108271813
forecast_5016,2025-07-29 00:00:00,357.58759844608556,134.8370851099441,81.04857189582309
forecast_5017,2025-07-29 01:00:00,1665.1666821790805,2167.035998346197,934.4825979300684
forecast_5018,2025-07-29 02:00:00,2233.9202666864385,1953.0699440361996,1505.857545259912
forecast_5019,2025-07-29 03:00:00,1838.4348603712076,1824.5531186138041,1178.4742074619005
forecast_5020,2025-07-29 04:00:00,1439.90001190701,1472.4176256225537,1298.748660857223
forecast_5021,2025-07-29 05:00:00,932.3921151709419,949.9782473530006,962.8592376995013
forecast_5022,2025-07-29 06:00:00,514.4085028432582,485.5635989177086,337.84983545021385
forecast_5023,2025-07-29 07:00:00,101.85970171852601,110.1363326791654,22.766659199276816
forecast_5024,2025-07-29 08:00:00,109.923161703882,51.828848550062744,9.734148399371893
forecast_5025,2025-07-29 09:00:00,9.651079394489471,14.441274080037525,3.6155442234640636
forecast_5026,2025-07-29 10:00:00,17.689035575623404,0.0,0.0
forecast_5027,2025-07-29 11:00:00,26.362808398730817,5.109866458685538,0.0
forecast_5028,2025-07-29 12:00:00,19.195606035191876,8.420243169423582,48.8385163496839
forecast_5029,2025-07-29 13:00:00,53.553339698603736,0.0,13.613436944797284
forecast_5030,2025-07-29 14:00:00,43.002756185934444,7.732276702017295,67.50765956063829
forecast_5031,2025-07-29 15:00:00,22.645809879751678,108.25144039911959,62.551207693180906
forecast_5032,2025-07-29 16:00:00,29.156109128341402,53.362209349418904,0.0
forecast_5033,2025-07-29 17:00:00,49.10826646549756,39.75315251575598,9.51191290313595
forecast_5034,2025-07-29 18:00:00,26.80289088423987,45.06011684506451,33.32810295413899
forecast_5035,2025-07-29 19:00:00,108.87237487012972,116.45512381063635,77.2383858193992
forecast_5036,2025-07-29 20:00:00,2.422520282612964,58.68794242099513,106.82641687721805
forecast_5037,2025-07-29 21:00:00,16.64423964941097,163.69186039554123,26.82666404584726
forecast_5038,2025-07-29 22:00:00,395.6316560121421,277.85230174968615,28.082491369307128
forecast_5039,2025-07-29 23:00:00,782.0610409258283,722.1634692054587,167.28846850994861
forecast_5040,2025-07-30 00:00:00,1451.035038907799,1674.8090318338488,1095.1305139988717
forecast_5041,2025-07-30 01:00:00,528.6929380735235,432.1863325402881,79.73027250597752
forecast_5042,2025-07-30 02:00:00,1380.0294182792913,743.0685363507641,251.39541618212522
forecast_5043,2025-07-30 03:00:00,1410.6219870922516,1088.4530278253678,647.7052375395448
forecast_5044,2025-07-30 04:00:00,887.5415863548361,942.0861974919585,493.05652143353234
forecast_5045,2025-07-30 05:00:00,313.35051867280566,440.3193077658814,120.62120594295553
forecast_5046,2025-07-30 06:00:00,227.47187523884548,378.0926196036151,122.36577889157944
forecast_5047,2025-07-30 07:00:00,0.0,58.96883106059568,0.0
forecast_5048,2025-07-30 08:00:00,22.265630564922844,30.999270513389163,0.0
forecast_5049,2025-07-30 09:00:00,28.68705268152885,1.9749833024061,28.25617776096617
forecast_5050,2025-07-30 10:00:00,108.96517576399478,128.05795492562422,14.733258475348316
forecast_5051,2025-07-30 11:00:00,198.91657823717154,158.78224555717577,43.34755782445946
forecast_5052,2025-07-30 12:00:00,312.1248651524136,70.13134827036937,43.06483739194799
forecast_5053,2025-07-30 13:00:00,182.01008253510417,149.44635502162728,80.93671446098264
forecast_5054,2025-07-30 14:00:00,108.68875176847479,27.716490200786666,176.2779853688696
forecast_5055,2025-07-30 15:00:00,114.61182367652869,49.366054012751775,142.9919968814608
forecast_5056,2025-07-30 16:00:00,63.303560870201544,0.0,38.18892193479092
forecast_5057,2025-07-30 17:00:00,155.81668636230265,217.56403383917387,66.07639795303483
forecast_5058,2025-07-30 18:00:00,230.62705829330693,195.53115724945886,0.0
forecast_5059,2025-07-30 19:00:00,304.38079452468315,229.73441519425384,98.19089881914785
forecast_5060,2025-07-30 20:00:00,540.0571177876998,614.3784345812329,112.56785064400457
forecast_5061,2025-07-30 21:00:00,1500.659808213889,1259.4984906398859,277.5504321770261
forecast_5062,2025-07-30 22:00:00,1757.4289310388406,1128.851968922473,393.3893754266379
forecast_5063,2025-07-30 23:00:00,1768.1940240287304,1357.2282288700167,460.6546853539299
forecast_5064,2025-07-31 00:00:00,1637.9760064165368,1266.3030924341872,449.40289243438053
forecast_5065,2025-07-31 01:00:00,1895.233613853806,2352.3459393212115,1024.6862219970121
forecast_5066,2025-07-31 02:00:00,2171.5696634940305,2098.773263497919,993.2113366031701
forecast_5067,2025-07-31 03:00:00,2954.9031098665037,3434.9753506395896,1926.1909422780998
forecast_5068,2025-07-31 04:00:00,3359.005760148462,4106.167864277799,1839.5692741502335
forecast_5069,2025-07-31 05:00:00,3111.6766301629177,3397.172066385142,1305.2969159869135
forecast_5070,2025-07-31 06:00:00,1504.0906390196772,1115.0784514257145,318.1052671331613
forecast_5071,2025-07-31 07:00:00,1583.8944249371339,1177.5052860521857,253.89207353814624
forecast_5072,2025-07-31 08:00:00,907.2663318242674,804.231750314249,392.1956098994417
forecast_5073,2025-07-31 09:00:00,367.1200524802634,503.77193098077686,79.48615088062373
forecast_5074,2025-07-31 10:00:00,430.4736984285244,674.551089879323,384.809955336165
forecast_5075,2025-07-31 11:00:00,648.746175070495,359.4857278776416,410.419745898029
forecast_5076,2025-07-31 12:00:00,460.08883868102197,339.0941647212805,383.5690839555164
forecast_5077,2025-07-31 13:00:00,429.9661348911789,354.8150394170981,385.68582891505423
forecast_5078,2025-07-31 14:00:00,399.954124579898,139.13780409447014,256.3968877409401
forecast_5079,2025-07-31 15:00:00,163.39985813055844,174.6460323441382,13.953478913676388
forecast_5080,2025-07-31 16:00:00,168.092918330446,98.52287931768778,196.93631893963476
forecast_5081,2025-07-31 17:00:00,115.13066760861119,117.01043039218528,209.065953875076
forecast_5082,2025-07-31 18:00:00,36.94071266814208,42.766312951452825,60.491503942316704
forecast_5083,2025-07-31 19:00:00,102.94081893043894,40.44024474773317,33.24891194109496
forecast_5084,2025-07-31 20:00:00,181.53737688024216,117.67278148436661,18.89455127505816
forecast_5085,2025-07-31 21:00:00,234.64521270967114,194.05183777958473,6.938834822751022
forecast_5086,2025-07-31 22:00:00,427.2033109868455,385.08981354201035,71.34680715238503
forecast_5087,2025-07-31 23:00:00,423.84032170270285,587.0631741800127,131.8792896779406
forecast_5088,2025-08-01 00:00:00,459.18112332162724,631.2964337238891,154.34503962510544
forecast_5089,2025-08-01 01:00:00,687.6880003866092,699.5650271484928,43.08253701726969
forecast_5090,2025-08-01 02:00:00,195.65035761730493,496.56917609367537,51.46593954317455
forecast_5091,2025-08-01 03:00:00,265.060451945443,365.75261214573334,220.9024880886873
forecast_5092,2025-08-01 04:00:00,94.9388616435335,144.23477153695774,84.41250104305315
forecast_5093,2025-08-01 05:00:00,110.62564405225484,102.60168439603231,196.86222815186915
forecast_5094,2025-08-01 06:00:00,38.662510684922886,68.13372933620815,23.325773387963128
forecast_5095,2025-08-01 07:00:00,17.229892998871776,26.6448699486384,8.852822257430413
forecast_5096,2025-08-01 08:00:00,58.03195765913333,77.46285429538077,22.022746858061232
forecast_5097,2025-08-01 09:00:00,0.0,0.0,23.3029098192045
forecast_5098,2025-08-01 10:00:00,0.0,0.0,0.0
forecast_5099,2025-08-01 11:00:00,25.435119656431734,40.682677020689745,0.0
forecast_5100,2025-08-01 12:00:00,69.55972651587723,0.0,28.58776550811405
forecast_5101,2025-08-01 13:00:00,27.630168247475957,60.13681188654446,43.96576024085007
forecast_5102,2025-08-01 14:00:00,131.74523606436836,30.96739675732769,105.95234700759342
forecast_5103,2025-08-01 15:00:00,97.17084778837129,61.22510602154236,110.05406812398408
forecast_5104,2025-08-01 16:00:00,36.81389677760942,60.42640004685077,0.9486183290989125
forecast_5105,2025-08-01 17:00:00,66.3876264939865,20.05292531539177,50.470299936390646
forecast_5106,2025-08-01 18:00:00,73.95679609644506,11.740339720010166,3.503027843903467
forecast_5107,2025-08-01 19:00:00,186.47073181294735,191.85779726538104,0.0
forecast_5108,2025-08-01 20:00:00,161.60832302515945,227.72937741270462,15.945150798285447
forecast_5109,2025-08-01 21:00:00,195.26953736371664,335.2586173102977,114.53365139734977
forecast_5110,2025-08-01 22:00:00,223.735879747443,178.45452380110166,14.464405541567729
forecast_5111,2025-08-01 23:00:00,91.45666986693823,28.663416980428483,10.90889187932561
forecast_5112,2025-08-02 00:00:00,0.0,1.8173911443404207,6.1289901827081925
forecast_5113,2025-08-02 01:00:00,2728.44014167844,2353.6256301279886,2073.136851665295
forecast_5114,2025-08-02 02:00:00,4116.975732324197,3606.730695625339,3368.95742809568
forecast_5115,2025-08-02 03:00:00,5451.111650642325,4709.192680871504,3766.3955808923424
forecast_5116,2025-08-02 04:00:00,6015.358445769911,6285.953519346113,4208.36212321391
forecast_5117,2025-08-02 05:00:00,6073.581996261795,6697.915611669116,4276.125572021737
forecast_5118,2025-08-02 06:00:00,6976.919335574892,6521.320772803798,5353.194349967704
forecast_5119,2025-08-02 07:00:00,6597.8102499220995,6442.48439034779,4519.45878313527
forecast_5120,2025-08-02 08:00:00,4938.409159750835,5201.74207392905,2696.679449261434
forecast_5121,2025-08-02 09:00:00,3602.224193358284,4264.176483120149,2013.3100047333503
forecast_5122,2025-08-02 10:00:00,1897.4556724456531,1338.3661178387229,882.885316105485
forecast_5123,2025-08-02 11:00:00,1319.2676163799765,653.9109896480804,525.2826717499189
forecast_5124,2025-08-02 12:00:00,683.0347150301534,391.8398847096508,560.5287993016423
forecast_5125,2025-08-02 13:00:00,581.2010711973427,483.05316238925803,626.740792872051
forecast_5126,2025-08-02 14:00:00,790.1694224303346,527.8892798401591,440.98753271134393
forecast_5127,2025-08-02 15:00:00,694.2039302461586,402.8231233376325,657.6043545061658
forecast_5128,2025-08-02 16:00:00,265.05086423351884,93.38195042512108,184.62267745613633
forecast_5129,2025-08-02 17:00:00,293.1487779851385,247.08011225779245,123.89857853144538
forecast_5130,2025-08-02 18:00:00,597.9269882838062,420.96873332934314,190.99461178338385
forecast_5131,2025-08-02 19:00:00,766.1519826172229,715.625565534122,225.81144457854052
forecast_5132,2025-08-02 20:00:00,539.265290782324,451.3760190745398,160.41336435299283
forecast_5133,2025-08-02 21:00:00,958.4419485410548,959.9853550754422,468.6766591776484
forecast_5134,2025-08-02 22:00:00,1359.369389291238,1010.5871782728517,613.8431625382324
forecast_5135,2025-08-02 23:00:00,1061.1018293552866,880.4999278269129,466.5106478473864
forecast_5136,2025-08-03 00:00:00,1394.8309168150429,1298.2112907759235,949.7000764168764
forecast_5137,2025-08-03 01:00:00,3319.168267448144,2790.3522450216487,2498.821707025254
forecast_5138,2025-08-03 02:00:00,2525.7321757629234,2343.943851269049,2365.678496256229
forecast_5139,2025-08-03 03:00:00,3138.2800025384,2737.727203571341,2301.188393772798
forecast_5140,2025-08-03 04:00:00,2102.762628006478,2051.278361308035,1887.8462697092982
forecast_5141,2025-08-03 05:00:00,1636.4215893145986,1426.5000356949365,1083.589958331929
forecast_5142,2025-08-03 06:00:00,740.0326989863617,826.2379602327944,503.06759086765
forecast_5143,2025-08-03 07:00:00,135.3292331143063,115.49270147731143,12.097984348918803
forecast_5144,2025-08-03 08:00:00,69.68098845160874,210.67077568930796,31.350785007075185
forecast_5145,2025-08-03 09:00:00,95.24018932138397,79.15650058730257,73.26830759643106
forecast_5146,2025-08-03 10:00:00,0.0,79.8917521703057,23.452467713511297
forecast_5147,2025-08-03 11:00:00,0.0,27.630227981740347,8.57574582255429
forecast_5148,2025-08-03 12:00:00,118.93669351754748,107.24053011432832,62.43806882611692
forecast_5149,2025-08-03 13:00:00,307.7982423575546,419.8166756960168,360.617708693686
forecast_5150,2025-08-03 14:00:00,331.01626968492513,611.8472590797907,354.6629065998145
forecast_5151,2025-08-03 15:00:00,837.9951189570385,1267.66366657381,903.6943925179066
forecast_5152,2025-08-03 16:00:00,379.15639703252066,772.6893790905141,751.2006596882835
forecast_5153,2025-08-03 17:00:00,1289.895664109498,2070.2768713593528,1244.8086455536688
forecast_5154,2025-08-03 18:00:00,1570.4292419473618,3053.2056325262565,1574.5000445683893
forecast_5155,2025-08-03 19:00:00,2540.263809051303,4153.731145330083,1722.2148018315884
forecast_5156,2025-08-03 20:00:00,3585.036665170567,5462.0944608640475,3777.1209413758593
forecast_5157,2025-08-03 21:00:00,3500.639011023226,5092.718835231705,3454.869746373851
forecast_5158,2025-08-03 22:00:00,4494.157700343205,6698.47233542007,4442.8380259397145
forecast_5159,2025-08-03 23:00:00,4604.524885149045,6578.149809296584,5104.72954631831
forecast_5160,2025-08-04 00:00:00,5718.085549165171,8137.216265514133,5148.8336436438185
forecast_5161,2025-08-04 01:00:00,3800.969361575251,4869.852468375966,3196.9850657250895
forecast_5162,2025-08-04 02:00:00,4819.045865611609,6315.87788130371,3214.886514330628
forecast_5163,2025-08-04 03:00:00,5485.638194847908,7402.35544802419,3365.4234111968053
forecast_5164,2025-08-04 04:00:00,5651.620660436752,7590.167608943468,4062.5504525749743
forecast_5165,2025-08-04 05:00:00,5578.258015192516,7929.770806448675,4117.340997243933
forecast_5166,2025-08-04 06:00:00,5825.217134713495,8378.326588235539,5546.570766547993
forecast_5167,2025-08-04 07:00:00,5589.3707932355355,6770.6290357893595,5654.953652334194
forecast_5168,2025-08-04 08:00:00,4922.709145587031,6172.384912252277,4924.0560800419335
forecast_5169,2025-08-04 09:00:00,3921.517964717114,5589.87530983951,4140.124038280296
forecast_5170,2025-08-04 10:00:00,4421.546627792694,5004.68186707694,4432.131237644235
forecast_5171,2025-08-04 11:00:00,5681.708078065975,7227.784817472145,4031.65890315392
forecast_5172,2025-08-04 12:00:00,5784.674224976378,7063.272148888503,3530.631159829547
forecast_5173,2025-08-04 13:00:00,4455.684209436294,4283.943150847896,2984.5777075063925
forecast_5174,2025-08-04 14:00:00,3303.428756017525,2965.039505343502,2169.3048280088487
forecast_5175,2025-08-04 15:00:00,2598.2315062685657,2386.223789075189,1319.0570889701385
forecast_5176,2025-08-04 16:00:00,2062.883318692738,2301.115942504362,1508.6337034608628
forecast_5177,2025-08-04 17:00:00,2001.7417605604564,2047.5705169326466,1136.6397485927562
forecast_5178,2025-08-04 18:00:00,2269.345477743235,2350.704090294214,1808.798663452021
forecast_5179,2025-08-04 19:00:00,2299.092639153541,2850.6445452466955,1923.4933106386977
forecast_5180,2025-08-04 20:00:00,2845.5475103472954,2349.913344799741,2440.6773338132916
forecast_5181,2025-08-04 21:00:00,4402.172791814571,4103.908163507006,2972.453433038932
forecast_5182,2025-08-04 22:00:00,4469.1106771634095,4470.085362402876,3419.1791427898925
forecast_5183,2025-08-04 23:00:00,4798.343456647915,4230.672837699155,3427.658684491643
forecast_5184,2025-08-05 00:00:00,5827.87857880808,5690.78920675494,4969.708931068909
forecast_5185,2025-08-05 01:00:00,4197.9613361201,3844.4426961863865,3413.1129179823697
forecast_5186,2025-08-05 02:00:00,4341.928256855217,3381.256920777568,2869.9683794941243
forecast_5187,2025-08-05 03:00:00,3498.5046549695257,3020.2263816836803,2910.5091150638946
forecast_5188,2025-08-05 04:00:00,2532.68373581339,2829.762503339811,2238.738083839836
forecast_5189,2025-08-05 05:00:00,2290.6612977811046,2009.1585160095844,1598.412640158837
forecast_5190,2025-08-05 06:00:00,1271.6896269086265,1159.6005524890113,702.5605757726229
forecast_5191,2025-08-05 07:00:00,1290.9811288572444,1237.0002558472459,660.0653197183332
forecast_5192,2025-08-05 08:00:00,1199.4439344915345,1186.7396330191646,579.0382357918246
forecast_5193,2025-08-05 09:00:00,491.41566162209114,495.5652285002906,516.3638866789873
forecast_5194,2025-08-05 10:00:00,951.4790471850242,788.0551061818343,793.1220251045443
forecast_5195,2025-08-05 11:00:00,897.2200075587108,1163.6484048805548,1542.8753965686878
forecast_5196,2025-08-05 12:00:00,1935.9123052336342,1677.040884453585,1878.8975526807665
forecast_5197,2025-08-05 13:00:00,2687.6236978395336,3112.694773331767,2766.877534529418
forecast_5198,2025-08-05 14:00:00,4133.493680449658,4215.75714290787,3711.7302521913257
forecast_5199,2025-08-05 15:00:00,3964.699762197817,4428.179349885826,4518.684995223478
forecast_5200,2025-08-05 16:00:00,6237.739736130683,6783.084684327756,6756.583700423994
forecast_5201,2025-08-05 17:00:00,6388.426608897307,5915.276579733981,6198.845728976862
forecast_5202,2025-08-05 18:00:00,5640.092577802944,5874.8923608350615,4589.161558351579
forecast_5203,2025-08-05 19:00:00,4842.323719428993,5786.227264106676,4437.816864598084
forecast_5204,2025-08-05 20:00:00,5670.947350395737,6594.479211495056,5752.457104006688
forecast_5205,2025-08-05 21:00:00,6747.83112453498,8145.328238376296,6135.337809113224
forecast_5206,2025-08-05 22:00:00,6389.647844245491,8086.6266409077425,6831.879639585393
forecast_5207,2025-08-05 23:00:00,7443.858510575013,9668.972001868244,6200.607645842905
forecast_5208,2025-08-06 00:00:00,6739.586496211094,9116.379498001605,5392.594592152589
forecast_5209,2025-08-06 01:00:00,10679.169907922966,12848.756106415707,11614.834467244827
forecast_5210,2025-08-06 02:00:00,10387.430173820727,13500.944678856302,11319.718363659147
forecast_5211,2025-08-06 03:00:00,9941.53987183831,12673.36900050436,8011.943184449617
forecast_5212,2025-08-06 04:00:00,9413.573524295107,11698.815667149216,7448.663187380087
forecast_5213,2025-08-06 05:00:00,9817.100088049408,13813.202893400852,9465.85417774587
forecast_5214,2025-08-06 06:00:00,9561.116739888455,13587.519616783646,10338.282459405696
forecast_5215,2025-08-06 07:00:00,9298.86284532429,13634.824366914003,11350.327708576968
forecast_5216,2025-08-06 08:00:00,8644.28825395286,13489.24466399859,10243.430028845642
forecast_5217,2025-08-06 09:00:00,9913.549934239792,13391.941337038084,10985.713502598284
forecast_5218,2025-08-06 10:00:00,9891.83360097013,13547.34409672295,10980.790069796067
forecast_5219,2025-08-06 11:00:00,10122.492319934394,13709.043005073332,11502.265309465636
forecast_5220,2025-08-06 12:00:00,10298.649849994454,13710.928394869505,11746.020389277899
forecast_5221,2025-08-06 13:00:00,11078.67894747682,15502.618527220364,14502.455405440385
forecast_5222,2025-08-06 14:00:00,11534.167858443006,15610.710624949725,14662.545393017384
forecast_5223,2025-08-06 15:00:00,11239.48380201898,14738.602251651844,12817.898541731025
forecast_5224,2025-08-06 16:00:00,10500.882977194895,12804.309681543657,11160.055262609425
forecast_5225,2025-08-06 17:00:00,11369.297090371769,13716.269911200257,13724.654716543628
forecast_5226,2025-08-06 18:00:00,12108.300264232214,16518.423347936117,15984.0914231844
forecast_5227,2025-08-06 19:00:00,14378.352352018743,16723.750280092394,16265.731843449914
forecast_5228,2025-08-06 20:00:00,12306.097275987317,15506.657211910502,15012.710956577983
forecast_5229,2025-08-06 21:00:00,13145.69846776145,16355.272668319381,15301.791181675777
forecast_5230,2025-08-06 22:00:00,14044.052413168027,16144.430089681577,15109.552502577097
forecast_5231,2025-08-06 23:00:00,13577.32542790901,15588.106953549406,15481.33727652881
forecast_5232,2025-08-07 00:00:00,12583.019988600616,14953.752451346354,15377.666308324759
forecast_5233,2025-08-07 01:00:00,13063.601557632594,14767.927965932531,13238.877550982847
forecast_5234,2025-08-07 02:00:00,13911.868960182548,16301.958133915678,15825.118365795914
forecast_5235,2025-08-07 03:00:00,14599.506188265106,16350.621206549276,15502.446292363704
forecast_5236,2025-08-07 04:00:00,14675.055861738389,16557.787679019202,15680.700617869614
forecast_5237,2025-08-07 05:00:00,15141.402623740672,16834.812535241188,15530.98511346327
forecast_5238,2025-08-07 06:00:00,14697.787368977699,16664.866372957025,14586.284114639404
forecast_5239,2025-08-07 07:00:00,12770.828576717307,14172.148509712779,10128.830583594325
forecast_5240,2025-08-07 08:00:00,9887.869406675913,12494.30124748868,9307.603861944985
forecast_5241,2025-08-07 09:00:00,6357.021577836378,7928.107543423615,3950.6500780726983
forecast_5242,2025-08-07 10:00:00,3097.6310089646695,4163.874374699053,3163.614674038847
forecast_5243,2025-08-07 11:00:00,2870.175457942022,2248.0120667124897,1879.66439694973
forecast_5244,2025-08-07 12:00:00,1615.2568963120984,1218.0008160402508,1112.7080335380656
forecast_5245,2025-08-07 13:00:00,699.8404673902528,486.8430906686952,426.5071372434584
forecast_5246,2025-08-07 14:00:00,412.03909746877446,334.5440135516314,184.08157366334862
forecast_5247,2025-08-07 15:00:00,98.19782847647427,75.00342996658104,225.78123496490366
forecast_5248,2025-08-07 16:00:00,253.3620695600288,208.9784436171616,131.82575051215903
forecast_5249,2025-08-07 17:00:00,429.6583619158028,483.239533435935,90.01140691674615
forecast_5250,2025-08-07 18:00:00,220.97157274909128,337.8418058183616,206.13315730731296
forecast_5251,2025-08-07 19:00:00,575.7313960913789,373.3045615225409,190.8750583014951
forecast_5252,2025-08-07 20:00:00,921.5959033762953,951.5349660418201,542.8387175846626
forecast_5253,2025-08-07 21:00:00,1928.0677466095547,1613.845707929677,1037.5101908412055
forecast_5254,2025-08-07 22:00:00,2525.477514122197,2391.5982083456693,1577.3131654859353
forecast_5255,2025-08-07 23:00:00,4582.015743772857,4395.98310594246,3131.2835984155363
forecast_5256,2025-08-08 00:00:00,6378.346203798531,6767.920712584199,4947.639286202336
forecast_5257,2025-08-08 01:00:00,4982.295400562831,5450.499069219691,3978.020449995705
forecast_5258,2025-08-08 02:00:00,6217.926757845625,5273.8602064490515,4005.465629640569
forecast_5259,2025-08-08 03:00:00,4600.012782786391,4029.186531557614,3540.3647269427584
forecast_5260,2025-08-08 04:00:00,3131.680501248996,3086.0453507257075,2888.5680516719594
forecast_5261,2025-08-08 05:00:00,2422.3656139788136,1720.20546754609,1494.4969587583132
forecast_5262,2025-08-08 06:00:00,1691.3708638183534,1020.2373330367235,839.5977816029283
forecast_5263,2025-08-08 07:00:00,762.1230097193119,553.5818698832542,205.7341416846546
forecast_5264,2025-08-08 08:00:00,223.11153768992952,430.4488792836134,69.96005371352834
forecast_5265,2025-08-08 09:00:00,40.45857618167494,11.917846182541732,11.252492635470293
forecast_5266,2025-08-08 10:00:00,0.0,0.0,0.0
forecast_5267,2025-08-08 11:00:00,17.258412529392956,10.178041597381233,0.0
forecast_5268,2025-08-08 12:00:00,54.22788781214273,43.89936340802835,36.37903530387742
forecast_5269,2025-08-08 13:00:00,142.4897364656013,178.94218256110628,134.75988696264176
forecast_5270,2025-08-08 14:00:00,89.9867322422759,92.81962666113871,95.37003670601658
forecast_5271,2025-08-08 15:00:00,108.4674435204501,107.57984187341324,20.540650491133984
forecast_5272,2025-08-08 16:00:00,0.0,21.006537199769962,71.52570320278555
forecast_5273,2025-08-08 17:00:00,0.0,11.542754990525093,0.0
forecast_5274,2025-08-08 18:00:00,70.87861940229736,0.0,0.0
forecast_5275,2025-08-08 19:00:00,42.543465495927904,41.605676103344756,8.620086036780986
forecast_5276,2025-08-08 20:00:00,64.90987191560086,114.95252191042061,12.885181444997908
forecast_5277,2025-08-08 21:00:00,105.60841173243817,231.7135027215414,92.87720215140702
forecast_5278,2025-08-08 22:00:00,305.2581059678007,467.2660340908096,45.34237743690909
forecast_5279,2025-08-08 23:00:00,926.3024036971492,1328.7980525801613,979.7706662812084
forecast_5280,2025-08-09 00:00:00,1799.5540048732012,1897.0339964181424,1761.4578895321274
forecast_5281,2025-08-09 01:00:00,994.9888477558482,977.2205876133181,325.538764898189
forecast_5282,2025-08-09 02:00:00,1876.2360503772047,1324.0562785163008,906.6850545728406
forecast_5283,2025-08-09 03:00:00,1678.4645328250224,1188.4779005394423,669.5941817227834
forecast_5284,2025-08-09 04:00:00,2234.2387541053786,2231.7351730753026,1945.4164530873798
forecast_5285,2025-08-09 05:00:00,2830.3782905999633,3177.2048602648465,2827.3075647829314
forecast_5286,2025-08-09 06:00:00,1759.8313894599232,2252.642598036419,1803.7452293981646
forecast_5287,2025-08-09 07:00:00,1795.0982027470925,1980.3576348162387,801.2002760722396
forecast_5288,2025-08-09 08:00:00,2168.219309454425,2794.2010625599783,1300.0728463775529
forecast_5289,2025-08-09 09:00:00,1816.3843184914049,1798.8595167780204,849.7097483021662
forecast_5290,2025-08-09 10:00:00,2684.0411137271003,1870.8867363348531,1334.4986467935687
forecast_5291,2025-08-09 11:00:00,2144.0597587533434,2163.278053949473,1053.2462066089097
forecast_5292,2025-08-09 12:00:00,1182.4813397167889,1424.5392052997154,852.7667610331765
forecast_5293,2025-08-09 13:00:00,524.9936545355808,749.1423609449092,459.18155602770025
forecast_5294,2025-08-09 14:00:00,653.3216089504276,284.01714614957774,207.8357406476658
forecast_5295,2025-08-09 15:00:00,473.98819183377844,754.6583148201985,302.8526099186011
forecast_5296,2025-08-09 16:00:00,495.7191767061768,559.7153838431979,287.39882525750727
forecast_5297,2025-08-09 17:00:00,791.7509589389202,1700.2437520111155,977.7845064476837
forecast_5298,2025-08-09 18:00:00,376.7830924987473,840.3822710545857,101.2332020076162
forecast_5299,2025-08-09 19:00:00,260.98875717924295,724.2486824123355,265.0990071393695
forecast_5300,2025-08-09 20:00:00,895.2643034600667,1327.6118748580914,1204.3266720086772
forecast_5301,2025-08-09 21:00:00,1317.0584803497013,1774.7602295767933,1579.4552868121398
forecast_5302,2025-08-09 22:00:00,702.4415861985377,1020.8251014569657,650.0422756693474
forecast_5303,2025-08-09 23:00:00,238.32440899183757,272.05522860873907,28.94735208105315
forecast_5304,2025-08-10 00:00:00,226.4392043681664,119.20159168368647,18.76174326146664
forecast_5305,2025-08-10 01:00:00,357.2429545379677,472.03550481993915,100.39093065370952
forecast_5306,2025-08-10 02:00:00,159.46574131077838,292.47623892574495,158.7980304451314
forecast_5307,2025-08-10 03:00:00,233.427761691404,303.4442995830156,131.7229940827426
forecast_5308,2025-08-10 04:00:00,666.1516288324262,564.4652869894021,118.3878285437147
forecast_5309,2025-08-10 05:00:00,997.1987329157407,901.7763830289568,209.67987330661612
forecast_5310,2025-08-10 06:00:00,1332.618937239564,1495.4984582305524,408.71963782161384
forecast_5311,2025-08-10 07:00:00,1134.1610913179657,1357.4368117037031,303.7347499285558
forecast_5312,2025-08-10 08:00:00,611.6374132750663,637.4845429050946,110.08997099391706
forecast_5313,2025-08-10 09:00:00,246.19082250634608,171.41151045923732,129.15945075960178
forecast_5314,2025-08-10 10:00:00,556.7754245614709,396.8538867549854,121.46543070469609
forecast_5315,2025-08-10 11:00:00,396.6526657125783,518.4981702107013,60.74838464536914
forecast_5316,2025-08-10 12:00:00,230.39922503649575,623.2730376585505,112.11013337245188
forecast_5317,2025-08-10 13:00:00,263.4501591091636,544.0424152514126,114.31083293466563
forecast_5318,2025-08-10 14:00:00,259.5196278315642,356.7694271700573,229.7308559263866
forecast_5319,2025-08-10 15:00:00,291.24177754229424,337.40731238498046,189.45133758353757
forecast_5320,2025-08-10 16:00:00,280.834032703313,269.88113353066825,195.3116784005507
forecast_5321,2025-08-10 17:00:00,6.244429631824355,121.22425771350326,172.86588890623793
forecast_5322,2025-08-10 18:00:00,75.12188713043872,99.67444562154056,66.64696772583667
forecast_5323,2025-08-10 19:00:00,28.20605394023779,76.8211098844508,7.998635400709035
forecast_5324,2025-08-10 20:00:00,54.32594982562173,79.67779080363341,6.242273852026025
forecast_5325,2025-08-10 21:00:00,121.78787086370002,17.376106201389376,7.269858732297842
forecast_5326,2025-08-10 22:00:00,183.22581988993076,5.504905964940544,2.9683271584821753
forecast_5327,2025-08-10 23:00:00,91.4563855495746,21.576292068870657,1.7022076582070118
forecast_5328,2025-08-11 00:00:00,93.13603649498909,23.202505481223497,4.0075641095590235
forecast_5329,2025-08-11 01:00:00,63.512802898775846,100.54408384749127,15.480476112975547
forecast_5330,2025-08-11 02:00:00,35.84665814445183,71.57652827454581,3.2380185007517692
forecast_5331,2025-08-11 03:00:00,166.82031440056554,129.85076714730917,40.07599400636213
forecast_5332,2025-08-11 04:00:00,77.9001674969464,79.64961642912697,1.010390483884531
forecast_5333,2025-08-11 05:00:00,68.89032239873926,90.76295490246149,13.689131889127275
forecast_5334,2025-08-11 06:00:00,72.83201839353,60.04633278507737,0.6740721351436105
forecast_5335,2025-08-11 07:00:00,128.75676079592614,19.456330870955163,0.0
forecast_5336,2025-08-11 08:00:00,150.42242081356366,51.40179430378512,2.774354092466216
forecast_5337,2025-08-11 09:00:00,3.3595944331752663,13.536038526571241,0.0
forecast_5338,2025-08-11 10:00:00,25.298562126941363,50.53409915552101,0.0
forecast_5339,2025-08-11 11:00:00,38.28147032995672,38.44221166417313,10.353035832786887
forecast_5340,2025-08-11 12:00:00,0.0,1.7886583853628646,3.5399249690034464
forecast_5341,2025-08-11 13:00:00,44.515181018348684,28.214026469631875,0.0
forecast_5342,2025-08-11 14:00:00,40.053600182748795,0.0,2.424416104112399
forecast_5343,2025-08-11 15:00:00,57.74044776990677,0.0,0.0
forecast_5344,2025-08-11 16:00:00,0.0,82.36854904555265,0.0
forecast_5345,2025-08-11 17:00:00,14.182279716574723,0.2075493271381766,6.434737933736582
forecast_5346,2025-08-11 18:00:00,47.90040066374439,29.473467940733222,24.909478929995
forecast_5347,2025-08-11 19:00:00,22.262325680671474,0.0,0.0
forecast_5348,2025-08-11 20:00:00,42.0635959623215,0.0,0.0
forecast_5349,2025-08-11 21:00:00,56.38751174083125,28.930741122392885,0.0
forecast_5350,2025-08-11 22:00:00,23.057442962342016,75.92556191172635,6.6524205221154595
forecast_5351,2025-08-11 23:00:00,62.588126692216456,48.78857122266942,13.149841280811767
forecast_5352,2025-08-12 00:00:00,12.850980201811359,45.99736997751663,0.0
forecast_5353,2025-08-12 01:00:00,459.04267545697655,416.39108297811185,129.9358963103577
forecast_5354,2025-08-12 02:00:00,1018.0465847063789,834.3384036664179,411.2352300774848
forecast_5355,2025-08-12 03:00:00,1866.8917958910624,1879.193613179611,912.3365706730135
forecast_5356,2025-08-12 04:00:00,1758.4569969570057,1986.207279297543,653.7773962742216
forecast_5357,2025-08-12 05:00:00,1528.141007978852,1380.1047668445672,391.94122279541995
forecast_5358,2025-08-12 06:00:00,598.5417739159675,776.4774626823673,260.25640381880993
forecast_5359,2025-08-12 07:00:00,475.2977062953481,346.4824235786686,22.902676560508915
forecast_5360,2025-08-12 08:00:00,516.4401445134027,493.96008616333853,63.861337402400856
forecast_5361,2025-08-12 09:00:00,109.57695562379526,181.86703157879717,14.026298422569242
forecast_5362,2025-08-12 10:00:00,22.166856025860657,111.57866306410394,11.613456264418076
forecast_5363,2025-08-12 11:00:00,33.88991558391961,50.166264145250885,46.178670589619344
forecast_5364,2025-08-12 12:00:00,12.414828366083992,23.266522491022386,17.058773929492286
forecast_5365,2025-08-12 13:00:00,0.0,96.05580063980673,50.04805820584712
forecast_5366,2025-08-12 14:00:00,12.74407625055968,134.40353118896667,164.99062428021145
forecast_5367,2025-08-12 15:00:00,70.65928881119049,52.795188806621994,94.68113019728881
forecast_5368,2025-08-12 16:00:00,24.3882603488399,204.11102877824118,71.35309665175582
forecast_5369,2025-08-12 17:00:00,170.57083629063337,251.08732885690452,140.22751779705624
forecast_5370,2025-08-12 18:00:00,323.3828668939801,302.0527207822147,279.81120292718657
forecast_5371,2025-08-12 19:00:00,247.2650170138469,691.2656387390514,212.30815221530003
forecast_5372,2025-08-12 20:00:00,384.02989454488204,353.0028620139509,202.5082654268578
forecast_5373,2025-08-12 21:00:00,452.555247706005,538.1788384631923,152.08141003594423
forecast_5374,2025-08-12 22:00:00,1026.8891981412087,1113.718111805749,451.32515881757814
forecast_5375,2025-08-12 23:00:00,1051.7603959762894,1241.7053426201858,418.9891628694368
forecast_5376,2025-08-13 00:00:00,1542.7577254364571,2015.6210086321255,495.2480617860192
forecast_5377,2025-08-13 01:00:00,1429.630708703302,1502.2427271632641,1532.4958497454372
forecast_5378,2025-08-13 02:00:00,1528.6281472005116,1291.6366222565005,1223.3597270470398
forecast_5379,2025-08-13 03:00:00,2252.1438376231113,1973.4371956646366,1527.764897322379
forecast_5380,2025-08-13 04:00:00,1736.2535074763825,1534.9714337099008,826.6288867587725
forecast_5381,2025-08-13 05:00:00,1239.8484603064978,1197.2484123620077,586.6442058035976
forecast_5382,2025-08-13 06:00:00,2811.220510156766,3232.9456806613452,1775.705601016748
forecast_5383,2025-08-13 07:00:00,3538.766858042367,4342.866470522911,2445.1366008728924
forecast_5384,2025-08-13 08:00:00,4820.851615746102,5325.094033350294,3725.450147524212
forecast_5385,2025-08-13 09:00:00,4518.075423244689,6022.381208586039,3762.176432054564
forecast_5386,2025-08-13 10:00:00,5999.436353247417,7695.442468901606,6090.280287460101
forecast_5387,2025-08-13 11:00:00,4860.4295254259605,6627.981179990515,3641.3894587172763
forecast_5388,2025-08-13 12:00:00,4333.041332857359,5922.466439579715,3842.721148912571
forecast_5389,2025-08-13 13:00:00,3589.96230396882,5341.0123925324115,3368.1287658349484
forecast_5390,2025-08-13 14:00:00,4409.933729484805,7153.055345230213,4919.378614638365
forecast_5391,2025-08-13 15:00:00,4624.149552251357,8097.352352044862,4483.03868033662
forecast_5392,2025-08-13 16:00:00,6379.4891609894,9065.956296621207,5552.9013698083645
forecast_5393,2025-08-13 17:00:00,6052.587941460231,8616.110251433363,5703.710395776764
forecast_5394,2025-08-13 18:00:00,6000.408238229714,8799.371177834537,6179.593937423202
forecast_5395,2025-08-13 19:00:00,7175.248158330394,12528.30792149024,9280.382177965772
forecast_5396,2025-08-13 20:00:00,10719.716867744943,14388.268385363026,13658.119622157606
forecast_5397,2025-08-13 21:00:00,14085.354746751214,17928.76548298106,17839.903184846342
forecast_5398,2025-08-13 22:00:00,15815.26605575205,18395.913963514762,19272.4000386694
forecast_5399,2025-08-13 23:00:00,15616.206666489708,18459.111058769315,19089.863191209126
forecast_5400,2025-08-14 00:00:00,15177.487657076912,18320.8922972615,18905.235774216453
forecast_5401,2025-08-14 01:00:00,15265.314043835193,18377.86968646916,19602.06680612537
forecast_5402,2025-08-14 02:00:00,15258.22129341895,18530.81229716232,19792.287218723624
forecast_5403,2025-08-14 03:00:00,14792.000225519863,18168.5018955274,19457.855279238185
forecast_5404,2025-08-14 04:00:00,14181.52601251229,17200.010245691243,16745.066729159862
forecast_5405,2025-08-14 05:00:00,11439.169942483191,14051.747787042592,13876.80426946311
forecast_5406,2025-08-14 06:00:00,11506.837460838808,14709.872328728727,14062.624032636084
forecast_5407,2025-08-14 07:00:00,11364.934796479036,15031.433671814784,13240.779948477075
forecast_5408,2025-08-14 08:00:00,11903.757344248841,15623.492330239884,15348.377877456109
forecast_5409,2025-08-14 09:00:00,12133.349961813508,15456.011366787507,14926.491385659383
forecast_5410,2025-08-14 10:00:00,11597.006280952288,15178.56363842244,14866.493741364666
forecast_5411,2025-08-14 11:00:00,10340.77737833172,12999.585190023672,11733.450703388227
forecast_5412,2025-08-14 12:00:00,9040.322401391706,11535.3307618507,9406.915977438752
forecast_5413,2025-08-14 13:00:00,7012.140432479567,8997.21480960352,6793.010677271252
forecast_5414,2025-08-14 14:00:00,8504.868268192737,11427.052408321546,9059.983569275188
forecast_5415,2025-08-14 15:00:00,7084.573409124037,10063.88314495136,8106.7236562815715
forecast_5416,2025-08-14 16:00:00,9403.474264189537,11696.683706876911,10545.850588384263
forecast_5417,2025-08-14 17:00:00,9743.825932320562,13046.015868942706,11335.226500090293
forecast_5418,2025-08-14 18:00:00,9364.725541957905,11736.084851819558,10741.17578223414
forecast_5419,2025-08-14 19:00:00,7873.402873140328,9782.228638103079,9140.25382259218
forecast_5420,2025-08-14 20:00:00,10246.33252126076,11193.327106492165,10322.49203130043
forecast_5421,2025-08-14 21:00:00,10745.79483022818,12316.377418115631,11217.2054169092
forecast_5422,2025-08-14 22:00:00,13522.857059008915,14177.461943533403,12618.082832565526
forecast_5423,2025-08-14 23:00:00,10337.421893190643,13016.995728005279,10637.254970362887
forecast_5424,2025-08-15 00:00:00,10463.541993636964,11780.247939838415,9424.526749629107
forecast_5425,2025-08-15 01:00:00,13015.723854219854,12659.643562956642,10575.878712645646
forecast_5426,2025-08-15 02:00:00,10191.600456580696,10771.561190545628,6485.567720324385
forecast_5427,2025-08-15 03:00:00,11136.897887817264,11140.038267401185,6597.432798267584
forecast_5428,2025-08-15 04:00:00,11293.355975763288,10961.414374300446,6778.608984636277
forecast_5429,2025-08-15 05:00:00,10041.432058795292,9813.188425801385,5740.82125062754
forecast_5430,2025-08-15 06:00:00,8573.879076838182,8245.368910312975,4408.451499655978
forecast_5431,2025-08-15 07:00:00,6029.776598410693,5324.204409150661,2702.907534745987
forecast_5432,2025-08-15 08:00:00,5085.9512291370065,4885.658395283802,2585.655825305012
forecast_5433,2025-08-15 09:00:00,1878.5626132284954,1746.9540519982856,1147.435652316116
forecast_5434,2025-08-15 10:00:00,391.6291219088131,396.65895772034986,177.60533548074145
forecast_5435,2025-08-15 11:00:00,119.03028743842,195.75432881291678,140.05198923093718
forecast_5436,2025-08-15 12:00:00,142.97645557358413,301.4494965658403,234.6755349207731
forecast_5437,2025-08-15 13:00:00,176.90521835280168,492.63237073833346,155.85496619366035
forecast_5438,2025-08-15 14:00:00,300.9729739458455,511.56273128302234,437.1177931330395
forecast_5439,2025-08-15 15:00:00,589.6235112883335,382.221173781342,374.4473931417881
forecast_5440,2025-08-15 16:00:00,457.43852028047104,399.24676090598876,209.44786725101216
forecast_5441,2025-08-15 17:00:00,403.6270980318591,374.9445537667883,279.19681251441386
forecast_5442,2025-08-15 18:00:00,313.65634646313663,328.19604563729223,305.20437545364007
forecast_5443,2025-08-15 19:00:00,574.4417757502733,575.6645817719628,73.79657240323122
forecast_5444,2025-08-15 20:00:00,2184.3083970904654,1382.2245558424975,639.2104173050558
forecast_5445,2025-08-15 21:00:00,3412.528899667187,4163.520859508894,2026.093720070289
forecast_5446,2025-08-15 22:00:00,4388.063726908111,3956.0740477672,2815.378181369335
forecast_5447,2025-08-15 23:00:00,4345.470056625537,5328.348963109468,3838.104611472523
forecast_5448,2025-08-16 00:00:00,6788.224149955894,6981.596038603435,5074.846531136842
forecast_5449,2025-08-16 01:00:00,8813.873407572406,8376.885741511644,5940.4404426193705
forecast_5450,2025-08-16 02:00:00,9146.86319611443,10679.982086600592,6823.512321823568
forecast_5451,2025-08-16 03:00:00,9068.81385435847,11256.464491994777,6564.492707033266
forecast_5452,2025-08-16 04:00:00,7897.16430354884,9765.523151446354,6156.596887423954
forecast_5453,2025-08-16 05:00:00,8137.0634988479005,8777.629721793766,5718.969677857136
forecast_5454,2025-08-16 06:00:00,8245.112962640025,9245.508410817936,6140.207747579022
forecast_5455,2025-08-16 07:00:00,8040.587071854239,8915.470938093591,5665.452991537396
forecast_5456,2025-08-16 08:00:00,6879.699335450228,6917.771104523552,4092.889116385365
forecast_5457,2025-08-16 09:00:00,6177.4965984958635,5393.270381440047,3619.067406301984
forecast_5458,2025-08-16 10:00:00,4945.29821740009,5285.900359705401,3566.4525677126553
forecast_5459,2025-08-16 11:00:00,4306.115122111874,4400.620224891128,3791.6300721024336
forecast_5460,2025-08-16 12:00:00,4162.6247246173725,3996.5979365876497,3760.211126361209
forecast_5461,2025-08-16 13:00:00,4632.229825494213,4984.108463188084,4924.185041452406
forecast_5462,2025-08-16 14:00:00,6455.220585754214,6696.389811750386,6245.147583831805
forecast_5463,2025-08-16 15:00:00,6165.876356239421,5666.776600920189,5798.6044379408295
forecast_5464,2025-08-16 16:00:00,5932.535368057849,6108.785263456447,6096.927921531341
forecast_5465,2025-08-16 17:00:00,6682.38205642317,7380.921772544177,7957.018057171689
forecast_5466,2025-08-16 18:00:00,9303.725305294156,9980.214238874667,9445.918246038655
forecast_5467,2025-08-16 19:00:00,9028.943330969412,9768.525223668177,9014.13328108905
forecast_5468,2025-08-16 20:00:00,9387.568790078012,9687.944090395185,9258.600377823861
forecast_5469,2025-08-16 21:00:00,11867.661421489462,12853.060483691817,11169.557947782958
forecast_5470,2025-08-16 22:00:00,13486.510956891614,14730.96358392653,14249.93677000292
forecast_5471,2025-08-16 23:00:00,14553.349148641366,14865.632427609227,14630.410200334132
forecast_5472,2025-08-17 00:00:00,14415.992121133237,16153.827659388147,15195.762212376725
forecast_5473,2025-08-17 01:00:00,16590.744063948536,17683.2868083122,17902.212484279764
forecast_5474,2025-08-17 02:00:00,16746.69411018045,18402.182310246182,17810.309307971518
forecast_5475,2025-08-17 03:00:00,14850.11224434428,17221.85295315633,16684.487019656535
forecast_5476,2025-08-17 04:00:00,17177.949563587907,18831.614682859323,17676.654733898773
forecast_5477,2025-08-17 05:00:00,17932.082939252894,19108.57331005682,16781.00324028454
forecast_5478,2025-08-17 06:00:00,18468.15243310866,18975.9236383177,15937.317600375653
forecast_5479,2025-08-17 07:00:00,14970.952427025031,17129.190174600335,12925.031972535264
forecast_5480,2025-08-17 08:00:00,13663.448286518033,16046.099533360773,11279.8353482299
forecast_5481,2025-08-17 09:00:00,8867.7691549242,12020.148506164698,8796.774798217682
forecast_5482,2025-08-17 10:00:00,5823.233909796832,7754.423737696777,5640.616676214203
forecast_5483,2025-08-17 11:00:00,4292.277134576645,4333.4978650831235,3417.1269162916196
forecast_5484,2025-08-17 12:00:00,3550.5895572274394,3349.0816749871196,2090.793099384166
forecast_5485,2025-08-17 13:00:00,3674.7720585464663,3553.759234288922,2627.0033124392776
forecast_5486,2025-08-17 14:00:00,4437.27150932877,4027.2885309577346,3724.4201501991697
forecast_5487,2025-08-17 15:00:00,4332.129838561977,4533.337241824533,3661.3245247159034
forecast_5488,2025-08-17 16:00:00,5020.834564617543,4807.035105744854,4097.333403965952
forecast_5489,2025-08-17 17:00:00,3794.721693688425,3049.3258912356964,2489.4530742619545
forecast_5490,2025-08-17 18:00:00,2858.6506909974023,2930.299653986919,1908.7194926215482
forecast_5491,2025-08-17 19:00:00,3914.6291419420727,4696.725787187454,3163.72309254075
forecast_5492,2025-08-17 20:00:00,3849.7458067199914,3941.1737372881357,2646.6165847568927
forecast_5493,2025-08-17 21:00:00,4781.188276666027,5906.643543859724,3398.050236859057
forecast_5494,2025-08-17 22:00:00,4890.111308757139,5620.980248585306,3988.6691258590645
forecast_5495,2025-08-17 23:00:00,4325.761888565244,4260.458324215534,2560.413032888181
forecast_5496,2025-08-18 00:00:00,4208.940309101116,4501.80065433003,2693.041371820538
forecast_5497,2025-08-18 01:00:00,7322.4096584525705,7002.526543166409,4715.57979948075
forecast_5498,2025-08-18 02:00:00,6228.3299038326,6648.001247243053,4301.423458465862
forecast_5499,2025-08-18 03:00:00,6399.165482445983,6792.405168611554,5082.243908598063
forecast_5500,2025-08-18 04:00:00,5541.5946067302375,5784.771242421636,3672.7872605742245
forecast_5501,2025-08-18 05:00:00,7094.709696164321,6776.163724219763,4174.60457986931
forecast_5502,2025-08-18 06:00:00,8644.633794842732,7659.114387148148,5428.030406919791
forecast_5503,2025-08-18 07:00:00,7526.726037734884,8089.835591535692,4869.049544889485
forecast_5504,2025-08-18 08:00:00,7860.761907046852,8136.911745757433,4616.924029007926
forecast_5505,2025-08-18 09:00:00,6645.327162272771,7029.694365583275,3146.8951693829363
forecast_5506,2025-08-18 10:00:00,6211.804450136404,5636.287940983242,3534.995997567588
forecast_5507,2025-08-18 11:00:00,6244.580876939323,5808.471631077528,4077.4931013739497
forecast_5508,2025-08-18 12:00:00,5726.35057661348,5424.166474208383,3740.997212909037
forecast_5509,2025-08-18 13:00:00,4141.589506684432,3321.6635156097,3105.641328903736
forecast_5510,2025-08-18 14:00:00,3339.2182737212174,2918.073916638832,2334.7455045325387
forecast_5511,2025-08-18 15:00:00,4123.4180981732825,3986.2996402313747,3499.128209473871
forecast_5512,2025-08-18 16:00:00,4654.53942310914,4494.563115750425,5183.719290213757
forecast_5513,2025-08-18 17:00:00,3765.9232289249594,3962.577095970419,3574.368853814041
forecast_5514,2025-08-18 18:00:00,4496.569004582763,4906.821859148363,3949.2614034248227
forecast_5515,2025-08-18 19:00:00,8254.309991744092,7003.609297802158,8173.307613156121
forecast_5516,2025-08-18 20:00:00,9847.447170769723,9952.593479824933,9364.79051306985
forecast_5517,2025-08-18 21:00:00,9785.534669669069,10796.812263968923,7957.800274983175
forecast_5518,2025-08-18 22:00:00,11513.612262268865,12706.17722762912,11968.171719908596
forecast_5519,2025-08-18 23:00:00,11975.439283647645,12181.092411733425,12001.456642702411
forecast_5520,2025-08-19 00:00:00,13557.352953933607,14819.023699792844,13758.950449367803
forecast_5521,2025-08-19 01:00:00,13782.840914286555,14463.231084216966,14021.3745241961
forecast_5522,2025-08-19 02:00:00,12859.85568619285,15864.754346015456,14357.69367094411
forecast_5523,2025-08-19 03:00:00,13152.774441971069,16002.467532106262,14920.003909762998
forecast_5524,2025-08-19 04:00:00,13341.645938421016,15750.071211228942,15389.424622448732
forecast_5525,2025-08-19 05:00:00,14140.67324321053,17019.30118755678,16383.876901732545
forecast_5526,2025-08-19 06:00:00,13662.82155130359,16102.065343010325,15674.985788903092
forecast_5527,2025-08-19 07:00:00,14634.712897370136,16441.389525099366,14957.372714930312
forecast_5528,2025-08-19 08:00:00,14455.446764239494,17055.885807575174,15457.242228816227
forecast_5529,2025-08-19 09:00:00,14015.602459578942,16878.255219312097,15295.972873738334
forecast_5530,2025-08-19 10:00:00,11339.327408787382,13522.877445697188,11926.723096049629
forecast_5531,2025-08-19 11:00:00,10459.324559180868,12149.544721362035,9838.279233176601
forecast_5532,2025-08-19 12:00:00,10736.22922398417,11764.171866669383,8895.02474979202
forecast_5533,2025-08-19 13:00:00,8551.63224486218,10057.95656950668,7515.816548651784
forecast_5534,2025-08-19 14:00:00,7130.4674922644535,8699.45668888149,6381.181168949634
forecast_5535,2025-08-19 15:00:00,8326.376280377839,8472.06461053444,7590.561322613321
forecast_5536,2025-08-19 16:00:00,9058.039702680455,9380.061219839747,9076.067646230238
forecast_5537,2025-08-19 17:00:00,9659.27655736444,9847.691079314514,8589.31870722607
forecast_5538,2025-08-19 18:00:00,8915.96833758353,9734.772215286264,7846.674776266712
forecast_5539,2025-08-19 19:00:00,9699.470333044994,10213.326417233144,8461.492103672259
forecast_5540,2025-08-19 20:00:00,10899.910627519675,11802.954570089252,9849.769286217594
forecast_5541,2025-08-19 21:00:00,10694.305127826665,13519.284864685349,12265.231807989792
forecast_5542,2025-08-19 22:00:00,11885.816234365255,14926.437136542807,13761.407323354018
forecast_5543,2025-08-19 23:00:00,13504.035890105393,16274.083050272982,13444.51705690367
forecast_5544,2025-08-20 00:00:00,14908.975138494285,16149.336874612072,15484.571072849196
forecast_5545,2025-08-20 01:00:00,14975.0460932653,16449.65259464705,16999.332224273057
forecast_5546,2025-08-20 02:00:00,14591.548081424944,17491.542985032374,17408.893064192955
forecast_5547,2025-08-20 03:00:00,14659.152625604545,17128.836852364766,16655.452184049944
forecast_5548,2025-08-20 04:00:00,15531.588362408458,17691.10538236036,16245.966484407281
forecast_5549,2025-08-20 05:00:00,14829.1203555032,17068.117024013838,16654.12867206898
forecast_5550,2025-08-20 06:00:00,13962.17382803111,16132.809484958334,16347.921678750645
forecast_5551,2025-08-20 07:00:00,13278.55057665911,14371.582412624282,14751.539721686218
forecast_5552,2025-08-20 08:00:00,11916.354689881267,14417.957779536939,13683.959422658632
forecast_5553,2025-08-20 09:00:00,9419.639004523273,10966.168634147009,9224.92518465816
forecast_5554,2025-08-20 10:00:00,8548.258889523362,8420.790913274359,7139.596866427702
forecast_5555,2025-08-20 11:00:00,6491.346896843081,6831.119355674859,5059.017275220942
forecast_5556,2025-08-20 12:00:00,4583.317400353677,4472.199692877352,4166.67852024147
forecast_5557,2025-08-20 13:00:00,2828.7500635918077,2616.8593171511943,2543.084899307507
forecast_5558,2025-08-20 14:00:00,2548.007080483956,2492.9258014605084,2755.0074458800655
forecast_5559,2025-08-20 15:00:00,3069.0644461030306,2802.070281791469,3108.8686803092132
forecast_5560,2025-08-20 16:00:00,2778.0097485812234,2886.133175805837,2777.5963699769086
forecast_5561,2025-08-20 17:00:00,3399.4289415233616,3621.001741045659,2944.8788943190907
forecast_5562,2025-08-20 18:00:00,3889.3790967336863,3844.758115316365,3294.1100175917168
forecast_5563,2025-08-20 19:00:00,3829.2478023732297,3721.3162698614274,3442.280133906296
forecast_5564,2025-08-20 20:00:00,4404.2336786486585,4974.968244418523,2979.2602073517933
forecast_5565,2025-08-20 21:00:00,4401.889373195724,4938.047483475337,3070.8099423190197
forecast_5566,2025-08-20 22:00:00,5020.869940125548,6564.966103480066,4187.340348882444
forecast_5567,2025-08-20 23:00:00,7568.910524101172,8653.536820046276,7057.336710370546
forecast_5568,2025-08-21 00:00:00,9981.210743599835,11956.409042417605,8996.905625675307
forecast_5569,2025-08-21 01:00:00,6878.551115070268,8542.47035051427,6616.150969288629
forecast_5570,2025-08-21 02:00:00,9962.438180343697,12785.233688403381,7690.788833791764
forecast_5571,2025-08-21 03:00:00,11983.672471974247,13794.349247792841,9566.45486634815
forecast_5572,2025-08-21 04:00:00,14532.108505737217,14283.676180974888,11094.375399004632
forecast_5573,2025-08-21 05:00:00,12624.797389200121,12117.362106020058,9438.574506408091
forecast_5574,2025-08-21 06:00:00,9621.076776466136,9989.7452889571,7086.893308323354
forecast_5575,2025-08-21 07:00:00,5996.826940012664,5857.858680074727,3253.7326586727754
forecast_5576,2025-08-21 08:00:00,5254.817783488172,5231.806914029464,2877.5998489136496
forecast_5577,2025-08-21 09:00:00,2678.4578488345223,2846.0667176152433,1498.8943671512513
forecast_5578,2025-08-21 10:00:00,1027.030225367375,787.2330020594079,954.4672559276642
forecast_5579,2025-08-21 11:00:00,465.19706692335706,513.4620277531924,413.0497184058327
forecast_5580,2025-08-21 12:00:00,151.29157456031427,229.24584017141746,289.8775497915949
forecast_5581,2025-08-21 13:00:00,12.616725438250699,0.0,33.07735538777799
forecast_5582,2025-08-21 14:00:00,8.929821424810683,0.0,40.999164431681365
forecast_5583,2025-08-21 15:00:00,0.0,0.0,0.0
forecast_5584,2025-08-21 16:00:00,123.19409915763687,149.11866592109624,0.0
forecast_5585,2025-08-21 17:00:00,132.73947769595216,71.4329623525583,0.0
forecast_5586,2025-08-21 18:00:00,247.07259771466383,72.41423603882592,34.67822031562135
forecast_5587,2025-08-21 19:00:00,155.1316989141758,72.50670240240014,0.0
forecast_5588,2025-08-21 20:00:00,174.28948333688948,120.13670451793668,16.360401017720612
forecast_5589,2025-08-21 21:00:00,301.2836222159488,526.7079106581178,97.9189225448819
forecast_5590,2025-08-21 22:00:00,939.7557451189061,1287.147817129483,488.1684861143604
forecast_5591,2025-08-21 23:00:00,1250.4143788811461,1226.9357781143665,693.4107146297029
forecast_5592,2025-08-22 00:00:00,1976.48082674627,1904.8060372303376,847.4815148313614
forecast_5593,2025-08-22 01:00:00,1401.1878611603997,1248.9141692440023,1246.602618101043
forecast_5594,2025-08-22 02:00:00,2264.065889481994,1731.4735696681287,1573.3794634017481
forecast_5595,2025-08-22 03:00:00,2560.2629007755695,2410.65930500089,2352.1261663649198
forecast_5596,2025-08-22 04:00:00,4030.9871581682605,4876.693963135532,3338.1125667213196
forecast_5597,2025-08-22 05:00:00,5105.319054395783,5907.86803206105,4681.909873003123
forecast_5598,2025-08-22 06:00:00,7496.3839342254705,8010.159364707599,6448.303711560739
forecast_5599,2025-08-22 07:00:00,7642.922380640733,7690.387211795707,6041.408400755162
forecast_5600,2025-08-22 08:00:00,6207.805286703302,6665.469315650902,4305.739532747246
forecast_5601,2025-08-22 09:00:00,5095.61651759316,5451.40063064209,3387.7367954425195
forecast_5602,2025-08-22 10:00:00,3070.280841149144,2947.9333481910517,1694.9577680441373
forecast_5603,2025-08-22 11:00:00,1722.7799340418148,1488.5839784201999,1199.5248452476346
forecast_5604,2025-08-22 12:00:00,1091.1997045487997,1038.9119551892527,1161.657641202305
forecast_5605,2025-08-22 13:00:00,1099.197013110897,1143.72267313186,1288.0254798516619
forecast_5606,2025-08-22 14:00:00,1578.39323360056,1262.8304948253156,1845.466642831376
forecast_5607,2025-08-22 15:00:00,2223.1541779124273,1569.8141220291411,2079.162847593879
forecast_5608,2025-08-22 16:00:00,2834.166318685991,2565.5576067511133,3182.6509798083457
forecast_5609,2025-08-22 17:00:00,4149.990248135017,4096.007915980853,3830.3681376709305
forecast_5610,2025-08-22 18:00:00,3486.184050455062,4022.069387975677,2773.0095746710017
forecast_5611,2025-08-22 19:00:00,4833.9308647878925,5536.094450694406,3931.9714639067715
forecast_5612,2025-08-22 20:00:00,7220.20040412987,6353.947864491822,6774.474043443766
forecast_5613,2025-08-22 21:00:00,10203.643177203558,11332.46341397163,8195.24675363764
forecast_5614,2025-08-22 22:00:00,12650.634132195948,13294.494165405293,9836.302270868664
forecast_5615,2025-08-22 23:00:00,13364.292666749865,14436.640886204375,10395.337620442431
forecast_5616,2025-08-23 00:00:00,14817.842359948481,15165.532166350742,11343.566899127985
forecast_5617,2025-08-23 01:00:00,12542.536418875048,13217.06735009569,10960.035152996077
forecast_5618,2025-08-23 02:00:00,12262.030595983959,13276.32745946631,10529.685433462308
forecast_5619,2025-08-23 03:00:00,13084.291943965769,13029.104217905824,10130.80276099105
forecast_5620,2025-08-23 04:00:00,13182.429524618392,12649.518512376575,9117.047098961157
forecast_5621,2025-08-23 05:00:00,12362.184644614983,11685.57878447746,8076.703872337696
forecast_5622,2025-08-23 06:00:00,10452.695303729848,10825.114532450218,6764.918049110746
forecast_5623,2025-08-23 07:00:00,6207.3437520993475,6197.148690033446,4136.387940856086
forecast_5624,2025-08-23 08:00:00,3753.4763094035325,2555.482938619028,2170.786880086262
forecast_5625,2025-08-23 09:00:00,2792.2619983776362,1448.3202935419529,1360.9176898299943
forecast_5626,2025-08-23 10:00:00,402.9247258676433,244.86863536896084,291.0281155816735
forecast_5627,2025-08-23 11:00:00,73.99196125577922,71.61411273352303,34.21760200356314
forecast_5628,2025-08-23 12:00:00,42.33140122302732,0.0,8.691356881948233
forecast_5629,2025-08-23 13:00:00,13.83957672555164,30.65490053321358,11.495166056459745
forecast_5630,2025-08-23 14:00:00,85.88697582350504,10.360849617355932,86.64947952575223
forecast_5631,2025-08-23 15:00:00,62.59652287289239,62.44828559394386,74.90183985668631
forecast_5632,2025-08-23 16:00:00,82.15920266453907,6.376270411888709,4.8228685021958615
forecast_5633,2025-08-23 17:00:00,140.1164164802534,136.21066438434775,163.95464751683016
forecast_5634,2025-08-23 18:00:00,231.80405840984898,275.71239588015516,190.57626105326548
forecast_5635,2025-08-23 19:00:00,373.4700456385243,341.09287411395985,84.03819325963266
forecast_5636,2025-08-23 20:00:00,331.54068973633656,470.9666865090654,162.2437766834136
forecast_5637,2025-08-23 21:00:00,1685.8488094148263,1490.8304578154236,868.8535698978425
forecast_5638,2025-08-23 22:00:00,2166.648392668313,1947.1323464870463,1483.4161435388517
forecast_5639,2025-08-23 23:00:00,2635.46126259067,2441.6492642780063,2300.7963888397157
forecast_5640,2025-08-24 00:00:00,3126.165462318814,2429.9678502437655,2314.021184447937
forecast_5641,2025-08-24 01:00:00,1667.702451379247,1290.6040191786917,612.3688550545278
forecast_5642,2025-08-24 02:00:00,1106.6663381759188,708.6557619733404,713.3361871995394
forecast_5643,2025-08-24 03:00:00,982.9712341319592,449.2069876792574,552.4952926300649
forecast_5644,2025-08-24 04:00:00,727.1194073865178,327.459939388015,305.21457332097066
forecast_5645,2025-08-24 05:00:00,418.63722242845716,135.0829521847251,163.55941726632457
forecast_5646,2025-08-24 06:00:00,260.74949101970105,134.89775008398357,85.90253338389803
forecast_5647,2025-08-24 07:00:00,109.21524472742743,145.41971120260442,8.939867317341445
forecast_5648,2025-08-24 08:00:00,142.54587023415908,42.271150682991426,0.0
forecast_5649,2025-08-24 09:00:00,185.62954896888914,56.65786250448278,15.591405633195041
forecast_5650,2025-08-24 10:00:00,50.5454236947415,0.0,41.859374721035664
forecast_5651,2025-08-24 11:00:00,164.9254098504284,122.53525304692258,88.27405991318287
forecast_5652,2025-08-24 12:00:00,227.898245153654,113.081599745603,62.140138731047934
forecast_5653,2025-08-24 13:00:00,110.61758916178084,293.8409357640964,36.614836621081814
forecast_5654,2025-08-24 14:00:00,450.59119004227557,566.6843111992594,530.9527131264863
forecast_5655,2025-08-24 15:00:00,375.4425397431329,358.1289116895507,343.7434169249479
forecast_5656,2025-08-24 16:00:00,479.2684306502205,266.80743875498484,551.5745021891319
forecast_5657,2025-08-24 17:00:00,757.7636207857732,983.7957039996257,1003.7910882443858
forecast_5658,2025-08-24 18:00:00,1129.2308908891177,1005.5995023992132,532.456111133542
forecast_5659,2025-08-24 19:00:00,2113.154324171431,1422.0803406265434,915.9538246168595
forecast_5660,2025-08-24 20:00:00,1695.961089026785,1153.213860206647,652.7867702863617
forecast_5661,2025-08-24 21:00:00,1591.8595269836567,1284.9947563643207,630.8043234385417
forecast_5662,2025-08-24 22:00:00,1477.3905210572786,1082.2612540969703,708.4260945810156
forecast_5663,2025-08-24 23:00:00,1745.142604105346,1044.006679844445,1235.8923547116826
forecast_5664,2025-08-25 00:00:00,1154.2969228444053,755.1866144599137,724.2046283014342
forecast_5665,2025-08-25 01:00:00,1913.4492627049729,1427.4133344537763,1040.3108398811355
forecast_5666,2025-08-25 02:00:00,1849.3868290237742,1466.446417489411,1350.8001629043058
forecast_5667,2025-08-25 03:00:00,2559.430779513054,2351.9501250956564,2183.107707015418
forecast_5668,2025-08-25 04:00:00,2340.8920110032805,1768.3670595434728,1892.5838251033877
forecast_5669,2025-08-25 05:00:00,1849.8652806123348,1465.1996104851648,1487.7647241022394
forecast_5670,2025-08-25 06:00:00,2534.542609495599,1570.8652402868192,2176.90233675095
forecast_5671,2025-08-25 07:00:00,2879.04199340247,2108.674530178197,2043.2408745835344
forecast_5672,2025-08-25 08:00:00,2158.4986543859245,1685.4667566655078,1416.6535208697126
forecast_5673,2025-08-25 09:00:00,796.9741632750638,812.4111152268489,656.356458867112
forecast_5674,2025-08-25 10:00:00,389.71313744482154,394.55951927943187,353.9595990985009
forecast_5675,2025-08-25 11:00:00,587.3367851007306,758.6468274689262,452.58510895666916
forecast_5676,2025-08-25 12:00:00,1409.249935587135,1399.8041826392573,1542.998103365998
forecast_5677,2025-08-25 13:00:00,647.679891869866,640.7717386639185,326.6218814518173
forecast_5678,2025-08-25 14:00:00,700.5500698811679,1049.3177734329531,679.237857281085
forecast_5679,2025-08-25 15:00:00,1364.2082094129046,1246.651984435672,925.82248839646
forecast_5680,2025-08-25 16:00:00,1651.4076912000332,1842.9701308157019,1241.8551178071987
forecast_5681,2025-08-25 17:00:00,2152.7298659001717,1886.6767796837614,879.9626800193399
forecast_5682,2025-08-25 18:00:00,3113.757480630691,3745.288986614868,2243.0460243988337
forecast_5683,2025-08-25 19:00:00,4827.391099889594,4763.211598227344,3517.071675205217
forecast_5684,2025-08-25 20:00:00,7169.194266773756,8113.246155134034,6224.638815345372
forecast_5685,2025-08-25 21:00:00,9171.37846243683,10125.181413003473,7932.44293284665
forecast_5686,2025-08-25 22:00:00,10510.366434520849,11868.296832595252,8898.26456885284
forecast_5687,2025-08-25 23:00:00,12159.692383974487,14081.927886564596,11865.24789878621
forecast_5688,2025-08-26 00:00:00,12741.515951970065,15119.568370133724,13120.645618710423
forecast_5689,2025-08-26 01:00:00,11356.645373995283,14699.319604472965,11083.254128789085
forecast_5690,2025-08-26 02:00:00,11436.803814372322,15049.01239122384,12406.496732524205
forecast_5691,2025-08-26 03:00:00,12324.999306013768,16384.000939161968,14069.483041730353
forecast_5692,2025-08-26 04:00:00,11624.649653940121,15934.5438417605,13685.451208491007
forecast_5693,2025-08-26 05:00:00,11335.194669304581,16195.948047795471,13696.588469168084
forecast_5694,2025-08-26 06:00:00,11555.382421388134,15939.836501979227,13948.954763494816
forecast_5695,2025-08-26 07:00:00,10306.395189540443,14965.163002132442,13249.908417673243
forecast_5696,2025-08-26 08:00:00,10523.850037598975,14501.320838810416,11469.462880298415
forecast_5697,2025-08-26 09:00:00,10204.229069326184,14907.761751847678,13454.043375051018
forecast_5698,2025-08-26 10:00:00,9528.889714036819,13233.446740455445,11729.002400368134
forecast_5699,2025-08-26 11:00:00,9022.264465640477,12735.842766385886,11363.42994469179
forecast_5700,2025-08-26 12:00:00,8461.361550681138,12399.923918407887,9507.303490273667
forecast_5701,2025-08-26 13:00:00,10003.587582153017,13666.570482939327,12724.542641943795
forecast_5702,2025-08-26 14:00:00,11828.122960607903,15517.665837541066,15169.783012531614
forecast_5703,2025-08-26 15:00:00,11666.586068088804,14793.707242681947,14552.711758522779
forecast_5704,2025-08-26 16:00:00,10505.511951592722,13755.875514201936,12835.544823510681
forecast_5705,2025-08-26 17:00:00,10031.131242993699,11825.682633077158,10359.309395255128
forecast_5706,2025-08-26 18:00:00,7728.868749391365,9262.94089489449,8465.821968922695
forecast_5707,2025-08-26 19:00:00,8776.204892456495,9434.373282574434,7980.604428926855
forecast_5708,2025-08-26 20:00:00,7777.567474541674,8680.842774965227,7194.919536043447
forecast_5709,2025-08-26 21:00:00,7856.822573890777,8925.550940552303,7358.012254832588
forecast_5710,2025-08-26 22:00:00,8863.444455544482,10651.773657166268,7312.210847853504
forecast_5711,2025-08-26 23:00:00,8223.631630896443,9245.875722707462,7197.602464693611
forecast_5712,2025-08-27 00:00:00,7925.066802869247,7957.503746585362,6310.080827886971
forecast_5713,2025-08-27 01:00:00,6876.346611317185,7313.003384682609,5738.3638059828045
forecast_5714,2025-08-27 02:00:00,6433.135040824697,6558.936994155069,4337.45234607074
forecast_5715,2025-08-27 03:00:00,4621.457317465898,4029.724390523164,2968.985753525015
forecast_5716,2025-08-27 04:00:00,2733.310974745425,2510.7948720723343,2061.453737997892
forecast_5717,2025-08-27 05:00:00,1753.988339956693,1025.2111130696999,749.1311815232611
forecast_5718,2025-08-27 06:00:00,510.45024478609184,482.08440760512156,383.91487306146996
forecast_5719,2025-08-27 07:00:00,51.29867256393504,45.60929398430282,74.73540802318823
forecast_5720,2025-08-27 08:00:00,101.71806173429646,109.90957285465964,29.702289881251573
forecast_5721,2025-08-27 09:00:00,57.05733191557512,46.023463613118835,6.612900447430323
forecast_5722,2025-08-27 10:00:00,35.923415845442335,8.849505019101993,0.0
forecast_5723,2025-08-27 11:00:00,0.0,13.515873595875611,0.9179861940552174
forecast_5724,2025-08-27 12:00:00,33.49170768483271,186.6998293611664,13.976942825205644
forecast_5725,2025-08-27 13:00:00,334.2135468392343,584.7051269714151,118.29442784444427
forecast_5726,2025-08-27 14:00:00,443.77552531634757,532.3851000787017,259.54061273968796
forecast_5727,2025-08-27 15:00:00,445.71108819691113,400.46299358656125,281.3647913988233
forecast_5728,2025-08-27 16:00:00,543.6178246287615,637.1959780317509,366.42726815277655
forecast_5729,2025-08-27 17:00:00,564.5396395003652,774.54711623018,347.3093254578912
forecast_5730,2025-08-27 18:00:00,567.066397956349,370.44124679145847,239.1553842207969
forecast_5731,2025-08-27 19:00:00,665.2161346257434,802.5277209481123,211.18246434379978
forecast_5732,2025-08-27 20:00:00,1003.3368427426072,731.4129328085448,227.59652681827538
forecast_5733,2025-08-27 21:00:00,1026.9019257931634,930.2620552271934,249.22281329003985
forecast_5734,2025-08-27 22:00:00,1180.8722492924599,736.1607688459522,40.219842364772965
forecast_5735,2025-08-27 23:00:00,1027.58630154491,561.7384245743053,144.246164133268
forecast_5736,2025-08-28 00:00:00,687.0542357499188,490.2134594776683,81.8225958779899
forecast_5737,2025-08-28 01:00:00,1187.6975808002032,932.6081831560103,225.93102586136672
forecast_5738,2025-08-28 02:00:00,1547.8096537898716,1211.6703481830991,610.6586169553942
forecast_5739,2025-08-28 03:00:00,1293.9928901397002,1260.0643542711296,581.1766137057635
forecast_5740,2025-08-28 04:00:00,1738.097306547343,1890.0039016919275,1148.1057902764937
forecast_5741,2025-08-28 05:00:00,1875.8514657175565,1836.3946925275795,1524.450577835834
forecast_5742,2025-08-28 06:00:00,1854.6621105926192,1488.4800065659222,856.6960747891111
forecast_5743,2025-08-28 07:00:00,1865.4812669075804,1685.6864021494002,811.3130650411435
forecast_5744,2025-08-28 08:00:00,1062.4802636438503,1243.1925724773444,368.19299812690855
forecast_5745,2025-08-28 09:00:00,924.6479117471841,1433.6651573486336,566.7756469959668
forecast_5746,2025-08-28 10:00:00,574.3702009181036,1109.5381798706362,725.6966973762671
forecast_5747,2025-08-28 11:00:00,577.6986788052254,829.4128732011001,751.5195045554428
forecast_5748,2025-08-28 12:00:00,781.9221097563233,1256.9647764866718,656.9956373953651
forecast_5749,2025-08-28 13:00:00,1218.6124671527105,1301.8887927574021,1157.1734859165292
forecast_5750,2025-08-28 14:00:00,1947.2823265589861,2217.8604059275353,1673.9712692342312
forecast_5751,2025-08-28 15:00:00,2143.2807901331707,2471.6388478545787,1866.12676666319
forecast_5752,2025-08-28 16:00:00,2701.6865788858554,2921.5080969940996,1768.7181029640228
forecast_5753,2025-08-28 17:00:00,2906.267567060921,2794.4897600721906,1445.8798887398714
forecast_5754,2025-08-28 18:00:00,2380.9440205039805,2792.358484182984,1338.4154643009704
forecast_5755,2025-08-28 19:00:00,3150.8433953805516,4353.764344258775,2293.9263377702364
forecast_5756,2025-08-28 20:00:00,5767.097146994598,7025.4078361453785,4048.8037255180725
forecast_5757,2025-08-28 21:00:00,6568.528094316037,8238.459112418239,5274.5051924942045
forecast_5758,2025-08-28 22:00:00,10250.548477183456,11698.03551621006,8459.416862451453
forecast_5759,2025-08-28 23:00:00,11203.706072196226,12581.944562645907,10214.415981678585
forecast_5760,2025-08-29 00:00:00,11572.715447765531,15050.87117364123,13748.407682818033
forecast_5761,2025-08-29 01:00:00,15001.548495316221,16743.54808354888,16057.142699145019
forecast_5762,2025-08-29 02:00:00,15347.855517204074,17453.21018902594,16823.3067823785
forecast_5763,2025-08-29 03:00:00,15253.720474195137,17185.648285168143,15948.62001592713
forecast_5764,2025-08-29 04:00:00,15445.62020757561,17645.978856312377,16449.148571908434
forecast_5765,2025-08-29 05:00:00,15311.069302891237,17781.176809579247,16076.730656935322
forecast_5766,2025-08-29 06:00:00,15934.703067340304,18227.031771614144,16322.393099241986
forecast_5767,2025-08-29 07:00:00,15508.217856328585,18027.976041963768,15572.183277713155
forecast_5768,2025-08-29 08:00:00,14657.89982252879,17082.94378025639,15878.662470023037
forecast_5769,2025-08-29 09:00:00,13871.006290302807,16700.38199717877,15262.0947564963
forecast_5770,2025-08-29 10:00:00,13044.153439924336,15589.40083122867,12527.177431231079
forecast_5771,2025-08-29 11:00:00,12657.131963583508,14182.312171833588,11390.9844342905
forecast_5772,2025-08-29 12:00:00,11266.503313996422,12700.776841814977,10058.50018179067
forecast_5773,2025-08-29 13:00:00,11625.472349915424,11994.639624704407,10066.631785348822
forecast_5774,2025-08-29 14:00:00,11343.325513515832,11709.439557440879,9128.350875194716
forecast_5775,2025-08-29 15:00:00,10901.187055599657,10975.914259618628,9187.589993857175
forecast_5776,2025-08-29 16:00:00,9264.750158153212,9750.386771127829,7903.688975903738
forecast_5777,2025-08-29 17:00:00,9182.115143455185,10048.301786635458,8397.02517775161
forecast_5778,2025-08-29 18:00:00,8149.9000671829335,8842.421821618653,6664.143144314939
forecast_5779,2025-08-29 19:00:00,9750.100239250563,9701.298140313022,8155.939067430652
forecast_5780,2025-08-29 20:00:00,10910.576871322242,10788.510470734602,9224.646282843822
forecast_5781,2025-08-29 21:00:00,11881.382746117257,12412.411853131374,9922.384434441574
forecast_5782,2025-08-29 22:00:00,13833.819865704303,13678.961373594235,10088.030203898003
forecast_5783,2025-08-29 23:00:00,13065.613481127179,14155.71795269877,9814.280254905232
forecast_5784,2025-08-30 00:00:00,12059.279015358496,13556.963708128938,8695.635393864035
forecast_5785,2025-08-30 01:00:00,14472.916687364916,15260.978397603554,10995.753692084547
forecast_5786,2025-08-30 02:00:00,13676.246136585596,13487.83774884958,9689.581809376901
forecast_5787,2025-08-30 03:00:00,9854.879325066511,11664.488106513902,7039.713309577115
forecast_5788,2025-08-30 04:00:00,8652.129837079981,10571.439092326817,6311.028175118376
forecast_5789,2025-08-30 05:00:00,8207.482493410747,8861.334261328348,5481.03553856753
forecast_5790,2025-08-30 06:00:00,7248.473229350035,7459.2447036401145,4720.80887981586
forecast_5791,2025-08-30 07:00:00,7288.054193152352,7233.048694272184,4071.043342373461
forecast_5792,2025-08-30 08:00:00,6953.625514026479,6444.524380141094,3777.5842365586286
forecast_5793,2025-08-30 09:00:00,4490.828333986753,3972.4876563107537,3105.5902915888223
forecast_5794,2025-08-30 10:00:00,1949.745957690752,1639.148643815695,1921.9027349663745
forecast_5795,2025-08-30 11:00:00,1163.0481636980826,821.2538032111855,1034.4403583068272
forecast_5796,2025-08-30 12:00:00,694.3543353698091,814.0582535180845,864.5047596354552
forecast_5797,2025-08-30 13:00:00,1016.2320310690264,940.9102883289452,899.9540490284721
forecast_5798,2025-08-30 14:00:00,1099.0903328175882,1090.702096482629,1018.4803714247244
forecast_5799,2025-08-30 15:00:00,1528.218133930429,1248.8769690537335,1685.1191207715049
forecast_5800,2025-08-30 16:00:00,1217.7098042427874,986.6154245638617,1579.548876789549
forecast_5801,2025-08-30 17:00:00,1666.6920239429705,1640.0100749680375,1110.9749712395517
forecast_5802,2025-08-30 18:00:00,1423.651058516777,1536.5523201205187,1104.405804218164
forecast_5803,2025-08-30 19:00:00,2212.916083585579,2267.342892652501,1485.635870871062
forecast_5804,2025-08-30 20:00:00,2998.2531434475063,2768.7961762372615,1750.9124304034076
forecast_5805,2025-08-30 21:00:00,4317.429568185868,4103.003003182266,2032.8566267960414
forecast_5806,2025-08-30 22:00:00,4453.06600054586,5228.378245001483,2817.116783663954
forecast_5807,2025-08-30 23:00:00,4694.952733629773,4398.011418081742,2663.5478024368704
forecast_5808,2025-08-31 00:00:00,4553.31041958976,3819.321708276252,2735.7683810975877
forecast_5809,2025-08-31 01:00:00,5797.9912825013525,6412.402763413135,2983.002892663599
forecast_5810,2025-08-31 02:00:00,6200.836260501768,6740.964498464708,3269.4356470949247
forecast_5811,2025-08-31 03:00:00,5978.217535637868,6443.353506176282,3187.4268763216664
forecast_5812,2025-08-31 04:00:00,4860.4991261304285,5168.39109139304,2227.2107742745884
forecast_5813,2025-08-31 05:00:00,3515.4527529032785,3577.079848314098,1783.5651217103348
forecast_5814,2025-08-31 06:00:00,2565.930203258922,2613.73135010644,776.6892441515062
forecast_5815,2025-08-31 07:00:00,1832.925917142175,1934.32120310213,160.57923407579767
forecast_5816,2025-08-31 08:00:00,1220.5217922383006,1101.9594408241344,149.632306431079
forecast_5817,2025-08-31 09:00:00,452.6105318676502,677.0631525522498,84.32548451626695
forecast_5818,2025-08-31 10:00:00,422.61380431005466,457.9679687639553,146.89130967904208
forecast_5819,2025-08-31 11:00:00,446.5731411367699,830.0712321911914,270.1723612851445
forecast_5820,2025-08-31 12:00:00,773.311193294512,1198.3111630392457,851.9542649764738
forecast_5821,2025-08-31 13:00:00,958.9602892677075,1514.1795293963696,917.8707806709202
forecast_5822,2025-08-31 14:00:00,1148.1872686020272,2190.0812873771183,1290.6775848781476
forecast_5823,2025-08-31 15:00:00,2154.0343787682996,2751.3102424316935,1323.6074054267076
forecast_5824,2025-08-31 16:00:00,2420.813070898986,3293.993815531696,1724.6396642126936
forecast_5825,2025-08-31 17:00:00,2659.412259274307,5053.652840321676,2519.6012483043014
forecast_5826,2025-08-31 18:00:00,4192.569018203053,5384.155228709919,4587.349725627678
forecast_5827,2025-08-31 19:00:00,6701.260604082383,8888.03443440236,5689.651980626806
forecast_5828,2025-08-31 20:00:00,7534.4920861206765,9300.518191023284,5549.518250150857
forecast_5829,2025-08-31 21:00:00,7362.583446970376,10060.460969622045,6716.221031826467
forecast_5830,2025-08-31 22:00:00,8664.443195708918,10234.835294090184,7041.982259482661
forecast_5831,2025-08-31 23:00:00,8722.123575487138,11365.446947017055,7316.048248135847
forecast_5832,2025-09-01 00:00:00,8618.085572077274,12590.050983174293,7680.441597656738
forecast_5833,2025-09-01 01:00:00,9498.69939903468,13557.240920138094,7972.499936694477
forecast_5834,2025-09-01 02:00:00,8411.376072854648,12009.323218244206,7855.567497066638
forecast_5835,2025-09-01 03:00:00,8901.137434337188,12525.012862420279,8534.02316714542
forecast_5836,2025-09-01 04:00:00,10623.16460324931,14002.043389330314,10289.217882494962
forecast_5837,2025-09-01 05:00:00,12112.191240154734,15012.144094429748,11518.678883827031
forecast_5838,2025-09-01 06:00:00,9759.049553226123,13350.348565028762,9302.703394974049
forecast_5839,2025-09-01 07:00:00,9622.493514810509,12570.793553726031,7887.812579744231
forecast_5840,2025-09-01 08:00:00,8844.430559485856,12120.687321672436,7006.864424780195
forecast_5841,2025-09-01 09:00:00,7856.631452111881,10932.699728727279,6325.623333831966
forecast_5842,2025-09-01 10:00:00,5710.532568558701,9039.431183917395,5706.644517830195
forecast_5843,2025-09-01 11:00:00,5158.894365555418,6744.673468444836,3748.7551333940396
forecast_5844,2025-09-01 12:00:00,4513.138371766313,6826.298781179417,4266.52500804244
forecast_5845,2025-09-01 13:00:00,4191.991964209708,6166.0925578962915,4232.053390934668
forecast_5846,2025-09-01 14:00:00,4256.456439702167,6659.838131166649,4889.251214102072
forecast_5847,2025-09-01 15:00:00,5257.088179075089,6902.486902993472,5736.876926505251
forecast_5848,2025-09-01 16:00:00,6057.941956707611,8392.812834427661,6202.321766639132
forecast_5849,2025-09-01 17:00:00,8178.661121846538,9168.921414013348,7063.834358177414
forecast_5850,2025-09-01 18:00:00,7630.882152615852,8774.550312997351,6369.920960048914
forecast_5851,2025-09-01 19:00:00,6489.620413620113,8463.161276877865,5322.648185224731
forecast_5852,2025-09-01 20:00:00,6493.5092075408165,7395.730665052398,4545.4612870621
forecast_5853,2025-09-01 21:00:00,5914.628145123263,5861.016864381777,4269.995863711006
forecast_5854,2025-09-01 22:00:00,6314.334641730234,7164.0324592715615,3798.6177278209543
forecast_5855,2025-09-01 23:00:00,8693.141374682422,9282.387343989238,5194.598362154361
forecast_5856,2025-09-02 00:00:00,7826.21231307466,8154.085053479106,4926.949224805216
forecast_5857,2025-09-02 01:00:00,10931.337537628895,13164.499705319093,9848.51588995763
forecast_5858,2025-09-02 02:00:00,8124.5111078280825,11440.8985836175,9655.81819618146
forecast_5859,2025-09-02 03:00:00,8008.131081787322,10801.097306135161,9382.596354958481
forecast_5860,2025-09-02 04:00:00,7460.761447804606,9038.573546322077,7974.949171653137
forecast_5861,2025-09-02 05:00:00,6794.312138510537,8618.901769375378,6389.4288098694005
forecast_5862,2025-09-02 06:00:00,6502.18923546626,8270.478340141426,5642.3460316083765
forecast_5863,2025-09-02 07:00:00,6315.067058785507,6623.187412327436,4155.4715649008485
forecast_5864,2025-09-02 08:00:00,5699.293069870041,5545.249875157695,3277.229686402196
forecast_5865,2025-09-02 09:00:00,4118.830003119261,3758.1726064220425,2340.9806600504085
forecast_5866,2025-09-02 10:00:00,2922.9350755955975,2936.802795517164,1874.982598445977
forecast_5867,2025-09-02 11:00:00,2036.959415046349,1946.7604755710713,1652.6850288489868
forecast_5868,2025-09-02 12:00:00,980.9490735597747,1128.5635774044574,599.4834767602654
forecast_5869,2025-09-02 13:00:00,987.3252101274066,1014.2292675208125,847.38341632565
forecast_5870,2025-09-02 14:00:00,178.18091282721414,179.53576283712806,109.27658046356997
forecast_5871,2025-09-02 15:00:00,1.4391812086391602,148.72369505680896,75.47167959990051
forecast_5872,2025-09-02 16:00:00,23.814102400566732,104.6666457709109,71.61796877552639
forecast_5873,2025-09-02 17:00:00,162.58616258760182,197.48044655309778,80.01014961557527
forecast_5874,2025-09-02 18:00:00,54.11297588231969,33.41098363633193,0.0
forecast_5875,2025-09-02 19:00:00,74.78566807665977,199.44815507450733,25.919602071080455
forecast_5876,2025-09-02 20:00:00,27.43531975778183,28.54170948734104,6.398454011668132
forecast_5877,2025-09-02 21:00:00,127.55111622316672,7.220550639427275,17.009182279689057
forecast_5878,2025-09-02 22:00:00,96.5106921546313,76.12622993653261,28.937325680573693
forecast_5879,2025-09-02 23:00:00,62.477846392111424,97.21698045996094,27.488554000500038
forecast_5880,2025-09-03 00:00:00,21.803047502143972,11.901258561165942,19.79047525823874
forecast_5881,2025-09-03 01:00:00,183.31809587086184,176.93816687077995,71.48520903845198
forecast_5882,2025-09-03 02:00:00,6.580933514639715,47.416070149606746,11.784790383885868
forecast_5883,2025-09-03 03:00:00,0.0,26.56050583964901,0.0
forecast_5884,2025-09-03 04:00:00,421.532947358078,355.96865305417657,1.1734859386891907
forecast_5885,2025-09-03 05:00:00,47.64242122005789,109.31073771053538,47.76391648650323
forecast_5886,2025-09-03 06:00:00,25.901352858209084,89.29309333998683,4.434898361162457
forecast_5887,2025-09-03 07:00:00,0.0,0.0,0.0
forecast_5888,2025-09-03 08:00:00,105.12794022910232,46.86322014740163,2.9609599814010945
forecast_5889,2025-09-03 09:00:00,51.45902404783309,32.70581209340651,6.636487506808035
forecast_5890,2025-09-03 10:00:00,41.62875861082828,25.666073784908107,11.551457913437511
forecast_5891,2025-09-03 11:00:00,40.903191808380726,38.681113819411415,29.685727245024687
forecast_5892,2025-09-03 12:00:00,91.77835027953954,110.98060725744742,173.99688827142256
forecast_5893,2025-09-03 13:00:00,441.27946186063156,205.8008521110345,296.41506455039087
forecast_5894,2025-09-03 14:00:00,405.2129009034734,378.1223868480194,547.2638245414474
forecast_5895,2025-09-03 15:00:00,417.79316299017216,351.1737354435918,358.5678331673129
forecast_5896,2025-09-03 16:00:00,187.65354953328688,232.9450028278798,151.3364802293013
forecast_5897,2025-09-03 17:00:00,129.1742096680342,81.99683979181101,17.959339403627993
forecast_5898,2025-09-03 18:00:00,52.833008142059576,31.67556122587574,60.15961510617548
forecast_5899,2025-09-03 19:00:00,45.15017631342217,67.6152978492184,0.0
forecast_5900,2025-09-03 20:00:00,92.75921560959034,87.07944351843811,2.693585928663674
forecast_5901,2025-09-03 21:00:00,287.1335063556928,343.04152352789623,31.15693314030132
forecast_5902,2025-09-03 22:00:00,628.6740929940471,503.33785105957895,98.15728151935514
forecast_5903,2025-09-03 23:00:00,301.1609159739005,486.99863092807095,32.329908264666216
forecast_5904,2025-09-04 00:00:00,742.5010541283464,769.6356722301908,73.4347353571661
forecast_5905,2025-09-04 01:00:00,1267.7922480986128,875.335410797819,226.067951669195
forecast_5906,2025-09-04 02:00:00,1248.5884248150996,849.4689207945684,121.4330880942292
forecast_5907,2025-09-04 03:00:00,863.3899203482467,561.3737100520037,34.15925034233618
forecast_5908,2025-09-04 04:00:00,873.6983894044304,486.72045045154465,66.7602289534653
forecast_5909,2025-09-04 05:00:00,729.4833418078414,457.83300759514054,97.12439969038577
forecast_5910,2025-09-04 06:00:00,1160.5508550527256,915.6071065742761,230.91987017059756
forecast_5911,2025-09-04 07:00:00,1497.3486114827613,1271.3670949414343,241.86058448178306
forecast_5912,2025-09-04 08:00:00,1902.8803065170703,1466.1452225756498,302.8143281202026
forecast_5913,2025-09-04 09:00:00,1118.956283916969,701.723001460695,176.34413328800775
forecast_5914,2025-09-04 10:00:00,706.2355055931986,404.8340205533084,182.51487659548806
forecast_5915,2025-09-04 11:00:00,475.61048829824534,498.4644340690999,171.6768102840864
forecast_5916,2025-09-04 12:00:00,515.8005527448629,596.323940022386,256.1035717836738
forecast_5917,2025-09-04 13:00:00,672.1551373742766,1086.2029829954574,714.3585329262337
forecast_5918,2025-09-04 14:00:00,635.3447540218084,666.7639927922298,290.89438809698504
forecast_5919,2025-09-04 15:00:00,764.9472367755857,1001.0659714568665,371.46518913459704
forecast_5920,2025-09-04 16:00:00,970.5712003401014,1375.3127820817838,401.9544855707469
forecast_5921,2025-09-04 17:00:00,1140.431849464772,1625.4198294144521,630.6269376698208
forecast_5922,2025-09-04 18:00:00,1088.0008610756686,1579.7559132054685,700.4541773596968
forecast_5923,2025-09-04 19:00:00,906.4102065703786,1544.6589959934136,625.9001715956504
forecast_5924,2025-09-04 20:00:00,1966.4156953769404,2135.1773739377336,898.9842572101164
forecast_5925,2025-09-04 21:00:00,2771.927223821837,2694.091156878002,1240.2295515385472
forecast_5926,2025-09-04 22:00:00,2338.5641077977552,2840.018624481561,1235.5922506643265
forecast_5927,2025-09-04 23:00:00,2128.2436620265544,2399.1145620929324,1023.4414865778477
forecast_5928,2025-09-05 00:00:00,1411.549619399894,1229.1304395182142,651.0238453158647
forecast_5929,2025-09-05 01:00:00,1513.7647259700047,1454.9023856018237,592.4692391939936
forecast_5930,2025-09-05 02:00:00,1366.2591468053054,1406.912470058649,860.7512814916156
forecast_5931,2025-09-05 03:00:00,1833.9133182911107,1550.0677145625089,1028.4358901824992
forecast_5932,2025-09-05 04:00:00,2076.0851231147813,1767.6415126905708,1029.9215829544892
forecast_5933,2025-09-05 05:00:00,2636.1025113937176,2714.5714958173103,1289.9702421941392
forecast_5934,2025-09-05 06:00:00,2548.6499171577225,2323.910192282109,1108.3876383046843
forecast_5935,2025-09-05 07:00:00,1885.5429972783238,1351.952639156536,649.7709560774163
forecast_5936,2025-09-05 08:00:00,1551.6153449566593,1332.5708024011203,702.8464428714805
forecast_5937,2025-09-05 09:00:00,903.5594468740592,939.7702704487465,389.11583639438453
forecast_5938,2025-09-05 10:00:00,337.3169964552433,380.074551540524,152.4826967706274
forecast_5939,2025-09-05 11:00:00,338.2802721868736,222.96785774223264,45.88037817474626
forecast_5940,2025-09-05 12:00:00,0.0,35.49258389746785,21.69707582614597
forecast_5941,2025-09-05 13:00:00,9.937077380809024,39.516654780668716,0.0
forecast_5942,2025-09-05 14:00:00,16.18402336765739,17.91906876077231,54.60557540951159
forecast_5943,2025-09-05 15:00:00,0.0,80.70774272377861,55.160158639004365
forecast_5944,2025-09-05 16:00:00,54.97038677472397,2.928142866525815,0.0
forecast_5945,2025-09-05 17:00:00,87.0591376723611,165.03760674635348,44.61768669774077
forecast_5946,2025-09-05 18:00:00,268.19057933405844,325.6358361217995,108.07244951402383
forecast_5947,2025-09-05 19:00:00,241.10485927331533,301.8142939998732,61.16730319749534
forecast_5948,2025-09-05 20:00:00,374.525480815943,376.3605340991125,57.68662038878829
forecast_5949,2025-09-05 21:00:00,598.9357161522565,756.3395421142156,131.26757899592326
forecast_5950,2025-09-05 22:00:00,842.984484439414,1010.4958964333583,312.49215649440225
forecast_5951,2025-09-05 23:00:00,1223.5858879654586,2019.0493144045395,863.8880600205748
forecast_5952,2025-09-06 00:00:00,2017.2352764745556,3270.729772361814,1420.948979094285
forecast_5953,2025-09-06 01:00:00,5856.162356280675,7552.969968217877,3965.0854596843133
forecast_5954,2025-09-06 02:00:00,7480.577288525304,9382.630792583137,5782.061050958225
forecast_5955,2025-09-06 03:00:00,8730.305265761413,11216.67992361792,6897.605111354528
forecast_5956,2025-09-06 04:00:00,11726.968664885828,13792.892305458041,8487.891240220612
forecast_5957,2025-09-06 05:00:00,12165.797526670513,13070.915872423337,9822.462468492118
forecast_5958,2025-09-06 06:00:00,12728.271560495343,14413.087940588317,10861.98147886048
forecast_5959,2025-09-06 07:00:00,14159.441092302837,16094.029908456965,12631.919709792804
forecast_5960,2025-09-06 08:00:00,10708.196118175545,14603.755864404999,11267.387596480245
forecast_5961,2025-09-06 09:00:00,10087.292308163553,13974.948443499768,11482.696538862812
forecast_5962,2025-09-06 10:00:00,8700.660655834741,11550.61035582441,10009.987217658318
forecast_5963,2025-09-06 11:00:00,8468.554247422528,10981.535625666762,11059.186175259338
forecast_5964,2025-09-06 12:00:00,9287.221127376522,11465.210769366331,10411.098214938267
forecast_5965,2025-09-06 13:00:00,9261.497848313402,10565.46300400006,10086.22760356434
forecast_5966,2025-09-06 14:00:00,9274.810498967827,12015.170082985345,9987.182865309942
forecast_5967,2025-09-06 15:00:00,10382.126053407601,13426.295985423327,12146.51219116736
forecast_5968,2025-09-06 16:00:00,11296.969516441251,15208.420892685388,14431.906570927855
forecast_5969,2025-09-06 17:00:00,9948.190976134421,13360.528334166702,11715.825177115323
forecast_5970,2025-09-06 18:00:00,8580.476111150287,12861.04937446576,10123.141854986472
forecast_5971,2025-09-06 19:00:00,9569.484438353726,14109.19557553355,12138.145737641631
forecast_5972,2025-09-06 20:00:00,9689.739621822764,13753.515717051401,11586.55695886569
forecast_5973,2025-09-06 21:00:00,10439.191728152131,15142.173642654703,13789.123451643822
forecast_5974,2025-09-06 22:00:00,12289.128034799096,17276.95253137524,15638.278758200051
forecast_5975,2025-09-06 23:00:00,12521.392782222627,16683.475567873596,15681.552633854684
forecast_5976,2025-09-07 00:00:00,13015.168002428014,17465.213418104257,15882.236279546201
forecast_5977,2025-09-07 01:00:00,15025.02034568563,18595.428668416884,17357.360642776002
forecast_5978,2025-09-07 02:00:00,14463.212688675389,18403.423442808496,16829.911821742222
forecast_5979,2025-09-07 03:00:00,12064.076847980985,17139.903731111495,14694.079929314628
forecast_5980,2025-09-07 04:00:00,10833.626447969913,14454.220367632353,12646.259799090627
forecast_5981,2025-09-07 05:00:00,11519.113887105668,14025.256177999869,12221.247447097783
forecast_5982,2025-09-07 06:00:00,10655.090534790803,12698.98487462944,10159.095278772395
forecast_5983,2025-09-07 07:00:00,9955.464037563837,11996.277728748395,9449.925787668513
forecast_5984,2025-09-07 08:00:00,10443.826328841425,12768.995339135568,9124.123149828356
forecast_5985,2025-09-07 09:00:00,7306.97737579046,9703.105341821683,7316.987337666833
forecast_5986,2025-09-07 10:00:00,6423.589546645781,8965.534309927805,6158.520444871248
forecast_5987,2025-09-07 11:00:00,6415.614079013439,8344.459512618549,5315.982643777659
forecast_5988,2025-09-07 12:00:00,4873.2898511635085,4727.8464598764085,3272.040913328396
forecast_5989,2025-09-07 13:00:00,2808.812319633574,3259.8715566451897,2021.3279498471622
forecast_5990,2025-09-07 14:00:00,3318.358699252634,4244.431979357855,2434.281059072697
forecast_5991,2025-09-07 15:00:00,4656.728816789063,5454.830714108168,3435.1753235268357
forecast_5992,2025-09-07 16:00:00,5037.931906932387,5779.468625484148,3431.5327589633357
forecast_5993,2025-09-07 17:00:00,5129.54168374538,5045.617787300617,3566.9632763706672
forecast_5994,2025-09-07 18:00:00,5786.259784209819,6259.238425945154,3912.375240651433
forecast_5995,2025-09-07 19:00:00,7779.7663709984945,9035.166513820626,5968.698902091397
forecast_5996,2025-09-07 20:00:00,10270.077224790113,10946.833910046984,7046.972403830573
forecast_5997,2025-09-07 21:00:00,10896.114407527599,12163.201707198312,7055.652188346035
forecast_5998,2025-09-07 22:00:00,10826.832938180074,11127.81231729181,7901.998237340536
forecast_5999,2025-09-07 23:00:00,9716.81596524357,9041.041897836909,6584.136880506423
forecast_6000,2025-09-08 00:00:00,9945.249931010143,9729.145816800772,7451.866884052113
forecast_6001,2025-09-08 01:00:00,7551.7832530679825,7705.288695197748,5504.597145070338
forecast_6002,2025-09-08 02:00:00,6755.053807865584,7630.974770547175,4794.376911755279
forecast_6003,2025-09-08 03:00:00,7264.351419428481,6809.822638192054,4589.031641501967
forecast_6004,2025-09-08 04:00:00,6185.968610176152,4909.625194962751,2663.4774495837096
forecast_6005,2025-09-08 05:00:00,4043.4740038481264,3307.9969206300784,2527.2710495347783
forecast_6006,2025-09-08 06:00:00,2200.813601190899,1726.576514868384,935.0220043370658
forecast_6007,2025-09-08 07:00:00,1404.0136061853455,824.1424986817584,685.644603172259
forecast_6008,2025-09-08 08:00:00,747.4220696710518,497.48380865197754,458.6203793209778
forecast_6009,2025-09-08 09:00:00,45.40386585852088,7.89534606786615,11.467584626756905
forecast_6010,2025-09-08 10:00:00,37.88129204441047,0.0,0.0
forecast_6011,2025-09-08 11:00:00,0.0,12.084630401967507,0.0
forecast_6012,2025-09-08 12:00:00,62.25846314133226,24.475455974031984,0.0
forecast_6013,2025-09-08 13:00:00,18.17369124520356,133.6995183720024,115.25861030081386
forecast_6014,2025-09-08 14:00:00,0.0,81.00171625428487,75.62025096885566
forecast_6015,2025-09-08 15:00:00,148.37934628399793,69.8544748754049,88.46529833344776
forecast_6016,2025-09-08 16:00:00,596.747756190953,457.6483644076881,562.4854784519999
forecast_6017,2025-09-08 17:00:00,2300.9037243087314,1940.8310690000653,1416.1933038134127
forecast_6018,2025-09-08 18:00:00,2085.502653136173,2060.221059315912,1147.860565706979
forecast_6019,2025-09-08 19:00:00,2496.5831574512863,2463.8885122099346,1402.7153912132392
forecast_6020,2025-09-08 20:00:00,2169.2628207663042,2129.8669332103623,924.2836776342465
forecast_6021,2025-09-08 21:00:00,1996.7084362257176,2194.3711594546535,1217.5612008976614
forecast_6022,2025-09-08 22:00:00,1990.825155405765,1944.0932731522325,930.1443250124255
forecast_6023,2025-09-08 23:00:00,1603.302331368158,1964.8135894099123,929.6529068802525
forecast_6024,2025-09-09 00:00:00,586.8879557830309,656.0628254626837,199.04219870374374
forecast_6025,2025-09-09 01:00:00,2808.9511471093097,2890.1865825816267,1695.1949887445046
forecast_6026,2025-09-09 02:00:00,2287.5274398671186,2226.6075623057195,1347.5422440594675
forecast_6027,2025-09-09 03:00:00,992.3744930694792,1300.7994944768548,730.0705252072606
forecast_6028,2025-09-09 04:00:00,836.4502933950449,1094.418200861353,443.05891270020254
forecast_6029,2025-09-09 05:00:00,1336.792500100066,1429.4012220671118,694.146571728784
forecast_6030,2025-09-09 06:00:00,819.7631780988096,1296.6714359053678,544.6931710492298
forecast_6031,2025-09-09 07:00:00,1135.3169564832124,1015.3481542025598,760.2469623618855
forecast_6032,2025-09-09 08:00:00,942.048607631068,984.4616274301396,492.58684275249806
forecast_6033,2025-09-09 09:00:00,903.271013823374,776.2344975027552,233.2060031489909
forecast_6034,2025-09-09 10:00:00,1288.5548562464107,1319.2974082107864,504.32497176239565
forecast_6035,2025-09-09 11:00:00,1992.9582631814635,1593.280643178481,652.4630611495029
forecast_6036,2025-09-09 12:00:00,1520.1823666080895,1852.3726137895605,687.259093084292
forecast_6037,2025-09-09 13:00:00,992.7364386895707,1031.4729315860347,290.88849508160683
forecast_6038,2025-09-09 14:00:00,697.6287953803853,854.324169271397,276.3344424216646
forecast_6039,2025-09-09 15:00:00,671.0797694631486,836.3319196108096,134.28528106201827
forecast_6040,2025-09-09 16:00:00,650.3947781841756,538.2246721854441,125.37529601940496
forecast_6041,2025-09-09 17:00:00,497.3527582698174,610.3333734770533,80.28709109162256
forecast_6042,2025-09-09 18:00:00,683.2944133470586,532.5686284564084,253.89453020374899
forecast_6043,2025-09-09 19:00:00,586.3416041287601,533.6054925202707,94.8173203814925
forecast_6044,2025-09-09 20:00:00,853.3859971480415,716.6800076470488,148.09405293920207
forecast_6045,2025-09-09 21:00:00,985.4454592629912,1034.8953926987663,196.38453352880995
forecast_6046,2025-09-09 22:00:00,770.8570096571046,779.369212075527,185.461484856721
forecast_6047,2025-09-09 23:00:00,859.9793214973664,800.1213676108998,168.31640547527513
forecast_6048,2025-09-10 00:00:00,473.3966757038057,617.7900641963956,120.60048916216002
forecast_6049,2025-09-10 01:00:00,1014.0985343986454,1251.7930167731402,239.09378428604535
forecast_6050,2025-09-10 02:00:00,1058.6184571703434,1394.813590271156,313.7866388239586
forecast_6051,2025-09-10 03:00:00,1145.379214011281,1446.4253045224084,381.3301595469006
forecast_6052,2025-09-10 04:00:00,1113.0055874681436,1288.925712600524,409.7468001383934
forecast_6053,2025-09-10 05:00:00,1188.1365840182157,1739.3301635963514,491.744096689231
forecast_6054,2025-09-10 06:00:00,1477.972995603438,1542.6380500145924,480.85928203084165
forecast_6055,2025-09-10 07:00:00,1722.2072196367058,2025.3371615024078,674.7737515843248
forecast_6056,2025-09-10 08:00:00,2012.7116669847628,2026.381124216764,799.9305514830534
forecast_6057,2025-09-10 09:00:00,1788.2115047138723,1861.9196295131949,492.1314653800863
forecast_6058,2025-09-10 10:00:00,1076.1801710428979,1173.5653081029427,839.6693232462952
forecast_6059,2025-09-10 11:00:00,968.2650028892033,950.2953898627125,538.7087031659065
forecast_6060,2025-09-10 12:00:00,968.4446678131928,857.8239565541309,495.3556061128794
forecast_6061,2025-09-10 13:00:00,898.7882070797855,759.2654520160252,534.5884704348291
forecast_6062,2025-09-10 14:00:00,663.4803367966196,681.496860231647,369.17783114127735
forecast_6063,2025-09-10 15:00:00,445.9473004685192,471.6055439862559,348.65128298480977
forecast_6064,2025-09-10 16:00:00,289.35874911536547,344.772164643928,215.86890619904116
forecast_6065,2025-09-10 17:00:00,375.9186020165964,610.2584467928239,296.20442041713625
forecast_6066,2025-09-10 18:00:00,459.08528944150135,775.0887548922453,402.09487044462514
forecast_6067,2025-09-10 19:00:00,789.9156933242617,1172.8158662461015,480.74142980667267
forecast_6068,2025-09-10 20:00:00,1183.9658951861052,1760.1145710599185,621.5339677950255
forecast_6069,2025-09-10 21:00:00,1651.5985118196236,2356.807642052834,807.7148944914222
forecast_6070,2025-09-10 22:00:00,1784.0995436317319,2791.7327045333946,752.6075046540423
forecast_6071,2025-09-10 23:00:00,1734.1131306864254,2637.013402353663,660.8601740723623
forecast_6072,2025-09-11 00:00:00,2183.3385640697775,2883.6962651078106,944.1760341513466
forecast_6073,2025-09-11 01:00:00,1647.5769209512423,1443.5747935324296,499.35273425701143
forecast_6074,2025-09-11 02:00:00,1549.381048249916,1876.4246413237317,533.2407887249428
forecast_6075,2025-09-11 03:00:00,1988.483385290554,2075.855818822261,747.2780590370444
forecast_6076,2025-09-11 04:00:00,2700.0916653888357,2822.8590465711077,1007.0144891799663
forecast_6077,2025-09-11 05:00:00,2884.9165699128644,3069.2582622245213,1317.7688667193754
forecast_6078,2025-09-11 06:00:00,3742.0423392985863,4041.6081831923466,1648.6350670473994
forecast_6079,2025-09-11 07:00:00,4557.451652570062,4313.417230226668,1928.5711017688927
forecast_6080,2025-09-11 08:00:00,3528.4563291839986,4519.73102412983,1941.4137161835904
forecast_6081,2025-09-11 09:00:00,2915.8881384006295,4029.760964631536,1751.1052599227846
forecast_6082,2025-09-11 10:00:00,1688.4436666760141,2674.851076443423,1766.1657096890558
forecast_6083,2025-09-11 11:00:00,1432.2691377517006,3002.771411958814,2365.920616478134
forecast_6084,2025-09-11 12:00:00,1736.664667383374,3635.401475731726,2942.4710428563994
forecast_6085,2025-09-11 13:00:00,1787.4287491272246,3234.1922848418294,2938.800069359021
forecast_6086,2025-09-11 14:00:00,1867.9411700597884,2871.4381400129278,2682.059045158906
forecast_6087,2025-09-11 15:00:00,1721.8020450646059,2762.2150005823974,2662.8151874927403
forecast_6088,2025-09-11 16:00:00,1210.2816760855185,2516.4135791446847,2215.579748916629
forecast_6089,2025-09-11 17:00:00,2152.8131577078134,3241.8755686661284,2233.9370098979693
forecast_6090,2025-09-11 18:00:00,1866.0198270375454,3281.1173953717357,1774.5305082560212
forecast_6091,2025-09-11 19:00:00,3324.86797492559,4968.3703784163845,2450.659521250463
forecast_6092,2025-09-11 20:00:00,4120.569052451981,5718.338431616004,2901.7449017956887
forecast_6093,2025-09-11 21:00:00,4955.04992753856,6786.727651977578,2904.64151795053
forecast_6094,2025-09-11 22:00:00,5499.076441110655,7171.358819215183,3020.3650957161535
forecast_6095,2025-09-11 23:00:00,6027.097686407142,7394.342058512658,3219.3611677671083
forecast_6096,2025-09-12 00:00:00,5611.136785153692,7309.348081082282,3383.216356552298
forecast_6097,2025-09-12 01:00:00,4824.217224615672,6435.720372857361,2901.809346890801
forecast_6098,2025-09-12 02:00:00,4036.89885947324,6017.9827754095095,2538.501103183674
forecast_6099,2025-09-12 03:00:00,2997.105422064802,4110.211419546255,1847.2474517239064
forecast_6100,2025-09-12 04:00:00,3369.608786625051,4945.059678769119,1944.999835342537
forecast_6101,2025-09-12 05:00:00,2897.364845236649,4002.788439542282,1942.5882024804616
forecast_6102,2025-09-12 06:00:00,2269.341724831459,2834.2599392952006,1383.1596677552852
forecast_6103,2025-09-12 07:00:00,2994.667423182147,3724.6445859943947,1700.8540670104371
forecast_6104,2025-09-12 08:00:00,3262.2326882840666,3848.628129262264,1404.5201203565978
forecast_6105,2025-09-12 09:00:00,2838.87465667771,4264.061700189304,1835.4644174970288
forecast_6106,2025-09-12 10:00:00,2235.341927704926,2794.300745965286,1305.3465547189567
forecast_6107,2025-09-12 11:00:00,1776.850236183589,2683.394199206034,2006.98429145099
forecast_6108,2025-09-12 12:00:00,1332.0233710880236,2716.2449687099784,1679.0098992831672
forecast_6109,2025-09-12 13:00:00,1384.1585029157413,2088.5865284974775,1511.16309807003
forecast_6110,2025-09-12 14:00:00,1223.460302821502,2292.7319051403997,1289.775152379112
forecast_6111,2025-09-12 15:00:00,1598.1343995237623,2371.533990375898,1249.9806931880796
forecast_6112,2025-09-12 16:00:00,2108.034388196531,2310.9345981506135,1148.4779393318613
forecast_6113,2025-09-12 17:00:00,1995.4548797956695,2224.9410179121546,1007.8247206079757
forecast_6114,2025-09-12 18:00:00,2402.5764111743856,3039.667834518644,1235.0118483225983
forecast_6115,2025-09-12 19:00:00,1667.2601941345297,2330.983021754165,603.9214226211509
forecast_6116,2025-09-12 20:00:00,2186.732074112642,2209.239789207278,698.1735649622843
forecast_6117,2025-09-12 21:00:00,3137.614729029135,3305.0979187618163,1351.462048322868
forecast_6118,2025-09-12 22:00:00,4182.64865159199,4202.495549787526,2117.069037006117
forecast_6119,2025-09-12 23:00:00,5017.569047868951,6340.718789577633,2386.069200262408
forecast_6120,2025-09-13 00:00:00,4870.094681013337,6343.529155114174,1923.5985743823906
forecast_6121,2025-09-13 01:00:00,3813.0234586887564,4319.235471710687,2530.1869645133283
forecast_6122,2025-09-13 02:00:00,4568.139309307296,5562.061744370787,2431.8416669159133
forecast_6123,2025-09-13 03:00:00,6036.510914093716,6862.075756574424,2367.556032901339
forecast_6124,2025-09-13 04:00:00,6264.245060368331,7663.032326971251,4096.636909293564
forecast_6125,2025-09-13 05:00:00,7240.149357715022,9910.470561396476,5262.379176057432
forecast_6126,2025-09-13 06:00:00,9111.959278573979,9908.501527344039,7830.676486268857
forecast_6127,2025-09-13 07:00:00,10561.34270447201,11962.933855448411,11354.878757452692
forecast_6128,2025-09-13 08:00:00,13284.041644927142,17823.397113620234,17341.283767276538
forecast_6129,2025-09-13 09:00:00,12148.905880119053,16307.734517623949,14699.6379781676
forecast_6130,2025-09-13 10:00:00,12480.398780932815,17416.57041254204,16531.984869276625
forecast_6131,2025-09-13 11:00:00,9817.30800390977,12617.515664908977,9458.240051772798
forecast_6132,2025-09-13 12:00:00,5622.841916773524,7732.343845101277,3515.5182329695153
forecast_6133,2025-09-13 13:00:00,3153.7110236855215,3201.2895089213403,1546.03748334138
forecast_6134,2025-09-13 14:00:00,1603.641698922176,1933.7453475705618,789.3044415429532
forecast_6135,2025-09-13 15:00:00,1365.9488510226886,1788.2583717274488,716.9367670561146
forecast_6136,2025-09-13 16:00:00,1761.1387400665617,2494.565924790359,1056.1979191567932
forecast_6137,2025-09-13 17:00:00,2160.545315261313,3016.249044394286,1756.2079230820125
forecast_6138,2025-09-13 18:00:00,1751.4147260499267,1510.7370080683113,1132.8041782820476
forecast_6139,2025-09-13 19:00:00,1085.0321426179169,1344.5232334859388,640.7122467613704
forecast_6140,2025-09-13 20:00:00,802.3299863547453,1034.512901612841,370.70024870806077
forecast_6141,2025-09-13 21:00:00,532.0158533557003,665.7476201012206,332.74136502214907
forecast_6142,2025-09-13 22:00:00,603.9020539364212,947.9162556217244,334.8071738319044
forecast_6143,2025-09-13 23:00:00,869.0008246985599,960.1839616574545,280.80279727209916
forecast_6144,2025-09-14 00:00:00,837.3210875915073,673.5333886638215,195.56695557784414
forecast_6145,2025-09-14 01:00:00,865.6226528285457,899.7357540054211,156.24698455278858
forecast_6146,2025-09-14 02:00:00,660.6163061043752,748.6640648748438,124.54805943923921
forecast_6147,2025-09-14 03:00:00,639.8196596743954,676.2914083255039,63.894655087265924
forecast_6148,2025-09-14 04:00:00,659.5763267439929,561.995305673475,62.66356299253708
forecast_6149,2025-09-14 05:00:00,625.389433365611,572.8840642197041,97.5305300812646
forecast_6150,2025-09-14 06:00:00,843.5557323935006,771.4830610687311,168.2739590994358
forecast_6151,2025-09-14 07:00:00,873.5214625482467,808.5937321924739,206.7909593161552
forecast_6152,2025-09-14 08:00:00,1031.28385012976,1222.0288670632638,183.94642134469123
forecast_6153,2025-09-14 09:00:00,868.4585026079457,1068.8488555281115,222.4560236826228
forecast_6154,2025-09-14 10:00:00,876.7576847421645,1353.2225761216089,918.378210223599
forecast_6155,2025-09-14 11:00:00,703.1416322854122,1083.8785718954132,1258.0690859657686
forecast_6156,2025-09-14 12:00:00,990.8641414623236,1308.72746743095,1836.0346088140207
forecast_6157,2025-09-14 13:00:00,791.3619213360867,979.3890911628395,1599.5604496932842
forecast_6158,2025-09-14 14:00:00,1267.6950294326841,1187.5889052317239,1764.2242576247586
forecast_6159,2025-09-14 15:00:00,1576.5654639775992,1599.898409397887,2036.0072712280407
forecast_6160,2025-09-14 16:00:00,1509.989829391191,1694.5117845115528,2551.022240973224
forecast_6161,2025-09-14 17:00:00,1403.4671492039683,1747.2224483798984,1973.6081781954265
forecast_6162,2025-09-14 18:00:00,4017.909762698372,4321.049961749579,3408.398377306271
forecast_6163,2025-09-14 19:00:00,6384.569987213393,6014.8689433925,4409.127032553324
forecast_6164,2025-09-14 20:00:00,7925.020622936835,6902.139685409045,4764.41250893028
forecast_6165,2025-09-14 21:00:00,9720.346392534288,10711.964891348007,6322.885903362519
forecast_6166,2025-09-14 22:00:00,12622.935253241185,13507.745695868234,8978.66698038016
forecast_6167,2025-09-14 23:00:00,14435.807699947389,14547.856393677988,10734.732599410036
forecast_6168,2025-09-15 00:00:00,15530.617358828462,16111.187981088075,12571.756353185734
forecast_6169,2025-09-15 01:00:00,13740.668788869894,15369.98047177038,9155.543065333883
forecast_6170,2025-09-15 02:00:00,12822.861487996717,13631.15633658309,8530.945253500357
forecast_6171,2025-09-15 03:00:00,11816.000766935083,12088.992071188957,7175.597333300112
forecast_6172,2025-09-15 04:00:00,11346.987255988734,10784.093192711907,6558.700873614216
forecast_6173,2025-09-15 05:00:00,8884.097730250625,9106.485349364684,4878.5894791578185
forecast_6174,2025-09-15 06:00:00,5822.269043128064,6421.466485127274,3172.055108964326
forecast_6175,2025-09-15 07:00:00,4833.006052012223,3823.738388566296,2587.517800172356
forecast_6176,2025-09-15 08:00:00,2743.386462722666,1723.4388095314234,1589.3757628980486
forecast_6177,2025-09-15 09:00:00,252.74298469058704,97.44891168480449,149.19446014442323
forecast_6178,2025-09-15 10:00:00,0.0,0.0,10.554383520359481
forecast_6179,2025-09-15 11:00:00,54.49911058784649,18.357939531062794,18.460603163482944
forecast_6180,2025-09-15 12:00:00,0.0,8.30976149684412,9.952191820270762
forecast_6181,2025-09-15 13:00:00,38.25462390302392,19.55716818765689,0.0
forecast_6182,2025-09-15 14:00:00,142.80254159471335,147.40005002942587,112.82542647446654
forecast_6183,2025-09-15 15:00:00,277.5450816997567,300.31488838132793,447.898574500269
forecast_6184,2025-09-15 16:00:00,465.91237371953383,499.7696857302796,598.0003008717986
forecast_6185,2025-09-15 17:00:00,1509.2574541078352,1564.4872460978468,951.1169344450849
forecast_6186,2025-09-15 18:00:00,3268.476320989465,2521.174414124919,2284.7734517889676
forecast_6187,2025-09-15 19:00:00,4773.2878096473305,5166.972722457055,3077.902391887456
forecast_6188,2025-09-15 20:00:00,4964.654538885419,4611.566313164543,2784.3558341513985
forecast_6189,2025-09-15 21:00:00,4365.886779581909,3604.6874560517854,2517.12204203862
forecast_6190,2025-09-15 22:00:00,3417.4769343801413,2490.4520220602726,2584.4579583147824
forecast_6191,2025-09-15 23:00:00,2620.367707540555,1924.316533489845,2267.0624925086972
forecast_6192,2025-09-16 00:00:00,3726.176547446144,3476.223071466781,3165.784349402756
forecast_6193,2025-09-16 01:00:00,6856.807391980674,7122.72064581636,4588.207820867918
forecast_6194,2025-09-16 02:00:00,6595.977320143618,8116.760190079349,4893.987270925199
forecast_6195,2025-09-16 03:00:00,7318.238386400056,7825.637121931598,4612.811611767577
forecast_6196,2025-09-16 04:00:00,8346.110152859703,8476.464415342727,5223.887569085335
forecast_6197,2025-09-16 05:00:00,9442.921097234961,10209.96702940616,6386.412346362176
forecast_6198,2025-09-16 06:00:00,9577.879724080727,10425.017996620061,6023.429052147683
forecast_6199,2025-09-16 07:00:00,8840.262485520821,9262.120066041007,4488.819412993374
forecast_6200,2025-09-16 08:00:00,6211.634302731237,6357.278072520379,3259.5688077135032
forecast_6201,2025-09-16 09:00:00,5865.8943640634925,6264.966450621494,3556.9021747948077
forecast_6202,2025-09-16 10:00:00,5341.013209667778,5519.190706003946,3679.1660319252123
forecast_6203,2025-09-16 11:00:00,4640.682611064691,4738.023991531675,3900.3418799389738
forecast_6204,2025-09-16 12:00:00,4634.347068001011,4551.038165910655,4101.0099227431665
forecast_6205,2025-09-16 13:00:00,5287.473465711512,5079.794263836874,3635.2703251103185
forecast_6206,2025-09-16 14:00:00,5175.210863484993,5671.5929373401,4783.839786498093
forecast_6207,2025-09-16 15:00:00,4769.845692970199,5521.087533359424,4892.00113851731
forecast_6208,2025-09-16 16:00:00,5111.960112621557,6216.469833300774,5528.180402160589
forecast_6209,2025-09-16 17:00:00,4209.393943476158,5674.739533429696,4251.854370831601
forecast_6210,2025-09-16 18:00:00,4609.173570700365,5709.788298010414,4161.048372945889
forecast_6211,2025-09-16 19:00:00,9084.88965149653,10837.316962516366,9169.686059252579
forecast_6212,2025-09-16 20:00:00,8074.539080978828,10972.548149692526,8512.101722365484
forecast_6213,2025-09-16 21:00:00,9407.043826247947,11753.162844785644,8447.148991999997
forecast_6214,2025-09-16 22:00:00,7623.852538580608,9564.352214153967,6836.920832146415
forecast_6215,2025-09-16 23:00:00,7495.51451506397,10921.92685750608,8622.382988697029
forecast_6216,2025-09-17 00:00:00,8303.189465007059,10919.561096156494,8390.064907633756
forecast_6217,2025-09-17 01:00:00,14352.468822695031,16807.714244512463,14065.916330221577
forecast_6218,2025-09-17 02:00:00,15535.409634657834,17756.83135724264,15198.24580598857
forecast_6219,2025-09-17 03:00:00,15296.189322251466,17852.53473877351,16626.341686907806
forecast_6220,2025-09-17 04:00:00,15414.910563412297,18392.498158785696,16579.49985243989
forecast_6221,2025-09-17 05:00:00,15798.529788699545,18681.85112723791,16250.373125254215
forecast_6222,2025-09-17 06:00:00,14842.902929714348,17868.737894488157,14633.608636051387
forecast_6223,2025-09-17 07:00:00,12346.923298144524,14219.181391778853,9830.355084661358
forecast_6224,2025-09-17 08:00:00,6106.899519655078,8566.658312241361,4920.408609451068
forecast_6225,2025-09-17 09:00:00,4942.822717741183,6278.466949500207,3755.7920074849194
forecast_6226,2025-09-17 10:00:00,3456.8172611688806,3653.702038037232,3009.8095882969546
forecast_6227,2025-09-17 11:00:00,3238.226328273138,3336.273985475532,2050.354381976604
forecast_6228,2025-09-17 12:00:00,2043.40084700389,2078.2364857269754,660.5742294051449
forecast_6229,2025-09-17 13:00:00,1822.6695337008098,1650.5050528643746,691.074728003882
forecast_6230,2025-09-17 14:00:00,2970.6332037560487,2511.982716931156,1486.4335871500048
forecast_6231,2025-09-17 15:00:00,5610.567979903681,5902.391458980409,2994.1038210825795
forecast_6232,2025-09-17 16:00:00,2350.0123778290963,2538.0209164966845,1263.2130621305018
forecast_6233,2025-09-17 17:00:00,2307.8526401792174,2183.9126952912725,873.5073001993936
forecast_6234,2025-09-17 18:00:00,1787.343406672099,1574.3519507647093,1179.4423303657356
forecast_6235,2025-09-17 19:00:00,872.399945147973,789.6145579217571,509.8225634291829
forecast_6236,2025-09-17 20:00:00,1361.7423490599713,1130.0822872448284,465.1556102019633
forecast_6237,2025-09-17 21:00:00,1049.4415715550922,1224.472626692919,457.54613130275055
forecast_6238,2025-09-17 22:00:00,592.0694438530032,737.6942040152502,186.4889938296816
forecast_6239,2025-09-17 23:00:00,565.6023976354267,802.7765156926429,309.68740300322173
forecast_6240,2025-09-18 00:00:00,362.60379874908176,483.0133308788624,322.64335758402865
forecast_6241,2025-09-18 01:00:00,311.8341097271015,458.359461780453,310.19631975455223
forecast_6242,2025-09-18 02:00:00,258.5098391369896,307.8530398203071,294.73991262377814
forecast_6243,2025-09-18 03:00:00,322.74368093031524,272.69353609429993,134.79526518187694
forecast_6244,2025-09-18 04:00:00,194.52241018248824,144.15826304475527,147.07242367893252
forecast_6245,2025-09-18 05:00:00,728.7950949764461,1649.072510270993,674.8952518574993
forecast_6246,2025-09-18 06:00:00,1234.1979395396959,2241.8494913298764,1025.3589709564133
forecast_6247,2025-09-18 07:00:00,2772.1650915950972,3485.201991591967,2289.519885156346
forecast_6248,2025-09-18 08:00:00,2557.9072710039736,3063.6111715049956,1761.019720356502
forecast_6249,2025-09-18 09:00:00,2530.9156173001534,3277.6298629739904,2083.415672083027
forecast_6250,2025-09-18 10:00:00,2245.843854640091,3715.7996981032825,2332.543894367294
forecast_6251,2025-09-18 11:00:00,2487.7380237556454,3436.40935659597,2273.30688197141
forecast_6252,2025-09-18 12:00:00,1956.3258869566118,2639.784684399532,1751.2357506038684
forecast_6253,2025-09-18 13:00:00,1823.567123453253,2754.358301421331,1714.586930369933
forecast_6254,2025-09-18 14:00:00,1450.37740926909,2041.6540179238905,1695.9931643219866
forecast_6255,2025-09-18 15:00:00,1382.9658534804057,2110.4020744105874,1537.6829250611675
forecast_6256,2025-09-18 16:00:00,1242.46217254423,1886.6974195592636,1286.9876225045527
forecast_6257,2025-09-18 17:00:00,1443.968316689865,2374.8539150218267,1567.1946918168358
forecast_6258,2025-09-18 18:00:00,1563.0841822111354,2878.163554630979,1743.2469069902384
forecast_6259,2025-09-18 19:00:00,1713.1192414096515,3193.042537878725,1529.3831542709324
forecast_6260,2025-09-18 20:00:00,1809.689168012499,2888.664740634185,1533.8249723184742
forecast_6261,2025-09-18 21:00:00,1772.4681266883936,2138.3122419365227,999.4093645104645
forecast_6262,2025-09-18 22:00:00,2167.512557330134,2732.6758142911335,1157.0565084265259
forecast_6263,2025-09-18 23:00:00,2322.310669556633,3367.025023848165,1327.9459772572823
forecast_6264,2025-09-19 00:00:00,2102.750997690944,2647.0724078852154,860.9646674312728
forecast_6265,2025-09-19 01:00:00,2670.963734544571,2416.1820320107886,1311.6972035641973
forecast_6266,2025-09-19 02:00:00,2223.429152512265,2352.9250470718184,1244.032953684636
forecast_6267,2025-09-19 03:00:00,2446.029423922642,2548.993708196413,1257.6499147899917
forecast_6268,2025-09-19 04:00:00,2304.762639791955,2481.4460878197133,937.7902206392941
forecast_6269,2025-09-19 05:00:00,2066.363608815083,2157.081758980439,848.732478748619
forecast_6270,2025-09-19 06:00:00,1197.2540526647242,1132.699471045341,397.0028304123683
forecast_6271,2025-09-19 07:00:00,1385.4216707656742,1082.4915201314311,440.47626575452256
forecast_6272,2025-09-19 08:00:00,1060.4303863796924,783.5859099831845,337.7735277032399
forecast_6273,2025-09-19 09:00:00,601.5411388048435,574.1225310867762,264.5805530902176
forecast_6274,2025-09-19 10:00:00,612.3668716873975,555.3625131008586,258.61186042319906
forecast_6275,2025-09-19 11:00:00,276.9401099737999,200.04434253918066,53.237810270829236
forecast_6276,2025-09-19 12:00:00,318.18378913510156,484.85678897745953,41.40804383392502
forecast_6277,2025-09-19 13:00:00,212.8587236972243,225.76323362826056,74.59381643438878
forecast_6278,2025-09-19 14:00:00,231.3281443856497,216.3310436357634,30.727717538091937
forecast_6279,2025-09-19 15:00:00,205.4394077469658,279.91207321373946,24.601277822190664
forecast_6280,2025-09-19 16:00:00,66.29657588523624,62.04341859200915,27.161662226814414
forecast_6281,2025-09-19 17:00:00,419.1946202062812,357.2343118162438,83.42047947523915
forecast_6282,2025-09-19 18:00:00,509.54701839962746,587.0648185565891,60.53233359309982
forecast_6283,2025-09-19 19:00:00,938.2293434546468,962.7678137102247,355.4372266147615
forecast_6284,2025-09-19 20:00:00,1797.3106542893065,1378.0486359130587,276.4501515188154
forecast_6285,2025-09-19 21:00:00,1840.615237952995,1990.5006669174493,954.2614815078255
forecast_6286,2025-09-19 22:00:00,3741.348672347766,4030.0716540861713,1542.1692633005582
forecast_6287,2025-09-19 23:00:00,3915.4809227308792,3711.982489816396,1938.7213961872499
forecast_6288,2025-09-20 00:00:00,4047.33098235621,4882.2124922235225,2056.1177107496437
forecast_6289,2025-09-20 01:00:00,6557.731457030824,6528.9581997954765,3358.096242161075
forecast_6290,2025-09-20 02:00:00,7289.732876218028,6866.316284992645,3022.414407747364
forecast_6291,2025-09-20 03:00:00,5417.321082551733,5525.836364904167,2832.630193551759
forecast_6292,2025-09-20 04:00:00,5037.035138177827,5332.290744599243,3178.907245919422
forecast_6293,2025-09-20 05:00:00,5185.319316847011,5786.965958009645,3283.7833753351265
forecast_6294,2025-09-20 06:00:00,5944.402811609619,6336.816377184372,3136.9307737747167
forecast_6295,2025-09-20 07:00:00,5396.443609092171,5421.154225886819,3119.8874192923054
forecast_6296,2025-09-20 08:00:00,4352.991148309737,3454.2719445908883,1622.0182997580705
forecast_6297,2025-09-20 09:00:00,1819.1175861085953,2054.799311851897,881.1200636042117
forecast_6298,2025-09-20 10:00:00,885.603879857623,527.4515056880291,490.90902339369825
forecast_6299,2025-09-20 11:00:00,1468.8707702004745,1824.6179764101464,1045.6587855003413
forecast_6300,2025-09-20 12:00:00,1890.3104939586517,2401.15407887301,1835.0705028062448
forecast_6301,2025-09-20 13:00:00,2706.6357843808273,2686.425197562358,1531.14010895838
forecast_6302,2025-09-20 14:00:00,2464.212297165319,2101.0063267963865,1338.95485438916
forecast_6303,2025-09-20 15:00:00,1642.9904208710761,1378.8697577162031,812.333101848785
forecast_6304,2025-09-20 16:00:00,1183.553941818205,1119.5459591924161,562.7728285462829
forecast_6305,2025-09-20 17:00:00,762.4100193627488,845.8218906699396,462.586952143617
forecast_6306,2025-09-20 18:00:00,583.577245289222,592.2193140304322,426.0853338288828
forecast_6307,2025-09-20 19:00:00,575.4727251858119,793.1789344512949,315.74216911130475
forecast_6308,2025-09-20 20:00:00,2229.2915232725977,2223.71944767292,1017.9375213006382
forecast_6309,2025-09-20 21:00:00,3517.7250838153063,3569.4809609175304,1750.7257566094343
forecast_6310,2025-09-20 22:00:00,3140.1302517289773,3461.2364011252866,1837.3936794273568
forecast_6311,2025-09-20 23:00:00,3020.0723075900564,2883.690538091631,1814.1005488631615
forecast_6312,2025-09-21 00:00:00,2959.968717791392,2641.6541477382993,1161.7847690098538
forecast_6313,2025-09-21 01:00:00,2835.1168853391555,3143.02178388432,2412.791995027714
forecast_6314,2025-09-21 02:00:00,3284.4898561389655,3491.2810900191635,2081.96061372491
forecast_6315,2025-09-21 03:00:00,3548.69796913239,4213.170095990004,2074.5711204185845
forecast_6316,2025-09-21 04:00:00,3159.954522828396,3827.941927966598,1951.5972232696197
forecast_6317,2025-09-21 05:00:00,3316.4631130948587,4731.242795362287,2689.4491839761417
forecast_6318,2025-09-21 06:00:00,3025.5907076007516,3275.16457816055,1764.4753945270138
forecast_6319,2025-09-21 07:00:00,3153.901460480033,4396.589001273308,2370.999553189596
forecast_6320,2025-09-21 08:00:00,3839.264824018462,4602.248760382454,2608.5444275735963
forecast_6321,2025-09-21 09:00:00,1813.770152168951,3171.833668589521,1914.7873961412265
forecast_6322,2025-09-21 10:00:00,1299.6234365948308,2257.1729188947397,1497.1143585270984
forecast_6323,2025-09-21 11:00:00,952.5805792772549,1264.3291255922743,1290.306639786382
forecast_6324,2025-09-21 12:00:00,704.4087563210045,977.3014145735556,1332.0389285082551
forecast_6325,2025-09-21 13:00:00,803.6463487224978,1232.2785237384405,1420.6869481072695
forecast_6326,2025-09-21 14:00:00,632.9317476222647,1112.4232059933272,1467.1401433739015
forecast_6327,2025-09-21 15:00:00,609.550641779124,1009.9923115829672,1258.6427912418917
forecast_6328,2025-09-21 16:00:00,574.5729050768813,1397.3865112737283,1440.2844260962981
forecast_6329,2025-09-21 17:00:00,1204.058181361949,2218.8560085935565,1898.4853258703542
forecast_6330,2025-09-21 18:00:00,1165.9145807988657,2040.5079398361427,1215.0444990990181
forecast_6331,2025-09-21 19:00:00,1463.715845191871,2496.96938271082,1555.6331295223974
forecast_6332,2025-09-21 20:00:00,1997.4172142206232,3238.6839008595052,1471.8793027436254
forecast_6333,2025-09-21 21:00:00,3117.9865709573533,3967.58737066475,1831.6159865416948
forecast_6334,2025-09-21 22:00:00,3861.854858020543,4338.3381077652575,2066.207862249955
forecast_6335,2025-09-21 23:00:00,4525.913496866072,5997.088618183771,2665.0057235207883
forecast_6336,2025-09-22 00:00:00,4979.414773148855,5658.889768061554,3157.2320365205633
forecast_6337,2025-09-22 01:00:00,4449.408409176989,5004.894321761549,1856.6762547978292
forecast_6338,2025-09-22 02:00:00,4806.878467455469,5295.2359823704355,2182.0234693399457
forecast_6339,2025-09-22 03:00:00,5172.954703468439,6127.623408602043,2984.5328795373593
forecast_6340,2025-09-22 04:00:00,5387.390947893176,6181.095303348743,3667.763178857095
forecast_6341,2025-09-22 05:00:00,5571.940842886841,6780.118821870026,3809.5104118871254
forecast_6342,2025-09-22 06:00:00,4238.533254094247,5342.544710087044,2847.2264210573585
forecast_6343,2025-09-22 07:00:00,4350.3632072669125,5151.095954206487,2803.131396916395
forecast_6344,2025-09-22 08:00:00,4634.432735564491,6501.746852323198,3167.754005955214
forecast_6345,2025-09-22 09:00:00,4396.959021504622,5570.5713827851305,2575.7265543004614
forecast_6346,2025-09-22 10:00:00,4880.2865593857605,6142.742805133031,3365.307922808389
forecast_6347,2025-09-22 11:00:00,2933.3382902323956,4651.097512453177,2740.526649504597
forecast_6348,2025-09-22 12:00:00,2836.899458211151,3650.9520968735,2828.152771106278
forecast_6349,2025-09-22 13:00:00,2156.617073358838,3177.069815280363,2532.3083141248603
forecast_6350,2025-09-22 14:00:00,2004.0867308039726,2613.531502752787,2637.4790237893976
forecast_6351,2025-09-22 15:00:00,1771.3888104083403,3110.027843626955,2388.781128712351
forecast_6352,2025-09-22 16:00:00,1439.0504827644706,2655.7406937480023,2447.0388122461623
forecast_6353,2025-09-22 17:00:00,1683.8954333268534,2428.257178807179,1517.3511296649724
forecast_6354,2025-09-22 18:00:00,1292.9053113379687,2031.6756638082836,1298.0616524081313
forecast_6355,2025-09-22 19:00:00,2065.0434406795284,3251.373869993446,1686.8604236720705
forecast_6356,2025-09-22 20:00:00,2422.5459354320833,2968.61532244589,1513.0707352767156
forecast_6357,2025-09-22 21:00:00,2482.506081652342,2924.960796328067,1335.3115625847315
forecast_6358,2025-09-22 22:00:00,2610.522156304854,2946.779613414911,1460.8956172211122
forecast_6359,2025-09-22 23:00:00,2759.070985424159,2733.324318859959,1458.1860280683388
forecast_6360,2025-09-23 00:00:00,2790.181930600929,2842.989706042806,1235.4284980658388
forecast_6361,2025-09-23 01:00:00,1000.6247136491243,972.7980909630212,198.47222856581644
forecast_6362,2025-09-23 02:00:00,1308.1261434047967,1346.7456629853664,254.554994711598
forecast_6363,2025-09-23 03:00:00,1185.5634286835289,1128.556570719341,210.08680904662492
forecast_6364,2025-09-23 04:00:00,1453.5295546593109,1517.1351094391512,400.24211016796147
forecast_6365,2025-09-23 05:00:00,1726.1131166941605,1585.4046921581198,503.6667753083344
forecast_6366,2025-09-23 06:00:00,2320.8058540615416,1905.4202950150552,458.4798396115457
forecast_6367,2025-09-23 07:00:00,2716.219006552179,2778.786037721618,769.24460095674
forecast_6368,2025-09-23 08:00:00,2848.95104215807,2940.3511900237318,1117.4253349530175
forecast_6369,2025-09-23 09:00:00,2153.925797700275,2241.8234972907135,1164.6710974761124
forecast_6370,2025-09-23 10:00:00,1522.676636495201,1681.3275091404541,778.5356452944642
forecast_6371,2025-09-23 11:00:00,1279.6226015084899,1077.9264512409734,492.44972672208576
forecast_6372,2025-09-23 12:00:00,792.2465017127656,1094.980498174065,612.3449184496197
forecast_6373,2025-09-23 13:00:00,665.8571633740459,1025.9683809271633,793.5877578987504
forecast_6374,2025-09-23 14:00:00,525.2884154565212,773.0046836855345,419.7028882333966
forecast_6375,2025-09-23 15:00:00,642.0695278511787,977.2059248615686,501.9595598168141
forecast_6376,2025-09-23 16:00:00,509.09074435957666,959.5987890841906,527.9457904160109
forecast_6377,2025-09-23 17:00:00,668.0275568743494,1136.0857059051114,482.7920028575835
forecast_6378,2025-09-23 18:00:00,933.6480534403358,1483.2566412827605,640.2210994861218
forecast_6379,2025-09-23 19:00:00,1367.2741706163579,1940.6188162971114,305.6736849522074
forecast_6380,2025-09-23 20:00:00,1837.0386263650257,1776.8834539095315,377.01968637695796
forecast_6381,2025-09-23 21:00:00,2323.806069728111,1805.9821410287045,367.91083224825127
forecast_6382,2025-09-23 22:00:00,2264.7016880775604,1964.47400196856,388.84624185239903
forecast_6383,2025-09-23 23:00:00,2537.708503312509,2399.945424936596,455.23754104660253
forecast_6384,2025-09-24 00:00:00,2606.728111417552,2173.306457950161,486.39765250167386
forecast_6385,2025-09-24 01:00:00,2801.541629910038,2273.19937075753,756.705568044105
forecast_6386,2025-09-24 02:00:00,3306.9419846674296,2712.426579662707,1262.835604478407
forecast_6387,2025-09-24 03:00:00,4265.603642113027,2992.8357905413914,1656.121126788368
forecast_6388,2025-09-24 04:00:00,4744.924722411541,4454.3111687802775,3175.470648313415
forecast_6389,2025-09-24 05:00:00,5140.861548401108,5634.000516393431,3633.6507080667625
forecast_6390,2025-09-24 06:00:00,5070.68208637179,4946.678576200563,3020.7019844759443
forecast_6391,2025-09-24 07:00:00,4615.337043045882,4439.118547681552,2792.9077713283305
forecast_6392,2025-09-24 08:00:00,4163.447460424919,4370.792356509105,2322.0196555228504
forecast_6393,2025-09-24 09:00:00,3319.3282994787833,3222.034689106278,2194.95921497216
forecast_6394,2025-09-24 10:00:00,2835.547256066616,4529.276170492382,2878.274976061251
forecast_6395,2025-09-24 11:00:00,5408.433210599502,7142.0637926559375,4751.229372334809
forecast_6396,2025-09-24 12:00:00,6518.880410482792,8974.502831281114,6614.035914355317
forecast_6397,2025-09-24 13:00:00,7699.392274572743,11636.299172532967,7532.333914088563
forecast_6398,2025-09-24 14:00:00,9459.664956679206,13612.313823120061,9822.516575709466
forecast_6399,2025-09-24 15:00:00,8322.967985171725,12019.39837863465,8749.074863423228
forecast_6400,2025-09-24 16:00:00,8134.586528481513,10475.113722196409,7842.882586059566
forecast_6401,2025-09-24 17:00:00,5922.265058884313,9225.995019114862,5961.727589929027
forecast_6402,2025-09-24 18:00:00,6107.524340349763,8544.91472656337,5456.470448335226
forecast_6403,2025-09-24 19:00:00,8365.316050821355,10361.773879985536,6614.368162254844
forecast_6404,2025-09-24 20:00:00,9184.974870490514,11683.921895116448,8728.53805950512
forecast_6405,2025-09-24 21:00:00,10507.25507791985,12757.426215464558,11090.88977868458
forecast_6406,2025-09-24 22:00:00,11777.848479764494,15179.097085518895,12311.027125910477
forecast_6407,2025-09-24 23:00:00,13876.823281960757,17275.10251853075,15117.1037923379
forecast_6408,2025-09-25 00:00:00,13942.628032075558,17176.31438295498,15629.526157445829
forecast_6409,2025-09-25 01:00:00,14689.188902982749,16450.857938872305,13489.966471541824
forecast_6410,2025-09-25 02:00:00,14936.295967967208,17121.219321945144,14829.101194931134
forecast_6411,2025-09-25 03:00:00,13311.74394111658,13864.613146444075,12235.249891208925
forecast_6412,2025-09-25 04:00:00,13849.163955112113,15920.581358865578,14633.020247174687
forecast_6413,2025-09-25 05:00:00,15309.429015345413,17844.54887344625,15093.635949165591
forecast_6414,2025-09-25 06:00:00,14975.909419915402,17320.22634977894,14376.825746363314
forecast_6415,2025-09-25 07:00:00,13103.809892589346,16596.484380566162,15317.479623757465
forecast_6416,2025-09-25 08:00:00,10667.253572200327,12438.405966960776,9450.180070139928
forecast_6417,2025-09-25 09:00:00,11555.959701777767,14003.81940316767,12419.53533663571
forecast_6418,2025-09-25 10:00:00,11319.505347286573,13617.445327541074,11247.138248760855
forecast_6419,2025-09-25 11:00:00,11628.066498199889,14753.387978162285,12082.318679893116
forecast_6420,2025-09-25 12:00:00,11353.193326098628,14021.481813354576,11663.425763007466
forecast_6421,2025-09-25 13:00:00,12603.628170200818,15483.128041278802,11478.707302261839
forecast_6422,2025-09-25 14:00:00,11148.46957091082,13046.566001585226,9871.409190203894
forecast_6423,2025-09-25 15:00:00,11590.80828835136,12572.308707381197,9842.747647485668
forecast_6424,2025-09-25 16:00:00,10921.81547159078,12669.687957883021,9602.644695825347
forecast_6425,2025-09-25 17:00:00,11172.373520518662,11692.192543976626,8817.92779036445
forecast_6426,2025-09-25 18:00:00,12618.066856948442,13555.240143495608,12129.156309088256
forecast_6427,2025-09-25 19:00:00,12672.588621927047,13970.17820292609,10629.004434325641
forecast_6428,2025-09-25 20:00:00,13278.724832144146,13201.265293632014,10630.75706827416
forecast_6429,2025-09-25 21:00:00,14360.568707454502,15344.492014270241,10373.078121266793
forecast_6430,2025-09-25 22:00:00,14798.483237568047,15901.36100971157,9130.661872644421
forecast_6431,2025-09-25 23:00:00,14564.262889518272,15535.810260611059,8900.330885194255
forecast_6432,2025-09-26 00:00:00,13647.123552207531,14537.273633303525,9721.6588954009
forecast_6433,2025-09-26 01:00:00,9392.92666380881,7912.686215921203,4517.356699028626
forecast_6434,2025-09-26 02:00:00,8864.111462445451,8485.657949793407,4172.109426098255
forecast_6435,2025-09-26 03:00:00,6901.9167763421665,6360.159391736138,3130.0158772972086
forecast_6436,2025-09-26 04:00:00,5646.926935336856,4705.808780307544,2679.556740195795
forecast_6437,2025-09-26 05:00:00,2696.176467695432,1971.5122126906444,1266.803466524011
forecast_6438,2025-09-26 06:00:00,1011.615378512753,494.7131067695946,714.6857096076528
forecast_6439,2025-09-26 07:00:00,259.0921278485038,326.8061715018842,310.9746869473726
forecast_6440,2025-09-26 08:00:00,0.0,14.882828496837508,0.0
forecast_6441,2025-09-26 09:00:00,0.0,0.0,0.0
forecast_6442,2025-09-26 10:00:00,33.075297020374315,0.0,17.623415415450957
forecast_6443,2025-09-26 11:00:00,20.433297395378982,0.0,20.603868818334014
forecast_6444,2025-09-26 12:00:00,18.057201377206017,7.769568295084749,10.953776940421552
forecast_6445,2025-09-26 13:00:00,26.045250917133167,0.0,23.496094726976146
forecast_6446,2025-09-26 14:00:00,0.0,0.0,0.0
forecast_6447,2025-09-26 15:00:00,0.0,0.0,31.976022157325875
forecast_6448,2025-09-26 16:00:00,0.0,0.0,0.0
forecast_6449,2025-09-26 17:00:00,4.961167425146871,0.0,3.5679140651983725
forecast_6450,2025-09-26 18:00:00,0.0,14.288156592700453,0.0
forecast_6451,2025-09-26 19:00:00,0.0,7.081572515030242,4.015215965926132
forecast_6452,2025-09-26 20:00:00,65.09411970092334,30.779629653367813,0.0
forecast_6453,2025-09-26 21:00:00,72.9973771230858,63.544916430503015,0.0
forecast_6454,2025-09-26 22:00:00,238.87221626899685,60.095670392860136,24.025951407373583
forecast_6455,2025-09-26 23:00:00,350.88695895314504,283.4821245474309,47.174906186626686
forecast_6456,2025-09-27 00:00:00,401.22558777006213,273.50921346848503,66.27736555896693
forecast_6457,2025-09-27 01:00:00,189.74090003463564,83.42705647655399,11.487774693062887
forecast_6458,2025-09-27 02:00:00,196.14127627472206,18.254851336213772,11.90363795354075
forecast_6459,2025-09-27 03:00:00,458.3056365237183,271.04064297476134,41.56855039612109
forecast_6460,2025-09-27 04:00:00,496.6643746195699,272.5108730235429,47.2195544245332
forecast_6461,2025-09-27 05:00:00,769.6429082229832,436.7309045327102,224.52686050149492
forecast_6462,2025-09-27 06:00:00,619.9775996509594,446.6925747001656,124.38495665825431
forecast_6463,2025-09-27 07:00:00,1511.1746559330816,1179.302895369055,295.85582647641723
forecast_6464,2025-09-27 08:00:00,2013.9130783492583,1187.8661765106356,352.6570506439936
forecast_6465,2025-09-27 09:00:00,1036.9053825213236,831.0617621880117,84.70340276707925
forecast_6466,2025-09-27 10:00:00,356.2102451133549,425.6848159374288,101.56733182283538
forecast_6467,2025-09-27 11:00:00,155.63717273492819,6.457997776438434,64.7234258007047
forecast_6468,2025-09-27 12:00:00,75.66987125048679,4.959339921604682,92.7029534033082
forecast_6469,2025-09-27 13:00:00,10.677045475316184,46.153993359250975,14.55258379812434
forecast_6470,2025-09-27 14:00:00,106.43985620606307,38.23101192430123,17.356011556630982
forecast_6471,2025-09-27 15:00:00,328.7759460266405,279.3795637165871,148.17673578043454
forecast_6472,2025-09-27 16:00:00,282.25108002849504,405.45703909801847,154.6698691728702
forecast_6473,2025-09-27 17:00:00,398.76061438006127,437.517640019716,46.44479823392025
forecast_6474,2025-09-27 18:00:00,406.9527152371999,595.738509570957,229.82897650814692
forecast_6475,2025-09-27 19:00:00,988.5939916345886,1406.1635532819757,702.2423967296652
forecast_6476,2025-09-27 20:00:00,1029.7890172296381,1344.4209566570069,355.08159912964544
forecast_6477,2025-09-27 21:00:00,601.134387020687,1119.1776483094034,111.0269828774349
forecast_6478,2025-09-27 22:00:00,1120.1135182725143,1450.419590678797,199.5054977104944
forecast_6479,2025-09-27 23:00:00,891.8178065458882,1620.9799111175898,223.38497937859873
forecast_6480,2025-09-28 00:00:00,764.7673389214629,1108.548224505803,200.8468936547487
forecast_6481,2025-09-28 01:00:00,3140.8955325390752,3831.205839994778,1671.6584957105476
forecast_6482,2025-09-28 02:00:00,3667.0279884776837,4347.279644056684,2521.6833868135805
forecast_6483,2025-09-28 03:00:00,4444.255264124153,5843.638665905172,2759.5859171386023
forecast_6484,2025-09-28 04:00:00,4602.803162059595,6092.182767585425,3057.170319373215
forecast_6485,2025-09-28 05:00:00,4532.040049996351,4965.696992247095,2632.124016281234
forecast_6486,2025-09-28 06:00:00,3905.0607195976163,4159.62341630434,2085.497851347143
forecast_6487,2025-09-28 07:00:00,3417.8563309870124,3699.0899027124697,2032.8972273997058
forecast_6488,2025-09-28 08:00:00,3854.0851857151033,4446.88406347591,1955.6423629048659
forecast_6489,2025-09-28 09:00:00,2055.3713722200164,2052.782179109488,909.1964568388485
forecast_6490,2025-09-28 10:00:00,3437.454936654278,3589.5426586075923,2957.4951571132046
forecast_6491,2025-09-28 11:00:00,2845.6889627581104,3476.889192590731,2209.192753928502
forecast_6492,2025-09-28 12:00:00,1961.6317766303869,1986.5886655033594,1031.6944168983732
forecast_6493,2025-09-28 13:00:00,1386.1595533463546,1359.9661924817733,1038.4829272760842
forecast_6494,2025-09-28 14:00:00,2499.5214990115305,2397.559594430339,984.7511316591763
forecast_6495,2025-09-28 15:00:00,2548.9044980357016,2664.4869037306526,1027.3267441101495
forecast_6496,2025-09-28 16:00:00,3206.268758359316,2702.0644577916178,1210.3320492398602
forecast_6497,2025-09-28 17:00:00,4048.949057266871,4412.826658644507,2708.8517208916514
forecast_6498,2025-09-28 18:00:00,3813.50412994179,4307.751746317672,2405.007624458126
forecast_6499,2025-09-28 19:00:00,4017.1003758080046,3709.044894244624,2277.4726568515593
forecast_6500,2025-09-28 20:00:00,4293.470051303619,4271.131373171277,2928.182168922718
forecast_6501,2025-09-28 21:00:00,4765.992778199664,5006.430728015991,3199.858856699552
forecast_6502,2025-09-28 22:00:00,4427.333527320782,4248.075142671764,2504.2055782957264
forecast_6503,2025-09-28 23:00:00,3724.0558969170465,3119.891356908425,1737.3826673767262
forecast_6504,2025-09-29 00:00:00,3650.990944001351,3310.988955921779,1761.1207636517224
forecast_6505,2025-09-29 01:00:00,2983.238693308425,2781.162789186465,1516.3268899292302
forecast_6506,2025-09-29 02:00:00,2444.79121974986,2222.5464744440524,985.9373264546824
forecast_6507,2025-09-29 03:00:00,2104.1661711936717,1857.5563740128673,825.9769886600035
forecast_6508,2025-09-29 04:00:00,2638.3168368363513,2370.297949465051,1208.2315981668812
forecast_6509,2025-09-29 05:00:00,2058.96066436346,1922.034883408388,949.6028201392461
forecast_6510,2025-09-29 06:00:00,1231.8947473270723,956.9810986490356,564.4644441126189
forecast_6511,2025-09-29 07:00:00,656.2903603874227,532.9472622001434,208.80927711116553
forecast_6512,2025-09-29 08:00:00,358.0431172321425,134.4160084489856,37.98132896729296
forecast_6513,2025-09-29 09:00:00,105.11420967161848,56.60925983711742,22.049281498086085
forecast_6514,2025-09-29 10:00:00,40.65760930932407,0.0,0.0
forecast_6515,2025-09-29 11:00:00,40.946168418811155,40.56401108086787,3.752649222311227
forecast_6516,2025-09-29 12:00:00,12.328849431722773,9.463523623236396,0.0
forecast_6517,2025-09-29 13:00:00,0.0,0.0,0.0
forecast_6518,2025-09-29 14:00:00,175.51473008287613,618.0496559340997,6.530513082091661
forecast_6519,2025-09-29 15:00:00,294.96277231321864,609.087538274371,170.860614733905
forecast_6520,2025-09-29 16:00:00,500.77876615614434,546.7849880302284,218.10104278662038
forecast_6521,2025-09-29 17:00:00,169.1324160659822,340.93183391786357,226.02276222765354
forecast_6522,2025-09-29 18:00:00,36.78639905826209,32.0985385879017,0.0
forecast_6523,2025-09-29 19:00:00,197.6322283198868,155.78138033332223,3.1095584512413015
forecast_6524,2025-09-29 20:00:00,160.52280290899145,157.57890112501275,16.30767439441013
forecast_6525,2025-09-29 21:00:00,46.61811063110533,214.84026120289917,28.860742276822013
forecast_6526,2025-09-29 22:00:00,419.39750739222234,394.74432653748596,0.0
forecast_6527,2025-09-29 23:00:00,517.9673165020031,655.0414798310275,6.204272287734908
forecast_6528,2025-09-30 00:00:00,428.74862462183796,671.4080339271957,248.2242498306181
forecast_6529,2025-09-30 01:00:00,927.2500148602185,683.0959729693718,625.5639883991363
forecast_6530,2025-09-30 02:00:00,1817.7448252504355,1716.139148340051,1226.7439962637586
forecast_6531,2025-09-30 03:00:00,1716.782038614667,1578.6026810577296,619.8017559290223
forecast_6532,2025-09-30 04:00:00,2452.8954156590953,2429.4722293779946,1666.74341745258
forecast_6533,2025-09-30 05:00:00,1867.6514210852995,1332.5482733268618,1087.7613506607859
forecast_6534,2025-09-30 06:00:00,629.542503575471,681.7142738738281,800.8992705556731
forecast_6535,2025-09-30 07:00:00,632.7636638743846,507.3890709575673,615.2307304804061
forecast_6536,2025-09-30 08:00:00,318.4358342577869,264.0953894867291,83.92256873414422
forecast_6537,2025-09-30 09:00:00,126.61749944248031,101.02275724185277,34.83065081236424
forecast_6538,2025-09-30 10:00:00,88.76917673527561,139.121349325183,73.1236829810399
forecast_6539,2025-09-30 11:00:00,100.39128219466012,63.74507057510423,188.33900440932055
forecast_6540,2025-09-30 12:00:00,459.658749349623,411.5224679006151,688.2393784211579
forecast_6541,2025-09-30 13:00:00,384.54100517078484,477.0900462751428,300.6628047774798
forecast_6542,2025-09-30 14:00:00,433.42008950559654,523.9852869738128,377.13577036703623
forecast_6543,2025-09-30 15:00:00,714.8117970130469,610.8791612635227,514.095293697387
forecast_6544,2025-09-30 16:00:00,726.0733302430987,617.4530409943702,768.8553375379089
forecast_6545,2025-09-30 17:00:00,617.0201802156265,653.5511194347854,389.8335677243896
forecast_6546,2025-09-30 18:00:00,1628.1427302865568,1607.0160572783932,931.5710900146615
forecast_6547,2025-09-30 19:00:00,1778.0204056327163,1418.4255229183768,1692.0390225686272
forecast_6548,2025-09-30 20:00:00,3114.583627707849,2509.170367266943,2539.9872869068176
forecast_6549,2025-09-30 21:00:00,3688.8061917628133,3104.4782109563475,2565.9129669094136
forecast_6550,2025-09-30 22:00:00,3880.9972703283197,3578.635655427355,2558.443117315957
forecast_6551,2025-09-30 23:00:00,3508.6334394037685,3623.3434669149487,2193.656171860068
forecast_6552,2025-10-01 00:00:00,5345.261314164541,5917.479278945191,3784.329763856006
forecast_6553,2025-10-01 01:00:00,6461.587182156564,6870.368821622562,4305.541688073743
forecast_6554,2025-10-01 02:00:00,7607.882462111782,7382.712484571961,4493.795473531467
forecast_6555,2025-10-01 03:00:00,7367.690681572939,6860.002819611819,3963.5922005101943
forecast_6556,2025-10-01 04:00:00,8350.359649185619,7369.435204485294,4049.809739398069
forecast_6557,2025-10-01 05:00:00,7729.686730647425,6462.255327034347,3998.3219218770073
forecast_6558,2025-10-01 06:00:00,7143.169966088754,6265.438359265864,3693.813476757049
forecast_6559,2025-10-01 07:00:00,6249.462333523865,5935.776492352186,2964.746301535203
forecast_6560,2025-10-01 08:00:00,2720.4458608359905,2850.0611692165194,1167.8186783311703
forecast_6561,2025-10-01 09:00:00,1631.4799092952346,1226.8404544971197,902.1608516812707
forecast_6562,2025-10-01 10:00:00,517.6461826065341,257.00989284366415,83.81483322166801
forecast_6563,2025-10-01 11:00:00,273.95108858595114,260.9886977645142,80.75196900611809
forecast_6564,2025-10-01 12:00:00,417.369211337078,225.71598545146074,125.67840938327673
forecast_6565,2025-10-01 13:00:00,1170.0244127662836,953.4352820264634,697.1246229673577
forecast_6566,2025-10-01 14:00:00,1483.5517799958898,1132.9273378453527,665.0501110099574
forecast_6567,2025-10-01 15:00:00,982.8003176028894,1011.913660269354,408.738756102396
forecast_6568,2025-10-01 16:00:00,1209.3704354042882,817.6628402777665,632.0900226758388
forecast_6569,2025-10-01 17:00:00,1101.8323193255546,1042.0330988275919,636.3561873012595
forecast_6570,2025-10-01 18:00:00,2401.2983731046156,1931.6612666852468,859.4531212534675
forecast_6571,2025-10-01 19:00:00,4454.325775495807,5268.600526496432,2727.7187445055424
forecast_6572,2025-10-01 20:00:00,6762.666515630614,7479.41685110572,4013.2518298034033
forecast_6573,2025-10-01 21:00:00,5034.753855082643,4583.897390953785,3042.783627159783
forecast_6574,2025-10-01 22:00:00,4452.306416150565,3854.2598424087637,2925.686863158508
forecast_6575,2025-10-01 23:00:00,3888.939998399206,3303.915837916243,1470.2697679729945
forecast_6576,2025-10-02 00:00:00,4879.707421452723,4280.413701186613,3192.6768442192215
forecast_6577,2025-10-02 01:00:00,5532.44334583813,6312.627793775722,3471.9253042149776
forecast_6578,2025-10-02 02:00:00,5346.6881830269185,5716.182389186125,3518.7120070961614
forecast_6579,2025-10-02 03:00:00,5563.45502210395,5768.92162609555,3089.242773033604
forecast_6580,2025-10-02 04:00:00,3823.628433841497,3063.7001133096624,2228.549403789385
forecast_6581,2025-10-02 05:00:00,2620.5163729954616,1776.4677032037953,1807.061709346967
forecast_6582,2025-10-02 06:00:00,1623.1664894683279,897.929570951407,1087.3727079387338
forecast_6583,2025-10-02 07:00:00,958.4140270221511,670.4895704305693,540.7592477319616
forecast_6584,2025-10-02 08:00:00,149.767885672026,109.46232206443322,107.29363186390495
forecast_6585,2025-10-02 09:00:00,33.74875852048432,16.92412774464951,0.0
forecast_6586,2025-10-02 10:00:00,26.45174865133202,9.976409786948489,0.3699997480158191
forecast_6587,2025-10-02 11:00:00,33.09886295356246,17.119982878854632,6.068205436296384
forecast_6588,2025-10-02 12:00:00,16.833270878140326,0.0,15.055626722916909
forecast_6589,2025-10-02 13:00:00,29.20808418172297,5.574368863658876,18.643056953371563
forecast_6590,2025-10-02 14:00:00,18.01175897075721,50.25053664217549,0.0
forecast_6591,2025-10-02 15:00:00,48.41125132555985,64.95493128711912,24.869309097817812
forecast_6592,2025-10-02 16:00:00,41.8067661216955,41.54411661850322,8.317633837194665
forecast_6593,2025-10-02 17:00:00,0.0,0.0,0.0
forecast_6594,2025-10-02 18:00:00,28.47644442077671,3.472321144069424,0.8069552754595158
forecast_6595,2025-10-02 19:00:00,0.0,0.0,2.2570334094436553
forecast_6596,2025-10-02 20:00:00,0.0,4.833639353005636,9.95123650657239
forecast_6597,2025-10-02 21:00:00,30.893352206416704,15.785480188362564,8.955609450966586
forecast_6598,2025-10-02 22:00:00,75.64752131940271,61.77019516966535,0.0
forecast_6599,2025-10-02 23:00:00,106.6791129620523,56.97898187541763,0.0
forecast_6600,2025-10-03 00:00:00,537.398007838374,320.53670033609075,62.44050442285136
forecast_6601,2025-10-03 01:00:00,1605.3740441010539,1719.4336931038042,530.4830438363593
forecast_6602,2025-10-03 02:00:00,1404.1249937281978,1277.5295536204626,564.6743039661156
forecast_6603,2025-10-03 03:00:00,1844.0302330634672,1571.1619353134186,287.7372935630326
forecast_6604,2025-10-03 04:00:00,1566.4504399598372,1225.9612102621586,382.5362260522406
forecast_6605,2025-10-03 05:00:00,1497.564346331356,1453.679638455476,210.06066121203966
forecast_6606,2025-10-03 06:00:00,1747.6208883692161,1970.7023524666745,602.3342778958275
forecast_6607,2025-10-03 07:00:00,2041.5976792414597,2425.624447742714,748.5090532468435
forecast_6608,2025-10-03 08:00:00,2458.0653890205094,1962.083168830698,652.5584667425661
forecast_6609,2025-10-03 09:00:00,2468.323489586605,2370.3078050268828,741.3148895191076
forecast_6610,2025-10-03 10:00:00,2838.495983252214,2924.8860515987885,1837.8987477099874
forecast_6611,2025-10-03 11:00:00,2943.837377503356,3182.3893536634114,1767.726208128429
forecast_6612,2025-10-03 12:00:00,3523.0476903647796,4476.384441229009,2999.518364879999
forecast_6613,2025-10-03 13:00:00,3249.8563921917275,3354.4934509175428,2484.800624063765
forecast_6614,2025-10-03 14:00:00,2901.8988998128193,3310.226711488957,2404.200519071259
forecast_6615,2025-10-03 15:00:00,2362.870713038417,2691.6737417250156,1411.0972045869466
forecast_6616,2025-10-03 16:00:00,2277.283973039281,2437.750532454857,1411.8684791030041
forecast_6617,2025-10-03 17:00:00,2192.5668420787233,3129.4039467104744,1267.5550550983635
forecast_6618,2025-10-03 18:00:00,2316.4333163364918,2664.6921935510254,1435.7260722535407
forecast_6619,2025-10-03 19:00:00,5558.092830301645,5296.6938963707335,2963.971738241563
forecast_6620,2025-10-03 20:00:00,5970.214513061978,5136.1247693405585,2972.648744526243
forecast_6621,2025-10-03 21:00:00,4945.595699530698,4282.153597894756,1920.7942202468046
forecast_6622,2025-10-03 22:00:00,4954.529665345527,4232.361757087446,2062.378419981381
forecast_6623,2025-10-03 23:00:00,4227.054495914175,4144.429742456828,1534.4182579477192
forecast_6624,2025-10-04 00:00:00,3455.5068874615067,3832.8815710941753,1554.399044759819
forecast_6625,2025-10-04 01:00:00,3301.355526631259,3816.395234040602,1134.720087853799
forecast_6626,2025-10-04 02:00:00,2326.5352136626534,2461.89557631829,939.1924713489947
forecast_6627,2025-10-04 03:00:00,2488.130244502169,2405.2213425791783,956.8201381789462
forecast_6628,2025-10-04 04:00:00,2567.040127938535,2415.4114803935986,840.2399941033123
forecast_6629,2025-10-04 05:00:00,2280.7899882066504,2737.9150627836734,1075.5358107177274
forecast_6630,2025-10-04 06:00:00,2405.001318943078,2734.945940909448,967.2389475697555
forecast_6631,2025-10-04 07:00:00,2064.5785054902267,2411.6267910714646,941.5256901215075
forecast_6632,2025-10-04 08:00:00,2086.5768045681903,2640.4202783528463,1155.888336648557
forecast_6633,2025-10-04 09:00:00,1877.3668885572465,2282.803495564616,1114.7111700430992
forecast_6634,2025-10-04 10:00:00,936.121757566936,1327.45193287375,439.1177306766735
forecast_6635,2025-10-04 11:00:00,723.5479499522727,1030.5393839810827,470.94028073870317
forecast_6636,2025-10-04 12:00:00,672.4197270204934,814.8016616242976,464.85605593702275
forecast_6637,2025-10-04 13:00:00,659.3608735833025,719.0152571314567,404.99675040237895
forecast_6638,2025-10-04 14:00:00,397.24439766922836,407.0390180531319,307.32578742425454
forecast_6639,2025-10-04 15:00:00,357.4384200618366,269.1457545278002,214.9384766334586
forecast_6640,2025-10-04 16:00:00,400.3982368845667,342.2345408923835,346.29943965082344
forecast_6641,2025-10-04 17:00:00,904.326330269548,1010.0419671405183,557.5378431252473
forecast_6642,2025-10-04 18:00:00,903.7318282453543,1162.82549244749,689.928052652527
forecast_6643,2025-10-04 19:00:00,503.67307567578825,479.18592240727264,359.9808916012802
forecast_6644,2025-10-04 20:00:00,380.36485401871016,571.8235429688237,386.3746758651209
forecast_6645,2025-10-04 21:00:00,778.5254571903129,1030.7383654006119,430.8879070861501
forecast_6646,2025-10-04 22:00:00,233.31841496565139,238.73863422857272,102.66038235841499
forecast_6647,2025-10-04 23:00:00,170.91856467407854,58.895620626667686,30.937110504309164
forecast_6648,2025-10-05 00:00:00,0.0,51.69644934842631,19.126573227876627
forecast_6649,2025-10-05 01:00:00,89.21503782211822,117.57276977486654,11.475834565137987
forecast_6650,2025-10-05 02:00:00,0.0,0.0,0.0
forecast_6651,2025-10-05 03:00:00,211.5934528402543,83.73811413841295,0.0
forecast_6652,2025-10-05 04:00:00,0.0,3.611670704410483,0.0
forecast_6653,2025-10-05 05:00:00,11.948139738008809,0.0,0.0
forecast_6654,2025-10-05 06:00:00,0.0,0.0,0.0
forecast_6655,2025-10-05 07:00:00,0.0,0.0,2.0415687145323784
forecast_6656,2025-10-05 08:00:00,0.0,0.0,0.0
forecast_6657,2025-10-05 09:00:00,0.0,30.964805329178965,0.0
forecast_6658,2025-10-05 10:00:00,0.0,22.77919458621838,0.8196840548528272
forecast_6659,2025-10-05 11:00:00,0.0,0.0,10.952732954433166
forecast_6660,2025-10-05 12:00:00,0.0,0.0,1.7009899554039998
forecast_6661,2025-10-05 13:00:00,0.0,43.5424030923388,17.721821358828365
forecast_6662,2025-10-05 14:00:00,0.0,0.0,4.451166074014581
forecast_6663,2025-10-05 15:00:00,0.0,40.298160769314315,74.4010435992059
forecast_6664,2025-10-05 16:00:00,219.65475513820897,182.6154320619165,28.030708328285012
forecast_6665,2025-10-05 17:00:00,256.72072429582704,150.52240719697713,47.60026347670274
forecast_6666,2025-10-05 18:00:00,323.9159778829407,226.7787380543725,150.17166791191573
forecast_6667,2025-10-05 19:00:00,649.3500634586131,795.3850880383255,316.90518084593117
forecast_6668,2025-10-05 20:00:00,773.1544043716622,786.2325340907494,363.1708944304051
forecast_6669,2025-10-05 21:00:00,1083.0970769371202,1248.2383923545547,503.7525843412674
forecast_6670,2025-10-05 22:00:00,936.2866007064433,937.522323607418,371.72658519217805
forecast_6671,2025-10-05 23:00:00,816.7461385367435,1193.3648010165382,265.4889936697549
forecast_6672,2025-10-06 00:00:00,751.2261593732948,907.1897332422519,262.8275806791039
forecast_6673,2025-10-06 01:00:00,471.19579691963094,636.9362715067364,142.9681201773962
forecast_6674,2025-10-06 02:00:00,829.6780115428799,1015.9400812858644,275.7173062876384
forecast_6675,2025-10-06 03:00:00,1777.3151823297985,2381.1818920092874,990.5193790541367
forecast_6676,2025-10-06 04:00:00,1817.9914941502043,2119.7504110459845,1006.3829593826879
forecast_6677,2025-10-06 05:00:00,2928.176330030083,3241.185819543199,2038.673144551835
forecast_6678,2025-10-06 06:00:00,4103.84346882305,4118.693216184027,2729.084828464906
forecast_6679,2025-10-06 07:00:00,6194.7607677521255,7348.545698479315,4862.513105986036
forecast_6680,2025-10-06 08:00:00,7970.798055848185,11046.863396135446,8200.020411721023
forecast_6681,2025-10-06 09:00:00,7554.487708658177,10446.89209000982,7238.97298218933
forecast_6682,2025-10-06 10:00:00,7419.192202002765,9687.31868046706,7298.425417722209
forecast_6683,2025-10-06 11:00:00,7329.773324699352,8864.64845037006,5692.7544237933635
forecast_6684,2025-10-06 12:00:00,4753.773628072382,6656.059218768431,4198.554283982924
forecast_6685,2025-10-06 13:00:00,3906.1398857069858,4908.192899398962,2757.625298631605
forecast_6686,2025-10-06 14:00:00,2570.3294951432636,3254.8851511457483,2055.0824925626066
forecast_6687,2025-10-06 15:00:00,2160.7607719801294,2787.929396169099,1876.7488580143238
forecast_6688,2025-10-06 16:00:00,2594.7983232110796,3217.847280757619,2367.889052123433
forecast_6689,2025-10-06 17:00:00,3911.888769163869,4777.662430395006,3251.5144670459545
forecast_6690,2025-10-06 18:00:00,6777.247852421043,6650.385893778505,5483.280529874444
forecast_6691,2025-10-06 19:00:00,7638.743326386466,7451.840788244798,5509.500198701765
forecast_6692,2025-10-06 20:00:00,6916.6388087288515,9526.484420271738,6020.706102436445
forecast_6693,2025-10-06 21:00:00,9443.798124138448,11964.219290559076,7557.313193374725
forecast_6694,2025-10-06 22:00:00,11468.723610190693,13770.040952034202,9172.003923635728
forecast_6695,2025-10-06 23:00:00,12202.749262973604,14588.980794413119,11437.934068266248
forecast_6696,2025-10-07 00:00:00,12061.985977477725,15087.789919970393,11943.146734145887
forecast_6697,2025-10-07 01:00:00,9881.190052087251,11489.511142253396,8288.63813177734
forecast_6698,2025-10-07 02:00:00,8707.530840035095,9783.63939515883,5925.77858026262
forecast_6699,2025-10-07 03:00:00,8642.519912385795,9824.010780805887,6595.9021154741195
forecast_6700,2025-10-07 04:00:00,8001.780026099327,9317.921571070032,5678.25095798911
forecast_6701,2025-10-07 05:00:00,7925.463908912008,8386.48910696449,5223.083899888862
forecast_6702,2025-10-07 06:00:00,8319.279526729768,9579.943185189639,5103.884899479134
forecast_6703,2025-10-07 07:00:00,6245.505883386673,7381.507963040213,3699.260248344697
forecast_6704,2025-10-07 08:00:00,5195.185190807126,6117.930037964702,2732.596375936615
forecast_6705,2025-10-07 09:00:00,4711.14243012132,6250.23114035016,2600.111592286478
forecast_6706,2025-10-07 10:00:00,2680.017309032447,2973.6678437000032,1268.4663054629716
forecast_6707,2025-10-07 11:00:00,2961.351418204153,3160.2833195040735,2220.684837876046
forecast_6708,2025-10-07 12:00:00,2503.4149999348388,2267.7981876170074,924.6171920403168
forecast_6709,2025-10-07 13:00:00,1846.2606067299012,2459.6225591780812,1339.9586476804743
forecast_6710,2025-10-07 14:00:00,1636.7498205689453,1457.3075180705373,605.973154182277
forecast_6711,2025-10-07 15:00:00,1717.9037022038183,1287.321028686554,501.5604967305582
forecast_6712,2025-10-07 16:00:00,1312.4913290246263,1042.5794178693561,380.53614784411764
forecast_6713,2025-10-07 17:00:00,652.5454107840858,639.8421524953103,54.365897662982476
forecast_6714,2025-10-07 18:00:00,749.7099656011387,811.6630515894389,35.27360138779545
forecast_6715,2025-10-07 19:00:00,554.0848881212426,687.1123078098057,50.78193350813723
forecast_6716,2025-10-07 20:00:00,240.2040037333412,356.6396235993893,0.0
forecast_6717,2025-10-07 21:00:00,205.04696477890627,171.0594374804555,18.980929342196326
forecast_6718,2025-10-07 22:00:00,76.24193293232783,120.34981673580388,3.487582161550948
forecast_6719,2025-10-07 23:00:00,126.8713797718867,119.79987756639407,30.21885190556539
forecast_6720,2025-10-08 00:00:00,141.4908994423931,36.40781949314153,71.30971951348008
forecast_6721,2025-10-08 01:00:00,16.470080954752802,41.59912601777849,1.0515682742274222
forecast_6722,2025-10-08 02:00:00,0.0,25.93347814864891,0.08145964996880926
forecast_6723,2025-10-08 03:00:00,0.0,0.0,3.1319892985467095
forecast_6724,2025-10-08 04:00:00,38.568906950238386,52.21634372778764,28.567719968210806
forecast_6725,2025-10-08 05:00:00,187.88597577333587,204.58554852332557,69.25313602448011
forecast_6726,2025-10-08 06:00:00,26.733453928331855,173.66651159510542,81.86490754940093
forecast_6727,2025-10-08 07:00:00,71.47103176123925,219.97678172192406,59.58968085135054
forecast_6728,2025-10-08 08:00:00,134.28978103366666,273.04910576240513,56.523215371400696
forecast_6729,2025-10-08 09:00:00,188.10063844939293,325.3587728948992,85.96797416772829
forecast_6730,2025-10-08 10:00:00,180.38857082068296,329.87480630657916,71.63427550481502
forecast_6731,2025-10-08 11:00:00,205.6706577745459,236.09859644587218,34.62904013252641
forecast_6732,2025-10-08 12:00:00,148.49923649534574,149.72195261933055,15.489458861994564
forecast_6733,2025-10-08 13:00:00,160.28059098135327,208.05804356843106,0.0
forecast_6734,2025-10-08 14:00:00,353.88499676401227,427.8736460474846,148.6727660267399
forecast_6735,2025-10-08 15:00:00,288.53288948293897,363.24364591013244,182.08102613874382
forecast_6736,2025-10-08 16:00:00,266.44730756861867,472.8992451049195,212.93567279617
forecast_6737,2025-10-08 17:00:00,370.17445541666206,709.3760852303529,302.7225869880676
forecast_6738,2025-10-08 18:00:00,600.1458399365976,816.0625100740931,332.8480295349835
forecast_6739,2025-10-08 19:00:00,1031.9381491309741,1257.2050368938326,645.1053956952759
forecast_6740,2025-10-08 20:00:00,2083.387574603518,2534.2403406861004,1322.4632073493058
forecast_6741,2025-10-08 21:00:00,2310.594684211301,2597.4689156082372,1426.8139235413432
forecast_6742,2025-10-08 22:00:00,3368.9057357164716,4130.414447703175,2603.9479645127212
forecast_6743,2025-10-08 23:00:00,3543.293225628625,4016.1077159256874,2727.2932699391786
forecast_6744,2025-10-09 00:00:00,4384.034609713643,5328.893478313828,3494.079086367233
forecast_6745,2025-10-09 01:00:00,4360.010803717329,5242.43963100805,3432.5941110538606
forecast_6746,2025-10-09 02:00:00,5328.131644330363,6912.706289299971,4011.0867361250616
forecast_6747,2025-10-09 03:00:00,5195.897869900045,5853.804611721382,3109.366652716314
forecast_6748,2025-10-09 04:00:00,4926.905648049794,6179.495988191668,3484.7484518773567
forecast_6749,2025-10-09 05:00:00,5399.643945157815,6928.783799525146,3907.6018343946007
forecast_6750,2025-10-09 06:00:00,5177.326351103726,6044.147114675907,3663.8833842396025
forecast_6751,2025-10-09 07:00:00,5250.613266320391,6378.435866247433,3480.1944657501144
forecast_6752,2025-10-09 08:00:00,4312.119684412289,5236.959209668961,3074.8803005227933
forecast_6753,2025-10-09 09:00:00,3652.0317431507556,5438.403255337177,3538.7359587545157
forecast_6754,2025-10-09 10:00:00,2810.240826859356,4101.087997425422,2492.7939939968564
forecast_6755,2025-10-09 11:00:00,2179.35508023632,3024.093641105517,1476.8878556178154
forecast_6756,2025-10-09 12:00:00,1580.076339102516,2174.316849589349,1311.6095502344172
forecast_6757,2025-10-09 13:00:00,1387.0261742695232,2156.9798785908347,1509.1258266200675
forecast_6758,2025-10-09 14:00:00,1048.6100083239835,1634.9323322155835,909.8190742530276
forecast_6759,2025-10-09 15:00:00,975.9631560534499,1417.8839370456815,846.7348475459191
forecast_6760,2025-10-09 16:00:00,995.4840784742385,1360.0601492164078,676.6569285188939
forecast_6761,2025-10-09 17:00:00,1088.6517579796985,1651.5902715872805,822.5011301350154
forecast_6762,2025-10-09 18:00:00,1104.0233073902562,1306.0393870509874,433.42237192957305
forecast_6763,2025-10-09 19:00:00,1143.2388648060023,1445.8687699257634,300.33383675218425
forecast_6764,2025-10-09 20:00:00,1750.6454997495396,1458.147597629116,555.6705974947575
forecast_6765,2025-10-09 21:00:00,1894.4328277999987,1091.5710797511606,586.0930722406155
forecast_6766,2025-10-09 22:00:00,1534.2422413442694,903.8647144745102,579.0768294937898
forecast_6767,2025-10-09 23:00:00,1520.6022602374176,1022.5460910858893,387.38468222183343
forecast_6768,2025-10-10 00:00:00,1536.4111826203552,926.3952774967325,276.42475461285943
forecast_6769,2025-10-10 01:00:00,2032.0330882890364,1276.7355864019294,261.53057455136855
forecast_6770,2025-10-10 02:00:00,2036.6029700895479,1309.5682673646504,306.78868583831934
forecast_6771,2025-10-10 03:00:00,2794.823201137624,1732.7822969190972,371.5779296664605
forecast_6772,2025-10-10 04:00:00,2985.6620962264824,1612.9535862954613,490.97554529041344
forecast_6773,2025-10-10 05:00:00,2403.745917408625,1288.1106418364081,323.41048305943116
forecast_6774,2025-10-10 06:00:00,2246.567538681162,1152.0323823004567,241.04880602914307
forecast_6775,2025-10-10 07:00:00,1996.674626067109,974.5314997569938,228.24183369730952
forecast_6776,2025-10-10 08:00:00,2384.9372647949403,1395.2985894617725,323.24950187207725
forecast_6777,2025-10-10 09:00:00,2041.2348155138488,1220.9778587349788,382.1416119374069
forecast_6778,2025-10-10 10:00:00,1046.9426775305085,891.7657379744425,278.0559668422498
forecast_6779,2025-10-10 11:00:00,703.1352870144478,648.8316295579923,270.08374833930645
forecast_6780,2025-10-10 12:00:00,654.418065559979,340.9897651099015,32.58735310592691
forecast_6781,2025-10-10 13:00:00,601.7637773004661,609.8689371093876,150.0368492879962
forecast_6782,2025-10-10 14:00:00,670.1815877326745,619.5428331308777,243.911194156162
forecast_6783,2025-10-10 15:00:00,721.9542877350679,819.5614811056704,364.9758477377661
forecast_6784,2025-10-10 16:00:00,646.489888507583,543.0165431154587,371.52587147816934
forecast_6785,2025-10-10 17:00:00,792.3124097310392,538.3520785341044,37.49105582254093
forecast_6786,2025-10-10 18:00:00,957.7206608865422,853.9778476764143,117.20393998192326
forecast_6787,2025-10-10 19:00:00,1658.0456326745011,1159.3609826977029,443.55969390304443
forecast_6788,2025-10-10 20:00:00,2176.5857194681994,1436.2461418729126,377.82428689074953
forecast_6789,2025-10-10 21:00:00,2480.901730782315,1787.6487411792098,1036.4220855462547
forecast_6790,2025-10-10 22:00:00,2964.989271965744,2832.489201355856,1218.6100505401098
forecast_6791,2025-10-10 23:00:00,2628.9807703902843,2215.3369599935822,877.3834636403049
forecast_6792,2025-10-11 00:00:00,2395.8295593222633,2152.593136047249,1424.7530276580676
forecast_6793,2025-10-11 01:00:00,4747.955173800181,4378.566425914959,1693.759344987636
forecast_6794,2025-10-11 02:00:00,3228.207885929952,3970.596477221327,2209.056416784096
forecast_6795,2025-10-11 03:00:00,3641.029182855418,4227.372152800284,2062.6989480832276
forecast_6796,2025-10-11 04:00:00,4861.92869710582,6388.256837125987,3270.0744425153316
forecast_6797,2025-10-11 05:00:00,6881.243143336072,9179.764128219118,4591.55272872051
forecast_6798,2025-10-11 06:00:00,6491.845241459717,8350.983514330203,4323.353597279952
forecast_6799,2025-10-11 07:00:00,6807.478216001479,8468.871493403505,4334.436449370562
forecast_6800,2025-10-11 08:00:00,7322.822585038869,8323.86584675234,5144.873359244526
forecast_6801,2025-10-11 09:00:00,7777.338485017468,8909.237358993496,4879.946341312434
forecast_6802,2025-10-11 10:00:00,6845.179133952055,7330.31246352395,5426.182731925504
forecast_6803,2025-10-11 11:00:00,6363.594388949819,6867.517789807162,4165.1078851793845
forecast_6804,2025-10-11 12:00:00,6761.901221313694,8165.373032156149,5086.563517147336
forecast_6805,2025-10-11 13:00:00,6745.995702134684,8824.141069013182,6287.33468551839
forecast_6806,2025-10-11 14:00:00,6754.294325544383,8171.864510479537,6311.357090900722
forecast_6807,2025-10-11 15:00:00,7497.979856869249,9010.853670361457,6920.797467967848
forecast_6808,2025-10-11 16:00:00,8127.306752709872,9809.485355194693,7060.836726077946
forecast_6809,2025-10-11 17:00:00,8126.2679450421465,8629.349112395745,6406.161848535394
forecast_6810,2025-10-11 18:00:00,8854.338039698168,9736.410642950852,7860.824533918271
forecast_6811,2025-10-11 19:00:00,9203.94736775119,10425.737349074587,8250.98903978505
forecast_6812,2025-10-11 20:00:00,10560.66374076817,12275.08822008234,9389.327113975043
forecast_6813,2025-10-11 21:00:00,11376.887055588473,11785.785740905609,8570.585325011101
forecast_6814,2025-10-11 22:00:00,10060.82783227796,11397.030605776301,7972.464953361614
forecast_6815,2025-10-11 23:00:00,9125.836235127601,11495.928067953893,8022.902756546575
forecast_6816,2025-10-12 00:00:00,9117.059165079132,10727.194148277888,5411.454979911375
forecast_6817,2025-10-12 01:00:00,9510.141813999058,11523.89044503686,7254.265311317659
forecast_6818,2025-10-12 02:00:00,8646.676838782403,10370.51012534417,4768.264358030156
forecast_6819,2025-10-12 03:00:00,6255.17183064702,6158.892533044725,4089.9578486294445
forecast_6820,2025-10-12 04:00:00,5252.128076303585,5034.582347411148,3742.7810289975982
forecast_6821,2025-10-12 05:00:00,3104.9521703983914,2671.483858125169,1995.9050718111264
forecast_6822,2025-10-12 06:00:00,2742.7383339695643,3240.895361635755,1610.8956576490875
forecast_6823,2025-10-12 07:00:00,2009.4591488447588,2221.976770773235,1395.3533431570263
forecast_6824,2025-10-12 08:00:00,1734.00470390407,1847.2540244242095,1203.384215421982
forecast_6825,2025-10-12 09:00:00,2176.664923590293,2416.857450376579,1387.3718035858258
forecast_6826,2025-10-12 10:00:00,2780.5868919896707,3227.650045754113,3038.9222412322947
forecast_6827,2025-10-12 11:00:00,3363.0640701351595,4121.781752882337,2977.1430764256916
forecast_6828,2025-10-12 12:00:00,2895.7986487972985,3857.693471536534,2443.991826380911
forecast_6829,2025-10-12 13:00:00,2596.4956990947344,3671.0802510580424,2669.7046251159386
forecast_6830,2025-10-12 14:00:00,3113.065283710984,4891.877423689894,3316.44423330613
forecast_6831,2025-10-12 15:00:00,3195.1850879172393,4648.074620827937,3438.841425414867
forecast_6832,2025-10-12 16:00:00,3112.3582419962186,3670.9096129772993,1865.1583424107534
forecast_6833,2025-10-12 17:00:00,2806.7415061299475,4824.142472532298,3111.9796618423397
forecast_6834,2025-10-12 18:00:00,3894.0853684696663,5334.3235225480175,3772.3844786237723
forecast_6835,2025-10-12 19:00:00,4731.373141532085,6341.324672997055,4840.542921430666
forecast_6836,2025-10-12 20:00:00,5225.820189863964,6901.868402048854,4550.41733678194
forecast_6837,2025-10-12 21:00:00,5023.440356722578,6083.632576536534,4852.303012298818
forecast_6838,2025-10-12 22:00:00,4082.547754718517,5590.454938648156,3129.502788397382
forecast_6839,2025-10-12 23:00:00,2719.978664690775,3226.358042248543,1903.376356398614
forecast_6840,2025-10-13 00:00:00,2712.772817287321,3784.88650192437,2001.3675946514304
forecast_6841,2025-10-13 01:00:00,1610.313002587375,1788.2899047024778,342.1725824449904
forecast_6842,2025-10-13 02:00:00,1104.2636611323449,1233.7264470793573,283.1707817036135
forecast_6843,2025-10-13 03:00:00,1027.7322325589973,1099.5939966374037,209.171450739437
forecast_6844,2025-10-13 04:00:00,408.32346039792105,560.9084329855533,64.23134786546103
forecast_6845,2025-10-13 05:00:00,899.3548229219502,935.8314535649962,341.363125061771
forecast_6846,2025-10-13 06:00:00,2227.64995851218,2634.0890183736637,1575.9448733710037
forecast_6847,2025-10-13 07:00:00,3086.0095311089262,3785.671388700257,2303.5621074358037
forecast_6848,2025-10-13 08:00:00,2982.7733653772,3749.3184729816467,2050.5150679952876
forecast_6849,2025-10-13 09:00:00,2502.075495840273,3153.6039232957482,1843.6556338708833
forecast_6850,2025-10-13 10:00:00,2216.570945349884,3336.03064371432,2074.0125183081827
forecast_6851,2025-10-13 11:00:00,2310.769335261052,3243.096167801433,1730.0472964419591
forecast_6852,2025-10-13 12:00:00,2195.2253420596,3575.151999375464,1672.8919036376471
forecast_6853,2025-10-13 13:00:00,1956.753384183577,2972.062696106187,1731.8361882402428
forecast_6854,2025-10-13 14:00:00,2495.8853715249993,3292.3401836059497,1717.4153307149704
forecast_6855,2025-10-13 15:00:00,2871.9537046501828,4092.538153322666,2468.228579231571
forecast_6856,2025-10-13 16:00:00,3605.7725495323252,4545.068714242686,2734.8070538619645
forecast_6857,2025-10-13 17:00:00,3464.048036254714,5136.387487774221,3140.156989385259
forecast_6858,2025-10-13 18:00:00,3904.942134135339,4578.381872803156,3159.0604048935566
forecast_6859,2025-10-13 19:00:00,3807.1666490786997,4804.996286691848,3215.8965524045884
forecast_6860,2025-10-13 20:00:00,4117.246464096511,4380.7027516996795,2210.078133639337
forecast_6861,2025-10-13 21:00:00,4847.517759096805,5649.50615445961,3990.532026230803
forecast_6862,2025-10-13 22:00:00,4803.240878110389,5976.821776226272,3588.9890620497345
forecast_6863,2025-10-13 23:00:00,5731.3536325884315,5450.853198895357,3301.566402071315
forecast_6864,2025-10-14 00:00:00,5444.401328597669,5594.676489283807,2428.497086572566
forecast_6865,2025-10-14 01:00:00,6309.843878212307,5723.832091330429,3550.7545954904417
forecast_6866,2025-10-14 02:00:00,6616.422158416123,8150.988059836382,4948.617772490108
forecast_6867,2025-10-14 03:00:00,6472.463144717074,7621.10484930653,3976.1444191825562
forecast_6868,2025-10-14 04:00:00,5950.583827969794,7402.677890328177,3832.517781800082
forecast_6869,2025-10-14 05:00:00,4966.879994855599,6313.192541530006,3518.0264469474155
forecast_6870,2025-10-14 06:00:00,4548.2165868161255,5857.285180331438,3028.7344917311443
forecast_6871,2025-10-14 07:00:00,3609.171644570644,5098.812226564923,2336.0198738270315
forecast_6872,2025-10-14 08:00:00,3440.012770362439,4933.7697918895,2842.43080012917
forecast_6873,2025-10-14 09:00:00,4201.484692590453,5037.124316035583,3281.2304390246068
forecast_6874,2025-10-14 10:00:00,4391.5943981586015,5646.391941331118,3721.7516024497345
forecast_6875,2025-10-14 11:00:00,3970.974543324077,5609.911617182681,3818.33456063512
forecast_6876,2025-10-14 12:00:00,3597.941748606107,5063.251607013835,3240.921427406461
forecast_6877,2025-10-14 13:00:00,2761.8493332626995,4113.755625097787,2770.2691052748023
forecast_6878,2025-10-14 14:00:00,2561.410428483943,4732.836370834696,3349.4107507806043
forecast_6879,2025-10-14 15:00:00,2903.468873207259,4493.829634987892,3262.131364534675
forecast_6880,2025-10-14 16:00:00,2073.2379759121286,2763.965659541752,1694.4946623189765
forecast_6881,2025-10-14 17:00:00,2394.7472385076844,4002.0225089841447,2564.248702538843
forecast_6882,2025-10-14 18:00:00,3214.5287436162075,4265.373253736474,2871.992354262687
forecast_6883,2025-10-14 19:00:00,2121.0023735101126,3351.094358992527,1782.3191991438146
forecast_6884,2025-10-14 20:00:00,3408.5836055206237,4770.130239609674,2833.4932285129607
forecast_6885,2025-10-14 21:00:00,3599.763728750171,4847.731541788769,2048.8314521161196
forecast_6886,2025-10-14 22:00:00,3440.1854178226995,4799.129626590012,2397.611321416484
forecast_6887,2025-10-14 23:00:00,3405.1463863022964,3707.6528183691867,2214.702345773856
forecast_6888,2025-10-15 00:00:00,3320.196130047828,3663.5188164798415,2132.2470902432115
forecast_6889,2025-10-15 01:00:00,3385.4055094335677,4375.9861384016785,1783.1948395575332
forecast_6890,2025-10-15 02:00:00,3483.837006857253,4050.7611561190643,1584.2663785183252
forecast_6891,2025-10-15 03:00:00,3594.7496379837503,3759.4584375742525,1891.9631224326274
forecast_6892,2025-10-15 04:00:00,2746.360512286418,3532.959200580257,1570.4122135100386
forecast_6893,2025-10-15 05:00:00,2501.1728721442505,2858.135450911191,1218.4401805669236
forecast_6894,2025-10-15 06:00:00,2409.903980400107,2625.1865163392226,1195.826862746561
forecast_6895,2025-10-15 07:00:00,2278.050818897436,1887.6718563046813,745.7888796113382
forecast_6896,2025-10-15 08:00:00,2270.932238838686,2219.5393940925524,882.7744518597068
forecast_6897,2025-10-15 09:00:00,1890.2517235648052,1860.332816950753,843.5426208668322
forecast_6898,2025-10-15 10:00:00,1436.1119674449133,1599.7654640281824,686.9992785191198
forecast_6899,2025-10-15 11:00:00,1281.1265363642528,1113.338775065824,393.18080833825815
forecast_6900,2025-10-15 12:00:00,867.4761564133195,909.0286368488497,459.57537253422464
forecast_6901,2025-10-15 13:00:00,699.3037202736683,636.4179494370076,262.3849333231266
forecast_6902,2025-10-15 14:00:00,657.3681696560382,405.72469669863887,228.29741056660663
forecast_6903,2025-10-15 15:00:00,545.7211179589435,518.4859562232286,385.2394375084856
forecast_6904,2025-10-15 16:00:00,569.8044449427177,708.7496852823651,418.5630266789745
forecast_6905,2025-10-15 17:00:00,872.9524466477839,987.8149028465274,115.70747888822758
forecast_6906,2025-10-15 18:00:00,847.0483648133742,717.6003987677161,278.02014782103475
forecast_6907,2025-10-15 19:00:00,1244.1630735722501,1171.1410978484596,305.35910813751764
forecast_6908,2025-10-15 20:00:00,1797.9220211254801,2082.271438929989,710.283874356073
forecast_6909,2025-10-15 21:00:00,2738.0864724670323,3204.4761439595654,1414.8942205374951
forecast_6910,2025-10-15 22:00:00,2978.395592184676,3142.9190471037223,1081.5933914880443
forecast_6911,2025-10-15 23:00:00,4260.468660992517,3983.7144772267216,1551.3627245173805
forecast_6912,2025-10-16 00:00:00,3439.75743973267,4114.281682492885,2599.6077181394003
forecast_6913,2025-10-16 01:00:00,2661.846345154647,1970.0976696345267,788.940054471324
forecast_6914,2025-10-16 02:00:00,2065.981317946572,2422.489672341728,1306.7480489340128
forecast_6915,2025-10-16 03:00:00,1076.1204998686014,1433.7235963921948,808.9681698794695
forecast_6916,2025-10-16 04:00:00,876.8100776138695,720.9082754644664,487.06625037094847
forecast_6917,2025-10-16 05:00:00,1457.4892842313823,1785.7933528531482,1140.300953971431
forecast_6918,2025-10-16 06:00:00,1550.3127039542142,1984.9955496515963,1200.6130542453384
forecast_6919,2025-10-16 07:00:00,3217.768210055956,3733.001310268492,2608.5443584605005
forecast_6920,2025-10-16 08:00:00,2703.821820543229,4007.335291691871,2533.6960266123797
forecast_6921,2025-10-16 09:00:00,3026.4346897654605,4359.989925574135,2688.3494891726723
forecast_6922,2025-10-16 10:00:00,2640.045439049835,3618.7672626252183,2263.8770514612343
forecast_6923,2025-10-16 11:00:00,2510.965921472886,3703.3881375973256,2138.567866632555
forecast_6924,2025-10-16 12:00:00,2484.841457217818,3646.026373134919,2338.0369501160194
forecast_6925,2025-10-16 13:00:00,3129.5995436513485,3548.444156707541,2632.544542324144
forecast_6926,2025-10-16 14:00:00,3815.5207473692817,4129.557224359137,3039.761463247312
forecast_6927,2025-10-16 15:00:00,2454.4402885155405,3569.4513999426977,2017.5079063409476
forecast_6928,2025-10-16 16:00:00,1685.9334415458454,2088.444458255758,1495.8454025670785
forecast_6929,2025-10-16 17:00:00,1567.9748978076427,2317.9888872932047,1417.6958283753422
forecast_6930,2025-10-16 18:00:00,1794.1108483622334,2298.251802288385,1336.9879490629219
forecast_6931,2025-10-16 19:00:00,2410.5526142540566,3261.142355527509,1517.4857841956805
forecast_6932,2025-10-16 20:00:00,2898.117006236487,4041.6187025097056,2092.3569914245754
forecast_6933,2025-10-16 21:00:00,3055.357096553413,4220.435120389711,2368.707377853794
forecast_6934,2025-10-16 22:00:00,2605.621688512786,3745.8642364894977,2005.862332319589
forecast_6935,2025-10-16 23:00:00,3061.4516270394843,4193.716845567656,1918.234009157605
forecast_6936,2025-10-17 00:00:00,2746.9162069382974,3555.6077912498504,1726.5652427764235
forecast_6937,2025-10-17 01:00:00,3353.042350424602,4619.901115732752,2358.4300075981932
forecast_6938,2025-10-17 02:00:00,3247.504014002024,4022.5237040780376,1892.9680382225072
forecast_6939,2025-10-17 03:00:00,3143.2424673951873,4401.750077365652,1833.3043795418896
forecast_6940,2025-10-17 04:00:00,2998.241685067813,3692.3070946541948,1474.02196784628
forecast_6941,2025-10-17 05:00:00,2930.50675544073,2627.774759543285,1327.8612901573103
forecast_6942,2025-10-17 06:00:00,2289.187606729595,1579.617232400726,644.5720954724409
forecast_6943,2025-10-17 07:00:00,2209.124218568665,1359.472840320012,489.5241614829819
forecast_6944,2025-10-17 08:00:00,2143.0327105542488,983.7784057777474,312.2435204042509
forecast_6945,2025-10-17 09:00:00,2041.1671274696716,1187.8510388069622,511.8464183319987
forecast_6946,2025-10-17 10:00:00,1409.997581487648,895.4326614709178,317.443486441724
forecast_6947,2025-10-17 11:00:00,1057.150528537423,498.90071723291936,198.75313551029978
forecast_6948,2025-10-17 12:00:00,601.9971923351378,278.9384350425691,93.76497724484321
forecast_6949,2025-10-17 13:00:00,546.7048855829536,309.2331165125961,131.9908942805212
forecast_6950,2025-10-17 14:00:00,449.25248254484274,278.9532144933341,99.29773117009788
forecast_6951,2025-10-17 15:00:00,250.81302936217375,479.5184256830806,140.05435121187574
forecast_6952,2025-10-17 16:00:00,395.81998921432535,371.1598027433919,158.1446530248699
forecast_6953,2025-10-17 17:00:00,677.3143056380105,578.225033507802,246.26655982534257
forecast_6954,2025-10-17 18:00:00,1192.1597017461334,990.9079089310355,330.70812803724044
forecast_6955,2025-10-17 19:00:00,1427.1324407138147,1550.205890216243,544.7494352429953
forecast_6956,2025-10-17 20:00:00,2071.697748070676,1907.2887005045284,866.5880050815888
forecast_6957,2025-10-17 21:00:00,3989.919003499751,5003.828830814763,2068.2272043116445
forecast_6958,2025-10-17 22:00:00,4403.95526265756,5607.341340347418,3265.2238193681706
forecast_6959,2025-10-17 23:00:00,4689.2631979189755,6052.86802795271,2893.5050909378338
forecast_6960,2025-10-18 00:00:00,3447.751088754176,3933.105773355071,2111.97130210235
forecast_6961,2025-10-18 01:00:00,2661.7087902379444,2169.1778741307216,1849.4968856809874
forecast_6962,2025-10-18 02:00:00,3148.8483245814214,3515.722553866677,1654.6025954641616
forecast_6963,2025-10-18 03:00:00,3648.210290836738,4029.044441624076,1523.7726307521675
forecast_6964,2025-10-18 04:00:00,3908.651197604529,4096.282681724023,1726.2684620724785
forecast_6965,2025-10-18 05:00:00,3749.805428451035,3394.6179228722285,2535.6540265442686
forecast_6966,2025-10-18 06:00:00,2025.949862378675,2594.411414470049,1559.100053551843
forecast_6967,2025-10-18 07:00:00,2089.142252181453,2534.580025060447,1761.9198781213524
forecast_6968,2025-10-18 08:00:00,1425.2943136390377,1396.3169179825002,1110.1928509554782
forecast_6969,2025-10-18 09:00:00,927.5413509186437,1121.6519950736688,741.8625769266043
forecast_6970,2025-10-18 10:00:00,1168.1793403943568,1257.4346922819043,988.1063454083762
forecast_6971,2025-10-18 11:00:00,1076.2443834047453,1188.8898896593264,942.081180234506
forecast_6972,2025-10-18 12:00:00,887.8086357075565,821.14857174279,810.0798200603679
forecast_6973,2025-10-18 13:00:00,1399.5028051937759,1186.2427077926495,719.191732269141
forecast_6974,2025-10-18 14:00:00,505.5434409402872,1246.3185536670994,818.0300174166201
forecast_6975,2025-10-18 15:00:00,1702.668618551803,2628.359376221162,2277.4374860109633
forecast_6976,2025-10-18 16:00:00,2497.5164160167888,3558.320558932165,2412.580589042775
forecast_6977,2025-10-18 17:00:00,2032.6621761677836,2829.211866618036,1354.5985351292197
forecast_6978,2025-10-18 18:00:00,1566.6742887965004,2406.5121216483208,930.1611010724739
forecast_6979,2025-10-18 19:00:00,1587.5873226319413,2497.4353888783426,913.3382234893396
forecast_6980,2025-10-18 20:00:00,1412.470287535312,2380.718417924696,985.1449055345072
forecast_6981,2025-10-18 21:00:00,1579.461812258505,2386.231068368351,927.8243568430323
forecast_6982,2025-10-18 22:00:00,1531.2059378603906,1468.8358614586969,678.1426071422878
forecast_6983,2025-10-18 23:00:00,1322.2931374824152,1158.9292125149911,572.1065170787583
forecast_6984,2025-10-19 00:00:00,828.0928063391842,732.0663552039161,407.4007449076113
forecast_6985,2025-10-19 01:00:00,587.8341014128736,573.3682177537114,222.22096102305701
forecast_6986,2025-10-19 02:00:00,378.5758526097164,476.9199607885237,242.60061543696258
forecast_6987,2025-10-19 03:00:00,387.09772045648236,421.3900396079946,248.67710692023667
forecast_6988,2025-10-19 04:00:00,384.5901316107421,500.91286871577535,221.54040839963
forecast_6989,2025-10-19 05:00:00,255.15452641257707,403.48104686723883,155.3897027933474
forecast_6990,2025-10-19 06:00:00,90.61421966085878,158.01066727246234,31.552591400165017
forecast_6991,2025-10-19 07:00:00,232.72772037713503,207.0114874081092,69.58607898321503
forecast_6992,2025-10-19 08:00:00,655.6809719109951,282.24957126668636,84.99975998905379
forecast_6993,2025-10-19 09:00:00,800.1550482060045,499.9635031467487,54.54579991266184
forecast_6994,2025-10-19 10:00:00,474.91584648005784,583.5138665033919,134.11983074298394
forecast_6995,2025-10-19 11:00:00,400.0915787264475,455.5390510671761,214.49199791733054
forecast_6996,2025-10-19 12:00:00,314.04378986013967,312.3029901356585,282.40042975683673
forecast_6997,2025-10-19 13:00:00,1053.4502744630922,1447.3240398405899,1022.0740679770066
forecast_6998,2025-10-19 14:00:00,2351.9842358243754,2269.334427407877,1847.9297515133123
forecast_6999,2025-10-19 15:00:00,3367.1097952573923,3214.69123034268,2548.433918398114
forecast_7000,2025-10-19 16:00:00,5703.801125349574,5306.096927909721,3108.8862804260602
forecast_7001,2025-10-19 17:00:00,5435.806631583732,5100.641912001497,3572.8702210612196
forecast_7002,2025-10-19 18:00:00,5034.551269145685,4753.861426203369,3588.37332584443
forecast_7003,2025-10-19 19:00:00,5748.7910663470275,6000.630744253909,3455.145665215725
forecast_7004,2025-10-19 20:00:00,6097.096206625219,6260.782793750362,3858.145409112046
forecast_7005,2025-10-19 21:00:00,5392.8197166492455,4602.912518199004,2454.457219445121
forecast_7006,2025-10-19 22:00:00,3693.746989215095,3459.0355191404833,1531.2355044572398
forecast_7007,2025-10-19 23:00:00,2881.3181295242075,2415.2373288510776,1557.4145966182823
forecast_7008,2025-10-20 00:00:00,2330.1839814976274,1961.5171645288176,1418.610634596075
forecast_7009,2025-10-20 01:00:00,985.682896637993,967.754161655797,801.5342896448793
forecast_7010,2025-10-20 02:00:00,956.5384603850935,833.1165312793215,585.9083313199288
forecast_7011,2025-10-20 03:00:00,862.5168724256553,944.8478040249765,799.2158824399148
forecast_7012,2025-10-20 04:00:00,929.1944186741447,1132.3229214413516,1052.6528336138674
forecast_7013,2025-10-20 05:00:00,1020.7660875091198,1272.7063146184355,948.9619150562098
forecast_7014,2025-10-20 06:00:00,942.1253023919933,1104.1936359364197,792.4099805209108
forecast_7015,2025-10-20 07:00:00,833.0342277952332,932.9533728743128,673.7831915854515
forecast_7016,2025-10-20 08:00:00,910.7802915664878,1110.0728275747447,760.4106175547169
forecast_7017,2025-10-20 09:00:00,2354.652705183144,2284.1976431470907,2033.759800008868
forecast_7018,2025-10-20 10:00:00,1510.8159732753736,1840.6964785622026,1811.2827697402204
forecast_7019,2025-10-20 11:00:00,1610.8004881037218,2166.164303168421,2002.5708774954524
forecast_7020,2025-10-20 12:00:00,1364.3179768428136,2406.6012644001717,2093.332191547295
forecast_7021,2025-10-20 13:00:00,1336.703586673884,1971.3861816592992,1608.7012261009572
forecast_7022,2025-10-20 14:00:00,889.899168170503,1412.5609400285655,943.089799017615
forecast_7023,2025-10-20 15:00:00,728.6355718526323,999.315334647349,571.6697908219402
forecast_7024,2025-10-20 16:00:00,686.8126925009124,794.9547544380763,312.097079758275
forecast_7025,2025-10-20 17:00:00,908.8708868946892,1048.4600828639407,419.3102330214879
forecast_7026,2025-10-20 18:00:00,673.7854607516565,864.7843820713156,391.6058888203796
forecast_7027,2025-10-20 19:00:00,632.5024637293473,636.7461045660024,188.87874173392885
forecast_7028,2025-10-20 20:00:00,173.66825271758609,237.14398903417052,5.76875267056402
forecast_7029,2025-10-20 21:00:00,86.84899769951065,85.24479160667627,11.024048059685594
forecast_7030,2025-10-20 22:00:00,121.68855063070683,81.52077348198884,9.954008126646123
forecast_7031,2025-10-20 23:00:00,119.21260459017738,74.66465243669113,28.62049856827999
forecast_7032,2025-10-21 00:00:00,108.22196560362805,167.3587714736161,25.37468159601507
forecast_7033,2025-10-21 01:00:00,938.7694960794796,621.2508938531076,187.71456596860656
forecast_7034,2025-10-21 02:00:00,787.0253077762377,697.6806743090059,344.44317993590096
forecast_7035,2025-10-21 03:00:00,925.1444451122443,656.0758959979167,201.6802141050308
forecast_7036,2025-10-21 04:00:00,1209.5847368011955,1008.7788149343326,436.4339397201747
forecast_7037,2025-10-21 05:00:00,2050.3084591176184,1354.6172229078607,867.8076571344161
forecast_7038,2025-10-21 06:00:00,1329.7547578488188,801.7614514761045,241.18768367410405
forecast_7039,2025-10-21 07:00:00,214.0002135894885,214.1286781728119,119.69017242651529
forecast_7040,2025-10-21 08:00:00,850.435613937313,621.3728650040703,257.396011216681
forecast_7041,2025-10-21 09:00:00,456.1671909877909,299.4365629114751,221.25880219287254
forecast_7042,2025-10-21 10:00:00,35.009916320042784,50.64789854137698,21.502736095735845
forecast_7043,2025-10-21 11:00:00,0.0,35.08126105442868,43.27023196620465
forecast_7044,2025-10-21 12:00:00,0.0,10.330255861168787,29.557474788918974
forecast_7045,2025-10-21 13:00:00,82.08379737704163,53.96138844949158,10.711867029217498
forecast_7046,2025-10-21 14:00:00,73.43221710818788,159.04235355567457,68.45696201172818
forecast_7047,2025-10-21 15:00:00,338.06505149985713,304.627244585574,157.27146439335044
forecast_7048,2025-10-21 16:00:00,163.6611832088177,277.09324797776657,163.26828968587012
forecast_7049,2025-10-21 17:00:00,137.9420752309661,161.4699230810334,52.89949061464931
forecast_7050,2025-10-21 18:00:00,118.82768744133966,69.66154041074188,53.99926241961725
forecast_7051,2025-10-21 19:00:00,139.41576762293235,190.60108698684473,53.60291617665902
forecast_7052,2025-10-21 20:00:00,148.5543589261048,351.15656726058023,122.7186805385021
forecast_7053,2025-10-21 21:00:00,586.664234116719,428.3354366466662,347.596084822269
forecast_7054,2025-10-21 22:00:00,330.94995884516106,291.8080094084282,300.65769685956474
forecast_7055,2025-10-21 23:00:00,536.8208333826415,267.7525850598065,172.22703525852194
forecast_7056,2025-10-22 00:00:00,1232.0107691256533,1343.5393961654433,586.4717877611721
forecast_7057,2025-10-22 01:00:00,345.06740465652257,322.3618052004534,110.87998869819344
forecast_7058,2025-10-22 02:00:00,595.8339919627065,669.8331581651798,180.58734166960215
forecast_7059,2025-10-22 03:00:00,572.8560368328092,699.8574403618624,221.58237079401658
forecast_7060,2025-10-22 04:00:00,923.0790099856054,1175.144910467883,451.8113586151989
forecast_7061,2025-10-22 05:00:00,843.3633473293953,984.1686330820116,500.7754189610663
forecast_7062,2025-10-22 06:00:00,1222.5614085054822,1128.1697682554875,792.551044268698
forecast_7063,2025-10-22 07:00:00,861.6716277412119,937.1147479487844,497.85826422963834
forecast_7064,2025-10-22 08:00:00,1320.55940337456,1503.5146807127176,842.569550822943
forecast_7065,2025-10-22 09:00:00,1421.8886886591094,2002.5889952198613,1600.8125512735066
forecast_7066,2025-10-22 10:00:00,940.405332036858,1586.2099830274092,1140.6014550733428
forecast_7067,2025-10-22 11:00:00,1514.9414748450936,1471.404449650206,904.293988800029
forecast_7068,2025-10-22 12:00:00,2152.029971710486,2932.878415587047,1735.0400248560118
forecast_7069,2025-10-22 13:00:00,2024.629144692776,2998.176132326617,1653.2386679309088
forecast_7070,2025-10-22 14:00:00,969.8750137411653,1072.5550558969574,483.2917536634888
forecast_7071,2025-10-22 15:00:00,1145.0130241350107,1153.5344111151803,676.6149819172726
forecast_7072,2025-10-22 16:00:00,1067.1060197427048,1162.4218433649098,387.90231402377395
forecast_7073,2025-10-22 17:00:00,1145.9663856047703,1125.5675074081257,276.0072481046571
forecast_7074,2025-10-22 18:00:00,975.1284373621203,841.5612083827046,291.83548827465046
forecast_7075,2025-10-22 19:00:00,1252.5992380494015,829.7891332046386,278.83772913471813
forecast_7076,2025-10-22 20:00:00,1859.7750615738362,1314.5687775771637,182.25585087657348
forecast_7077,2025-10-22 21:00:00,1750.3724031614927,989.0054184660745,201.58454638813222
forecast_7078,2025-10-22 22:00:00,3065.1830918140386,1737.3360219433018,498.92459238063367
forecast_7079,2025-10-22 23:00:00,3252.110512269198,2392.966545732335,553.1083694818172
forecast_7080,2025-10-23 00:00:00,2393.7554189245707,1557.162934890138,327.927799892574
forecast_7081,2025-10-23 01:00:00,477.69063265535226,406.3461632609988,79.3895096699893
forecast_7082,2025-10-23 02:00:00,317.5555750757882,239.11989802014668,45.9742008453154
forecast_7083,2025-10-23 03:00:00,96.52657794646373,65.68221528868645,5.08728831448118
forecast_7084,2025-10-23 04:00:00,65.84408590140036,12.497656389717948,3.740132345755208
forecast_7085,2025-10-23 05:00:00,45.552246212023874,0.0,0.0
forecast_7086,2025-10-23 06:00:00,87.14917801592988,0.0,0.0
forecast_7087,2025-10-23 07:00:00,93.68034141786528,16.93487506852822,8.317650638444468
forecast_7088,2025-10-23 08:00:00,98.02926436728275,58.764576592498436,1.5464270645254714
forecast_7089,2025-10-23 09:00:00,24.646182398337345,51.333104740644906,1.8346683519780247
forecast_7090,2025-10-23 10:00:00,0.0,37.2366751451821,3.1309134124865774
forecast_7091,2025-10-23 11:00:00,12.194729075297714,24.023780905114727,2.388955201602152
forecast_7092,2025-10-23 12:00:00,33.082190965021354,63.445039611273835,12.611014173271657
forecast_7093,2025-10-23 13:00:00,85.32467879868076,106.4506702921063,7.566427023061387
forecast_7094,2025-10-23 14:00:00,42.950214618897895,29.66063595564878,26.123914910761904
forecast_7095,2025-10-23 15:00:00,19.807285026816047,139.72703672224148,137.8243663809117
forecast_7096,2025-10-23 16:00:00,39.099246243089155,130.18757368927933,33.89762535510627
forecast_7097,2025-10-23 17:00:00,98.48977499333964,323.8958238071224,99.32993721487357
forecast_7098,2025-10-23 18:00:00,211.79908468044928,343.81791326045857,90.96798275042819
forecast_7099,2025-10-23 19:00:00,287.5154516323664,458.13694280351535,66.54365372329946
forecast_7100,2025-10-23 20:00:00,309.8773075741138,352.1169214080054,52.292036554756045
forecast_7101,2025-10-23 21:00:00,357.6839240669649,536.8144781542193,155.80724141807192
forecast_7102,2025-10-23 22:00:00,416.3001611015793,457.0992112786254,229.45630280180876
forecast_7103,2025-10-23 23:00:00,297.5941171504413,341.409609609373,158.96161506278557
forecast_7104,2025-10-24 00:00:00,252.7365692997014,252.13652397237246,89.59335946884885
forecast_7105,2025-10-24 01:00:00,477.488339195014,548.9170871266432,320.3894852435455
forecast_7106,2025-10-24 02:00:00,603.0514500943209,583.4786962228045,271.2372214031526
forecast_7107,2025-10-24 03:00:00,1065.2945782182742,2153.0038855887574,1527.5306239051963
forecast_7108,2025-10-24 04:00:00,2144.265268801731,2393.4519032649555,1192.5762284005323
forecast_7109,2025-10-24 05:00:00,1492.5772102708881,2476.2642620255524,1530.9390226562098
forecast_7110,2025-10-24 06:00:00,2637.7149865101114,3807.233719632469,2169.211339223488
forecast_7111,2025-10-24 07:00:00,2767.526108655548,3484.713236730544,2065.4112476522305
forecast_7112,2025-10-24 08:00:00,2965.6479611618865,2596.5708761066985,1684.7170460898265
forecast_7113,2025-10-24 09:00:00,1995.109271981298,2421.1853801377843,1130.680171034666
forecast_7114,2025-10-24 10:00:00,3054.5735924513524,4026.447356980866,2791.702066556165
forecast_7115,2025-10-24 11:00:00,2588.23815089735,3457.992287462016,2749.5401209924908
forecast_7116,2025-10-24 12:00:00,1914.2613792512295,2267.400864558056,1509.762113566701
forecast_7117,2025-10-24 13:00:00,1296.249186094159,2694.244991563148,1962.965554155456
forecast_7118,2025-10-24 14:00:00,1396.8435581487622,1092.4521303492163,837.0110102047169
forecast_7119,2025-10-24 15:00:00,1498.1466847183206,1600.3443163167817,809.294799479225
forecast_7120,2025-10-24 16:00:00,1571.1765456720193,1408.182871195158,657.1982874159916
forecast_7121,2025-10-24 17:00:00,1710.5598020009995,1521.1043095171278,588.3668402727762
forecast_7122,2025-10-24 18:00:00,1647.4433241645015,1567.0406885013135,710.378732900557
forecast_7123,2025-10-24 19:00:00,2216.5141989383997,1880.351155910243,706.63126140811
forecast_7124,2025-10-24 20:00:00,2750.689205069754,2461.489929035464,827.562131768125
forecast_7125,2025-10-24 21:00:00,3674.6906318213164,2963.147099968209,1072.2151736777869
forecast_7126,2025-10-24 22:00:00,4401.680655752509,3290.3774154278844,1348.5706554850215
forecast_7127,2025-10-24 23:00:00,3226.3542422384035,2582.699714657576,737.5641010235296
forecast_7128,2025-10-25 00:00:00,2185.4225756682895,1662.3345163088113,322.7359065416125
forecast_7129,2025-10-25 01:00:00,3127.720776057118,2061.2103241386926,967.9989293163645
forecast_7130,2025-10-25 02:00:00,2708.94826907668,2429.5864740019497,947.4900077686852
forecast_7131,2025-10-25 03:00:00,1860.4879913575492,1735.2549293056832,543.666555055019
forecast_7132,2025-10-25 04:00:00,1907.7045453248552,1785.5683254595917,544.2018068912813
forecast_7133,2025-10-25 05:00:00,2364.024763323974,1904.187438815605,515.2080831263401
forecast_7134,2025-10-25 06:00:00,1957.9088367939098,1851.5771933864462,650.3757389339455
forecast_7135,2025-10-25 07:00:00,1585.4117848290466,1625.6833642859222,528.6286470866347
forecast_7136,2025-10-25 08:00:00,1309.1545699132516,1052.6041967305941,323.2948129227348
forecast_7137,2025-10-25 09:00:00,1073.6580535402363,942.5960654591158,295.9494266219299
forecast_7138,2025-10-25 10:00:00,385.34284362656535,610.2676227276221,98.19598013542382
forecast_7139,2025-10-25 11:00:00,551.8271235572347,491.6036149642461,120.75728368400755
forecast_7140,2025-10-25 12:00:00,310.6809889180708,421.1749014452891,21.344341508657216
forecast_7141,2025-10-25 13:00:00,718.7464075386076,636.0811700812733,402.5457616177771
forecast_7142,2025-10-25 14:00:00,474.4929386735341,497.72773379832563,122.65025712823255
forecast_7143,2025-10-25 15:00:00,352.74650427964366,386.009796607397,85.76845586996441
forecast_7144,2025-10-25 16:00:00,188.7623236264254,373.16188886578595,231.71650960732595
forecast_7145,2025-10-25 17:00:00,687.0335739837957,551.4805925927689,174.49135495751224
forecast_7146,2025-10-25 18:00:00,734.1692869297551,710.8020158861427,219.12502014236676
forecast_7147,2025-10-25 19:00:00,908.4704074361391,1084.1319707440844,215.2641557069234
forecast_7148,2025-10-25 20:00:00,1152.2052989684744,1044.8567357174247,223.81729618886695
forecast_7149,2025-10-25 21:00:00,1057.7456159020414,1184.6459984363353,350.3781318614178
forecast_7150,2025-10-25 22:00:00,473.4368872311429,559.4455314372486,213.009871057745
forecast_7151,2025-10-25 23:00:00,850.7061894250761,709.5568090967332,426.70747237780523
forecast_7152,2025-10-26 00:00:00,1362.2116139081977,1388.6870549787427,811.9406905652813
forecast_7153,2025-10-26 01:00:00,478.6991056400381,453.51320263064724,244.2076514802714
forecast_7154,2025-10-26 02:00:00,609.4216134764785,447.8276948000686,218.31286359377566
forecast_7155,2025-10-26 03:00:00,803.9748231343538,732.2795116784226,264.3598137706852
forecast_7156,2025-10-26 04:00:00,1217.3984611978826,972.8962071156335,441.2711206264757
forecast_7157,2025-10-26 05:00:00,2049.093671900297,1409.9630139873043,535.5166052545009
forecast_7158,2025-10-26 06:00:00,2063.598907708727,1240.321629239695,535.5474896976881
forecast_7159,2025-10-26 07:00:00,2885.145835409856,2314.3137340337103,607.1072511767605
forecast_7160,2025-10-26 08:00:00,2998.703869603541,2914.3763577395043,1398.2307433801489
forecast_7161,2025-10-26 09:00:00,3709.582232268146,2676.786678277066,1786.6516063698475
forecast_7162,2025-10-26 10:00:00,3112.4519829113383,1834.541839116532,1277.3389905197773
forecast_7163,2025-10-26 11:00:00,1364.9597533296192,1083.129117222196,664.424715426714
forecast_7164,2025-10-26 12:00:00,2397.59286092343,1848.714070609006,1114.0693935341865
forecast_7165,2025-10-26 13:00:00,2781.6558116274477,2005.3452293216258,1553.0236502638004
forecast_7166,2025-10-26 14:00:00,3522.893045794128,2454.136102409812,1467.5877423534316
forecast_7167,2025-10-26 15:00:00,4268.517102523141,2971.2438783463845,1756.5354900015982
forecast_7168,2025-10-26 16:00:00,3928.306115281871,3036.9675717012633,2131.9566504096215
forecast_7169,2025-10-26 17:00:00,4431.624734221585,3524.9133578356696,2279.8237366043863
forecast_7170,2025-10-26 18:00:00,4540.276187587218,3854.1067131779937,3047.705378811184
forecast_7171,2025-10-26 19:00:00,5620.120641171101,5734.164273630606,4527.012058642822
forecast_7172,2025-10-26 20:00:00,6134.076372738605,6601.365002552157,5673.050154486144
forecast_7173,2025-10-26 21:00:00,9683.094735629877,10606.834467609362,7724.0128598521105
forecast_7174,2025-10-26 22:00:00,11491.840422601364,11935.488618515075,9884.977520354767
forecast_7175,2025-10-26 23:00:00,11600.222627822652,11872.04830381319,10113.529304591955
forecast_7176,2025-10-27 00:00:00,12960.358763275843,12337.099428039124,10983.223098361448
forecast_7177,2025-10-27 01:00:00,14061.95715579464,14858.15624040665,12335.659619059103
forecast_7178,2025-10-27 02:00:00,15107.654024272422,14764.721226556561,12840.416832553103
forecast_7179,2025-10-27 03:00:00,16236.567726393247,17227.765903231186,14326.48719817079
forecast_7180,2025-10-27 04:00:00,15298.252644176153,18001.657738277176,12591.539019847709
forecast_7181,2025-10-27 05:00:00,15870.12233785804,17131.34836906982,12219.04959708671
forecast_7182,2025-10-27 06:00:00,13297.266536662242,13713.143213481113,9980.794003443232
forecast_7183,2025-10-27 07:00:00,13256.556807721929,13907.691108943192,8804.353292806212
forecast_7184,2025-10-27 08:00:00,12023.736902410506,12470.668496173002,8924.856011890155
forecast_7185,2025-10-27 09:00:00,11699.085233814401,12512.408002624621,8791.735420798495
forecast_7186,2025-10-27 10:00:00,11009.821945169591,12341.028787683837,9001.749516552934
forecast_7187,2025-10-27 11:00:00,10950.198646446537,12147.943170816541,8880.692370189106
forecast_7188,2025-10-27 12:00:00,10885.314776947307,11931.112574125147,7440.825953794956
forecast_7189,2025-10-27 13:00:00,11460.307611487167,11895.900181738303,7503.538660625771
forecast_7190,2025-10-27 14:00:00,11820.029298952242,12209.375529065133,8479.014072710004
forecast_7191,2025-10-27 15:00:00,11977.440183114104,12239.82671347551,8492.26148040436
forecast_7192,2025-10-27 16:00:00,12844.710483021066,12938.0273186362,7913.092520938317
forecast_7193,2025-10-27 17:00:00,13862.103818139874,14067.473327083826,11004.959349785175
forecast_7194,2025-10-27 18:00:00,12848.8274291736,13051.18515513706,9890.455661746948
forecast_7195,2025-10-27 19:00:00,12488.262024010004,12639.851333045815,8562.844101065215
forecast_7196,2025-10-27 20:00:00,12748.726113509783,12314.914104459063,8754.885490568104
forecast_7197,2025-10-27 21:00:00,12736.438366719141,12204.916518472672,9541.053857321074
forecast_7198,2025-10-27 22:00:00,12244.786570499622,12122.557643850487,9228.533089811222
forecast_7199,2025-10-27 23:00:00,11516.157986171063,11603.921448794737,9064.993110981659
forecast_7200,2025-10-28 00:00:00,10586.568119503,11962.32790872157,8659.435332692481
forecast_7201,2025-10-28 01:00:00,11904.068477236418,11953.413837537772,10766.738720542904
forecast_7202,2025-10-28 02:00:00,12593.552272837069,13565.483374605052,9342.990895184565
forecast_7203,2025-10-28 03:00:00,11984.2174596029,13899.862731637822,7724.272367445971
forecast_7204,2025-10-28 04:00:00,12900.372788041052,14315.906166928775,7855.236876858139
forecast_7205,2025-10-28 05:00:00,12547.418784719453,13950.275376115476,8146.279090364172
forecast_7206,2025-10-28 06:00:00,11884.484492508152,10952.620608306373,6737.55998664059
forecast_7207,2025-10-28 07:00:00,9025.122086888296,8081.638911381123,4412.269235098708
forecast_7208,2025-10-28 08:00:00,8395.680210314686,7830.722028924008,4163.237004109226
forecast_7209,2025-10-28 09:00:00,5478.620913053085,5473.684687308197,3834.876377619468
forecast_7210,2025-10-28 10:00:00,4132.262688959878,3800.8636108047585,3450.2249431600617
forecast_7211,2025-10-28 11:00:00,3749.3118600628977,3022.973609429988,2031.4277903779355
forecast_7212,2025-10-28 12:00:00,3821.462150728404,2620.24897106457,2060.426495744881
forecast_7213,2025-10-28 13:00:00,4181.93308113674,3286.57560102567,2812.715646240971
forecast_7214,2025-10-28 14:00:00,4303.0156120563815,3842.690649823144,2929.4797473565595
forecast_7215,2025-10-28 15:00:00,3948.938186064887,3520.8492073114294,2458.21312847806
forecast_7216,2025-10-28 16:00:00,3649.2826736295115,3148.5214315302524,2595.278497954446
forecast_7217,2025-10-28 17:00:00,3366.4902919426722,2883.4199167005418,932.0713301655253
forecast_7218,2025-10-28 18:00:00,5624.700316263423,4601.609266951417,3489.212933239192
forecast_7219,2025-10-28 19:00:00,7445.240906348951,6155.659065728692,4335.043670089464
forecast_7220,2025-10-28 20:00:00,8460.44028091303,9619.523115356105,4478.624255730598
forecast_7221,2025-10-28 21:00:00,9679.75170590178,11011.09656534328,4818.116630602867
forecast_7222,2025-10-28 22:00:00,9486.99019843949,9863.75145185168,4522.995507056961
forecast_7223,2025-10-28 23:00:00,8831.890953542956,9581.994223830583,4345.621069621114
forecast_7224,2025-10-29 00:00:00,8107.419005524421,8151.346372601031,4561.815468812721
forecast_7225,2025-10-29 01:00:00,5425.143425624425,4762.1646503139245,2884.6820459459886
forecast_7226,2025-10-29 02:00:00,4598.197534071145,3703.1699198054503,2265.620409957384
forecast_7227,2025-10-29 03:00:00,4528.193219863028,3123.9324370696518,2099.0722351590343
forecast_7228,2025-10-29 04:00:00,4427.5390962497495,3438.8667844760985,1761.2753941727117
forecast_7229,2025-10-29 05:00:00,3807.9623328069133,2717.7756607001907,1528.7920411991586
forecast_7230,2025-10-29 06:00:00,2679.8433676723193,2111.8469985076918,1489.7540496228055
forecast_7231,2025-10-29 07:00:00,2293.385814652344,1843.5730893087002,1237.0826086017505
forecast_7232,2025-10-29 08:00:00,1681.5956071527482,1296.5982400804075,599.516910106727
forecast_7233,2025-10-29 09:00:00,349.0339381439109,557.9285309250449,0.0
forecast_7234,2025-10-29 10:00:00,20.89876354640446,66.220333595708,34.75791057777643
forecast_7235,2025-10-29 11:00:00,0.0,4.916518577411057,0.0
forecast_7236,2025-10-29 12:00:00,0.0,9.043679887215355,22.152561398838255
forecast_7237,2025-10-29 13:00:00,3.463764415961322,38.23646470368846,14.717984734627846
forecast_7238,2025-10-29 14:00:00,8.067263518393277,13.423225152612654,13.0231137996916
forecast_7239,2025-10-29 15:00:00,17.133781578610606,19.74877071838775,22.772866038067992
forecast_7240,2025-10-29 16:00:00,0.0,0.0,28.336059606443555
forecast_7241,2025-10-29 17:00:00,30.86752682886508,42.27505631647288,56.09986387625148
forecast_7242,2025-10-29 18:00:00,164.3625894503455,231.41064729761914,107.62347573195673
forecast_7243,2025-10-29 19:00:00,970.645882515885,837.1027624982074,55.00290869269881
forecast_7244,2025-10-29 20:00:00,2165.187049391571,1668.0085593501522,474.22330758463016
forecast_7245,2025-10-29 21:00:00,2890.4078574913906,3875.148313056075,924.2915508690074
forecast_7246,2025-10-29 22:00:00,4744.922381728077,5446.252770368147,2737.604703723807
forecast_7247,2025-10-29 23:00:00,3997.6271529175137,3286.1681231990988,2060.5225530012895
forecast_7248,2025-10-30 00:00:00,5741.204279639068,5804.211444856621,3228.763763668348
forecast_7249,2025-10-30 01:00:00,4933.548824680721,5346.828200756275,2823.081510499333
forecast_7250,2025-10-30 02:00:00,6887.849684116572,7208.132765226596,3889.661682954963
forecast_7251,2025-10-30 03:00:00,11701.191143204884,11911.0876292353,7438.958190475544
forecast_7252,2025-10-30 04:00:00,10790.26872416895,10766.008123689398,7243.289986441891
forecast_7253,2025-10-30 05:00:00,10852.410665313777,10256.654699845061,6847.270139655495
forecast_7254,2025-10-30 06:00:00,12265.486022922873,12449.949439739345,7581.098695572728
forecast_7255,2025-10-30 07:00:00,10354.73727261296,9118.080823514765,4240.790822886144
forecast_7256,2025-10-30 08:00:00,8573.98747295866,8442.559017292504,3188.6818433297317
forecast_7257,2025-10-30 09:00:00,6912.310133455832,5976.170901074605,3164.8633766411535
forecast_7258,2025-10-30 10:00:00,5472.633203218629,5132.947143556213,2720.8444135106324
forecast_7259,2025-10-30 11:00:00,2980.101666544625,2720.3570507320287,1769.7611131174583
forecast_7260,2025-10-30 12:00:00,1837.754026114855,1384.1384784798502,1033.1593922438135
forecast_7261,2025-10-30 13:00:00,1181.153861190492,978.8951047562082,589.740670927126
forecast_7262,2025-10-30 14:00:00,1478.4820812613868,979.3450472248658,660.018843415887
forecast_7263,2025-10-30 15:00:00,1069.1048988937432,612.9165347208123,431.68037361725214
forecast_7264,2025-10-30 16:00:00,1133.0044661346853,879.6185040492502,501.5133063177665
forecast_7265,2025-10-30 17:00:00,2994.1095268301706,1383.2156686164058,1137.0904600034085
forecast_7266,2025-10-30 18:00:00,3602.076301038491,1833.5071368914303,993.8434020723938
forecast_7267,2025-10-30 19:00:00,3570.846557119454,3140.482413184453,1904.7723542144759
forecast_7268,2025-10-30 20:00:00,3711.3453419778457,2150.610631226199,1913.4576529116775
forecast_7269,2025-10-30 21:00:00,3319.6368504588922,2211.1407123506633,2584.6450345202356
forecast_7270,2025-10-30 22:00:00,2107.086845502764,1374.4728589369913,1881.2253933258796
forecast_7271,2025-10-30 23:00:00,1933.573581622281,1283.5882035682323,1942.15803711375
forecast_7272,2025-10-31 00:00:00,2196.5826704569154,1375.6928855882823,1948.5304646731759
forecast_7273,2025-10-31 01:00:00,313.1567717999082,224.87118960712314,378.4209662297132
forecast_7274,2025-10-31 02:00:00,219.08555634289337,189.09353591732003,153.4330326505788
forecast_7275,2025-10-31 03:00:00,260.81464669539344,181.90484238484305,139.80148134889697
forecast_7276,2025-10-31 04:00:00,120.27351937455539,181.55649923901086,166.5299366111384
forecast_7277,2025-10-31 05:00:00,101.00352522545806,63.73691362264376,13.601200294761338
forecast_7278,2025-10-31 06:00:00,329.9320354466859,201.72480426739676,13.734463913056663
forecast_7279,2025-10-31 07:00:00,90.71449190612789,54.48699716446407,39.38302405580346
forecast_7280,2025-10-31 08:00:00,337.38993815363096,327.09658741130863,41.305032140136305
forecast_7281,2025-10-31 09:00:00,252.84762876917185,194.61310149928187,166.47267933223574
forecast_7282,2025-10-31 10:00:00,441.2922213523915,398.2473679463223,105.41340429140304
forecast_7283,2025-10-31 11:00:00,470.1470202086604,393.8860501880983,88.65642669863077
forecast_7284,2025-10-31 12:00:00,171.21337734158416,150.9584271844378,39.18761628358878
forecast_7285,2025-10-31 13:00:00,0.0,65.45209011071506,19.287594153525614
forecast_7286,2025-10-31 14:00:00,49.3548553445091,69.14329070539385,4.3059496600941
forecast_7287,2025-10-31 15:00:00,43.94107139323591,58.629278063605945,17.55479416329925
forecast_7288,2025-10-31 16:00:00,28.905465892049836,12.115619099505198,0.0
forecast_7289,2025-10-31 17:00:00,48.86353379285727,11.091862743341157,10.537326894465876
forecast_7290,2025-10-31 18:00:00,240.72159236200676,130.12181770324102,14.373377979391973
forecast_7291,2025-10-31 19:00:00,694.4164294780454,749.7482829010415,207.2989156312703
forecast_7292,2025-10-31 20:00:00,2746.9931872531806,2582.363736365871,1302.6323283161003
forecast_7293,2025-10-31 21:00:00,4469.964680071198,4739.930586413736,2617.3263982952026
forecast_7294,2025-10-31 22:00:00,5953.66598363893,6083.37581881729,2788.9850468295494
forecast_7295,2025-10-31 23:00:00,5580.064724491595,7067.4749359824,3335.864997201579
forecast_7296,2025-11-01 00:00:00,6250.245423300951,7309.765769682441,3785.9408322502727
forecast_7297,2025-11-01 01:00:00,6519.133399381149,8304.60167927054,5022.944178179932
forecast_7298,2025-11-01 02:00:00,6738.077064004586,6844.831623105542,5927.947107277759
forecast_7299,2025-11-01 03:00:00,5697.334291965248,6807.237253345684,5239.139255608941
forecast_7300,2025-11-01 04:00:00,6289.306296678712,8228.220359083627,5638.056107427497
forecast_7301,2025-11-01 05:00:00,8700.590503267224,10642.01568911113,9496.689923907807
forecast_7302,2025-11-01 06:00:00,10831.993458591884,11195.60869337213,8893.579261014454
forecast_7303,2025-11-01 07:00:00,9891.000663235332,10773.364003334058,8831.458025324191
forecast_7304,2025-11-01 08:00:00,10513.738237883454,11476.582729071668,8111.119164554304
forecast_7305,2025-11-01 09:00:00,12326.303123644328,12021.817730545745,9531.071399581338
forecast_7306,2025-11-01 10:00:00,13215.83180737638,13774.1653615015,9305.467196268828
forecast_7307,2025-11-01 11:00:00,13338.360152568863,13063.503361851133,9900.33652542749
forecast_7308,2025-11-01 12:00:00,12928.876407539336,11872.244430356155,9588.609233661557
forecast_7309,2025-11-01 13:00:00,13145.045944073658,11878.3910678077,9927.32305408245
forecast_7310,2025-11-01 14:00:00,13919.648093515016,11889.574076721303,10019.121386668714
forecast_7311,2025-11-01 15:00:00,13294.52018047568,12485.839673521317,10195.776475562423
forecast_7312,2025-11-01 16:00:00,12910.11810216805,12905.561350148064,9408.393164104436
forecast_7313,2025-11-01 17:00:00,12363.483505269622,12241.441066621046,9760.51235283268
forecast_7314,2025-11-01 18:00:00,13216.436134701742,12528.787840456716,9359.006454052202
forecast_7315,2025-11-01 19:00:00,13140.57836749403,13813.031654680279,11433.33592384881
forecast_7316,2025-11-01 20:00:00,14638.40777168452,14418.733985747444,13637.09260047308
forecast_7317,2025-11-01 21:00:00,14568.597435093421,13657.948517206667,13405.009720896125
forecast_7318,2025-11-01 22:00:00,14540.744434044223,12446.310707984976,12451.632543120175
forecast_7319,2025-11-01 23:00:00,15360.162116472191,15071.596012056712,14145.105994816127
forecast_7320,2025-11-02 00:00:00,15970.012091000197,15985.19838741648,15148.497773989151
forecast_7321,2025-11-02 01:00:00,15490.490830974224,16086.203215103054,14466.349340550727
forecast_7322,2025-11-02 02:00:00,15506.949498914975,15913.536534603698,14022.515236951194
forecast_7323,2025-11-02 03:00:00,14789.283211011867,14843.904730551261,11825.119961873266
forecast_7324,2025-11-02 04:00:00,14687.76777938703,15285.550611964738,12252.5337431363
forecast_7325,2025-11-02 05:00:00,15085.134763463515,15326.737540778644,12255.767379553734
forecast_7326,2025-11-02 06:00:00,15295.493080782959,15495.416608203563,14378.512785312949
forecast_7327,2025-11-02 07:00:00,15584.977501138459,17374.641027804922,14579.99349305115
forecast_7328,2025-11-02 08:00:00,16032.793339603353,17903.20146089955,15425.003533309853
forecast_7329,2025-11-02 09:00:00,15519.787200998331,17389.699629340175,14869.030235114758
forecast_7330,2025-11-02 10:00:00,15631.894314823838,17243.010548328435,14481.64394128177
forecast_7331,2025-11-02 11:00:00,15838.148335413698,17229.782868869705,14523.72650958513
forecast_7332,2025-11-02 12:00:00,15122.400369218603,16107.667451113444,11444.898893411844
forecast_7333,2025-11-02 13:00:00,14473.122697845996,14650.01279901377,10590.6629345414
forecast_7334,2025-11-02 14:00:00,14037.381690401884,15364.605557135337,11044.470417505023
forecast_7335,2025-11-02 15:00:00,13725.71294208105,14794.552108315109,10320.25944821643
forecast_7336,2025-11-02 16:00:00,13054.352570621284,13108.990135051881,9603.489483210775
forecast_7337,2025-11-02 17:00:00,12217.941608964897,12282.93546336971,8917.728040021897
forecast_7338,2025-11-02 18:00:00,12911.58189672333,12886.84375477758,8500.485248211971
forecast_7339,2025-11-02 19:00:00,13136.107086477088,11768.892648363613,8643.969455572787
forecast_7340,2025-11-02 20:00:00,11695.780132465075,10338.28694059821,6726.8345360411795
forecast_7341,2025-11-02 21:00:00,7635.559492392031,7502.901710979912,5475.1487739970225
forecast_7342,2025-11-02 22:00:00,8273.926192769715,8208.354513323338,4488.751258441115
forecast_7343,2025-11-02 23:00:00,6266.301363596667,7117.559701616212,3397.4279332116485
forecast_7344,2025-11-03 00:00:00,5287.048017255532,6000.874458467851,3336.456002819644
forecast_7345,2025-11-03 01:00:00,6438.925566994592,6978.912148708886,3631.452047598574
forecast_7346,2025-11-03 02:00:00,5643.481600807065,5651.661168957293,2769.939168710922
forecast_7347,2025-11-03 03:00:00,4751.9395130578905,5468.028778357779,2863.629899177408
forecast_7348,2025-11-03 04:00:00,5474.61294579949,6104.589034208412,2238.168231914204
forecast_7349,2025-11-03 05:00:00,3602.9936820622347,4815.393859952416,2966.4722993963687
forecast_7350,2025-11-03 06:00:00,3323.2000841316662,3620.824552826537,2286.598742329647
forecast_7351,2025-11-03 07:00:00,1964.2970416398434,1855.123314024436,1076.7789662165721
forecast_7352,2025-11-03 08:00:00,2113.6278939352537,2606.3545796557014,1064.0470587713605
forecast_7353,2025-11-03 09:00:00,2130.5242223845444,3372.773380402019,1803.0032726142533
forecast_7354,2025-11-03 10:00:00,1178.838999975263,1610.2145510424923,617.0711216777025
forecast_7355,2025-11-03 11:00:00,421.05411947743613,471.1990044896786,67.50008990416165
forecast_7356,2025-11-03 12:00:00,222.34028998040455,173.6998368315488,162.24570223550103
forecast_7357,2025-11-03 13:00:00,52.88697665849609,121.40494239144583,69.28029397588547
forecast_7358,2025-11-03 14:00:00,40.86994820495617,88.58140841455176,30.37141235620001
forecast_7359,2025-11-03 15:00:00,0.0,15.582460105799449,2.379520731738894
forecast_7360,2025-11-03 16:00:00,48.12084794562608,3.6883139969153436,0.31901217149318
forecast_7361,2025-11-03 17:00:00,1.5763637710697198,62.33219512781206,0.0
forecast_7362,2025-11-03 18:00:00,105.73213688845662,100.48034511421653,0.0
forecast_7363,2025-11-03 19:00:00,426.0836412951008,778.9301187398689,196.28845866361874
forecast_7364,2025-11-03 20:00:00,1470.7857736857932,1928.8035579090702,586.5666044358723
forecast_7365,2025-11-03 21:00:00,2560.874496759386,2687.530781539302,774.216767320668
forecast_7366,2025-11-03 22:00:00,4082.5812866723986,3889.439269910541,1734.0725344061964
forecast_7367,2025-11-03 23:00:00,5817.257542386158,6608.5730268327625,3649.249395857874
forecast_7368,2025-11-04 00:00:00,8256.605087616314,11218.95236997089,5228.573032161961
forecast_7369,2025-11-04 01:00:00,6235.186486528976,8050.690938485423,3707.26029372462
forecast_7370,2025-11-04 02:00:00,7378.773959216216,9685.652821070054,5107.058012289653
forecast_7371,2025-11-04 03:00:00,7194.895048118762,9095.471384287359,4255.628943189188
forecast_7372,2025-11-04 04:00:00,7276.490252285704,9725.540418178338,5121.8766541500445
forecast_7373,2025-11-04 05:00:00,8083.735434667179,10728.00958598622,6364.880630622453
forecast_7374,2025-11-04 06:00:00,7757.176783672629,10513.401838848671,5907.491108883633
forecast_7375,2025-11-04 07:00:00,10568.196725329894,12562.856713684543,6719.771090386548
forecast_7376,2025-11-04 08:00:00,11151.177568093759,13403.119936028754,7907.552271407987
forecast_7377,2025-11-04 09:00:00,10811.176851678152,12697.951014373115,8318.115535600611
forecast_7378,2025-11-04 10:00:00,10551.67762812201,12310.784607258087,8885.062753923494
forecast_7379,2025-11-04 11:00:00,10715.799176857516,11456.997677166073,9445.124968355687
forecast_7380,2025-11-04 12:00:00,8942.302849286196,8735.895088843537,8053.321511158741
forecast_7381,2025-11-04 13:00:00,8314.776437649338,7573.645991412035,7169.340806239066
forecast_7382,2025-11-04 14:00:00,9832.751589176385,8622.847720794616,6724.002082586938
forecast_7383,2025-11-04 15:00:00,9829.150896135818,9096.057078196525,6764.69867676104
forecast_7384,2025-11-04 16:00:00,7620.068595298001,7477.991700307143,6415.594673105447
forecast_7385,2025-11-04 17:00:00,8472.776908592876,7345.2169389374585,6552.898396983479
forecast_7386,2025-11-04 18:00:00,8058.612030191573,7311.207391277711,5379.219747863016
forecast_7387,2025-11-04 19:00:00,8069.444043230834,7878.341959777855,5483.191323074633
forecast_7388,2025-11-04 20:00:00,7256.611660416978,6219.196287187226,5293.136391480688
forecast_7389,2025-11-04 21:00:00,7135.535405922591,7359.684384334105,5639.343670314779
forecast_7390,2025-11-04 22:00:00,5707.097093301405,5985.567947787863,4809.790070461656
forecast_7391,2025-11-04 23:00:00,4343.576531925664,4025.748720367495,4173.951351621727
forecast_7392,2025-11-05 00:00:00,4121.078379353824,4791.71642484019,3590.19764652888
forecast_7393,2025-11-05 01:00:00,6721.978619351449,4950.893136070459,3614.1508863877916
forecast_7394,2025-11-05 02:00:00,4570.879153696671,2454.3709942612763,2724.097980171991
forecast_7395,2025-11-05 03:00:00,2682.063000293098,1390.488794740523,1390.5068735933771
forecast_7396,2025-11-05 04:00:00,1237.0429971018543,692.207619488161,715.1159544902544
forecast_7397,2025-11-05 05:00:00,292.16155565761187,310.6760971185653,462.3035255883694
forecast_7398,2025-11-05 06:00:00,124.13603445339888,189.04056971164465,31.691408381359963
forecast_7399,2025-11-05 07:00:00,202.34293727278992,181.54040750179848,0.0
forecast_7400,2025-11-05 08:00:00,176.82770779538316,140.3923343441264,17.007396775090175
forecast_7401,2025-11-05 09:00:00,5.726888507691057,106.41993045333784,0.0
forecast_7402,2025-11-05 10:00:00,38.497115152765566,92.68356969889555,38.00210593242859
forecast_7403,2025-11-05 11:00:00,27.880930285830736,74.13672423668844,40.59386400972073
forecast_7404,2025-11-05 12:00:00,65.78640482522658,110.6678264600153,32.6514031694308
forecast_7405,2025-11-05 13:00:00,49.63383133538011,89.42097846453322,10.931687808513999
forecast_7406,2025-11-05 14:00:00,7.6632905357747525,37.37567300956509,1.5154412685957253
forecast_7407,2025-11-05 15:00:00,76.95401637812058,25.851710407590694,24.84867449949008
forecast_7408,2025-11-05 16:00:00,97.9022543518595,99.06872163256827,68.75587072020943
forecast_7409,2025-11-05 17:00:00,78.32807866820053,65.78311357455678,31.08613456267593
forecast_7410,2025-11-05 18:00:00,30.375875120113506,0.0,0.0
forecast_7411,2025-11-05 19:00:00,116.96653934498997,44.500015106443676,4.351597534080524
forecast_7412,2025-11-05 20:00:00,73.49223316287797,30.52720238219666,0.0
forecast_7413,2025-11-05 21:00:00,12.156578878098,72.55340878672885,8.380584248929972
forecast_7414,2025-11-05 22:00:00,124.99760463983058,128.14403203020078,65.34860969153134
forecast_7415,2025-11-05 23:00:00,114.53884463948044,50.06007066589331,26.04539276090305
forecast_7416,2025-11-06 00:00:00,176.84056628329753,192.88929447145108,380.04966055904777
forecast_7417,2025-11-06 01:00:00,419.10800016210777,356.25948162744356,205.70334416165517
forecast_7418,2025-11-06 02:00:00,1214.3677177557354,1275.8064482241105,1071.2833193050399
forecast_7419,2025-11-06 03:00:00,2933.514687880479,2689.934407228177,2139.841590852744
forecast_7420,2025-11-06 04:00:00,3643.375015916783,2850.2326106133087,2633.709653502759
forecast_7421,2025-11-06 05:00:00,4792.315441731299,3133.8478962538493,2920.969528548451
forecast_7422,2025-11-06 06:00:00,5182.195633421872,4513.2137365155495,2897.645604746509
forecast_7423,2025-11-06 07:00:00,5200.073975657271,4327.568205089517,2950.3900888761373
forecast_7424,2025-11-06 08:00:00,3562.4188527733554,3074.6989210699876,1726.837532299833
forecast_7425,2025-11-06 09:00:00,1805.4121475511467,1249.5670663495453,490.672963634071
forecast_7426,2025-11-06 10:00:00,374.95778240453,548.7827583716002,204.05073717464606
forecast_7427,2025-11-06 11:00:00,316.03511634630553,246.10087892726628,192.36724307614813
forecast_7428,2025-11-06 12:00:00,0.0,0.0,29.233735572424756
forecast_7429,2025-11-06 13:00:00,16.48502484636052,19.040883231919583,29.075611746614793
forecast_7430,2025-11-06 14:00:00,11.846878734538729,40.058225387704915,13.250240300930676
forecast_7431,2025-11-06 15:00:00,71.95019695626553,90.98845685984331,0.0
forecast_7432,2025-11-06 16:00:00,46.881155135038064,55.658093510926435,0.0
forecast_7433,2025-11-06 17:00:00,203.9324766877621,227.22355503058256,81.08265455137915
forecast_7434,2025-11-06 18:00:00,503.95968122793715,544.5324321506704,85.58399409696126
forecast_7435,2025-11-06 19:00:00,779.9052097344044,711.3593189595032,274.15890684332106
forecast_7436,2025-11-06 20:00:00,668.3110631230884,609.1774286098282,234.17077850291145
forecast_7437,2025-11-06 21:00:00,672.8466227603369,521.066727863006,78.99442155561381
forecast_7438,2025-11-06 22:00:00,365.8439950218023,255.88360033378618,0.0
forecast_7439,2025-11-06 23:00:00,374.2879338258565,426.2302068945563,45.46551139746622
forecast_7440,2025-11-07 00:00:00,173.96649352981655,175.50426758717097,0.0
forecast_7441,2025-11-07 01:00:00,54.095990582611485,134.5636116868102,18.701624157246588
forecast_7442,2025-11-07 02:00:00,638.3793495473325,539.744471357865,635.6474275474776
forecast_7443,2025-11-07 03:00:00,800.2027111102749,514.6698022797603,610.0625927856813
forecast_7444,2025-11-07 04:00:00,1283.8948675400322,1194.5803862951886,914.2581117479431
forecast_7445,2025-11-07 05:00:00,2544.8103065307346,1725.5363981780847,1951.6452740072004
forecast_7446,2025-11-07 06:00:00,2726.3165545792685,1902.7199720203942,1581.4561249739384
forecast_7447,2025-11-07 07:00:00,2267.9189125197927,1442.1670335086399,1125.763916720622
forecast_7448,2025-11-07 08:00:00,638.7621963726766,575.9673915185733,128.15965801934706
forecast_7449,2025-11-07 09:00:00,70.86038209892777,178.6897882471601,0.0
forecast_7450,2025-11-07 10:00:00,14.946683696317265,44.21812970543993,11.22493289892123
forecast_7451,2025-11-07 11:00:00,0.0,18.41071375884804,5.332461348401494
forecast_7452,2025-11-07 12:00:00,35.61699039778035,19.530399433200834,26.524164395776694
forecast_7453,2025-11-07 13:00:00,91.19522156287657,131.66402810543144,105.54801218965969
forecast_7454,2025-11-07 14:00:00,168.95169777256015,249.4361269899644,119.95567974285974
forecast_7455,2025-11-07 15:00:00,505.9677563055672,388.3683811797422,259.4538305915962
forecast_7456,2025-11-07 16:00:00,645.2122732140604,602.6922676387455,335.63076088915193
forecast_7457,2025-11-07 17:00:00,1019.8192447500251,1080.5061559954283,370.00641101064116
forecast_7458,2025-11-07 18:00:00,977.515232412539,1064.7373359239261,368.28241585375895
forecast_7459,2025-11-07 19:00:00,1429.417344675732,1331.035834324405,625.3687867342921
forecast_7460,2025-11-07 20:00:00,1889.0270616264406,1607.1034387738487,725.6129383295657
forecast_7461,2025-11-07 21:00:00,2331.9396705834574,2163.252343968337,797.3391362662619
forecast_7462,2025-11-07 22:00:00,2172.221647206708,1583.0411069849768,560.0466861901493
forecast_7463,2025-11-07 23:00:00,2377.7840628897416,2173.56349861856,926.2517337974293
forecast_7464,2025-11-08 00:00:00,2503.7298679006044,2216.4758044341784,707.422004332661
forecast_7465,2025-11-08 01:00:00,1903.7385742553079,1309.6357584406885,330.08873463792344
forecast_7466,2025-11-08 02:00:00,1624.1477713771885,1093.8504972702713,241.21316577916056
forecast_7467,2025-11-08 03:00:00,1353.1804049117402,1066.750015329733,367.9016209583907
forecast_7468,2025-11-08 04:00:00,1422.770774727768,1291.7980108597949,552.8125874062615
forecast_7469,2025-11-08 05:00:00,1929.4885101659027,2461.809172848474,1157.695595104841
forecast_7470,2025-11-08 06:00:00,2557.6370542531035,1839.645649207784,687.1533515386591
forecast_7471,2025-11-08 07:00:00,2207.724998548149,2294.300275289061,997.2018047058184
forecast_7472,2025-11-08 08:00:00,2135.8315432391937,2194.5410862358517,1030.0484097907038
forecast_7473,2025-11-08 09:00:00,1682.3494236639935,1670.4887794117733,649.8378252018698
forecast_7474,2025-11-08 10:00:00,577.5832117966695,658.1296353408304,318.8665206307223
forecast_7475,2025-11-08 11:00:00,523.3593476130388,716.2525787437047,156.4775679282812
forecast_7476,2025-11-08 12:00:00,477.29419595474553,439.4229007202563,235.58342461881125
forecast_7477,2025-11-08 13:00:00,1018.348044317898,1182.7232926490692,457.1480526690963
forecast_7478,2025-11-08 14:00:00,1425.2514441716291,1615.1122796030343,274.19042589421235
forecast_7479,2025-11-08 15:00:00,1296.5222018357551,1382.6067434275144,310.289156743906
forecast_7480,2025-11-08 16:00:00,771.1253786482444,996.0713073331098,385.7364316064877
forecast_7481,2025-11-08 17:00:00,1106.844068506684,1270.5407118827422,571.068533632304
forecast_7482,2025-11-08 18:00:00,1339.6484666968306,1542.6026065900535,810.1123512389421
forecast_7483,2025-11-08 19:00:00,1336.1011696874832,1451.4862397750294,927.4289496001599
forecast_7484,2025-11-08 20:00:00,2211.5320152619142,2045.9436824602903,1433.7051093315504
forecast_7485,2025-11-08 21:00:00,4261.935431139728,4441.487894778407,2263.2721316929524
forecast_7486,2025-11-08 22:00:00,4629.410317596452,5374.834441074734,2512.2951173054535
forecast_7487,2025-11-08 23:00:00,8082.213649532596,10900.712897641928,5315.860631613736
forecast_7488,2025-11-09 00:00:00,6483.0464713969495,8035.415765624887,4598.431908972581
forecast_7489,2025-11-09 01:00:00,5441.947578358699,5913.339124165629,4053.9020947504755
forecast_7490,2025-11-09 02:00:00,6939.658275510348,7309.158544155274,4431.322217548698
forecast_7491,2025-11-09 03:00:00,8895.507669546194,8846.270896231354,5689.758843725701
forecast_7492,2025-11-09 04:00:00,9089.076511418432,9865.441676877981,5625.549356300361
forecast_7493,2025-11-09 05:00:00,11021.662327744752,12843.078327973768,8731.100356928864
forecast_7494,2025-11-09 06:00:00,12297.12194711639,14404.908314679089,10182.946144908923
forecast_7495,2025-11-09 07:00:00,12572.156424706314,14578.883051989287,10791.717108862695
forecast_7496,2025-11-09 08:00:00,13201.041839983583,14478.147663465668,10528.861087575538
forecast_7497,2025-11-09 09:00:00,11965.10017190967,14035.443130206166,11176.929414531704
forecast_7498,2025-11-09 10:00:00,13794.746820305309,15498.261174130314,12473.828569402885
forecast_7499,2025-11-09 11:00:00,11751.800017140617,12607.909620010858,10093.100678566774
forecast_7500,2025-11-09 12:00:00,10774.884640273587,10352.981178689344,7874.62880366826
forecast_7501,2025-11-09 13:00:00,10932.318389794642,9923.949473479515,7811.060934031
forecast_7502,2025-11-09 14:00:00,11293.106027237513,11808.960985743253,8838.14241139514
forecast_7503,2025-11-09 15:00:00,12551.595008892722,11725.275885591731,9177.716859417314
forecast_7504,2025-11-09 16:00:00,12865.433753384401,11759.18292682094,8541.711915458005
forecast_7505,2025-11-09 17:00:00,12692.008350072412,12018.085448357599,8963.941723347667
forecast_7506,2025-11-09 18:00:00,13137.710663483584,12532.144469925468,10675.559606221028
forecast_7507,2025-11-09 19:00:00,14034.834792219224,13224.856141676553,12180.837732426464
forecast_7508,2025-11-09 20:00:00,15527.002407040178,14402.331312983531,15044.662882943268
forecast_7509,2025-11-09 21:00:00,16213.109573086831,16576.620463317056,15369.184375877498
forecast_7510,2025-11-09 22:00:00,15761.328681796831,15920.862068329918,13040.79533404118
forecast_7511,2025-11-09 23:00:00,14619.84241990377,14346.082583529824,11766.412786696772
forecast_7512,2025-11-10 00:00:00,13907.846055337226,13878.735269262525,9970.570462829748
forecast_7513,2025-11-10 01:00:00,13620.25073014551,13473.951542385043,9600.766855994032
forecast_7514,2025-11-10 02:00:00,13665.117256589057,12412.985795229464,9202.03795767446
forecast_7515,2025-11-10 03:00:00,13782.687341853716,12243.547870748818,9055.298773918801
forecast_7516,2025-11-10 04:00:00,12412.897924959734,10293.45094775269,9217.419779587513
forecast_7517,2025-11-10 05:00:00,12595.80470925294,12401.650113062198,11380.139508374954
forecast_7518,2025-11-10 06:00:00,14080.94493021594,15100.386599554759,12132.369756981892
forecast_7519,2025-11-10 07:00:00,14761.813980598889,15668.840737397793,12183.24320829512
forecast_7520,2025-11-10 08:00:00,13046.948536194048,13009.504991173892,11617.481749348757
forecast_7521,2025-11-10 09:00:00,12229.881240206863,11677.77427768158,8940.48812262839
forecast_7522,2025-11-10 10:00:00,11631.04478549145,12868.626789379203,8671.269806869443
forecast_7523,2025-11-10 11:00:00,9980.636319071858,10923.122073907185,7364.277022372619
forecast_7524,2025-11-10 12:00:00,8745.471706482196,8187.9631818650805,5980.4983855947785
forecast_7525,2025-11-10 13:00:00,6331.356886255513,5683.928373607868,4288.527138915776
forecast_7526,2025-11-10 14:00:00,5244.872622550652,5153.084282119183,2997.0475016283717
forecast_7527,2025-11-10 15:00:00,4117.630230600304,4294.644778108532,2863.5208970698113
forecast_7528,2025-11-10 16:00:00,4353.446245815759,3767.3440719841064,2800.0234017137855
forecast_7529,2025-11-10 17:00:00,7214.15102781934,5723.170277792963,4514.667714480304
forecast_7530,2025-11-10 18:00:00,10779.96847324133,9952.9882976035,8370.433032248331
forecast_7531,2025-11-10 19:00:00,14388.519603156728,14349.202507399952,11400.999096878268
forecast_7532,2025-11-10 20:00:00,17081.10460807075,16166.463094903746,13495.405998799288
forecast_7533,2025-11-10 21:00:00,18128.84257609821,17678.841343270622,14677.101376052395
forecast_7534,2025-11-10 22:00:00,18538.059237834997,17688.76808598145,14091.317827039127
forecast_7535,2025-11-10 23:00:00,18134.51842446977,17674.114437998265,12464.816265261086
forecast_7536,2025-11-11 00:00:00,17169.166429521934,17593.33749192836,12040.347235372043
forecast_7537,2025-11-11 01:00:00,19229.911998598975,18575.976520575387,16072.822103440274
forecast_7538,2025-11-11 02:00:00,17643.920530756954,18098.793249535658,13905.451320974887
forecast_7539,2025-11-11 03:00:00,16699.044813802524,17607.90975208585,12319.489671682795
forecast_7540,2025-11-11 04:00:00,15501.908725749296,16540.612133544408,10381.372579921544
forecast_7541,2025-11-11 05:00:00,11192.151469286635,12489.26627277978,6255.572421249137
forecast_7542,2025-11-11 06:00:00,7339.459654161781,7527.090369190248,3242.8347931802073
forecast_7543,2025-11-11 07:00:00,5722.215333592759,5818.672669772869,3120.326266562087
forecast_7544,2025-11-11 08:00:00,4478.234292850051,3470.59266604471,2321.3998241617683
forecast_7545,2025-11-11 09:00:00,3432.0014660896036,2518.1332022234624,1771.6745434434047
forecast_7546,2025-11-11 10:00:00,2366.203836648352,1782.9485728598256,1365.400270361821
forecast_7547,2025-11-11 11:00:00,1222.888009241034,562.9668027051201,550.5607557292255
forecast_7548,2025-11-11 12:00:00,1044.3674688479107,558.3078650706077,499.081362293033
forecast_7549,2025-11-11 13:00:00,854.824211415004,571.8335263631559,514.1628159943725
forecast_7550,2025-11-11 14:00:00,930.9912651481095,585.733872847433,316.1285825802643
forecast_7551,2025-11-11 15:00:00,573.5216784219186,462.02579638533865,246.4120375073244
forecast_7552,2025-11-11 16:00:00,224.63997987838698,263.1944798010706,201.15533952930969
forecast_7553,2025-11-11 17:00:00,427.0484418081431,339.41422621942274,101.87090207579585
forecast_7554,2025-11-11 18:00:00,309.93582440238237,187.63683901228623,55.86688432657467
forecast_7555,2025-11-11 19:00:00,18.931781120447326,21.717795896660764,85.73945917060409
forecast_7556,2025-11-11 20:00:00,2.7278737317999537,85.10915180509896,46.77178221901418
forecast_7557,2025-11-11 21:00:00,343.58996456430003,300.9498857534317,41.69423244030022
forecast_7558,2025-11-11 22:00:00,380.08877415102125,358.69313235767714,25.05651097987664
forecast_7559,2025-11-11 23:00:00,551.1871869281986,661.084282982376,76.37015284487738
forecast_7560,2025-11-12 00:00:00,555.730141903799,661.6103666153928,70.70702171365215
forecast_7561,2025-11-12 01:00:00,452.45473711354293,276.312532212707,127.31567289295646
forecast_7562,2025-11-12 02:00:00,638.6540868653819,462.5653776422327,253.78480788224033
forecast_7563,2025-11-12 03:00:00,720.8450438429919,384.02282800409785,83.47837036755087
forecast_7564,2025-11-12 04:00:00,985.4904853627453,490.20027621483405,140.1075036526193
forecast_7565,2025-11-12 05:00:00,839.2448063506453,656.8604158232259,137.26287859550268
forecast_7566,2025-11-12 06:00:00,1381.5239514744892,1123.1508644065607,384.3172767075339
forecast_7567,2025-11-12 07:00:00,2097.3099541196666,2184.7493892058756,929.6546952087658
forecast_7568,2025-11-12 08:00:00,2394.0822152999317,2660.046984014943,904.6433123799055
forecast_7569,2025-11-12 09:00:00,3231.2714162886878,4008.3178759278917,1852.701150318947
forecast_7570,2025-11-12 10:00:00,3753.4605596359547,3661.1327241379126,2004.2799913405293
forecast_7571,2025-11-12 11:00:00,3149.1425288297523,2983.309924760422,1448.8956499643987
forecast_7572,2025-11-12 12:00:00,4961.772107055569,4291.294318032439,2621.1370664215665
forecast_7573,2025-11-12 13:00:00,4998.4296812214025,4606.727098126874,3627.111378743135
forecast_7574,2025-11-12 14:00:00,4961.293074715812,4937.729615738809,3481.1437590213122
forecast_7575,2025-11-12 15:00:00,4482.740717669572,4152.92010086141,2909.4441964984976
forecast_7576,2025-11-12 16:00:00,3929.614918914243,3867.0755015384275,3206.0489010978918
forecast_7577,2025-11-12 17:00:00,7173.9046167329025,6470.863601074795,6718.270655781618
forecast_7578,2025-11-12 18:00:00,9940.66262987891,11545.991537765536,8883.211925065665
forecast_7579,2025-11-12 19:00:00,11897.611165502769,13803.248567936525,10721.141434457077
forecast_7580,2025-11-12 20:00:00,13134.247790011303,14345.224659938445,11311.012749228099
forecast_7581,2025-11-12 21:00:00,15159.708885208463,16165.021809355652,12739.34753468073
forecast_7582,2025-11-12 22:00:00,17193.65541910646,17141.157919619585,13335.36365362045
forecast_7583,2025-11-12 23:00:00,18067.810707102763,17956.068558343428,14662.029129066812
forecast_7584,2025-11-13 00:00:00,18668.71809361631,19611.819088676762,17411.31635525494
forecast_7585,2025-11-13 01:00:00,19402.744112071156,19759.35057361826,16425.087438866925
forecast_7586,2025-11-13 02:00:00,16687.40896471867,18113.212462948522,14703.377490646062
forecast_7587,2025-11-13 03:00:00,17969.292909200394,18488.60148664854,15682.736712444957
forecast_7588,2025-11-13 04:00:00,17097.279068221214,17660.533065813306,14333.725010140017
forecast_7589,2025-11-13 05:00:00,16533.432965319582,17459.347744726354,14009.293962426875
forecast_7590,2025-11-13 06:00:00,16702.08584569575,18096.150083770102,13730.818248402238
forecast_7591,2025-11-13 07:00:00,16282.95605809564,17612.59544465436,12176.032453370799
forecast_7592,2025-11-13 08:00:00,15074.329243662973,15864.031004258706,11745.324581039662
forecast_7593,2025-11-13 09:00:00,13871.714546755296,15858.04405674574,11242.449517025962
forecast_7594,2025-11-13 10:00:00,11261.372284326148,13707.367206708725,9904.272072238167
forecast_7595,2025-11-13 11:00:00,9641.54006020081,10523.786991445912,8598.341524990108
forecast_7596,2025-11-13 12:00:00,6971.25062403739,7280.414036912745,4632.017593875638
forecast_7597,2025-11-13 13:00:00,3429.847806167166,3490.558146606989,1740.408456374681
forecast_7598,2025-11-13 14:00:00,3018.141876855522,2478.740906475959,1498.1041482067112
forecast_7599,2025-11-13 15:00:00,2662.236023750392,1737.8879076174073,1149.91915099536
forecast_7600,2025-11-13 16:00:00,2632.4668745406534,2251.9087446933436,1614.1234167676141
forecast_7601,2025-11-13 17:00:00,3031.7476238113477,2280.5651036699774,1430.7022630438053
forecast_7602,2025-11-13 18:00:00,2556.380556213317,2274.756009192126,1377.4421287240186
forecast_7603,2025-11-13 19:00:00,2906.852801864258,2703.292902253899,1819.277701632526
forecast_7604,2025-11-13 20:00:00,4126.917449727653,4440.851484671029,3107.697609635905
forecast_7605,2025-11-13 21:00:00,5533.394886019615,5628.340016562469,4459.116721286696
forecast_7606,2025-11-13 22:00:00,4823.965981553487,5360.501863102079,3734.8415192845487
forecast_7607,2025-11-13 23:00:00,5798.0797204564315,5805.421204166154,4178.783012083255
forecast_7608,2025-11-14 00:00:00,5611.928275152205,5132.411539994172,3872.765813535226
forecast_7609,2025-11-14 01:00:00,2137.9923503695136,1601.6784173006292,1554.314716449872
forecast_7610,2025-11-14 02:00:00,2610.371521077868,1826.7492545331543,1811.0101139408662
forecast_7611,2025-11-14 03:00:00,1894.8348786113272,1563.9874135253676,1490.3466991939845
forecast_7612,2025-11-14 04:00:00,1677.555787691867,1627.0918069612605,1260.4364027163947
forecast_7613,2025-11-14 05:00:00,1866.2943148166426,1512.1167637145293,1435.6890142903524
forecast_7614,2025-11-14 06:00:00,1935.8132684197276,1511.1726809697284,1366.1461994524798
forecast_7615,2025-11-14 07:00:00,2638.393390080481,2559.931948443208,1602.1467436103992
forecast_7616,2025-11-14 08:00:00,3091.9316635017526,3233.26441044768,2465.501328633926
forecast_7617,2025-11-14 09:00:00,3698.684424013311,2733.9274089842324,2369.8496719966956
forecast_7618,2025-11-14 10:00:00,4406.178743115235,3168.756519406699,2708.327300029784
forecast_7619,2025-11-14 11:00:00,3941.7477442454747,3210.5686196679335,2171.7463734355806
forecast_7620,2025-11-14 12:00:00,1913.3978165015144,1394.646011869225,1412.7767720769539
forecast_7621,2025-11-14 13:00:00,2511.864507281695,2396.8694720817925,1744.2842761960867
forecast_7622,2025-11-14 14:00:00,2844.609238646032,3005.6658889357714,2283.931202534991
forecast_7623,2025-11-14 15:00:00,3468.913664258046,3404.7004907981745,2081.6542720210336
forecast_7624,2025-11-14 16:00:00,4603.441450389941,3929.4030947079254,2839.610647934769
forecast_7625,2025-11-14 17:00:00,5400.6781657079755,4718.743488177275,3584.6560214496226
forecast_7626,2025-11-14 18:00:00,5770.357498796716,5533.744227310191,3563.738894343988
forecast_7627,2025-11-14 19:00:00,5729.357673110932,6958.362467383591,4568.5570385125775
forecast_7628,2025-11-14 20:00:00,8393.94296780047,9635.962575515563,6783.9050428458795
forecast_7629,2025-11-14 21:00:00,7806.112606314782,8757.703781663002,4758.204728103682
forecast_7630,2025-11-14 22:00:00,7327.082280285316,8678.683966038929,4616.9725774899025
forecast_7631,2025-11-14 23:00:00,8122.046704818148,9161.91753328901,5181.001048955456
forecast_7632,2025-11-15 00:00:00,7456.455004265435,6840.630097497152,4005.4163448860413
forecast_7633,2025-11-15 01:00:00,5708.414905718371,4085.1824926879503,2656.7263288810273
forecast_7634,2025-11-15 02:00:00,4961.782573712799,3185.5452489168506,1747.8883677814827
forecast_7635,2025-11-15 03:00:00,4220.639103971917,2540.354980471287,1779.4865899606255
forecast_7636,2025-11-15 04:00:00,4704.429665945149,3740.0147231602473,2419.626193949124
forecast_7637,2025-11-15 05:00:00,4036.6566086485223,3185.7816887054646,2304.2764436325224
forecast_7638,2025-11-15 06:00:00,3640.739372021565,2923.0699769712596,1758.526250416961
forecast_7639,2025-11-15 07:00:00,3641.5813630895045,2665.400810837993,1738.823313335698
forecast_7640,2025-11-15 08:00:00,3149.174083481812,1920.9926956297734,1178.943584677822
forecast_7641,2025-11-15 09:00:00,2089.4516591589404,1120.0463173463902,679.8218107305847
forecast_7642,2025-11-15 10:00:00,1039.845122191847,538.335048584684,396.94585685631637
forecast_7643,2025-11-15 11:00:00,284.61202546232676,186.6967325192518,251.51109712708615
forecast_7644,2025-11-15 12:00:00,459.25649801588156,396.29110660402836,382.3639320137526
forecast_7645,2025-11-15 13:00:00,353.5196693859205,369.57190814677966,190.40581543905802
forecast_7646,2025-11-15 14:00:00,257.1892267575885,353.2376957945941,420.68938421372013
forecast_7647,2025-11-15 15:00:00,690.288769700455,665.6866894177509,684.8999696787383
forecast_7648,2025-11-15 16:00:00,1567.6462483149162,1487.561295468214,880.7119830769743
forecast_7649,2025-11-15 17:00:00,2643.4111843046044,2080.0686695790746,1575.188255266135
forecast_7650,2025-11-15 18:00:00,4224.692875189661,3929.796726269813,2968.3128478138347
forecast_7651,2025-11-15 19:00:00,6086.261276502152,5868.499368248195,5108.076590057897
forecast_7652,2025-11-15 20:00:00,7929.236795644083,7323.3663959029,5639.141522496242
forecast_7653,2025-11-15 21:00:00,8858.339218106872,8436.680675910638,6796.150587021461
forecast_7654,2025-11-15 22:00:00,8266.526319316548,8030.802643215799,5965.11134426588
forecast_7655,2025-11-15 23:00:00,6883.694737433636,6787.563091159254,4602.642767028964
forecast_7656,2025-11-16 00:00:00,6258.452446819127,6050.1738825732755,4517.46097052205
forecast_7657,2025-11-16 01:00:00,9473.503679414205,8629.526504267302,6969.1698097693525
forecast_7658,2025-11-16 02:00:00,7887.099363326877,6908.145026471964,4352.9945985086615
forecast_7659,2025-11-16 03:00:00,8223.128418583148,7333.492855596105,4867.199235515092
forecast_7660,2025-11-16 04:00:00,8224.62726368625,7790.281770148704,4294.30418799176
forecast_7661,2025-11-16 05:00:00,9769.495093257676,10379.44629923658,6438.988612543518
forecast_7662,2025-11-16 06:00:00,9722.656724225888,9178.448915706,6892.762537191866
forecast_7663,2025-11-16 07:00:00,9767.572012491126,9744.353057044582,7273.529075163538
forecast_7664,2025-11-16 08:00:00,8745.159628291218,10585.805131588833,6859.108324114793
forecast_7665,2025-11-16 09:00:00,10935.238700340904,13607.338315029394,7192.3713903547305
forecast_7666,2025-11-16 10:00:00,11092.795758606244,14145.921732590929,8151.976012929265
forecast_7667,2025-11-16 11:00:00,8968.24619442942,11819.162026202774,9245.423027376328
forecast_7668,2025-11-16 12:00:00,11067.023849659045,12810.174142289545,11493.090947232935
forecast_7669,2025-11-16 13:00:00,11309.81498140097,13603.500652929164,11893.673977928673
forecast_7670,2025-11-16 14:00:00,10857.410420406988,12616.63176013008,10522.451269905125
forecast_7671,2025-11-16 15:00:00,12611.591863247373,13293.037069601889,11801.877225710667
forecast_7672,2025-11-16 16:00:00,13433.00755746831,14314.860442924126,14830.881741216968
forecast_7673,2025-11-16 17:00:00,16283.685741615924,17232.689852302312,16673.61529251248
forecast_7674,2025-11-16 18:00:00,17799.19094042951,18709.817339196747,17944.53977684381
forecast_7675,2025-11-16 19:00:00,18429.60352049979,19398.793751859997,19780.98910469339
forecast_7676,2025-11-16 20:00:00,19235.967563314593,19872.89415413487,20318.152550489693
forecast_7677,2025-11-16 21:00:00,19076.194764366297,20018.122115791146,20690.285102953025
forecast_7678,2025-11-16 22:00:00,19228.444344015163,19941.260556896275,20600.47322016527
forecast_7679,2025-11-16 23:00:00,18927.377027966315,19873.230995974438,19910.331262710453
forecast_7680,2025-11-17 00:00:00,18660.579354090623,19288.1659234388,19898.454114796543
forecast_7681,2025-11-17 01:00:00,18371.400160276724,19324.62493014528,19052.567500155736
forecast_7682,2025-11-17 02:00:00,18826.099596495336,19809.01229887201,18677.10978903888
forecast_7683,2025-11-17 03:00:00,18164.74138000804,19659.22763888479,18558.282303466807
forecast_7684,2025-11-17 04:00:00,18607.92709962004,19147.910720878306,17957.287623974433
forecast_7685,2025-11-17 05:00:00,18567.8923501109,19504.5304610751,18216.842134860875
forecast_7686,2025-11-17 06:00:00,19150.661432789104,19455.814563028693,17100.241318832126
forecast_7687,2025-11-17 07:00:00,18998.59196677249,19296.485196377525,15624.720315821272
forecast_7688,2025-11-17 08:00:00,18282.923642035268,19163.805632795193,15920.053216037191
forecast_7689,2025-11-17 09:00:00,16583.633924529386,17850.062276790657,14601.280786881209
forecast_7690,2025-11-17 10:00:00,14116.988308517975,15934.816491886431,12516.871745603437
forecast_7691,2025-11-17 11:00:00,12990.256933559967,14198.321186296624,12175.273057953338
forecast_7692,2025-11-17 12:00:00,12931.418387683696,13400.6267682902,10720.660115059296
forecast_7693,2025-11-17 13:00:00,12399.506283612214,12501.072160508835,10035.277314986603
forecast_7694,2025-11-17 14:00:00,12158.556229009886,11989.4964373445,9721.195979685212
forecast_7695,2025-11-17 15:00:00,12298.796542237877,11865.978222648673,10458.662740335454
forecast_7696,2025-11-17 16:00:00,12226.653892174727,12901.658206556524,11109.38380470703
forecast_7697,2025-11-17 17:00:00,12708.699894666148,13277.571607666981,10842.23079306173
forecast_7698,2025-11-17 18:00:00,12256.373453350832,13020.715755735748,11548.327205941472
forecast_7699,2025-11-17 19:00:00,12250.322586359516,13335.522620711252,13057.969863812377
forecast_7700,2025-11-17 20:00:00,12484.668613062498,14389.658369219713,13297.593250128788
forecast_7701,2025-11-17 21:00:00,13385.16136834347,16670.548690159278,13445.485874395968
forecast_7702,2025-11-17 22:00:00,14200.086109574431,17579.41543989344,14552.09833891711
forecast_7703,2025-11-17 23:00:00,14546.88283181557,17464.13837586219,15334.264771156497
forecast_7704,2025-11-18 00:00:00,14749.016461299556,17174.84285851001,13926.801266243352
forecast_7705,2025-11-18 01:00:00,14643.121318951067,15138.347908224798,12689.480367772248
forecast_7706,2025-11-18 02:00:00,14096.035280936265,15920.930559400857,12963.192382973497
forecast_7707,2025-11-18 03:00:00,14015.812114244247,15912.764839476004,12619.086500861742
forecast_7708,2025-11-18 04:00:00,14423.162491742882,16888.707042512196,13854.315748146972
forecast_7709,2025-11-18 05:00:00,15249.465610827212,16520.43834061463,13948.873487061754
forecast_7710,2025-11-18 06:00:00,15035.972873225093,15630.06187297103,13979.77925650258
forecast_7711,2025-11-18 07:00:00,15185.374231538894,15606.642694098533,13766.400600559817
forecast_7712,2025-11-18 08:00:00,14204.626933583606,15038.701904171128,12914.859777801654
forecast_7713,2025-11-18 09:00:00,13451.999882610076,13602.063665705131,12430.123294379517
forecast_7714,2025-11-18 10:00:00,12115.959857107286,12376.083276324141,10284.406511516616
forecast_7715,2025-11-18 11:00:00,11830.61451774613,11747.929816367927,9166.651936812548
forecast_7716,2025-11-18 12:00:00,11787.068086903071,12007.672179695286,9280.135232350494
forecast_7717,2025-11-18 13:00:00,11375.02999458746,11465.169646822016,9176.979809144117
forecast_7718,2025-11-18 14:00:00,11680.196967740436,11227.076604644477,8856.753014722492
forecast_7719,2025-11-18 15:00:00,10362.416049736885,9890.638349906852,6111.7447685009465
forecast_7720,2025-11-18 16:00:00,8238.557622937367,6995.879701030289,4042.5676159363757
forecast_7721,2025-11-18 17:00:00,7033.417631773271,5849.748421865035,4019.899044414487
forecast_7722,2025-11-18 18:00:00,6510.804071050149,4829.180923254652,3901.0255333468895
forecast_7723,2025-11-18 19:00:00,5104.096222651609,4818.909221054984,3749.4879331508687
forecast_7724,2025-11-18 20:00:00,6109.109866319629,5003.415315121694,3766.5720347180913
forecast_7725,2025-11-18 21:00:00,6317.943738043469,5267.751593669739,4955.372490468111
forecast_7726,2025-11-18 22:00:00,7422.604819915136,6499.225730445253,4721.914316656842
forecast_7727,2025-11-18 23:00:00,6968.042933911956,5784.829402029877,4550.2511320352
forecast_7728,2025-11-19 00:00:00,6376.497558966396,5904.261849657777,4198.491001253088
forecast_7729,2025-11-19 01:00:00,7792.883633755283,8804.845612114712,5230.480707960133
forecast_7730,2025-11-19 02:00:00,7778.880177851012,8061.787117438826,4877.955097197565
forecast_7731,2025-11-19 03:00:00,6997.2773551876935,6561.321208862442,4253.273236088112
forecast_7732,2025-11-19 04:00:00,6470.1576259677695,5605.183013362887,4119.441733893335
forecast_7733,2025-11-19 05:00:00,4362.124982590465,3527.4901019703584,3476.634817971438
forecast_7734,2025-11-19 06:00:00,2838.271963066372,1915.127658560164,2884.908458845801
forecast_7735,2025-11-19 07:00:00,3123.97224532944,1706.9546674309872,2193.760410247392
forecast_7736,2025-11-19 08:00:00,2789.1866356710557,1441.8368336533297,1336.4805754286313
forecast_7737,2025-11-19 09:00:00,1958.8959606732137,999.4218257920645,1397.9733813432604
forecast_7738,2025-11-19 10:00:00,500.58532266916023,313.9467070173505,371.06737558640316
forecast_7739,2025-11-19 11:00:00,90.70004046388813,43.68263299953512,175.7282601218707
forecast_7740,2025-11-19 12:00:00,0.0,0.0,236.4795541903178
forecast_7741,2025-11-19 13:00:00,112.59148016471333,2.756661578781771,191.5695383829829
forecast_7742,2025-11-19 14:00:00,459.61371042787584,262.5942480412051,836.8827595795465
forecast_7743,2025-11-19 15:00:00,1290.5642103401615,850.405396305691,1129.188678785643
forecast_7744,2025-11-19 16:00:00,2117.152794350683,1486.4225119640864,1269.1976037922632
forecast_7745,2025-11-19 17:00:00,3325.384539669384,3055.1543539972145,2101.4793294868223
forecast_7746,2025-11-19 18:00:00,7286.797265302713,5369.3657752929685,5850.082904613661
forecast_7747,2025-11-19 19:00:00,8830.043894250317,7385.4093076756535,8098.537167025948
forecast_7748,2025-11-19 20:00:00,12318.186022995586,10635.135759238932,9139.352144249751
forecast_7749,2025-11-19 21:00:00,13590.483135131057,12636.22117002845,11226.959821232136
forecast_7750,2025-11-19 22:00:00,16803.82176823813,14417.105328830392,13082.956256162526
forecast_7751,2025-11-19 23:00:00,18759.98398533681,16918.42116352891,15904.451995701707
forecast_7752,2025-11-20 00:00:00,20135.483128987824,18428.028899352692,16988.37299360157
forecast_7753,2025-11-20 01:00:00,19450.9620598138,18796.75565691802,17064.272832205817
forecast_7754,2025-11-20 02:00:00,19714.4974074295,19808.646283878046,17799.30937993941
forecast_7755,2025-11-20 03:00:00,19060.329730066984,20390.80228974751,18146.863777682294
forecast_7756,2025-11-20 04:00:00,18662.385763614766,19842.162256381805,16247.700389407593
forecast_7757,2025-11-20 05:00:00,18350.53226998227,19455.567482168975,16451.53354200984
forecast_7758,2025-11-20 06:00:00,18496.200937553327,18828.17369742117,15405.456788226453
forecast_7759,2025-11-20 07:00:00,19506.140334786855,19125.8055236698,15219.31467346926
forecast_7760,2025-11-20 08:00:00,17504.14452207775,18664.26267686811,14603.12884510906
forecast_7761,2025-11-20 09:00:00,16984.241023365743,18965.884468344593,15315.326949003698
forecast_7762,2025-11-20 10:00:00,15885.163973308057,17589.135844614004,16319.548784167855
forecast_7763,2025-11-20 11:00:00,17202.50264066249,18588.712750997056,15778.832829808662
forecast_7764,2025-11-20 12:00:00,17347.1467615548,18662.58569484231,15941.154410554596
forecast_7765,2025-11-20 13:00:00,17633.603138002858,18735.62786695371,16237.437966939926
forecast_7766,2025-11-20 14:00:00,18148.526603874514,19171.94281558127,17490.59823050322
forecast_7767,2025-11-20 15:00:00,18668.191415176607,18864.03709487147,17184.37239692466
forecast_7768,2025-11-20 16:00:00,18256.064232776727,18931.933256877965,17775.802641383987
forecast_7769,2025-11-20 17:00:00,19339.218177393534,19199.813998502566,18873.857391298046
forecast_7770,2025-11-20 18:00:00,20282.24601898444,19180.591843943344,19368.08268754607
forecast_7771,2025-11-20 19:00:00,19678.812504988855,19113.108918264432,19079.995171377836
forecast_7772,2025-11-20 20:00:00,18930.65320643548,18864.746771883667,17617.88558660831
forecast_7773,2025-11-20 21:00:00,18104.794336319548,18572.59394805413,17660.722404037508
forecast_7774,2025-11-20 22:00:00,17876.214613394215,18341.553669153192,17512.48000503755
forecast_7775,2025-11-20 23:00:00,17685.387063754948,18450.297696911904,16972.565566233316
forecast_7776,2025-11-21 00:00:00,17695.21115810767,18733.433795994995,15765.976661209477
forecast_7777,2025-11-21 01:00:00,16091.082674152047,17203.679996329633,15532.949067141812
forecast_7778,2025-11-21 02:00:00,15173.337291260546,16704.96083276861,14957.906283729984
forecast_7779,2025-11-21 03:00:00,15125.491725248377,16896.635032793405,14968.083695453885
forecast_7780,2025-11-21 04:00:00,15634.589038868904,17120.557796788686,13205.238399275202
forecast_7781,2025-11-21 05:00:00,16471.7447575825,18022.956519946223,13426.59959151662
forecast_7782,2025-11-21 06:00:00,16999.802332643572,18156.53910006127,13328.093370695597
forecast_7783,2025-11-21 07:00:00,16864.44901188715,18012.69249410416,12968.716453842038
forecast_7784,2025-11-21 08:00:00,16724.829967381065,18347.560750321805,14003.672311629181
forecast_7785,2025-11-21 09:00:00,15029.302238883965,17166.994444725697,13295.017215549968
forecast_7786,2025-11-21 10:00:00,14654.239735021734,16084.824637780206,13721.326219472407
forecast_7787,2025-11-21 11:00:00,14524.200430108984,15076.253572806623,12721.595475237906
forecast_7788,2025-11-21 12:00:00,14720.807480443773,16013.217235700666,12372.353812977155
forecast_7789,2025-11-21 13:00:00,14893.779657118705,14437.308466657683,12079.841306257917
forecast_7790,2025-11-21 14:00:00,15547.271155872093,15141.92510069055,11945.652255117651
forecast_7791,2025-11-21 15:00:00,15160.043528245269,14702.034685479113,12272.580290733184
forecast_7792,2025-11-21 16:00:00,15022.042099444028,16269.659790913252,13540.735659962487
forecast_7793,2025-11-21 17:00:00,15726.694208114006,16838.098898718887,14994.32804902193
forecast_7794,2025-11-21 18:00:00,15643.451618984802,17026.265484411037,15831.021346986148
forecast_7795,2025-11-21 19:00:00,15078.764321886063,16268.53404979804,15078.13373589213
forecast_7796,2025-11-21 20:00:00,14640.596957245216,15471.182418232964,13247.412273520518
forecast_7797,2025-11-21 21:00:00,14520.566537750525,15426.393532579144,13855.751867617735
forecast_7798,2025-11-21 22:00:00,15044.61910196797,16722.070899509614,14592.3130445992
forecast_7799,2025-11-21 23:00:00,15073.216987235235,17495.472409083377,14860.194939324227
forecast_7800,2025-11-22 00:00:00,16649.778086688362,17669.15786215715,16048.992502997546
forecast_7801,2025-11-22 01:00:00,17172.779882587387,18765.6786797721,16285.056651950506
forecast_7802,2025-11-22 02:00:00,17612.736044135556,18860.82072240416,15892.713110258954
forecast_7803,2025-11-22 03:00:00,17568.1498223475,18847.226863360534,14485.522434181039
forecast_7804,2025-11-22 04:00:00,17301.303369418118,18680.4991656672,14297.763050036305
forecast_7805,2025-11-22 05:00:00,18562.882791560718,18818.6405555116,15524.615105331535
forecast_7806,2025-11-22 06:00:00,18871.09004915665,19123.79910778181,15178.142323987897
forecast_7807,2025-11-22 07:00:00,18762.603573232824,18982.634490573757,15477.711223253078
forecast_7808,2025-11-22 08:00:00,18661.27325702578,18857.30019744649,13541.304703422575
forecast_7809,2025-11-22 09:00:00,16146.926766893226,17032.39683094261,11630.998767576986
forecast_7810,2025-11-22 10:00:00,12186.49095717492,14219.358991717529,11377.310396609357
forecast_7811,2025-11-22 11:00:00,10440.152039995797,12726.801966113322,10138.081071490038
forecast_7812,2025-11-22 12:00:00,10939.998742820206,12358.495010752495,10100.794524108514
forecast_7813,2025-11-22 13:00:00,10342.677618045198,11397.760837826334,8792.283850147473
forecast_7814,2025-11-22 14:00:00,11756.358421433879,12389.085476709666,9995.448564786444
forecast_7815,2025-11-22 15:00:00,12191.750823717626,13348.52748929796,11025.594945977135
forecast_7816,2025-11-22 16:00:00,13240.76705530084,14815.803738566854,11852.201605497148
forecast_7817,2025-11-22 17:00:00,15590.542520907507,16012.809753936504,14102.674724570477
forecast_7818,2025-11-22 18:00:00,17484.327367067126,17332.12324625712,15120.084308517135
forecast_7819,2025-11-22 19:00:00,17822.15346089108,18252.63382471859,15693.414058998304
forecast_7820,2025-11-22 20:00:00,18949.22367412263,18753.224511467473,16078.303083001254
forecast_7821,2025-11-22 21:00:00,19347.911105856223,18940.51978397206,16289.899100221053
forecast_7822,2025-11-22 22:00:00,19939.918247340847,18157.08034421396,15669.671780545954
forecast_7823,2025-11-22 23:00:00,20035.603141958098,18981.113983386753,17391.5888341894
forecast_7824,2025-11-23 00:00:00,19574.230897009915,19321.13434304447,17059.716038264818
forecast_7825,2025-11-23 01:00:00,20221.82132907714,20214.67522274068,18310.70892919051
forecast_7826,2025-11-23 02:00:00,20144.526246576555,19705.222974329354,18118.966062757863
forecast_7827,2025-11-23 03:00:00,19863.77837459082,19636.6321534487,18432.210521046025
forecast_7828,2025-11-23 04:00:00,19866.695818316097,19601.610343759454,17884.217599776657
forecast_7829,2025-11-23 05:00:00,19697.25536716354,19775.462266936334,16754.310158191234
forecast_7830,2025-11-23 06:00:00,19471.573933121355,19836.12930561217,16679.03228596651
forecast_7831,2025-11-23 07:00:00,19984.56759810176,19551.131405920572,16767.22341543299
forecast_7832,2025-11-23 08:00:00,19160.403425849352,19259.602477364828,16041.514403492338
forecast_7833,2025-11-23 09:00:00,18293.313364157097,17632.087307861104,14488.2732799405
forecast_7834,2025-11-23 10:00:00,16940.766414734455,18114.74839425175,15032.608958115701
forecast_7835,2025-11-23 11:00:00,15007.626415866918,17182.7065369866,12739.37090320733
forecast_7836,2025-11-23 12:00:00,16248.09224512925,17706.017538059026,14518.925685456601
forecast_7837,2025-11-23 13:00:00,14919.401472980651,15809.94068003479,14051.628802359162
forecast_7838,2025-11-23 14:00:00,13151.290231875517,14355.066790808936,13861.81803090989
forecast_7839,2025-11-23 15:00:00,12963.294381007356,14832.611653259724,11843.901987529855
forecast_7840,2025-11-23 16:00:00,12562.390965255527,14118.503950933964,11596.356475401368
forecast_7841,2025-11-23 17:00:00,14462.044457240154,15785.511394623365,14659.459124508967
forecast_7842,2025-11-23 18:00:00,16981.91666295995,17374.129101979073,15630.356694604356
forecast_7843,2025-11-23 19:00:00,17734.08192329817,18968.00700381382,16291.463858808154
forecast_7844,2025-11-23 20:00:00,18074.907443096614,19289.51714773952,16562.18828946167
forecast_7845,2025-11-23 21:00:00,17858.825467341157,18899.11335196895,16820.426036112094
forecast_7846,2025-11-23 22:00:00,17443.27126828066,17903.875212842308,16906.428923188072
forecast_7847,2025-11-23 23:00:00,16192.608492324911,16739.24297399649,15606.83115079393
forecast_7848,2025-11-24 00:00:00,14420.825221572677,14943.135569011352,13170.64730051305
forecast_7849,2025-11-24 01:00:00,13696.611217843265,15438.065353869024,11061.155324621373
forecast_7850,2025-11-24 02:00:00,13920.540373637059,15761.958021208595,13363.74192535168
forecast_7851,2025-11-24 03:00:00,12541.172123895378,14771.100068239917,10685.838087702163
forecast_7852,2025-11-24 04:00:00,12742.85563424857,14281.972561128008,9292.388964653004
forecast_7853,2025-11-24 05:00:00,11041.157268004405,12720.73955212538,7375.755247562873
forecast_7854,2025-11-24 06:00:00,10786.618790250746,11991.19828623645,8678.091683967827
forecast_7855,2025-11-24 07:00:00,12714.214528227172,14658.48765886019,10515.711022450707
forecast_7856,2025-11-24 08:00:00,13049.029991462074,14567.457650681272,9993.613585442863
forecast_7857,2025-11-24 09:00:00,9349.901665635314,10845.917776961362,7048.367815600154
forecast_7858,2025-11-24 10:00:00,7585.977072248182,10131.926301970654,6607.84069504119
forecast_7859,2025-11-24 11:00:00,9848.405833389399,9375.43513628184,7160.624451785871
forecast_7860,2025-11-24 12:00:00,9851.460351006694,10284.918107112524,8112.890200137663
forecast_7861,2025-11-24 13:00:00,10491.90582148635,10643.905690840087,8498.285132955427
forecast_7862,2025-11-24 14:00:00,11862.60039299137,13266.627748361934,10755.140681217232
forecast_7863,2025-11-24 15:00:00,12574.15645867874,13906.967472527776,12104.631837152057
forecast_7864,2025-11-24 16:00:00,11829.17393025115,12238.139991948205,10374.422338155202
forecast_7865,2025-11-24 17:00:00,10702.08720545955,11311.798857524958,9375.302698337551
forecast_7866,2025-11-24 18:00:00,9931.682346098181,11299.313670156973,9239.397904621854
forecast_7867,2025-11-24 19:00:00,9215.51284088027,10850.07745428612,8507.410770910232
forecast_7868,2025-11-24 20:00:00,11982.218605726912,12503.262056735843,9940.338549191212
forecast_7869,2025-11-24 21:00:00,11815.240779907985,13016.050687020215,9966.41562054794
forecast_7870,2025-11-24 22:00:00,11811.668438251623,13143.106684623619,9847.040188920182
forecast_7871,2025-11-24 23:00:00,11511.9663276796,13107.038808879,9839.200600010066
forecast_7872,2025-11-25 00:00:00,11498.643085352589,12824.346926677152,9984.195725595813
forecast_7873,2025-11-25 01:00:00,12331.292671693653,13456.755280469517,10429.114287939079
forecast_7874,2025-11-25 02:00:00,11722.640948894168,12708.411280002012,10591.684335672539
forecast_7875,2025-11-25 03:00:00,12960.983266410234,13924.827100046732,12193.403788299014
forecast_7876,2025-11-25 04:00:00,12023.028038258844,13349.391875316127,11803.566151298894
forecast_7877,2025-11-25 05:00:00,13118.542515816154,15058.126010902295,13002.554437352172
forecast_7878,2025-11-25 06:00:00,12981.036135676648,15622.955786206518,13161.790047512563
forecast_7879,2025-11-25 07:00:00,12690.425013697302,15880.911671211503,12899.44524764039
forecast_7880,2025-11-25 08:00:00,11419.274773505074,14514.176833689608,10531.268418289068
forecast_7881,2025-11-25 09:00:00,10288.456084807935,10639.547868703032,6411.922430981203
forecast_7882,2025-11-25 10:00:00,8137.024641312183,8970.137943213298,5937.885538641523
forecast_7883,2025-11-25 11:00:00,6686.886269447882,8902.043712482067,4049.2295047277366
forecast_7884,2025-11-25 12:00:00,5860.492285619884,7618.736359525823,3518.5893055785095
forecast_7885,2025-11-25 13:00:00,6509.1893669838455,8009.467744600149,5543.645929992949
forecast_7886,2025-11-25 14:00:00,8161.325433817433,9779.873730697285,6729.047467086956
forecast_7887,2025-11-25 15:00:00,8962.61415985314,10412.995935599007,7514.005880459462
forecast_7888,2025-11-25 16:00:00,9858.23208263234,10682.891563865009,7233.420673166519
forecast_7889,2025-11-25 17:00:00,10486.922154352864,9878.610419261007,7357.443989009246
forecast_7890,2025-11-25 18:00:00,11086.148203289045,10237.35138835925,8509.529177792501
forecast_7891,2025-11-25 19:00:00,11191.882372997621,10532.135908874692,8506.994435494531
forecast_7892,2025-11-25 20:00:00,8769.499000981998,9261.169413632513,6817.538530994418
forecast_7893,2025-11-25 21:00:00,6676.265903067578,6905.945159606142,3019.0679233288893
forecast_7894,2025-11-25 22:00:00,5496.000117747445,5662.695495260489,2674.1313226604334
forecast_7895,2025-11-25 23:00:00,4434.046471227037,5330.808517317427,2697.8003727847313
forecast_7896,2025-11-26 00:00:00,3891.4983727274384,3910.431806635663,2677.545064987351
forecast_7897,2025-11-26 01:00:00,3252.7829844703206,2381.2460883602457,1610.0405046766332
forecast_7898,2025-11-26 02:00:00,2413.891159258304,1617.549694738229,1279.1211915567596
forecast_7899,2025-11-26 03:00:00,1607.2969606375314,1306.670044440958,808.3614746136269
forecast_7900,2025-11-26 04:00:00,758.0139688634149,554.3883595485371,235.76598669160538
forecast_7901,2025-11-26 05:00:00,658.6711830956584,459.4532454244283,577.7130480208216
forecast_7902,2025-11-26 06:00:00,656.3648163878611,916.7847996998432,593.2668284449257
forecast_7903,2025-11-26 07:00:00,2072.2463921065996,1782.3537603819275,1685.4905619101535
forecast_7904,2025-11-26 08:00:00,1790.8815656696095,1447.4087209055392,2041.1434381647118
forecast_7905,2025-11-26 09:00:00,3037.622044962598,2427.598603501539,2181.8888053293076
forecast_7906,2025-11-26 10:00:00,3573.0580650370916,2810.786595959843,2230.4081014734143
forecast_7907,2025-11-26 11:00:00,2360.886178191696,1730.3223107725048,1871.1284760839992
forecast_7908,2025-11-26 12:00:00,2189.4635866566846,1516.6088360057038,1498.5231829116665
forecast_7909,2025-11-26 13:00:00,1972.2227135064315,1544.4091154822759,1541.0346973205205
forecast_7910,2025-11-26 14:00:00,2714.187540316548,2401.133258709276,2850.4485592553006
forecast_7911,2025-11-26 15:00:00,3710.687722301387,2882.167168829963,3509.737072719412
forecast_7912,2025-11-26 16:00:00,4497.940140763287,3030.948019389452,3862.7748783620937
forecast_7913,2025-11-26 17:00:00,7150.664359799359,5374.09570869194,5172.109583831779
forecast_7914,2025-11-26 18:00:00,9020.145885394017,8309.200791628773,6723.543441620274
forecast_7915,2025-11-26 19:00:00,10842.175893231555,10533.740229896637,8649.56162881063
forecast_7916,2025-11-26 20:00:00,11369.92825981672,11924.414411088426,9084.210707249847
forecast_7917,2025-11-26 21:00:00,11610.32500784527,12212.583739352389,10103.295020183323
forecast_7918,2025-11-26 22:00:00,11861.378719896584,14112.116848794829,10013.186997321458
forecast_7919,2025-11-26 23:00:00,11508.04203412757,13066.382428584438,9498.234089412616
forecast_7920,2025-11-27 00:00:00,13237.723607531398,15087.398537204068,11104.259315616442
forecast_7921,2025-11-27 01:00:00,13547.88551970139,15986.259097025628,10499.813825103063
forecast_7922,2025-11-27 02:00:00,14480.841519966607,16229.586939859193,12190.702441606842
forecast_7923,2025-11-27 03:00:00,15298.917143349887,15210.317671244666,13081.753215607687
forecast_7924,2025-11-27 04:00:00,13699.70635212911,15219.29431723589,13342.628401041266
forecast_7925,2025-11-27 05:00:00,14352.097816511507,15986.869635584773,13625.550350351114
forecast_7926,2025-11-27 06:00:00,14209.269584166539,15729.889111981134,12991.173626887261
forecast_7927,2025-11-27 07:00:00,10197.152902984635,13053.038357671001,8327.631728129212
forecast_7928,2025-11-27 08:00:00,13355.456792252111,15923.70502182785,12626.080431798999
forecast_7929,2025-11-27 09:00:00,15490.102683393947,17835.101537875387,15702.109621625412
forecast_7930,2025-11-27 10:00:00,14195.65231316864,17492.97224987321,15900.395021069291
forecast_7931,2025-11-27 11:00:00,15198.141406327668,17949.53391954233,17309.571867047285
forecast_7932,2025-11-27 12:00:00,16179.505331417455,18132.713715240432,17120.29428527269
forecast_7933,2025-11-27 13:00:00,16318.496771043776,18907.487114663447,16324.006565292633
forecast_7934,2025-11-27 14:00:00,15783.538564540928,18080.765617512534,15873.72149911137
forecast_7935,2025-11-27 15:00:00,16757.11630982654,18624.36898043092,15904.469143288481
forecast_7936,2025-11-27 16:00:00,18378.20299468077,18976.90485123326,15545.749976621528
forecast_7937,2025-11-27 17:00:00,17881.513482577353,18320.06930753417,15554.655432782098
forecast_7938,2025-11-27 18:00:00,17675.31960079069,18757.62006247064,16659.75088040033
forecast_7939,2025-11-27 19:00:00,16850.776855655833,18873.51902649274,15881.558386700819
forecast_7940,2025-11-27 20:00:00,17759.37284084335,18443.651855646356,15325.35055186275
forecast_7941,2025-11-27 21:00:00,17087.166054265756,18344.126951680955,14551.079068246807
forecast_7942,2025-11-27 22:00:00,16696.365529717747,17387.11979712029,13778.260966794089
forecast_7943,2025-11-27 23:00:00,17567.34794805478,17959.296953309815,14665.956678708948
forecast_7944,2025-11-28 00:00:00,17623.072789868955,17941.802314529323,15046.489933170074
forecast_7945,2025-11-28 01:00:00,18228.56515239486,17542.766987968418,16263.706227925208
forecast_7946,2025-11-28 02:00:00,16851.47200969244,16158.7374325661,16011.915762260805
forecast_7947,2025-11-28 03:00:00,17416.428326379748,17107.6202173718,15574.216247349525
forecast_7948,2025-11-28 04:00:00,17026.86975681908,17415.272928378738,15316.96558186047
forecast_7949,2025-11-28 05:00:00,15562.206775756593,16272.817569305975,14171.820770077029
forecast_7950,2025-11-28 06:00:00,16098.705951980735,16441.249539739183,13893.65869115655
forecast_7951,2025-11-28 07:00:00,16344.304141930506,17033.29783676258,13594.988350735819
forecast_7952,2025-11-28 08:00:00,16564.513258269988,16041.330164744397,10431.247900212433
forecast_7953,2025-11-28 09:00:00,12441.208221311968,12747.930326587291,9028.883197023064
forecast_7954,2025-11-28 10:00:00,7224.138008476674,6028.219466342152,6619.372998599591
forecast_7955,2025-11-28 11:00:00,7451.688532816468,9080.57757077553,5383.51854864513
forecast_7956,2025-11-28 12:00:00,7033.90457225723,8899.094164095311,5203.52522444592
forecast_7957,2025-11-28 13:00:00,6814.885664225486,7677.581335433773,6400.039902207124
forecast_7958,2025-11-28 14:00:00,6088.352770748672,6555.537973397975,4457.021922156924
forecast_7959,2025-11-28 15:00:00,5635.515151421015,5735.905162601636,4442.962088123248
forecast_7960,2025-11-28 16:00:00,6658.886589217086,6568.571804793871,4584.7135319999115
forecast_7961,2025-11-28 17:00:00,7181.63417410691,5960.134487796278,5011.801444726224
forecast_7962,2025-11-28 18:00:00,7574.325570979351,6292.725644446894,5924.46259223391
forecast_7963,2025-11-28 19:00:00,7037.791018236961,5508.787815736703,4974.118389344564
forecast_7964,2025-11-28 20:00:00,5417.23694819396,4566.355823676606,4500.264318453408
forecast_7965,2025-11-28 21:00:00,5192.234541830562,4005.874865757838,4017.0619884565212
forecast_7966,2025-11-28 22:00:00,4462.432296148608,3787.063075638389,4305.074239709234
forecast_7967,2025-11-28 23:00:00,4869.715452625787,4516.658169645795,4540.412287180405
forecast_7968,2025-11-29 00:00:00,4697.668506592428,4548.47677508444,4638.46222679441
forecast_7969,2025-11-29 01:00:00,3509.079547052005,4077.9918816113604,3601.0309712301473
forecast_7970,2025-11-29 02:00:00,4080.710678199892,4398.489183561036,4168.541657328644
forecast_7971,2025-11-29 03:00:00,5950.929358136169,6049.340101951258,5626.35485777809
forecast_7972,2025-11-29 04:00:00,8843.65989808018,9055.94037249575,8198.57992870756
forecast_7973,2025-11-29 05:00:00,10890.326491118984,12667.97824178236,8533.80389212641
forecast_7974,2025-11-29 06:00:00,11900.428864083275,14607.886421257446,9419.59014627827
forecast_7975,2025-11-29 07:00:00,12173.385707466836,14574.254553203535,9501.01155862495
forecast_7976,2025-11-29 08:00:00,11051.831147104227,14347.691361489953,8767.372387320065
forecast_7977,2025-11-29 09:00:00,10493.119191884343,14041.81653029679,7470.839300421188
forecast_7978,2025-11-29 10:00:00,8519.986297496327,11084.965890436299,7064.564006060247
forecast_7979,2025-11-29 11:00:00,6974.0400164334615,9329.037917753147,6292.347279255683
forecast_7980,2025-11-29 12:00:00,10182.63609296088,11855.413980421248,9433.767697913132
forecast_7981,2025-11-29 13:00:00,12087.208460403996,13299.26570841399,11797.839901688676
forecast_7982,2025-11-29 14:00:00,13187.297026513283,14715.655751059316,13050.311153303881
forecast_7983,2025-11-29 15:00:00,14588.153365732502,15869.2312247211,14132.123431956712
forecast_7984,2025-11-29 16:00:00,15498.821389144583,16897.968030956377,16141.276695674673
forecast_7985,2025-11-29 17:00:00,17187.601049913763,18285.80550519478,16964.743400472096
forecast_7986,2025-11-29 18:00:00,17817.721609001284,19441.929025709243,18430.561641893994
forecast_7987,2025-11-29 19:00:00,18767.43213317273,19881.75117040565,20101.894970271227
forecast_7988,2025-11-29 20:00:00,19815.255320233253,19902.725657809042,20682.338721037588
forecast_7989,2025-11-29 21:00:00,20276.78549342671,20051.694623030973,20634.93712575112
forecast_7990,2025-11-29 22:00:00,20571.729045489155,19887.34448047834,20184.252500832976
forecast_7991,2025-11-29 23:00:00,20570.0090481031,19765.20209194481,20270.10878192463
forecast_7992,2025-11-30 00:00:00,20334.123449287057,19770.700866552143,19743.87800941473
forecast_7993,2025-11-30 01:00:00,19348.458258646413,19792.031264911162,20208.14892825809
forecast_7994,2025-11-30 02:00:00,19235.375292838457,19186.140102241578,19072.08269083104
forecast_7995,2025-11-30 03:00:00,18572.090466294834,19193.225873552085,18361.55939250729
forecast_7996,2025-11-30 04:00:00,17656.890808505217,18438.85471872809,17501.12196538634
forecast_7997,2025-11-30 05:00:00,17294.7298175479,17755.685104392876,16485.64443219906
forecast_7998,2025-11-30 06:00:00,16258.144178722947,16906.784181566105,15212.887143535934
forecast_7999,2025-11-30 07:00:00,14727.04378643716,16189.21108504713,13941.556222342631
forecast_8000,2025-11-30 08:00:00,14756.348674566627,15846.046570233982,13935.195537652864
forecast_8001,2025-11-30 09:00:00,13716.849122925043,15354.537878155175,12843.42534476829
forecast_8002,2025-11-30 10:00:00,12725.954486388082,14870.232666537111,12377.015535990056
forecast_8003,2025-11-30 11:00:00,13155.237458658627,14841.951139478091,12362.913927857526
forecast_8004,2025-11-30 12:00:00,12581.227088072266,13832.99829554364,11732.449641220897
forecast_8005,2025-11-30 13:00:00,11579.893062119685,11795.002248395853,8787.279446416822
forecast_8006,2025-11-30 14:00:00,11733.789327419849,11954.578379660468,9134.428266632327
forecast_8007,2025-11-30 15:00:00,10027.623249730039,9080.287976106607,8920.225020220605
forecast_8008,2025-11-30 16:00:00,8659.101938087333,9522.449657411911,8948.012079509828
forecast_8009,2025-11-30 17:00:00,10049.525376376858,11741.472721737484,9970.991902431577
forecast_8010,2025-11-30 18:00:00,15264.060343808309,16708.024923333094,16536.363543749587
forecast_8011,2025-11-30 19:00:00,17946.855945377072,18960.567267435425,19236.469394195952
forecast_8012,2025-11-30 20:00:00,19058.28772854596,19683.97076808783,20038.179080378766
forecast_8013,2025-11-30 21:00:00,19426.764545420716,20147.35421041469,20858.064646319144
forecast_8014,2025-11-30 22:00:00,19597.053857957537,20064.249849741675,20956.266484795546
forecast_8015,2025-11-30 23:00:00,19098.579992332503,19796.511896755324,20590.108515083262
forecast_8016,2025-12-01 00:00:00,18729.741046859832,19755.107084100917,19002.937114083146
forecast_8017,2025-12-01 01:00:00,18728.263204881267,19598.23119006029,17941.92667377856
forecast_8018,2025-12-01 02:00:00,18254.302203489962,19270.940199839628,16616.638425962272
forecast_8019,2025-12-01 03:00:00,17448.385901299247,18722.218899290794,15216.613171622703
forecast_8020,2025-12-01 04:00:00,17398.229882678686,19026.29783231295,15268.935640412054
forecast_8021,2025-12-01 05:00:00,18401.029995405745,18985.476702162272,17481.18323608646
forecast_8022,2025-12-01 06:00:00,18762.35049058947,19262.48879685621,18240.69845805164
forecast_8023,2025-12-01 07:00:00,18387.479674831797,19510.19145338618,17986.31860444136
forecast_8024,2025-12-01 08:00:00,18130.38317313024,18767.092127309654,15403.678448738836
forecast_8025,2025-12-01 09:00:00,15429.718442737643,17409.53532340175,12424.87601924127
forecast_8026,2025-12-01 10:00:00,13162.651027629334,16223.690374403233,11174.316967313809
forecast_8027,2025-12-01 11:00:00,7787.423956644615,9139.454699245522,6296.791221775194
forecast_8028,2025-12-01 12:00:00,6383.5757353405315,7479.672368471572,5316.22532952678
forecast_8029,2025-12-01 13:00:00,6250.580152610809,5860.538878075811,4113.400715650813
forecast_8030,2025-12-01 14:00:00,6569.503952527936,6040.903951138476,4077.144866494741
forecast_8031,2025-12-01 15:00:00,5199.2052484065935,5108.496952654256,3418.4067755100036
forecast_8032,2025-12-01 16:00:00,4329.251081463517,3500.4510627386194,2598.4049915857668
forecast_8033,2025-12-01 17:00:00,4383.732068487796,3826.047149493332,2623.8081850422345
forecast_8034,2025-12-01 18:00:00,5511.868496474023,4460.7729995201,4041.2823612484867
forecast_8035,2025-12-01 19:00:00,7804.961641924964,7414.961223404579,4598.504672502211
forecast_8036,2025-12-01 20:00:00,9099.373770876127,9519.08480498025,7029.896518189516
forecast_8037,2025-12-01 21:00:00,10317.56424829728,11042.668664376646,8284.805708776568
forecast_8038,2025-12-01 22:00:00,12117.07938115222,12195.587158548497,9052.3449731105
forecast_8039,2025-12-01 23:00:00,13282.042800762041,14950.48302811868,10652.667844790658
forecast_8040,2025-12-02 00:00:00,13375.718430520816,15491.4462578768,11500.353204724797
forecast_8041,2025-12-02 01:00:00,14120.02336410046,15210.743512168843,13710.37180279482
forecast_8042,2025-12-02 02:00:00,14362.662813190842,16239.161266185249,12092.1201764832
forecast_8043,2025-12-02 03:00:00,16488.050942997987,17524.150398946706,14508.57887743289
forecast_8044,2025-12-02 04:00:00,16099.118969760526,17287.976162128864,13078.36228201286
forecast_8045,2025-12-02 05:00:00,14502.912982428203,16476.227221392706,11428.87668496871
forecast_8046,2025-12-02 06:00:00,13929.705587086679,15796.467250767708,10802.378585088107
forecast_8047,2025-12-02 07:00:00,12012.242224634945,13138.758006827564,7805.761397337875
forecast_8048,2025-12-02 08:00:00,10605.034105018207,12060.028421444049,6148.868943599437
forecast_8049,2025-12-02 09:00:00,8166.102803146795,9807.292446267142,5603.889858874473
forecast_8050,2025-12-02 10:00:00,5871.358647079963,7096.742888460092,5060.34359545385
forecast_8051,2025-12-02 11:00:00,6341.451122412043,7696.170514398726,4590.009902415811
forecast_8052,2025-12-02 12:00:00,8907.174220715411,10283.286143976617,6056.0375489151975
forecast_8053,2025-12-02 13:00:00,10030.63935204988,10512.87386778872,5944.198527403868
forecast_8054,2025-12-02 14:00:00,11009.82745492785,12483.996680370206,7768.397613500701
forecast_8055,2025-12-02 15:00:00,11832.901547048938,13754.523378589854,9220.698988938166
forecast_8056,2025-12-02 16:00:00,12868.274017358553,14139.208682266826,10401.999503689627
forecast_8057,2025-12-02 17:00:00,13862.89659581036,15375.949039531373,11386.552642547786
forecast_8058,2025-12-02 18:00:00,14542.700272433713,16170.895762960541,13810.982275204424
forecast_8059,2025-12-02 19:00:00,14774.296927943627,15489.930891997148,14206.96416983689
forecast_8060,2025-12-02 20:00:00,15655.559414935955,16371.46142639296,13715.733027784268
forecast_8061,2025-12-02 21:00:00,15860.758902411226,16350.318702629083,14738.074876298911
forecast_8062,2025-12-02 22:00:00,15734.760493415011,15854.965875422087,14939.052177204294
forecast_8063,2025-12-02 23:00:00,15667.363956093242,16151.109398081857,15094.765246333991
forecast_8064,2025-12-03 00:00:00,15430.43207943793,16637.58365050365,15147.453573842096
forecast_8065,2025-12-03 01:00:00,16420.581266016172,18548.68933804112,17182.47315665923
forecast_8066,2025-12-03 02:00:00,16858.645770594256,18823.5454191137,17792.679251316116
forecast_8067,2025-12-03 03:00:00,16231.07838975116,18008.670290184735,16770.717097237783
forecast_8068,2025-12-03 04:00:00,15576.308444985947,17358.974940117092,17110.28991559281
forecast_8069,2025-12-03 05:00:00,14658.595748287547,17084.476682851695,15839.172518311014
forecast_8070,2025-12-03 06:00:00,14275.61009468217,15840.94435473077,13145.91636019088
forecast_8071,2025-12-03 07:00:00,14181.958171661283,15748.555266933668,12294.7056634859
forecast_8072,2025-12-03 08:00:00,14317.834305119912,15538.76628051567,12950.055462778892
forecast_8073,2025-12-03 09:00:00,14943.98932343736,16441.19096811518,14070.293357429138
forecast_8074,2025-12-03 10:00:00,15474.253441361136,17022.958335406835,13617.64895136696
forecast_8075,2025-12-03 11:00:00,15693.18977712755,16951.10126940851,13760.463932363673
forecast_8076,2025-12-03 12:00:00,15600.378265809255,17314.352986893973,14307.634901067568
forecast_8077,2025-12-03 13:00:00,15360.9236344328,17198.322573603546,14429.357657809918
forecast_8078,2025-12-03 14:00:00,15211.405987262167,17280.336314432476,14396.388743051397
forecast_8079,2025-12-03 15:00:00,14476.25067236227,17080.720228797876,14605.691501793335
forecast_8080,2025-12-03 16:00:00,14807.817619065543,16753.406193763425,14696.719374980417
forecast_8081,2025-12-03 17:00:00,14399.388797340514,16317.002990644552,14434.53606178439
forecast_8082,2025-12-03 18:00:00,14109.646718624193,16192.009330875908,14355.203481021415
forecast_8083,2025-12-03 19:00:00,14115.159942180857,15546.464319486877,14249.36035595708
forecast_8084,2025-12-03 20:00:00,14447.663091587106,15806.523094933511,14718.687486545288
forecast_8085,2025-12-03 21:00:00,13793.82570235172,15875.905134004965,14153.977735018661
forecast_8086,2025-12-03 22:00:00,14656.548169009466,16789.393092211743,13708.177004344627
forecast_8087,2025-12-03 23:00:00,14589.099243973313,17076.411536214822,14261.783963489517
forecast_8088,2025-12-04 00:00:00,13403.90431654761,15460.149634061783,10973.30221381792
forecast_8089,2025-12-04 01:00:00,14406.707850287265,16351.318463755944,12273.170223930738
forecast_8090,2025-12-04 02:00:00,16711.77361531918,19121.36691166574,14521.863706825907
forecast_8091,2025-12-04 03:00:00,18183.305142060464,19739.213311956068,16205.683393553405
forecast_8092,2025-12-04 04:00:00,19229.78895785524,19767.82225627614,16793.69198232321
forecast_8093,2025-12-04 05:00:00,19833.52099306704,20235.188550852647,18274.3299690002
forecast_8094,2025-12-04 06:00:00,19858.290187284,20053.196146859853,18475.609179216295
forecast_8095,2025-12-04 07:00:00,18848.940406810947,20193.730540240856,18619.856261029705
forecast_8096,2025-12-04 08:00:00,17678.934921515658,20368.363375159795,18334.797440957445
forecast_8097,2025-12-04 09:00:00,16226.65242165039,19667.09449668899,16690.011768925302
forecast_8098,2025-12-04 10:00:00,14140.841178308392,17636.4750764985,15206.494834773199
forecast_8099,2025-12-04 11:00:00,13951.476625916554,16226.736794629162,13883.690587368897
forecast_8100,2025-12-04 12:00:00,13169.225021952083,15036.900820083303,12133.864189590737
forecast_8101,2025-12-04 13:00:00,12308.379448104915,14120.290014793247,11601.314098457417
forecast_8102,2025-12-04 14:00:00,12471.181785495506,13975.721726333299,10291.522503643482
forecast_8103,2025-12-04 15:00:00,11937.258530078914,14672.597163822953,9228.887710204614
forecast_8104,2025-12-04 16:00:00,12070.417386764557,13563.675506402367,11683.828808786617
forecast_8105,2025-12-04 17:00:00,11583.229442980508,13933.965243885194,10902.550798706454
forecast_8106,2025-12-04 18:00:00,13697.680931749459,16307.870054988005,15398.713605169416
forecast_8107,2025-12-04 19:00:00,14836.096913256164,18283.818492056387,17590.790067840717
forecast_8108,2025-12-04 20:00:00,16290.558624931526,18339.772126301657,17755.566428246733
forecast_8109,2025-12-04 21:00:00,16030.831944447995,18266.01288906686,17265.01518793005
forecast_8110,2025-12-04 22:00:00,15372.912483161286,15868.940319139652,15653.859793550637
forecast_8111,2025-12-04 23:00:00,15184.153356893301,16410.20515126414,15525.293185966708
forecast_8112,2025-12-05 00:00:00,14710.781450814507,16227.463317744237,15260.309439736271
forecast_8113,2025-12-05 01:00:00,14625.506222932543,16244.032141407362,15745.019252948026
forecast_8114,2025-12-05 02:00:00,14204.569150105648,16712.030353913306,16053.189772357857
forecast_8115,2025-12-05 03:00:00,13890.206002480461,15658.434662812457,14182.910810715808
forecast_8116,2025-12-05 04:00:00,13850.97560651627,16250.107496371293,13765.813211273586
forecast_8117,2025-12-05 05:00:00,12587.115440665986,16047.894580735629,13043.070945422678
forecast_8118,2025-12-05 06:00:00,11861.338581928756,15185.602953853795,12423.88135733492
forecast_8119,2025-12-05 07:00:00,13301.765315654902,16254.21820925357,12376.46120390491
forecast_8120,2025-12-05 08:00:00,15746.679680415942,17823.30533679777,14201.960726590672
forecast_8121,2025-12-05 09:00:00,16638.30545119108,17256.650805800255,13226.738475498576
forecast_8122,2025-12-05 10:00:00,13930.592162092806,15862.15369713453,11983.464649509207
forecast_8123,2025-12-05 11:00:00,11591.215775703458,14376.839431956772,11251.10796706284
forecast_8124,2025-12-05 12:00:00,10103.260620860918,12942.021323832487,8944.463376371628
forecast_8125,2025-12-05 13:00:00,9514.438513863282,11375.186285050104,8268.594169891923
forecast_8126,2025-12-05 14:00:00,10620.30862218005,12867.984285850278,9279.30445515146
forecast_8127,2025-12-05 15:00:00,12216.786074184469,15174.11481743865,12695.13737225454
forecast_8128,2025-12-05 16:00:00,13428.628648080105,16750.184413955976,14046.50561578437
forecast_8129,2025-12-05 17:00:00,16319.84868629776,17765.68590726892,15125.345434499206
forecast_8130,2025-12-05 18:00:00,16336.413440098726,17516.347452703696,14772.30226125967
forecast_8131,2025-12-05 19:00:00,16282.266410183427,16280.61515510661,12356.328266388244
forecast_8132,2025-12-05 20:00:00,17538.188625036328,16862.241457780678,13164.770020909016
forecast_8133,2025-12-05 21:00:00,18276.64425822452,18413.236728922646,14698.357661088
forecast_8134,2025-12-05 22:00:00,18691.4588842057,18228.91139909139,14894.354688767744
forecast_8135,2025-12-05 23:00:00,19058.4741842158,18892.25801665826,15695.730350450716
forecast_8136,2025-12-06 00:00:00,19021.1658815444,19153.20231004859,16529.685920937336
forecast_8137,2025-12-06 01:00:00,16839.65638879069,18222.97623542339,13758.897467910037
forecast_8138,2025-12-06 02:00:00,19712.89649306596,19877.973506029393,16614.819159399616
forecast_8139,2025-12-06 03:00:00,19496.98736935126,20177.793194972168,16233.322607086113
forecast_8140,2025-12-06 04:00:00,19440.503069592538,19862.302481094914,16228.567461783858
forecast_8141,2025-12-06 05:00:00,20281.51319355322,20028.796853240656,15220.508107267462
forecast_8142,2025-12-06 06:00:00,19831.32925181781,19869.913205044504,15437.58206338912
forecast_8143,2025-12-06 07:00:00,19890.96574417109,19964.73740964773,14689.098621092819
forecast_8144,2025-12-06 08:00:00,19121.318362580118,19247.036210054386,13462.915908881536
forecast_8145,2025-12-06 09:00:00,18172.42700917582,18391.182421937534,11905.421128240536
forecast_8146,2025-12-06 10:00:00,16190.507235781119,17922.090390437043,13147.838659641115
forecast_8147,2025-12-06 11:00:00,13915.909247317926,17367.332917062315,14352.985744692793
forecast_8148,2025-12-06 12:00:00,14448.732349764652,17755.32553575097,15049.569068439732
forecast_8149,2025-12-06 13:00:00,13723.186949420682,16776.881043443984,14241.051246718984
forecast_8150,2025-12-06 14:00:00,15439.019062071058,17277.579578205987,16035.486944247832
forecast_8151,2025-12-06 15:00:00,17023.570326158653,18848.814149183054,17888.451156458905
forecast_8152,2025-12-06 16:00:00,17120.61229932009,18428.262991970136,16511.98109069712
forecast_8153,2025-12-06 17:00:00,15953.259472531729,18059.986434694194,17660.37006829801
forecast_8154,2025-12-06 18:00:00,16394.008660216365,18207.449413796963,17441.04248022411
forecast_8155,2025-12-06 19:00:00,16759.446363118208,18953.44623996841,18588.458976236772
forecast_8156,2025-12-06 20:00:00,17534.748193194697,19334.040060510317,19060.370619629073
forecast_8157,2025-12-06 21:00:00,18178.6436172409,19326.86846965442,18817.797962430843
forecast_8158,2025-12-06 22:00:00,18556.498335585733,19348.578286880474,18490.75876971808
forecast_8159,2025-12-06 23:00:00,18685.429244607774,19472.026850595408,18647.104240866145
forecast_8160,2025-12-07 00:00:00,18633.245766941847,19529.633365709586,18960.427085657124
forecast_8161,2025-12-07 01:00:00,17685.825074576984,18942.924622418283,18688.52324437245
forecast_8162,2025-12-07 02:00:00,16835.897131534723,17895.01935914309,16957.039487457492
forecast_8163,2025-12-07 03:00:00,17134.31924082637,18411.481340315688,17733.579980869683
forecast_8164,2025-12-07 04:00:00,17747.830310378657,18763.9034645045,16717.01912295744
forecast_8165,2025-12-07 05:00:00,17987.522995435178,18764.589413085145,16451.97861353205
forecast_8166,2025-12-07 06:00:00,17589.47463761208,18590.07004555299,16070.642007183014
forecast_8167,2025-12-07 07:00:00,18266.722083293233,18698.461379243643,16566.205458884295
forecast_8168,2025-12-07 08:00:00,17843.494174908723,18328.468490477506,16217.542094276949
forecast_8169,2025-12-07 09:00:00,18000.266169945735,18782.85103375883,16666.40083404355
forecast_8170,2025-12-07 10:00:00,17895.841892389053,18404.797562728105,16326.38879810567
forecast_8171,2025-12-07 11:00:00,17207.726946079925,18556.837835142327,16854.624249655026
forecast_8172,2025-12-07 12:00:00,15690.964004924504,17712.866172894617,16925.171436918878
forecast_8173,2025-12-07 13:00:00,17045.183006726482,18433.478183187646,17429.50803981948
forecast_8174,2025-12-07 14:00:00,18317.315741235165,18913.710127851766,17035.616196560386
forecast_8175,2025-12-07 15:00:00,17989.40987367601,19009.94215433918,17733.443810792825
forecast_8176,2025-12-07 16:00:00,18546.11032300812,19548.31266117582,18292.939761356018
forecast_8177,2025-12-07 17:00:00,18298.68594609394,19739.589584021236,18904.175345430172
forecast_8178,2025-12-07 18:00:00,17808.64581720699,19656.499636146647,18810.730972944635
forecast_8179,2025-12-07 19:00:00,17665.72838862304,19571.805536006937,18442.36342067556
forecast_8180,2025-12-07 20:00:00,17282.99094788827,19131.952757201525,18209.726207901294
forecast_8181,2025-12-07 21:00:00,17220.616142446863,18614.666068644492,17452.541214879326
forecast_8182,2025-12-07 22:00:00,17461.097297684184,19145.904199657707,17904.77423213339
forecast_8183,2025-12-07 23:00:00,17094.874916293353,18330.612963082775,16325.703074090681
forecast_8184,2025-12-08 00:00:00,16176.010066863677,18113.531253287714,14532.052758786458
forecast_8185,2025-12-08 01:00:00,16774.232225547148,18361.393466511236,15688.71083414868
forecast_8186,2025-12-08 02:00:00,16377.550442261636,17661.689517482446,15028.428895689265
forecast_8187,2025-12-08 03:00:00,16268.57942774165,18215.32454501186,13924.541701349284
forecast_8188,2025-12-08 04:00:00,15603.66244242865,16404.59857046543,12778.786718554375
forecast_8189,2025-12-08 05:00:00,14127.259006721848,14947.314745849873,10994.282828794026
forecast_8190,2025-12-08 06:00:00,13524.427257625439,14413.497325674662,8980.229180708551
forecast_8191,2025-12-08 07:00:00,12097.134900189838,13773.952297332167,9428.728468875699
forecast_8192,2025-12-08 08:00:00,11283.971351550394,13508.660564995753,8448.667610670545
forecast_8193,2025-12-08 09:00:00,10420.657684416006,13776.085698117142,9323.0093731164
forecast_8194,2025-12-08 10:00:00,10359.680796643304,13106.104877388709,8651.295080472326
forecast_8195,2025-12-08 11:00:00,6028.265523774646,6705.142283527151,3815.5459947373756
forecast_8196,2025-12-08 12:00:00,4646.79631024121,4850.596397642437,3211.190560321405
forecast_8197,2025-12-08 13:00:00,4298.904316533466,3880.758636903132,2903.585820170747
forecast_8198,2025-12-08 14:00:00,4781.14027610417,3335.955056198844,3133.0378370930325
forecast_8199,2025-12-08 15:00:00,4570.83567835035,3927.1659735945655,3342.9441449125416
forecast_8200,2025-12-08 16:00:00,4344.587645678561,4570.49182802421,4348.920510374719
forecast_8201,2025-12-08 17:00:00,5921.6606299656905,5378.440461946606,6116.509359722274
forecast_8202,2025-12-08 18:00:00,9179.154750283516,9314.218467246594,8278.12465862254
forecast_8203,2025-12-08 19:00:00,11065.788403832994,12394.772137071308,9298.355566088394
forecast_8204,2025-12-08 20:00:00,14176.80840382659,15003.536499589902,11322.113055308655
forecast_8205,2025-12-08 21:00:00,15590.972219365161,16497.007292385788,12274.43026324032
forecast_8206,2025-12-08 22:00:00,16220.98730633651,17163.646705306117,12779.35686983503
forecast_8207,2025-12-08 23:00:00,14785.146221265102,16431.150991938204,11189.082759915927
forecast_8208,2025-12-09 00:00:00,13480.247632998315,16149.993397765067,10826.86472323637
forecast_8209,2025-12-09 01:00:00,13724.274776608092,14662.857885839376,10876.455658899966
forecast_8210,2025-12-09 02:00:00,16001.880112089675,16401.195527421787,11407.259177671514
forecast_8211,2025-12-09 03:00:00,16180.462724964073,18130.832933289857,11351.960023772392
forecast_8212,2025-12-09 04:00:00,16168.427386180663,18715.778067699757,11774.145311893275
forecast_8213,2025-12-09 05:00:00,16695.934763005444,18664.077046320075,11922.598200303459
forecast_8214,2025-12-09 06:00:00,16722.498990424494,17691.627446587827,11800.296877620409
forecast_8215,2025-12-09 07:00:00,17489.866599335575,18455.777730345097,12272.784309625822
forecast_8216,2025-12-09 08:00:00,19033.532382963338,19418.152313153783,13975.69818383218
forecast_8217,2025-12-09 09:00:00,16849.822232518512,19107.56850167888,14236.433493748445
forecast_8218,2025-12-09 10:00:00,13404.176769534824,17617.24160394614,13398.725712342606
forecast_8219,2025-12-09 11:00:00,13768.943329607422,16833.660472312014,12719.089692360361
forecast_8220,2025-12-09 12:00:00,13294.33543585373,15718.535886859325,11488.657367139374
forecast_8221,2025-12-09 13:00:00,12426.229409955824,15422.829612275249,10807.613599699222
forecast_8222,2025-12-09 14:00:00,12150.115337516194,14346.222963193155,10242.382897379655
forecast_8223,2025-12-09 15:00:00,11030.471007832726,12927.196709962218,9651.245155927088
forecast_8224,2025-12-09 16:00:00,10610.313641226508,12744.136915325918,7889.849837426706
forecast_8225,2025-12-09 17:00:00,9722.790527795547,11493.142611168043,8421.625587759312
forecast_8226,2025-12-09 18:00:00,12928.584284258459,14566.747894176813,10754.046543083949
forecast_8227,2025-12-09 19:00:00,14791.566798988477,15829.263657323132,11184.693031583825
forecast_8228,2025-12-09 20:00:00,13771.988814984828,15642.98581583033,11129.68365877905
forecast_8229,2025-12-09 21:00:00,13305.198558222974,15517.918364404097,10416.721137120565
forecast_8230,2025-12-09 22:00:00,12914.485593547306,14492.60553695546,9849.74817643858
forecast_8231,2025-12-09 23:00:00,12766.85587529216,13635.834479546422,9516.310708488594
forecast_8232,2025-12-10 00:00:00,12371.040229744462,12935.500100837438,8796.876607422691
forecast_8233,2025-12-10 01:00:00,10202.436497132474,11681.182486576516,6693.927634054651
forecast_8234,2025-12-10 02:00:00,11424.726725493982,10803.930865714823,7759.885661063427
forecast_8235,2025-12-10 03:00:00,14973.188734971838,16376.304438656356,10155.640105941551
forecast_8236,2025-12-10 04:00:00,15342.711740056366,16605.473588018544,10537.003066617892
forecast_8237,2025-12-10 05:00:00,14736.284209808822,16137.749307240298,9548.890878265056
forecast_8238,2025-12-10 06:00:00,15399.467724454873,16866.258466871484,10061.58554175056
forecast_8239,2025-12-10 07:00:00,16638.688761045174,17447.947922128886,10856.754896915389
forecast_8240,2025-12-10 08:00:00,15209.18373143202,17302.95554555755,10329.396491337544
forecast_8241,2025-12-10 09:00:00,14336.768215062555,16311.402492622672,9651.385897808004
forecast_8242,2025-12-10 10:00:00,13042.747662302629,14714.638866873807,9480.81043992994
forecast_8243,2025-12-10 11:00:00,12061.863300328181,14888.036489530787,12842.051660119247
forecast_8244,2025-12-10 12:00:00,11081.47537680529,14513.724529791842,12018.655452732137
forecast_8245,2025-12-10 13:00:00,11171.26186252708,13708.22030918724,11684.318261308128
forecast_8246,2025-12-10 14:00:00,10489.270758509587,13427.509960181775,10336.236791490142
forecast_8247,2025-12-10 15:00:00,6858.676423123008,8872.102813994861,6632.429379703182
forecast_8248,2025-12-10 16:00:00,6231.12264906405,6805.906367473405,4393.62504453928
forecast_8249,2025-12-10 17:00:00,5296.378802056614,6238.352127829261,3774.357618435167
forecast_8250,2025-12-10 18:00:00,4258.217248190302,6071.873112841137,3960.476439056012
forecast_8251,2025-12-10 19:00:00,7197.920540546164,8987.642322947891,5178.756394797827
forecast_8252,2025-12-10 20:00:00,6494.368905400658,8701.830347969597,5410.299815467671
forecast_8253,2025-12-10 21:00:00,8614.498132869208,12679.30351855066,7522.673312791943
forecast_8254,2025-12-10 22:00:00,12498.177543177262,16442.48181973333,9857.913720931318
forecast_8255,2025-12-10 23:00:00,13215.078059343063,16470.048593843567,12258.786927318008
forecast_8256,2025-12-11 00:00:00,11590.336953524431,14483.813032588276,10444.411190973828
forecast_8257,2025-12-11 01:00:00,17228.06845127735,18501.93850959038,15317.145901643873
forecast_8258,2025-12-11 02:00:00,16618.630072854005,18426.89494054392,14212.759354401718
forecast_8259,2025-12-11 03:00:00,17383.923380781143,19494.307069048165,17000.038012641275
forecast_8260,2025-12-11 04:00:00,18532.79634131967,20207.98046847648,18405.222950001207
forecast_8261,2025-12-11 05:00:00,18860.535297840157,20184.773105495286,18767.86174336574
forecast_8262,2025-12-11 06:00:00,18369.8482823935,20116.657253902347,19077.3478565049
forecast_8263,2025-12-11 07:00:00,18136.09388106708,19707.922273719145,19197.196236090043
forecast_8264,2025-12-11 08:00:00,16930.293683954205,18891.524053519617,18318.568304940636
forecast_8265,2025-12-11 09:00:00,15750.983884089062,18383.07654069908,17109.382590283192
forecast_8266,2025-12-11 10:00:00,16862.22734967775,18731.409921149352,17461.017087194006
forecast_8267,2025-12-11 11:00:00,15499.651587059,18195.67624187388,14787.235327881228
forecast_8268,2025-12-11 12:00:00,14182.324293062973,16286.007231076646,13282.023340970636
forecast_8269,2025-12-11 13:00:00,13044.878631065749,14596.62559405433,8802.090787183011
forecast_8270,2025-12-11 14:00:00,12622.465390009238,13841.164432887683,8460.645498006701
forecast_8271,2025-12-11 15:00:00,12420.710257053588,13529.066267917578,7718.595026428789
forecast_8272,2025-12-11 16:00:00,13659.536544473882,13805.40577431311,8374.769228409674
forecast_8273,2025-12-11 17:00:00,13342.190399690904,15605.329486182887,9886.67941452209
forecast_8274,2025-12-11 18:00:00,13215.600020083291,15962.650800219271,9659.091796547355
forecast_8275,2025-12-11 19:00:00,11778.548155201684,13998.995354327704,6746.324310707451
forecast_8276,2025-12-11 20:00:00,10033.013578820442,11969.08583333579,6025.231002477705
forecast_8277,2025-12-11 21:00:00,4813.492877904162,4927.975147612757,1652.4169495635404
forecast_8278,2025-12-11 22:00:00,2858.1812094253055,2737.3836817538545,857.3839676486452
forecast_8279,2025-12-11 23:00:00,2639.147973753068,2165.8060824792833,1077.687800589734
forecast_8280,2025-12-12 00:00:00,2581.734773485693,2365.245138048374,1492.0504418067655
forecast_8281,2025-12-12 01:00:00,1121.3172723899495,674.8117827179124,775.8185543053842
forecast_8282,2025-12-12 02:00:00,1068.4684674944917,975.0280359878582,671.540733427807
forecast_8283,2025-12-12 03:00:00,949.4855609076113,660.1087220636285,424.59683418392837
forecast_8284,2025-12-12 04:00:00,1126.3544666940725,769.9638439771311,484.83682789882636
forecast_8285,2025-12-12 05:00:00,1090.1881746905142,691.7857829655337,350.90974001757405
forecast_8286,2025-12-12 06:00:00,1239.785189366139,753.6198937826466,479.2222492682837
forecast_8287,2025-12-12 07:00:00,1093.399060503025,669.2360058012569,228.86810605137669
forecast_8288,2025-12-12 08:00:00,504.7456730191063,464.65193621040095,94.66434719491262
forecast_8289,2025-12-12 09:00:00,251.64007026536154,476.12468032975863,395.4922993640901
forecast_8290,2025-12-12 10:00:00,629.1123713985701,243.073293092822,136.78774958241837
forecast_8291,2025-12-12 11:00:00,254.4753306279534,125.15605948771045,60.184449500462094
forecast_8292,2025-12-12 12:00:00,351.8603735640944,116.48404064334316,52.502566772716854
forecast_8293,2025-12-12 13:00:00,228.15351233913648,156.07203951587016,54.11415777144779
forecast_8294,2025-12-12 14:00:00,258.3587151033256,145.33370087321236,8.097240365767759
forecast_8295,2025-12-12 15:00:00,229.29703152174497,163.53805182414638,25.54582068696852
forecast_8296,2025-12-12 16:00:00,291.74532725264135,101.28506496415027,40.91537642398537
forecast_8297,2025-12-12 17:00:00,650.4330538875419,380.39577805217084,111.95453309687569
forecast_8298,2025-12-12 18:00:00,981.959469896181,525.7515340808128,90.4060202836464
forecast_8299,2025-12-12 19:00:00,1295.3234667391293,866.8770375771693,173.69801026854404
forecast_8300,2025-12-12 20:00:00,1391.2182354656557,894.6213174744312,134.79645500703293
forecast_8301,2025-12-12 21:00:00,1935.211280146607,1260.5455951243061,382.746569000221
forecast_8302,2025-12-12 22:00:00,1887.3816710985689,1217.546776246716,571.8845999848966
forecast_8303,2025-12-12 23:00:00,2116.6985715957558,2272.0055170585983,859.5060462696753
forecast_8304,2025-12-13 00:00:00,2381.343590656588,2507.294921731224,1265.789419295839
forecast_8305,2025-12-13 01:00:00,1876.3291878647872,2118.044362848172,1394.6804012720138
forecast_8306,2025-12-13 02:00:00,2391.9404818514004,2650.5433015145813,1363.781671971758
forecast_8307,2025-12-13 03:00:00,1959.0387188442103,1840.9068399418024,558.8963638716232
forecast_8308,2025-12-13 04:00:00,3509.680969555895,4039.47425310761,2692.4307253417896
forecast_8309,2025-12-13 05:00:00,3890.7673450057814,4288.464436885413,2519.4668459372
forecast_8310,2025-12-13 06:00:00,4233.3044738897115,3837.30796286366,2279.5011621834988
forecast_8311,2025-12-13 07:00:00,5385.384613315747,5235.959741679403,3029.0945843373584
forecast_8312,2025-12-13 08:00:00,5552.353945288946,6167.214863974813,2330.5555084654734
forecast_8313,2025-12-13 09:00:00,4408.876410936753,3647.236293781302,2386.992653247144
forecast_8314,2025-12-13 10:00:00,2637.031777284006,2534.9452021332904,1504.2432831138813
forecast_8315,2025-12-13 11:00:00,2348.258822455759,1152.2096248634061,959.179010613674
forecast_8316,2025-12-13 12:00:00,1938.8373169610368,1694.6737846743808,1108.3606573684235
forecast_8317,2025-12-13 13:00:00,893.2762403978396,600.9508055308316,167.4090846677441
forecast_8318,2025-12-13 14:00:00,1274.9416959597977,1198.425314943143,650.460201005558
forecast_8319,2025-12-13 15:00:00,806.2190791020864,501.35833267684103,380.7221740085521
forecast_8320,2025-12-13 16:00:00,903.1259371012885,840.9418973441273,441.3515917660963
forecast_8321,2025-12-13 17:00:00,698.8366144588566,1187.3712968891346,758.9271431839218
forecast_8322,2025-12-13 18:00:00,1858.9053619624597,1388.1906417918487,736.8139784451143
forecast_8323,2025-12-13 19:00:00,1815.7683013478093,2139.6766129022826,782.5640542658203
forecast_8324,2025-12-13 20:00:00,2668.4354390975172,2628.9090588073864,1277.6426689367477
forecast_8325,2025-12-13 21:00:00,3643.503244709092,4225.482737973888,3188.942408583748
forecast_8326,2025-12-13 22:00:00,6248.2897809405995,7722.868468945536,3305.207360511665
forecast_8327,2025-12-13 23:00:00,6402.752550315113,7963.231381284511,4262.89300880358
forecast_8328,2025-12-14 00:00:00,6895.59359344785,10530.341712898768,5186.183337541536
forecast_8329,2025-12-14 01:00:00,13397.493913281154,14718.03398671429,11657.906081902738
forecast_8330,2025-12-14 02:00:00,13782.40511764397,16526.164162107343,12723.779314829662
forecast_8331,2025-12-14 03:00:00,14521.959346089703,17198.880072349515,11882.38307714969
forecast_8332,2025-12-14 04:00:00,14091.875802343287,16264.059672206993,11010.941708600696
forecast_8333,2025-12-14 05:00:00,14417.247050062158,16480.70565842292,11187.115834600394
forecast_8334,2025-12-14 06:00:00,14177.431360102355,16799.296996591303,10093.20790505466
forecast_8335,2025-12-14 07:00:00,14613.500069958201,16376.828936255855,11453.127683033721
forecast_8336,2025-12-14 08:00:00,14471.970415877966,18105.70066034688,12188.62292608428
forecast_8337,2025-12-14 09:00:00,13873.160698138343,17589.110065186287,11629.616590933112
forecast_8338,2025-12-14 10:00:00,12941.478399597829,16492.26620588234,12641.67760321967
forecast_8339,2025-12-14 11:00:00,12878.44902501117,15393.38244393618,11177.48838146849
forecast_8340,2025-12-14 12:00:00,12753.923601119477,15641.64545143706,11801.425815227261
forecast_8341,2025-12-14 13:00:00,12069.772917395276,14650.948272634074,11683.474892647204
forecast_8342,2025-12-14 14:00:00,10845.691276907786,12139.656547690614,8849.66316465142
forecast_8343,2025-12-14 15:00:00,9561.285667584745,11137.63298435235,7792.210748847522
forecast_8344,2025-12-14 16:00:00,9732.742346037781,11669.028513919193,8024.894074973836
forecast_8345,2025-12-14 17:00:00,10612.215055884037,13386.762446626517,9594.722305491328
forecast_8346,2025-12-14 18:00:00,12289.574782778405,14973.424569589322,11124.170824254965
forecast_8347,2025-12-14 19:00:00,13462.214503993706,16470.79264177142,13121.086476800296
forecast_8348,2025-12-14 20:00:00,13919.166392792262,17299.551966446994,14393.768629443615
forecast_8349,2025-12-14 21:00:00,13948.354691699398,17008.70360771793,13405.459712556925
forecast_8350,2025-12-14 22:00:00,13194.019527248456,15992.754370754821,12862.66170436734
forecast_8351,2025-12-14 23:00:00,13682.527939086,17265.551034269698,12831.495552129909
forecast_8352,2025-12-15 00:00:00,13746.433964832495,17026.068464051423,13685.06107220551
forecast_8353,2025-12-15 01:00:00,14709.153610989964,18613.512100223346,14356.38440623061
forecast_8354,2025-12-15 02:00:00,16805.85288866063,19630.01468029883,14712.115689216047
forecast_8355,2025-12-15 03:00:00,16845.473028993274,19487.019515080883,14399.460287412847
forecast_8356,2025-12-15 04:00:00,16222.706477321313,18758.76796331008,14224.248231735583
forecast_8357,2025-12-15 05:00:00,16830.097920085114,18351.98882724234,13811.409915286435
forecast_8358,2025-12-15 06:00:00,17461.1303795648,18627.98262520835,13892.899483540003
forecast_8359,2025-12-15 07:00:00,17543.51994540368,18558.200474591344,13690.643506844406
forecast_8360,2025-12-15 08:00:00,17110.836813700334,18469.59871597107,12784.834845754367
forecast_8361,2025-12-15 09:00:00,16209.33081989439,17824.909954625433,11888.964860210532
forecast_8362,2025-12-15 10:00:00,14440.892319564842,17040.918773931335,12261.268166457168
forecast_8363,2025-12-15 11:00:00,14367.830297346298,16444.267069814014,10486.545632706537
forecast_8364,2025-12-15 12:00:00,10104.421460893767,14043.413612471946,9368.582539823985
forecast_8365,2025-12-15 13:00:00,10121.867902506196,12059.64588684018,7818.76036319992
forecast_8366,2025-12-15 14:00:00,11130.640712873954,14340.206181513735,9324.738051448234
forecast_8367,2025-12-15 15:00:00,12614.881775846572,14674.572724238844,9873.568771788243
forecast_8368,2025-12-15 16:00:00,14924.67514905061,15993.702846720522,11637.78511592091
forecast_8369,2025-12-15 17:00:00,16063.293252989159,17481.082518113162,14495.474199581551
forecast_8370,2025-12-15 18:00:00,17287.561657807953,19036.833818475905,16281.560373011349
forecast_8371,2025-12-15 19:00:00,18601.49496316529,19943.42311498449,17054.25726081818
forecast_8372,2025-12-15 20:00:00,19383.8975700202,20179.54534860451,16803.13610939693
forecast_8373,2025-12-15 21:00:00,18528.494986850008,20024.631309374865,16552.442919695208
forecast_8374,2025-12-15 22:00:00,19027.226791446734,19992.700974840503,16664.33783766282
forecast_8375,2025-12-15 23:00:00,18243.26673971209,19004.775121945655,14694.108310178637
forecast_8376,2025-12-16 00:00:00,17048.184454654434,18206.245854773206,13602.550468439384
forecast_8377,2025-12-16 01:00:00,16849.642610513863,18804.838054442862,14562.438268649037
forecast_8378,2025-12-16 02:00:00,15047.027345035114,17795.085830544518,12844.98361603178
forecast_8379,2025-12-16 03:00:00,15198.600413088187,17661.00957963465,12348.85795939152
forecast_8380,2025-12-16 04:00:00,12251.272740346945,15700.96107161249,11040.389412649576
forecast_8381,2025-12-16 05:00:00,11176.511577560965,13456.883000464728,10272.258253535336
forecast_8382,2025-12-16 06:00:00,10886.951054167304,12563.906947172198,8690.599354953987
forecast_8383,2025-12-16 07:00:00,11125.51574356813,12208.343001398636,8074.662605853446
forecast_8384,2025-12-16 08:00:00,10736.814336640184,12443.48243635205,8088.2412744327585
forecast_8385,2025-12-16 09:00:00,9678.771580438215,11826.115307960916,7504.2348958905295
forecast_8386,2025-12-16 10:00:00,8213.340149478621,10912.234271249688,7047.55424983429
forecast_8387,2025-12-16 11:00:00,8058.727471460321,11060.031457823616,7837.358715235468
forecast_8388,2025-12-16 12:00:00,8098.4996453582435,11592.837847328958,8004.9285235121115
forecast_8389,2025-12-16 13:00:00,8958.697304396628,11793.06926225808,8040.060718120543
forecast_8390,2025-12-16 14:00:00,8340.177891255702,11819.262817447043,7880.578837415667
forecast_8391,2025-12-16 15:00:00,7769.395745734588,10690.538251896662,6941.236527698238
forecast_8392,2025-12-16 16:00:00,8058.722916428265,10057.438548089429,7096.942156509505
forecast_8393,2025-12-16 17:00:00,7659.817683029245,9543.972631650839,6881.564586695398
forecast_8394,2025-12-16 18:00:00,7030.850059866821,7070.317602858623,6201.881994028002
forecast_8395,2025-12-16 19:00:00,6490.377646799412,7365.501360722597,6128.716992140475
forecast_8396,2025-12-16 20:00:00,6676.734217623572,7930.380738444585,5599.057577914485
forecast_8397,2025-12-16 21:00:00,6413.576670441191,8291.102222757452,5769.880928161943
forecast_8398,2025-12-16 22:00:00,4822.540800238065,6218.14057170231,4021.751462930747
forecast_8399,2025-12-16 23:00:00,4396.219193904486,6271.356343628998,3765.7075917286766
forecast_8400,2025-12-17 00:00:00,5968.10391232093,7489.948232903471,3842.8398460630183
forecast_8401,2025-12-17 01:00:00,7365.9022125274805,7265.944884722897,6006.0207642542755
forecast_8402,2025-12-17 02:00:00,6878.532632365603,6571.969692780913,6658.344769852763
forecast_8403,2025-12-17 03:00:00,6708.992800748136,7499.555360959583,5623.611894661871
forecast_8404,2025-12-17 04:00:00,6798.5096645090025,6652.810192900921,5058.943730062277
forecast_8405,2025-12-17 05:00:00,6449.5470761045035,6499.009380755899,5121.6732916545325
forecast_8406,2025-12-17 06:00:00,5951.2413494454,6622.154386109818,4238.671885520139
forecast_8407,2025-12-17 07:00:00,5499.326643868655,5273.941629103491,3883.2546555199438
forecast_8408,2025-12-17 08:00:00,5715.943207839882,5870.23804675899,3055.194162753406
forecast_8409,2025-12-17 09:00:00,4813.18440614844,5023.247369104905,2501.1236660800296
forecast_8410,2025-12-17 10:00:00,4267.2700398071765,4262.530008957737,2065.5819852907275
forecast_8411,2025-12-17 11:00:00,4487.646356174964,4894.818803917265,2851.6689545160634
forecast_8412,2025-12-17 12:00:00,4769.663408408584,3672.786416327686,2563.8983889841475
forecast_8413,2025-12-17 13:00:00,3652.8563240460944,3236.2158167408365,2198.8877806139085
forecast_8414,2025-12-17 14:00:00,3399.134359484027,2544.8161449283148,2095.5443587802306
forecast_8415,2025-12-17 15:00:00,2287.5112289679464,1466.7596555619657,1452.237879488732
forecast_8416,2025-12-17 16:00:00,1705.0974542703402,1308.1385024735434,687.3053360214865
forecast_8417,2025-12-17 17:00:00,2148.0496258460976,1382.6231701808547,1123.6875605914422
forecast_8418,2025-12-17 18:00:00,3248.963019359526,2972.52802881115,1848.0453650545148
forecast_8419,2025-12-17 19:00:00,3926.311126909119,3377.6651713219994,2154.0463840228417
forecast_8420,2025-12-17 20:00:00,4850.143989284945,4498.161851758911,3656.1881516920485
forecast_8421,2025-12-17 21:00:00,5825.1223574471815,5376.8849091466245,3908.3955080172545
forecast_8422,2025-12-17 22:00:00,6946.400377578758,6885.663755597952,5246.382307692977
forecast_8423,2025-12-17 23:00:00,7515.741075499068,6796.6117332331305,5518.050838407198
forecast_8424,2025-12-18 00:00:00,7428.910143596467,6700.572932010539,5637.197789513679
forecast_8425,2025-12-18 01:00:00,11926.449355755476,13554.837094807623,9579.782916083564
forecast_8426,2025-12-18 02:00:00,12161.931083892321,14204.542739758366,10445.499665422141
forecast_8427,2025-12-18 03:00:00,12297.93546317466,14463.146639763016,10160.826281690432
forecast_8428,2025-12-18 04:00:00,13193.642389774188,14850.978219630666,9770.547425436993
forecast_8429,2025-12-18 05:00:00,13347.544221480262,15362.885190614157,10168.588005285916
forecast_8430,2025-12-18 06:00:00,13651.365029991732,14742.620246598857,10010.324190565088
forecast_8431,2025-12-18 07:00:00,13613.881180017495,13776.793505428837,9529.629414416047
forecast_8432,2025-12-18 08:00:00,12604.211737076414,12717.315933270036,9584.54597379856
forecast_8433,2025-12-18 09:00:00,8205.388836405144,7400.674923287375,5165.354707154078
forecast_8434,2025-12-18 10:00:00,6288.5822034261,5671.599907299974,3945.320333804744
forecast_8435,2025-12-18 11:00:00,5056.20726516474,5208.853873859248,3339.531695038385
forecast_8436,2025-12-18 12:00:00,3478.6652414639366,3374.4752457908667,2265.42308801281
forecast_8437,2025-12-18 13:00:00,3318.6716615998866,3088.273060129585,1663.0720856740447
forecast_8438,2025-12-18 14:00:00,3628.9231264835284,3228.8321525096894,2129.7421973275623
forecast_8439,2025-12-18 15:00:00,3504.854715509882,3466.164663732303,2537.7980798807207
forecast_8440,2025-12-18 16:00:00,3510.806017913697,3435.389855785301,2811.7881281435543
forecast_8441,2025-12-18 17:00:00,4250.443098685626,3400.4447096042213,2619.8692929885706
forecast_8442,2025-12-18 18:00:00,3603.8566925705695,3944.1662509032294,2121.458043751487
forecast_8443,2025-12-18 19:00:00,4055.874402052863,4310.081082115068,2036.9497568588606
forecast_8444,2025-12-18 20:00:00,4465.312374029501,5400.540845860341,2547.553929685789
forecast_8445,2025-12-18 21:00:00,5841.522547544749,7384.916554278205,4327.396119191167
forecast_8446,2025-12-18 22:00:00,7900.778008486156,10134.0271452474,5506.103224740771
forecast_8447,2025-12-18 23:00:00,8446.345985954214,10824.302547168285,7209.84389782807
forecast_8448,2025-12-19 00:00:00,9728.244383228923,11821.307721415807,8112.634832037423
forecast_8449,2025-12-19 01:00:00,12033.955508404877,14308.505259930438,10229.246520351708
forecast_8450,2025-12-19 02:00:00,13617.53857123748,16008.261395425037,11941.94961183882
forecast_8451,2025-12-19 03:00:00,13679.159215805088,15552.702419333076,11232.892964058154
forecast_8452,2025-12-19 04:00:00,13880.755598299771,14415.947734734416,9816.315817969336
forecast_8453,2025-12-19 05:00:00,12481.243694664145,14231.13112637191,10205.928404494558
forecast_8454,2025-12-19 06:00:00,13112.548296862873,14404.888125891917,10346.69750325112
forecast_8455,2025-12-19 07:00:00,13207.214374137478,14824.142088442664,10636.712278274248
forecast_8456,2025-12-19 08:00:00,13988.867468061013,15198.70798950827,12190.005369240838
forecast_8457,2025-12-19 09:00:00,13725.767569937552,15595.063953978331,13296.158645894844
forecast_8458,2025-12-19 10:00:00,16339.315235187418,17710.630720400393,14548.798514333957
forecast_8459,2025-12-19 11:00:00,17598.815712312506,18699.661883224133,16347.484694703033
forecast_8460,2025-12-19 12:00:00,16198.75667169377,18343.611709958815,16346.35346286963
forecast_8461,2025-12-19 13:00:00,17394.5872476363,18812.473830495317,16555.79789916318
forecast_8462,2025-12-19 14:00:00,16155.805534528863,18519.260948581188,16434.83453904655
forecast_8463,2025-12-19 15:00:00,16556.47501823627,18497.413228182155,15495.203449188328
forecast_8464,2025-12-19 16:00:00,16332.285004351008,18886.514233247373,15738.227473046452
forecast_8465,2025-12-19 17:00:00,17195.69641246829,18886.789377305384,15521.542153633276
forecast_8466,2025-12-19 18:00:00,16724.266467221158,18998.805759416166,16764.95312215789
forecast_8467,2025-12-19 19:00:00,16058.042885186349,18933.703497695456,16163.935405932107
forecast_8468,2025-12-19 20:00:00,16083.480343961055,18771.488473721718,17045.553364135885
forecast_8469,2025-12-19 21:00:00,15449.99242622652,18809.652972881067,16927.838801945047
forecast_8470,2025-12-19 22:00:00,16322.648030330882,19038.07804017691,17187.008534456516
forecast_8471,2025-12-19 23:00:00,14747.465057123816,17509.85448380686,14892.183658014299
forecast_8472,2025-12-20 00:00:00,14258.690181389811,16220.920812467884,12286.080467927703
forecast_8473,2025-12-20 01:00:00,12616.773265451267,15159.287198395923,11190.189722464176
forecast_8474,2025-12-20 02:00:00,11958.102391596705,14192.391433283483,11125.742229411453
forecast_8475,2025-12-20 03:00:00,11336.271337521199,12656.637981937476,9974.652974473816
forecast_8476,2025-12-20 04:00:00,10163.366996469302,12351.767165340449,9752.077230518493
forecast_8477,2025-12-20 05:00:00,10777.659982604038,14146.561796447677,8861.991039678665
forecast_8478,2025-12-20 06:00:00,10676.021255757205,13837.349583874713,8894.883050739705
forecast_8479,2025-12-20 07:00:00,9800.865381095471,13904.423421736297,9479.322103861505
forecast_8480,2025-12-20 08:00:00,10178.155434319771,13519.272375623541,9752.653737043045
forecast_8481,2025-12-20 09:00:00,9394.982892475691,13682.001310620051,9209.233957953753
forecast_8482,2025-12-20 10:00:00,9824.132820270277,13900.679767260353,9829.04932495485
forecast_8483,2025-12-20 11:00:00,9984.73451713744,14127.7891206458,9832.82982605124
forecast_8484,2025-12-20 12:00:00,11143.079171202728,14751.020322831124,12203.07970801346
forecast_8485,2025-12-20 13:00:00,11697.756555812344,15263.666359912648,13581.364364320623
forecast_8486,2025-12-20 14:00:00,11384.094665763047,15608.852032911287,13001.16163421393
forecast_8487,2025-12-20 15:00:00,10028.090104742896,12787.497394840893,9916.71597028764
forecast_8488,2025-12-20 16:00:00,9772.566508490516,12791.420575150838,9219.6289476655
forecast_8489,2025-12-20 17:00:00,10559.26190784428,12730.826101851093,9241.157016204206
forecast_8490,2025-12-20 18:00:00,10031.684052979504,11921.943173864724,8420.148080107205
forecast_8491,2025-12-20 19:00:00,9842.57317222538,12357.135406497298,7735.8970320769995
forecast_8492,2025-12-20 20:00:00,10819.436750024988,12302.122146593625,6965.001448286982
forecast_8493,2025-12-20 21:00:00,8035.184633601341,11185.085093145266,5629.192918327782
forecast_8494,2025-12-20 22:00:00,9269.434971392682,12589.192006063955,7320.64898988644
forecast_8495,2025-12-20 23:00:00,12497.474638540247,14033.188417791818,10704.856144907471
forecast_8496,2025-12-21 00:00:00,15034.757170490191,16884.917338849118,11966.784897292186
forecast_8497,2025-12-21 01:00:00,18776.10413326549,19250.13275773558,15730.551076337768
forecast_8498,2025-12-21 02:00:00,17596.862721361027,18411.12813727554,14697.745608261846
forecast_8499,2025-12-21 03:00:00,17613.540730032895,18308.219144392184,14574.557375586113
forecast_8500,2025-12-21 04:00:00,18255.292062016837,18996.85365685756,14346.082325615698
forecast_8501,2025-12-21 05:00:00,18310.70885829924,18945.13388592937,13909.238423232051
forecast_8502,2025-12-21 06:00:00,17181.463890452625,18982.190602052055,12495.632174084682
forecast_8503,2025-12-21 07:00:00,16249.66421242154,17899.379836998443,12346.89773134702
forecast_8504,2025-12-21 08:00:00,16617.29797019376,18068.495425743626,12108.182909254409
forecast_8505,2025-12-21 09:00:00,14595.609853808153,16683.01305438798,11265.49245095977
forecast_8506,2025-12-21 10:00:00,14189.833248514407,15441.217790858704,10935.254863797154
forecast_8507,2025-12-21 11:00:00,13209.851880640193,14747.370779912631,9001.258460497054
forecast_8508,2025-12-21 12:00:00,12370.873439668294,14648.153312471306,9578.836288915438
forecast_8509,2025-12-21 13:00:00,11381.667133326406,13326.239087527156,7586.4746189154675
forecast_8510,2025-12-21 14:00:00,7816.656008916386,9297.002329668812,4093.46044761271
forecast_8511,2025-12-21 15:00:00,6995.64570616836,6475.682955000684,3458.808402428261
forecast_8512,2025-12-21 16:00:00,4258.626358636094,4183.214880324981,1958.0648005942453
forecast_8513,2025-12-21 17:00:00,4527.294309759364,3760.999510459789,1775.5304079695159
forecast_8514,2025-12-21 18:00:00,4127.402737582101,3780.8615127857283,1489.418250665693
forecast_8515,2025-12-21 19:00:00,3693.664672222952,3469.558326962597,2317.039523482414
forecast_8516,2025-12-21 20:00:00,4120.998769941868,2339.4978601518196,1987.564115569726
forecast_8517,2025-12-21 21:00:00,3012.9763377225217,1720.740741470854,1483.1171917804454
forecast_8518,2025-12-21 22:00:00,1634.1896480153398,1013.7948035897609,1228.7397613616577
forecast_8519,2025-12-21 23:00:00,1141.8152774219566,613.044890291015,1146.2421954471083
forecast_8520,2025-12-22 00:00:00,684.8491142511331,508.9924653675379,685.9120368424997
forecast_8521,2025-12-22 01:00:00,1415.4778031904173,870.1577738683878,947.2510492886688
forecast_8522,2025-12-22 02:00:00,1134.9102475991647,732.9507071648345,607.7338464745453
forecast_8523,2025-12-22 03:00:00,385.9377714037038,387.3362197626002,130.7552159259457
forecast_8524,2025-12-22 04:00:00,274.84799139369045,244.35919275077455,0.0
forecast_8525,2025-12-22 05:00:00,381.5307246752968,304.25535881523774,0.0
forecast_8526,2025-12-22 06:00:00,382.9153373364753,290.7929016430313,0.0
forecast_8527,2025-12-22 07:00:00,566.6933376983202,528.4344673800564,5.49465192960344
forecast_8528,2025-12-22 08:00:00,684.3383354671588,596.654328943183,13.356580289574804
forecast_8529,2025-12-22 09:00:00,290.4052568872023,409.1197809941715,0.0
forecast_8530,2025-12-22 10:00:00,337.53904422270205,251.88911241001693,30.86519363539882
forecast_8531,2025-12-22 11:00:00,225.24701342215042,283.86871625269134,56.9825742438149
forecast_8532,2025-12-22 12:00:00,96.00859753304753,157.0747861536947,91.68133287836226
forecast_8533,2025-12-22 13:00:00,0.0,0.0,12.51285010348706
forecast_8534,2025-12-22 14:00:00,0.0,0.0,0.0
forecast_8535,2025-12-22 15:00:00,0.0,0.0,0.0
forecast_8536,2025-12-22 16:00:00,140.9976114246769,20.843150613194513,43.96125873823861
forecast_8537,2025-12-22 17:00:00,87.31071967258524,168.2649869530343,9.8000288339504
forecast_8538,2025-12-22 18:00:00,222.76723174945454,259.5041040710613,22.023537411482565
forecast_8539,2025-12-22 19:00:00,201.16389826792638,360.69868648751054,0.0
forecast_8540,2025-12-22 20:00:00,274.5936374844307,664.1190055368955,1.9142691408898773
forecast_8541,2025-12-22 21:00:00,1013.7242286551267,1079.9074159280499,236.57234222085637
forecast_8542,2025-12-22 22:00:00,1753.0763548555885,2051.715950471988,560.8685861074815
forecast_8543,2025-12-22 23:00:00,1586.4198889339411,1442.7698321069106,454.5829326397468
forecast_8544,2025-12-23 00:00:00,1482.4270216151367,1683.5623658801042,330.007035369869
forecast_8545,2025-12-23 01:00:00,3000.288652243043,3187.4962829291644,1315.6261142735968
forecast_8546,2025-12-23 02:00:00,5158.232567566372,4612.969927472707,1819.5133935566528
forecast_8547,2025-12-23 03:00:00,4923.159384646274,4263.823118799879,2146.1769852906823
forecast_8548,2025-12-23 04:00:00,3459.3615371223914,4030.8288802999655,1418.764624548962
forecast_8549,2025-12-23 05:00:00,4029.707711685691,4976.661015188963,1937.2336088991983
forecast_8550,2025-12-23 06:00:00,4739.568457232236,4420.825412471216,2184.1439568987357
forecast_8551,2025-12-23 07:00:00,4265.818039140462,4148.362640011507,1881.170033336489
forecast_8552,2025-12-23 08:00:00,3906.21287253985,4306.424067164464,2566.2104521311044
forecast_8553,2025-12-23 09:00:00,3248.897145518936,4622.810589910868,2365.709289941257
forecast_8554,2025-12-23 10:00:00,4543.194942518047,5484.426014561148,3584.2066125812457
forecast_8555,2025-12-23 11:00:00,5213.12488697821,6716.599278979467,4899.098633227219
forecast_8556,2025-12-23 12:00:00,5724.6223816879,7013.514002367512,4222.0226340384515
forecast_8557,2025-12-23 13:00:00,6291.612091086254,9258.391379199127,4130.337344426323
forecast_8558,2025-12-23 14:00:00,6054.4936204551295,9054.303057618561,3920.500567787542
forecast_8559,2025-12-23 15:00:00,5958.8366424965325,7164.647580375565,4283.474545575497
forecast_8560,2025-12-23 16:00:00,4635.627299368355,4467.84720576347,2826.6275965349632
forecast_8561,2025-12-23 17:00:00,3796.127683934587,3857.113950063822,2186.308071778779
forecast_8562,2025-12-23 18:00:00,4690.042802356766,5797.27689455222,3491.5994885391533
forecast_8563,2025-12-23 19:00:00,5836.664224112369,7240.429169122007,3986.77895547082
forecast_8564,2025-12-23 20:00:00,6664.520939636264,8200.891435166915,4249.799457161635
forecast_8565,2025-12-23 21:00:00,7548.532833021926,8698.518276987636,4679.257695512923
forecast_8566,2025-12-23 22:00:00,8771.963718886856,9467.79825740385,6848.589359759233
forecast_8567,2025-12-23 23:00:00,8768.367758507411,9591.384707442237,5161.192981159121
forecast_8568,2025-12-24 00:00:00,7502.660933778283,8071.46827085071,4873.1244761187345
forecast_8569,2025-12-24 01:00:00,4980.881977900657,6799.62371271989,4145.898913826731
forecast_8570,2025-12-24 02:00:00,5099.88284791208,6257.392893763435,4217.515223756406
forecast_8571,2025-12-24 03:00:00,4443.402384039936,4490.138244442651,2924.452155648018
forecast_8572,2025-12-24 04:00:00,4848.584956462582,4533.412130391969,3050.564100479078
forecast_8573,2025-12-24 05:00:00,3678.3566815777567,3833.6239039120824,2089.4832180289964
forecast_8574,2025-12-24 06:00:00,2371.3271386000133,2108.2915759992848,978.6870321354837
forecast_8575,2025-12-24 07:00:00,1303.1383675039071,1293.1131494767071,579.4562378029269
forecast_8576,2025-12-24 08:00:00,607.8176660081193,419.79183066168247,260.95771345949345
forecast_8577,2025-12-24 09:00:00,155.97275629306492,255.85505507687188,36.51804103788227
forecast_8578,2025-12-24 10:00:00,30.827187014111928,9.412306157326084,26.699401969951946
forecast_8579,2025-12-24 11:00:00,171.8972157537765,51.62248798736555,23.168018005230937
forecast_8580,2025-12-24 12:00:00,111.54091861373125,160.49690163540146,1.5185918003742052
forecast_8581,2025-12-24 13:00:00,53.006204981728594,265.2949889412153,48.80178234217922
forecast_8582,2025-12-24 14:00:00,50.174624460409596,236.51673288726096,47.015060117642044
forecast_8583,2025-12-24 15:00:00,143.30734588511237,53.33958277743513,217.32878254726606
forecast_8584,2025-12-24 16:00:00,210.72396165530125,68.295214927287,306.5884273410203
forecast_8585,2025-12-24 17:00:00,117.82187194154476,78.05661603979162,41.94638980121188
forecast_8586,2025-12-24 18:00:00,13.940604615624114,99.50296137253288,0.0
forecast_8587,2025-12-24 19:00:00,51.55224483781444,135.34927433996825,44.84122500023335
forecast_8588,2025-12-24 20:00:00,64.15166202431254,234.9105184734467,116.6694202621121
forecast_8589,2025-12-24 21:00:00,317.60941594446604,439.47892397744715,47.421264484298334
forecast_8590,2025-12-24 22:00:00,382.554123507731,370.0537803852189,50.45756452590362
forecast_8591,2025-12-24 23:00:00,494.93743708613965,404.6390575894276,149.29585635073778
forecast_8592,2025-12-25 00:00:00,1159.3351993082583,738.7911586181879,731.799477120229
forecast_8593,2025-12-25 01:00:00,1388.5746067269672,1071.6149140255382,613.5400796552011
forecast_8594,2025-12-25 02:00:00,2906.1907367432814,2626.5037195879995,1988.8462411644716
forecast_8595,2025-12-25 03:00:00,4454.354599286157,3719.0320973903827,2713.7509714366424
forecast_8596,2025-12-25 04:00:00,6248.67987547563,5680.435607238283,4435.204175087718
forecast_8597,2025-12-25 05:00:00,8100.241649837328,7530.860695592154,5384.410160088081
forecast_8598,2025-12-25 06:00:00,8256.608888729135,8829.325266708951,5906.174055961172
forecast_8599,2025-12-25 07:00:00,9929.055226406448,11943.018483404509,7043.199017740358
forecast_8600,2025-12-25 08:00:00,12311.24981225464,14192.938467817119,9903.40552074404
forecast_8601,2025-12-25 09:00:00,13722.646813107978,16492.418901305587,11671.87577346875
forecast_8602,2025-12-25 10:00:00,15114.678417092779,17681.14446022324,12337.181650173152
forecast_8603,2025-12-25 11:00:00,14379.507177532438,17021.517896330926,10824.261747226576
forecast_8604,2025-12-25 12:00:00,14814.02205104452,15029.083410182831,10371.056951303664
forecast_8605,2025-12-25 13:00:00,15417.45433868812,15853.975020141412,10698.400430512429
forecast_8606,2025-12-25 14:00:00,15009.91710883818,15025.43538279476,10612.401582046063
forecast_8607,2025-12-25 15:00:00,14788.972649115154,15494.042917631295,10267.592763852452
forecast_8608,2025-12-25 16:00:00,14519.166949626919,15037.062542793263,10711.205311537109
forecast_8609,2025-12-25 17:00:00,14678.577568889503,16474.356254392518,11754.852368947886
forecast_8610,2025-12-25 18:00:00,14313.36043301024,16037.090496562892,11639.163469921486
forecast_8611,2025-12-25 19:00:00,14212.955034825927,15188.42170840151,11757.755886493158
forecast_8612,2025-12-25 20:00:00,14206.469922302767,15813.095927289465,12390.439279793552
forecast_8613,2025-12-25 21:00:00,14100.789361422363,15829.68751221217,12629.202301019566
forecast_8614,2025-12-25 22:00:00,14062.959395620133,15757.191876373528,12366.353862463386
forecast_8615,2025-12-25 23:00:00,14203.687844573366,16248.592189948506,13622.849921857936
forecast_8616,2025-12-26 00:00:00,15959.28832522049,16951.164858444794,14058.285449884837
forecast_8617,2025-12-26 01:00:00,15664.522133232635,17294.30292047098,15145.057371274586
forecast_8618,2025-12-26 02:00:00,15635.613404478298,16365.90582772425,13422.946083210301
forecast_8619,2025-12-26 03:00:00,15542.742616033347,17064.07606924102,11754.404304282134
forecast_8620,2025-12-26 04:00:00,14678.605325392462,17080.372966716237,11580.002365778162
forecast_8621,2025-12-26 05:00:00,14287.323581455621,16081.04918268389,10819.459278455848
forecast_8622,2025-12-26 06:00:00,15227.767541816134,16864.28136853886,11146.136975682028
forecast_8623,2025-12-26 07:00:00,15421.177165393034,17067.96548372796,11240.417059352956
forecast_8624,2025-12-26 08:00:00,12700.841712823672,16517.03122828616,11190.441884574804
forecast_8625,2025-12-26 09:00:00,13949.553619681521,17200.759006134806,12378.57922453982
forecast_8626,2025-12-26 10:00:00,11538.972241469652,17056.365905968294,11843.986294129263
forecast_8627,2025-12-26 11:00:00,10969.242359149495,14724.566123489893,10693.601809890897
forecast_8628,2025-12-26 12:00:00,10220.30685418765,12059.431734206228,9778.526025748984
forecast_8629,2025-12-26 13:00:00,10025.154568521304,11259.64540830449,7835.434828545815
forecast_8630,2025-12-26 14:00:00,10782.00620079852,11907.584733707577,8947.134652089966
forecast_8631,2025-12-26 15:00:00,11533.61159077386,11177.204149784364,8685.86666210205
forecast_8632,2025-12-26 16:00:00,10660.822829685068,10958.519968662762,8486.499521621807
forecast_8633,2025-12-26 17:00:00,11793.572651127266,13584.650568446412,10013.080605966084
forecast_8634,2025-12-26 18:00:00,11605.329729135387,13300.096184615793,11121.947248048544
forecast_8635,2025-12-26 19:00:00,11167.447340333085,13358.872738255408,11818.270779161609
forecast_8636,2025-12-26 20:00:00,11741.880623534724,14648.524535222243,12029.559903394847
forecast_8637,2025-12-26 21:00:00,13962.063325600713,16524.39192537839,13155.814290292079
forecast_8638,2025-12-26 22:00:00,15337.649545549553,18365.57394933486,16293.551648171504
forecast_8639,2025-12-26 23:00:00,16915.624640640814,18857.315450589704,14889.661079294901
forecast_8640,2025-12-27 00:00:00,15970.278606395505,17149.38561606821,13951.630641591975
forecast_8641,2025-12-27 01:00:00,17801.544987586105,18197.00386673707,15221.572403754617
forecast_8642,2025-12-27 02:00:00,17345.773510500905,17643.664379253434,14966.391046290311
forecast_8643,2025-12-27 03:00:00,16810.212296017282,17678.298733799395,14659.333135315152
forecast_8644,2025-12-27 04:00:00,16786.811709007714,17226.643053804997,14176.527847167876
forecast_8645,2025-12-27 05:00:00,15608.068564800387,16703.415665907512,13697.083148776263
forecast_8646,2025-12-27 06:00:00,15654.192543222622,16890.825760081567,12914.171925941413
forecast_8647,2025-12-27 07:00:00,15624.837455856066,16716.87053801274,12867.858516478565
forecast_8648,2025-12-27 08:00:00,15600.344363352524,16780.534188414425,13348.686303648741
forecast_8649,2025-12-27 09:00:00,14148.712072490714,15769.860525464652,11596.600177318103
forecast_8650,2025-12-27 10:00:00,12073.25797150561,13264.648962834473,10540.754797518479
forecast_8651,2025-12-27 11:00:00,11649.90965102572,12178.919802202272,10428.424506032612
forecast_8652,2025-12-27 12:00:00,13633.586905659822,13738.09197045308,11331.98636935341
forecast_8653,2025-12-27 13:00:00,15567.908412113267,15447.450081157622,11870.042676824798
forecast_8654,2025-12-27 14:00:00,16121.42350713609,15321.102054373361,12285.194794977058
forecast_8655,2025-12-27 15:00:00,15920.590088109171,15831.69949771019,12910.347336750376
forecast_8656,2025-12-27 16:00:00,15768.264232103074,14942.643920354789,12381.502795346192
forecast_8657,2025-12-27 17:00:00,16261.45172812191,17391.56032488542,14773.279658096902
forecast_8658,2025-12-27 18:00:00,16941.90860371401,17766.749718905605,14893.817333381618
forecast_8659,2025-12-27 19:00:00,16629.28626304504,17307.2614842432,15191.743484033364
forecast_8660,2025-12-27 20:00:00,16243.255534869173,17351.79406924537,14142.879961225142
forecast_8661,2025-12-27 21:00:00,16591.65832987554,17653.953534954704,15477.061530105
forecast_8662,2025-12-27 22:00:00,17707.919118915295,18127.144807071734,15938.60664030372
forecast_8663,2025-12-27 23:00:00,17076.067543374527,17583.067453975076,15803.107117994812
forecast_8664,2025-12-28 00:00:00,16431.64459154422,17039.389101280158,14281.28152589994
forecast_8665,2025-12-28 01:00:00,18549.745259012514,18901.7841056447,16701.849625576942
forecast_8666,2025-12-28 02:00:00,20062.601742546813,19599.174485461557,17057.785993820715
forecast_8667,2025-12-28 03:00:00,20026.727014245233,19696.189316186992,17057.443964734746
forecast_8668,2025-12-28 04:00:00,20377.631563494237,19786.882944015317,17900.03582505854
forecast_8669,2025-12-28 05:00:00,19870.21548169831,19073.209079779892,18033.381762455345
forecast_8670,2025-12-28 06:00:00,20228.465572634424,19425.742369587027,17691.110082875017
forecast_8671,2025-12-28 07:00:00,20527.111471195836,19397.68147395265,16633.68103617614
forecast_8672,2025-12-28 08:00:00,20451.025350852844,19384.54964314241,16612.237582746635
forecast_8673,2025-12-28 09:00:00,17909.9875644817,16772.710023224277,14827.97760658856
forecast_8674,2025-12-28 10:00:00,16673.9812226067,16486.912653403208,14605.267380880961
forecast_8675,2025-12-28 11:00:00,16922.275816628706,17345.42355578515,15251.752071356756
forecast_8676,2025-12-28 12:00:00,17102.756643874312,17448.274253448286,14100.430723174244
forecast_8677,2025-12-28 13:00:00,15535.042783643314,15929.66618582697,13448.561770881777
forecast_8678,2025-12-28 14:00:00,15125.59116483464,14851.404998548647,12459.008425506749
forecast_8679,2025-12-28 15:00:00,15066.306248716257,14264.675951229825,12106.182746602359
forecast_8680,2025-12-28 16:00:00,15342.371634090276,14825.538634158456,13403.668510209242
forecast_8681,2025-12-28 17:00:00,15949.076229498738,15603.207351651132,14025.402620623665
forecast_8682,2025-12-28 18:00:00,14630.696281888537,14275.637407493214,12327.599875185262
forecast_8683,2025-12-28 19:00:00,12701.138761435268,12954.76683261243,10649.813425256338
forecast_8684,2025-12-28 20:00:00,13484.10456841744,13532.209227931256,11913.575094123158
forecast_8685,2025-12-28 21:00:00,14680.645516465464,14754.264377709256,13501.105021940739
forecast_8686,2025-12-28 22:00:00,15762.839019599203,15912.512963663221,14828.274454378448
forecast_8687,2025-12-28 23:00:00,16491.134935342998,16765.899066283877,15254.62409523349
forecast_8688,2025-12-29 00:00:00,17072.747712749097,18491.110619370967,15584.233059350909
forecast_8689,2025-12-29 01:00:00,17806.69848240992,18360.67003069791,15784.901488250242
forecast_8690,2025-12-29 02:00:00,17765.742193172926,18601.38926327925,16393.317449134167
forecast_8691,2025-12-29 03:00:00,20001.011169325975,19282.212708624793,17542.084055893265
forecast_8692,2025-12-29 04:00:00,19633.683140021203,19342.29376302232,17598.563741662645
forecast_8693,2025-12-29 05:00:00,19269.536068520352,18835.52695437368,16767.858133288075
forecast_8694,2025-12-29 06:00:00,19401.105279042862,18997.302769050588,16851.884371898366
forecast_8695,2025-12-29 07:00:00,19282.767028555616,18946.375730714386,16822.4899821703
forecast_8696,2025-12-29 08:00:00,19549.9311340884,19093.724260539642,17033.25705697602
forecast_8697,2025-12-29 09:00:00,19364.406992304066,18836.0202866257,16887.34915491598
forecast_8698,2025-12-29 10:00:00,18682.639094553528,18139.976323946114,16481.89875938633
forecast_8699,2025-12-29 11:00:00,18712.704780119508,18076.395368901933,17037.920729738486
forecast_8700,2025-12-29 12:00:00,18796.5743366236,18206.493984852445,16347.427571300545
forecast_8701,2025-12-29 13:00:00,18196.63252747329,17809.005780088413,15677.232227475854
forecast_8702,2025-12-29 14:00:00,18088.183022452657,17659.371693789766,16697.235754791487
forecast_8703,2025-12-29 15:00:00,17318.982746272155,17547.36414575487,15970.773352617212
forecast_8704,2025-12-29 16:00:00,17882.278028865137,17413.50617238805,15580.175080740084
forecast_8705,2025-12-29 17:00:00,18419.30748037016,18186.81044498747,16052.694692112726
forecast_8706,2025-12-29 18:00:00,18382.90693406182,18052.23303811036,15573.465299516543
forecast_8707,2025-12-29 19:00:00,17643.595171376426,16094.77844151185,14570.298265647643
forecast_8708,2025-12-29 20:00:00,16877.20181010171,15391.54721010043,13744.995595102451
forecast_8709,2025-12-29 21:00:00,15319.612924615745,15053.64585089481,14892.295877233193
forecast_8710,2025-12-29 22:00:00,14871.655217540616,14956.749208297575,12908.818237066818
forecast_8711,2025-12-29 23:00:00,14024.368686683854,14224.420575331222,12694.818037762927
forecast_8712,2025-12-30 00:00:00,13951.529554840008,14792.71086389496,13228.092016612145
forecast_8713,2025-12-30 01:00:00,11165.978374525615,11021.294542646327,11204.2104753396
forecast_8714,2025-12-30 02:00:00,10530.610417655638,10998.128753980485,10027.367874072132
forecast_8715,2025-12-30 03:00:00,11079.883763568463,11136.700379017788,10726.842483876486
forecast_8716,2025-12-30 04:00:00,12941.340118519644,12243.510417024621,11189.830593864606
forecast_8717,2025-12-30 05:00:00,12256.497002888891,11167.767473503643,10377.562793468254
forecast_8718,2025-12-30 06:00:00,12677.997912617504,11332.252083352449,9716.110903826639
forecast_8719,2025-12-30 07:00:00,11402.697083274186,10439.314695126093,8995.943311874085
forecast_8720,2025-12-30 08:00:00,9908.977458459956,9677.105210073727,7114.117675967591
forecast_8721,2025-12-30 09:00:00,7987.827619150919,9278.826324444284,6594.2620382042805
forecast_8722,2025-12-30 10:00:00,8313.849154626492,9843.229542439312,6093.443552270776
forecast_8723,2025-12-30 11:00:00,9289.783960537887,9377.53230099502,6765.55330488675
forecast_8724,2025-12-30 12:00:00,11273.46503595283,11533.423572970867,7772.933601344353
forecast_8725,2025-12-30 13:00:00,10776.736691802738,9263.008698594613,5681.628057973174
forecast_8726,2025-12-30 14:00:00,11569.167970999742,9875.551287618799,6819.069027516583
forecast_8727,2025-12-30 15:00:00,11892.136827988425,11576.315521095428,7790.618531376951
forecast_8728,2025-12-30 16:00:00,13367.488753954693,12824.12372994797,8950.358546593694
forecast_8729,2025-12-30 17:00:00,11523.493075301672,9995.095667865568,7800.4132888072945
forecast_8730,2025-12-30 18:00:00,11324.0602122166,10676.098175185862,7237.2514515043895
forecast_8731,2025-12-30 19:00:00,12719.415037057166,11984.92525613303,8765.260315859718
forecast_8732,2025-12-30 20:00:00,13981.469168341428,13765.902147606617,11801.799525011498
forecast_8733,2025-12-30 21:00:00,14633.694875365123,15180.910370144671,12767.408946290901
forecast_8734,2025-12-30 22:00:00,14837.080158654737,15267.339940895592,13454.611358827528
forecast_8735,2025-12-30 23:00:00,14872.227656206285,15744.52227597027,13791.128206470952
forecast_8736,2025-12-31 00:00:00,15111.100843316895,16222.55492003791,13811.492177661665
forecast_8737,2025-12-31 01:00:00,16503.595819746028,17104.512869399015,14804.210060448553
forecast_8738,2025-12-31 02:00:00,17070.87839291103,18576.86995499532,15222.345422188242
forecast_8739,2025-12-31 03:00:00,16871.626141758472,18278.069839468448,14387.173034297064
forecast_8740,2025-12-31 04:00:00,16611.26112814781,17783.379815984135,13865.276402854743
forecast_8741,2025-12-31 05:00:00,16446.655143942546,17581.560847206896,12233.496117517701
forecast_8742,2025-12-31 06:00:00,15703.605689463788,16830.774290644666,13334.532769634734
forecast_8743,2025-12-31 07:00:00,14839.123443911256,15523.52656553663,13169.539844073255
forecast_8744,2025-12-31 08:00:00,15495.266124001859,16154.000078962012,12106.621811324436
forecast_8745,2025-12-31 09:00:00,14801.85418709442,15594.374109268709,11356.195226866006
forecast_8746,2025-12-31 10:00:00,13109.75685987816,14657.268250392013,11621.095666947002
forecast_8747,2025-12-31 11:00:00,12963.258624584516,13001.852008506454,10290.711829351252
forecast_8748,2025-12-31 12:00:00,12764.599741417987,11907.529110253701,9510.589374012714
forecast_8749,2025-12-31 13:00:00,12079.193421749342,10719.208000429902,9004.238014447277
forecast_8750,2025-12-31 14:00:00,11402.90748754694,10072.53517633933,8186.7655629965775
forecast_8751,2025-12-31 15:00:00,11558.04338860618,9877.75509415685,9425.982916952184
forecast_8752,2025-12-31 16:00:00,11446.646803736454,10368.916159813423,8258.181354393737
forecast_8753,2025-12-31 17:00:00,9202.465641938925,8902.27611100892,7099.025945917475
forecast_8754,2025-12-31 18:00:00,9249.787586445966,9815.429638915222,8213.877411853582
forecast_8755,2025-12-31 19:00:00,10155.271253159237,10465.838904451128,9351.411553920614
forecast_8756,2025-12-31 20:00:00,10426.619826133492,11875.15241662852,10403.595621552102
forecast_8757,2025-12-31 21:00:00,11301.891264793638,13296.946937009454,11300.688639786356
forecast_8758,2025-12-31 22:00:00,13321.929023478286,15386.549737686828,11934.385574227157
forecast_8759,2025-12-31 23:00:00,13611.94296045668,15956.612076851443,11721.092353031927
forecast_8760,2026-01-01 00:00:00,14050.796279874095,16171.825073141783,12627.67955569978
