forecast_id,forecast_kst_dtm,kpx_group_1,kpx_group_2,kpx_group_3
forecast_0001,2025-01-01 01:00:00,18797.479439788043,19773.26176896969,18979.365226307487
forecast_0002,2025-01-01 02:00:00,17868.60316956277,19681.661195526984,19137.12700453565
forecast_0003,2025-01-01 03:00:00,18187.39725657968,20282.34828392118,19974.740569299123
forecast_0004,2025-01-01 04:00:00,17429.633773300364,19224.576905326237,19278.222656087266
forecast_0005,2025-01-01 05:00:00,17978.46588822821,19418.897555342373,18714.53322819301
forecast_0006,2025-01-01 06:00:00,17467.190947246014,18854.305772317028,18201.952105083354
forecast_0007,2025-01-01 07:00:00,17556.394777279722,17821.99793920176,17507.307652472777
forecast_0008,2025-01-01 08:00:00,17089.981111304372,17912.508787041264,17648.413684174175
forecast_0009,2025-01-01 09:00:00,15477.107231948798,16577.533618277597,16033.019720457914
forecast_0010,2025-01-01 10:00:00,15668.938689866816,17415.725922323494,16224.508213445026
forecast_0011,2025-01-01 11:00:00,16662.74021874945,17678.157447890284,15555.9623141188
forecast_0012,2025-01-01 12:00:00,16789.47253060129,17747.81633062709,15351.788921296655
forecast_0013,2025-01-01 13:00:00,15127.28359219321,14883.660800755199,14344.100527337667
forecast_0014,2025-01-01 14:00:00,15284.864209057641,15646.580588738956,14169.93577734684
forecast_0015,2025-01-01 15:00:00,14885.607835983043,15422.698841521305,14602.66192219031
forecast_0016,2025-01-01 16:00:00,14338.829592368507,15865.367317630105,13938.249254289893
forecast_0017,2025-01-01 17:00:00,14420.245050243024,15525.660604445884,13113.85004962951
forecast_0018,2025-01-01 18:00:00,13720.030955923143,15402.735858482529,13870.69708960541
forecast_0019,2025-01-01 19:00:00,14110.443373565173,14892.337091871466,14909.414632882792
forecast_0020,2025-01-01 20:00:00,15223.268470652853,17773.43163317996,15204.562084540112
forecast_0021,2025-01-01 21:00:00,15204.842274501638,17367.19216357748,15016.110375394504
forecast_0022,2025-01-01 22:00:00,15884.868113317523,17000.670889925957,16122.02826292724
forecast_0023,2025-01-01 23:00:00,16466.990177022286,18382.70603533141,15658.067397572544
forecast_0024,2025-01-02 00:00:00,16367.23259016002,18101.5767168979,14745.100933468375
forecast_0025,2025-01-02 01:00:00,14304.086121455794,16248.788059694476,13140.689366073708
forecast_0026,2025-01-02 02:00:00,14011.833569868679,15213.320650939333,11177.821856609855
forecast_0027,2025-01-02 03:00:00,12901.651718961908,14400.062945359721,10300.481864980144
forecast_0028,2025-01-02 04:00:00,9635.672030794101,12617.577406906274,7606.230769437485
forecast_0029,2025-01-02 05:00:00,10308.47598024185,12848.447729547453,8361.113299748811
forecast_0030,2025-01-02 06:00:00,7118.593572041024,11578.277833238812,6717.43679373386
forecast_0031,2025-01-02 07:00:00,8772.218098985824,11669.17260890998,6033.954764077458
forecast_0032,2025-01-02 08:00:00,9184.828834632313,10312.282837322256,6898.251476068623
forecast_0033,2025-01-02 09:00:00,7356.190041676571,8572.55864918785,5749.4477007884825
forecast_0034,2025-01-02 10:00:00,4738.068568842755,7606.067113750509,3948.1255002346056
forecast_0035,2025-01-02 11:00:00,5002.864215478762,5334.009194069844,3201.5485204713264
forecast_0036,2025-01-02 12:00:00,4373.395744479856,5370.921953110157,2943.082790195697
forecast_0037,2025-01-02 13:00:00,5205.791039586957,4699.890228658596,3570.7590819410902
forecast_0038,2025-01-02 14:00:00,6254.702916154727,5697.7000566393135,4122.148618681965
forecast_0039,2025-01-02 15:00:00,7407.092034780189,6929.111457520017,5792.389118428391
forecast_0040,2025-01-02 16:00:00,9091.947373442776,7956.375828052908,5615.0965921617
forecast_0041,2025-01-02 17:00:00,9795.830123745995,7727.304601950644,6583.292122529678
forecast_0042,2025-01-02 18:00:00,9825.635862893643,9273.704045938384,6811.642341252156
forecast_0043,2025-01-02 19:00:00,12030.191858953576,11701.028806498742,8350.483930896644
forecast_0044,2025-01-02 20:00:00,10544.593735826773,10421.889306191482,9682.513839394342
forecast_0045,2025-01-02 21:00:00,13368.739794833295,14327.164910134363,11971.864819417595
forecast_0046,2025-01-02 22:00:00,13404.850153696087,15068.83598419895,12683.401931660012
forecast_0047,2025-01-02 23:00:00,11686.962096885098,16419.329483640257,11746.856588206638
forecast_0048,2025-01-03 00:00:00,12530.258163819506,17793.914360083512,11760.858971827744
forecast_0049,2025-01-03 01:00:00,12952.678394891402,17461.79668843114,14269.501668947792
forecast_0050,2025-01-03 02:00:00,13049.692549691552,14271.906131198484,14365.072545921397
forecast_0051,2025-01-03 03:00:00,13180.895345693712,14698.504371812041,12653.177041087309
forecast_0052,2025-01-03 04:00:00,14229.541763595986,13994.916075988758,12580.853997596398
forecast_0053,2025-01-03 05:00:00,13172.80369447497,14396.66169548513,12805.29219277064
forecast_0054,2025-01-03 06:00:00,12957.341981733016,13578.070562434676,12093.516757799967
forecast_0055,2025-01-03 07:00:00,12472.982948974932,13769.149360188463,11768.520965248814
forecast_0056,2025-01-03 08:00:00,12943.036154944,13611.625072809224,11825.585974357049
forecast_0057,2025-01-03 09:00:00,12915.430298755728,14449.021893041105,11717.238988540606
forecast_0058,2025-01-03 10:00:00,12309.978095128343,11370.208521413413,11111.585371355588
forecast_0059,2025-01-03 11:00:00,13296.21873214104,11354.061502714849,11051.819513460085
forecast_0060,2025-01-03 12:00:00,13569.400023137248,11929.41497579041,10344.632517032576
forecast_0061,2025-01-03 13:00:00,13618.72527683906,12649.549709685212,10565.017190941719
forecast_0062,2025-01-03 14:00:00,13813.711307992759,12437.545373933866,11406.81844222173
forecast_0063,2025-01-03 15:00:00,13615.589929390251,12743.204648099529,12316.888040587994
forecast_0064,2025-01-03 16:00:00,14811.912463537918,13132.63520158055,13440.690702354634
forecast_0065,2025-01-03 17:00:00,13227.021668191135,14210.606273941907,13240.950329908914
forecast_0066,2025-01-03 18:00:00,14175.99532361866,11287.694619457796,11182.178803837349
forecast_0067,2025-01-03 19:00:00,13395.737910796965,14126.044245380432,12404.77086732289
forecast_0068,2025-01-03 20:00:00,15066.953340119622,15706.025426129441,14774.658832199384
forecast_0069,2025-01-03 21:00:00,15775.847974723181,17906.530267622074,13907.31614476792
forecast_0070,2025-01-03 22:00:00,15224.033859642715,16828.4954872968,14772.286679527166
forecast_0071,2025-01-03 23:00:00,14918.603346714523,15785.78748707225,16558.746881575426
forecast_0072,2025-01-04 00:00:00,12769.076146000985,15327.10262390455,12716.583963428136
forecast_0073,2025-01-04 01:00:00,13812.818578325028,15376.46951279496,13565.810966165243
forecast_0074,2025-01-04 02:00:00,13871.951495345511,16409.51833336716,12470.659003112802
forecast_0075,2025-01-04 03:00:00,15439.795975787123,15675.428641166463,13068.533482947363
forecast_0076,2025-01-04 04:00:00,15905.089293202995,15915.375938500882,12530.198135467268
forecast_0077,2025-01-04 05:00:00,15064.756536513436,16149.667519337909,14595.130914260644
forecast_0078,2025-01-04 06:00:00,13984.25046190336,16564.043004815157,14164.423149924814
forecast_0079,2025-01-04 07:00:00,15960.768722771574,17963.098552297713,13446.014453198673
forecast_0080,2025-01-04 08:00:00,16870.816528544827,17577.070354645934,14611.275548682652
forecast_0081,2025-01-04 09:00:00,14868.462554684138,17382.087729422816,13282.723056850253
forecast_0082,2025-01-04 10:00:00,12036.403270226938,13830.302945516112,10802.522061590065
forecast_0083,2025-01-04 11:00:00,11525.272287677517,10754.546244044554,7992.6604985326685
forecast_0084,2025-01-04 12:00:00,10858.831341408199,11806.64517755681,10312.58635634419
forecast_0085,2025-01-04 13:00:00,12052.112212828984,10329.831413943906,9454.462172240395
forecast_0086,2025-01-04 14:00:00,13329.889297933605,12443.106346061448,11979.41814181496
forecast_0087,2025-01-04 15:00:00,12448.93591951014,10478.586259256535,9776.482654170859
forecast_0088,2025-01-04 16:00:00,10411.975470698299,11015.247584922197,8337.103070830026
forecast_0089,2025-01-04 17:00:00,13589.014187543962,10111.274386172538,9280.63429074191
forecast_0090,2025-01-04 18:00:00,12645.646919538063,13352.560852877905,10174.843636185524
forecast_0091,2025-01-04 19:00:00,14631.986569744251,15451.753027540084,15797.952828907017
forecast_0092,2025-01-04 20:00:00,16639.443336223158,18892.943918677833,15540.571276107772
forecast_0093,2025-01-04 21:00:00,17641.437547692367,17441.43572914637,15749.173015800936
forecast_0094,2025-01-04 22:00:00,16088.008860533635,18429.157713899906,17262.867938617463
forecast_0095,2025-01-04 23:00:00,19338.41755200068,19773.925851812844,18211.164288839387
forecast_0096,2025-01-05 00:00:00,18644.92143173027,19311.562245439745,18590.592617532286
forecast_0097,2025-01-05 01:00:00,18141.417308764067,19146.202387523248,14464.376298779918
forecast_0098,2025-01-05 02:00:00,17451.591921654726,18069.33839456295,16715.428946837084
forecast_0099,2025-01-05 03:00:00,17244.63065507509,18341.350164054085,15452.88278850744
forecast_0100,2025-01-05 04:00:00,16457.382423414456,18239.022506353867,16549.008734895033
forecast_0101,2025-01-05 05:00:00,14329.253528037161,16811.87004546606,14520.034829604241
forecast_0102,2025-01-05 06:00:00,10916.652974736386,16465.060405064592,9754.362877943062
forecast_0103,2025-01-05 07:00:00,10951.112664343273,16963.85774254019,9071.65696856399
forecast_0104,2025-01-05 08:00:00,12836.52668860895,18112.77870886608,10773.89156491505
forecast_0105,2025-01-05 09:00:00,14344.113750442408,18413.699605904676,12207.437263392736
forecast_0106,2025-01-05 10:00:00,16239.700537296836,18689.557922839547,15225.627051427293
forecast_0107,2025-01-05 11:00:00,16516.438455120413,18736.333481653022,17697.717286834308
forecast_0108,2025-01-05 12:00:00,17828.648876085917,18744.992729362224,16815.19416072757
forecast_0109,2025-01-05 13:00:00,17408.23049118807,18160.83934334122,16684.345936384605
forecast_0110,2025-01-05 14:00:00,13732.384344327824,17093.021766318314,15767.946181246323
forecast_0111,2025-01-05 15:00:00,11905.103836878507,16758.364844669923,13738.601665053791
forecast_0112,2025-01-05 16:00:00,9809.57853628557,16483.36849743903,11411.618580991259
forecast_0113,2025-01-05 17:00:00,12048.364996804126,15382.334625718788,11746.809317009442
forecast_0114,2025-01-05 18:00:00,10770.234845833656,14159.531757032153,10518.283664912213
forecast_0115,2025-01-05 19:00:00,13723.726952947722,17723.103197728924,11561.505956705796
forecast_0116,2025-01-05 20:00:00,14304.239123421276,17264.43936232526,11913.428301068121
forecast_0117,2025-01-05 21:00:00,15067.955001475195,15593.253205633684,12047.341367560417
forecast_0118,2025-01-05 22:00:00,14823.215055724364,14915.031720838,12158.056367350257
forecast_0119,2025-01-05 23:00:00,14267.144263294002,14249.809001606629,12998.993971262213
forecast_0120,2025-01-06 00:00:00,13354.40615853784,13843.134431118862,12525.094760536038
forecast_0121,2025-01-06 01:00:00,11612.99764713752,12819.991154324436,9294.194087180338
forecast_0122,2025-01-06 02:00:00,11573.277138783658,12113.776621304656,9466.888020159447
forecast_0123,2025-01-06 03:00:00,11905.73081847027,11287.932619719673,8557.260598449217
forecast_0124,2025-01-06 04:00:00,11147.437465940582,10098.988607379777,6688.382378989527
forecast_0125,2025-01-06 05:00:00,8423.965079621092,9383.202667489835,4887.02877422636
forecast_0126,2025-01-06 06:00:00,6890.514139492261,8820.671113862369,5137.838779957539
forecast_0127,2025-01-06 07:00:00,6144.579226478289,7063.471998021173,5362.671865579224
forecast_0128,2025-01-06 08:00:00,5134.917426249808,4721.619368971589,4722.26370565885
forecast_0129,2025-01-06 09:00:00,5819.547067942337,6130.653702538168,5423.096192609044
forecast_0130,2025-01-06 10:00:00,4390.106038979619,7542.016197383162,7450.551486150188
forecast_0131,2025-01-06 11:00:00,5187.425269653341,5479.465924626195,4295.732935362816
forecast_0132,2025-01-06 12:00:00,6620.736710885964,5946.174208363757,6495.430189343389
forecast_0133,2025-01-06 13:00:00,6920.70893076396,6488.70486022352,6051.696192898283
forecast_0134,2025-01-06 14:00:00,7488.5810910280525,7564.862655880995,5960.904561291008
forecast_0135,2025-01-06 15:00:00,9071.528433821622,7548.35129868041,7376.084761012518
forecast_0136,2025-01-06 16:00:00,9947.495118425302,8663.500290091693,8040.94502888473
forecast_0137,2025-01-06 17:00:00,10925.981563417938,9901.299184773268,7843.648734640059
forecast_0138,2025-01-06 18:00:00,13916.787471368158,11912.868075385199,12252.965239945448
forecast_0139,2025-01-06 19:00:00,15695.603615225771,17069.896330468862,14670.532298437374
forecast_0140,2025-01-06 20:00:00,15006.2596416582,16688.316526164846,15346.922345791292
forecast_0141,2025-01-06 21:00:00,15108.493005201515,17407.948316713475,15891.575715373454
forecast_0142,2025-01-06 22:00:00,16219.026788571153,17739.351145946057,15772.521516446044
forecast_0143,2025-01-06 23:00:00,16770.02479539078,18606.464965310322,16152.572804008892
forecast_0144,2025-01-07 00:00:00,16722.448489281625,18882.23761477723,16734.414052827346
forecast_0145,2025-01-07 01:00:00,17397.207918979657,19325.772334465182,18161.39195903737
forecast_0146,2025-01-07 02:00:00,18651.191464195374,19878.424991258336,19253.96620307229
forecast_0147,2025-01-07 03:00:00,19033.576980706082,19592.360736295886,18912.919457488704
forecast_0148,2025-01-07 04:00:00,18270.01160090927,19313.174086091236,18941.36858513692
forecast_0149,2025-01-07 05:00:00,17604.541608407788,18789.935859722158,18483.48622557771
forecast_0150,2025-01-07 06:00:00,17485.626970035148,18381.201957585945,18436.604626606422
forecast_0151,2025-01-07 07:00:00,17458.023486812126,18546.359280572357,18495.802538656888
forecast_0152,2025-01-07 08:00:00,16544.30079725586,18447.945262347777,17521.471595187686
forecast_0153,2025-01-07 09:00:00,17115.51285842369,18802.73174340072,17518.616797772203
forecast_0154,2025-01-07 10:00:00,17513.86992303163,18271.808706636508,16961.14227750036
forecast_0155,2025-01-07 11:00:00,17880.00765598282,18564.342703757433,16470.535037075693
forecast_0156,2025-01-07 12:00:00,17276.961451126834,18239.277435425407,16338.774812586305
forecast_0157,2025-01-07 13:00:00,17125.77012903094,17987.13721358935,15345.619715419734
forecast_0158,2025-01-07 14:00:00,16854.229391552086,17733.809789445837,15626.727902391169
forecast_0159,2025-01-07 15:00:00,17203.468903680718,17613.483462300366,15585.758173777338
forecast_0160,2025-01-07 16:00:00,17345.783630905593,17914.15207430297,15368.835659224897
forecast_0161,2025-01-07 17:00:00,17462.933417967197,18107.85394361778,16359.377661671722
forecast_0162,2025-01-07 18:00:00,18033.20465902627,18394.69162417974,18646.129006302457
forecast_0163,2025-01-07 19:00:00,18091.144478838447,18764.615886876563,19081.5912765322
forecast_0164,2025-01-07 20:00:00,18606.388870055453,19160.47245020318,19209.195983064456
forecast_0165,2025-01-07 21:00:00,18833.51793400719,19334.535151865537,19692.377740421212
forecast_0166,2025-01-07 22:00:00,18596.851802808556,19335.6888145329,19421.071800979702
forecast_0167,2025-01-07 23:00:00,18911.29053447428,19624.010909368062,19433.0169856665
forecast_0168,2025-01-08 00:00:00,18528.24816522472,19052.625664684125,18646.477732789783
forecast_0169,2025-01-08 01:00:00,17238.701217670125,19384.441958073956,18648.951210885578
forecast_0170,2025-01-08 02:00:00,16852.3219452477,19003.088318530372,17838.418971571456
forecast_0171,2025-01-08 03:00:00,16828.987043575027,18520.26598084838,17468.66212201518
forecast_0172,2025-01-08 04:00:00,16688.644088093755,17759.100243503533,16846.253853263206
forecast_0173,2025-01-08 05:00:00,16158.361689695064,17491.74619457398,16169.340032495817
forecast_0174,2025-01-08 06:00:00,17091.07373186629,18243.95167417743,16495.58206308101
forecast_0175,2025-01-08 07:00:00,15972.601992765087,17801.440809946984,16147.10644827137
forecast_0176,2025-01-08 08:00:00,15451.213440729138,18176.841218837628,16462.0804250063
forecast_0177,2025-01-08 09:00:00,15793.711286832908,18210.33613244072,16489.960013190586
forecast_0178,2025-01-08 10:00:00,16374.340155922844,18583.477741725954,16105.046469989578
forecast_0179,2025-01-08 11:00:00,16909.01254835727,18344.497859583775,16529.550572556698
forecast_0180,2025-01-08 12:00:00,17310.921155325603,18683.77283542347,17324.22337334287
forecast_0181,2025-01-08 13:00:00,17090.622135309954,17823.627905979094,16908.32566374065
forecast_0182,2025-01-08 14:00:00,17088.258936858503,18310.612030650227,17131.643064991335
forecast_0183,2025-01-08 15:00:00,17301.0903241519,17659.215514178773,16657.735353719425
forecast_0184,2025-01-08 16:00:00,16880.410053365533,18358.022078831804,16407.286235887866
forecast_0185,2025-01-08 17:00:00,16950.94455539534,18177.464551090205,16595.941972086817
forecast_0186,2025-01-08 18:00:00,16932.029250025276,17881.859199608753,16607.084320032107
forecast_0187,2025-01-08 19:00:00,16880.422854107743,18371.85887238669,16977.026454623858
forecast_0188,2025-01-08 20:00:00,16614.812822237986,18079.103456333447,16920.420345070263
forecast_0189,2025-01-08 21:00:00,16964.17947429775,18294.72234864076,16497.373946752767
forecast_0190,2025-01-08 22:00:00,16889.10296991687,18776.601997727,17289.06204753896
forecast_0191,2025-01-08 23:00:00,16101.84919987525,18937.344603391615,17434.090989969973
forecast_0192,2025-01-09 00:00:00,16624.172979933905,18099.4811670085,16779.15273828975
forecast_0193,2025-01-09 01:00:00,16557.82221419909,18272.395344201424,17010.262402996486
forecast_0194,2025-01-09 02:00:00,16808.50028579617,18769.520054075983,17067.94229901421
forecast_0195,2025-01-09 03:00:00,16674.267547955613,18637.16999608528,15513.0351944768
forecast_0196,2025-01-09 04:00:00,17207.009032278263,18467.118354609775,15524.950727356176
forecast_0197,2025-01-09 05:00:00,16575.368850259467,18404.74064204439,16089.944999980076
forecast_0198,2025-01-09 06:00:00,16735.80969971287,18329.015412938323,17134.590046132154
forecast_0199,2025-01-09 07:00:00,16090.275950077365,17137.72415143074,15370.3052086692
forecast_0200,2025-01-09 08:00:00,16007.781868232194,18022.33940551639,15002.13603667805
forecast_0201,2025-01-09 09:00:00,15874.020326883923,18318.277095533325,15505.625133939599
forecast_0202,2025-01-09 10:00:00,15712.868598257981,18135.528324427894,15217.315794671573
forecast_0203,2025-01-09 11:00:00,15935.921113301729,17846.95388525801,14988.112930081188
forecast_0204,2025-01-09 12:00:00,15918.46870125517,17782.083985159436,15178.98993057536
forecast_0205,2025-01-09 13:00:00,16000.916956499133,17889.511408836606,15208.231822642789
forecast_0206,2025-01-09 14:00:00,16113.708327259275,17651.815545166246,14729.717896056405
forecast_0207,2025-01-09 15:00:00,16105.618118870221,17302.661951796425,14482.310524959776
forecast_0208,2025-01-09 16:00:00,16364.677118491654,17947.99175556684,14214.407631364324
forecast_0209,2025-01-09 17:00:00,15803.373084355822,14559.4568525495,13253.16871374052
forecast_0210,2025-01-09 18:00:00,15630.93060437455,14415.032315989816,13418.755306087682
forecast_0211,2025-01-09 19:00:00,15674.44086097888,18783.667758136675,18025.90300530636
forecast_0212,2025-01-09 20:00:00,15687.38704958302,15488.58913662187,14435.825509822489
forecast_0213,2025-01-09 21:00:00,17268.23560631807,19119.55598299116,16925.079160286936
forecast_0214,2025-01-09 22:00:00,19211.476594037733,19304.88998006862,19457.336809523826
forecast_0215,2025-01-09 23:00:00,20342.81554624521,19813.06086520394,19524.801819251265
forecast_0216,2025-01-10 00:00:00,20547.115619093394,20062.78210557687,19442.492395013516
forecast_0217,2025-01-10 01:00:00,13532.192228940168,16019.822457886565,13069.45921983831
forecast_0218,2025-01-10 02:00:00,16357.657346368136,17185.664079721428,15579.565626989872
forecast_0219,2025-01-10 03:00:00,18743.18075333129,17404.942045088013,14183.068503482806
forecast_0220,2025-01-10 04:00:00,19734.040449779106,18515.633737478172,18282.937098937815
forecast_0221,2025-01-10 05:00:00,19362.15747404615,19013.91437312788,17934.721482216093
forecast_0222,2025-01-10 06:00:00,19661.970286779913,18991.06069402267,17561.042672547235
forecast_0223,2025-01-10 07:00:00,18532.1957112182,17604.136417307014,14622.047334587385
forecast_0224,2025-01-10 08:00:00,16027.654884676364,11926.696530779978,11473.325793447897
forecast_0225,2025-01-10 09:00:00,14781.374346364388,10372.717779922035,9404.105126234108
forecast_0226,2025-01-10 10:00:00,9486.953092379237,8102.706996077901,5928.522074530098
forecast_0227,2025-01-10 11:00:00,5121.887811604121,3970.27571877627,4019.2387397952457
forecast_0228,2025-01-10 12:00:00,4018.7714109960175,3369.637645406972,2837.122702777901
forecast_0229,2025-01-10 13:00:00,4059.6492873786074,3846.8016166944403,2832.6768148717965
forecast_0230,2025-01-10 14:00:00,4047.3440895702097,3809.9522303112544,3371.6090920774063
forecast_0231,2025-01-10 15:00:00,4276.576972344846,4460.826148509971,4446.177480135112
forecast_0232,2025-01-10 16:00:00,4205.29613654769,4903.023659000382,4518.47792309378
forecast_0233,2025-01-10 17:00:00,6060.209156984931,5823.6984406518695,5020.6811678557215
forecast_0234,2025-01-10 18:00:00,8735.846137265486,7651.99555774944,7110.4227937270925
forecast_0235,2025-01-10 19:00:00,10067.000499962713,8530.872503345161,8016.999918916185
forecast_0236,2025-01-10 20:00:00,10201.562983187796,8690.230732925129,9142.528990096836
forecast_0237,2025-01-10 21:00:00,10041.925487000932,9900.60837711196,9121.639301914298
forecast_0238,2025-01-10 22:00:00,10173.141346798475,9049.61212635047,9047.742936730723
forecast_0239,2025-01-10 23:00:00,11257.796395233976,9182.174178256853,9813.506852558814
forecast_0240,2025-01-11 00:00:00,11068.683155532963,10768.626832536522,9139.839955480567
forecast_0241,2025-01-11 01:00:00,9735.50298184967,9839.133023376864,8416.536473482793
forecast_0242,2025-01-11 02:00:00,9922.270974840903,9513.010646013632,9736.676011533134
forecast_0243,2025-01-11 03:00:00,9765.291520591703,10556.50766126185,8781.275316655274
forecast_0244,2025-01-11 04:00:00,12558.502076176275,11457.937125511664,10294.47270230868
forecast_0245,2025-01-11 05:00:00,11912.515646203503,10346.174444998522,9933.201037132114
forecast_0246,2025-01-11 06:00:00,11377.197929009317,9252.345986971959,8228.141366512662
forecast_0247,2025-01-11 07:00:00,9041.280336502849,7584.165373630772,6411.729057418563
forecast_0248,2025-01-11 08:00:00,7845.766124587299,7955.686469954195,7146.488446659729
forecast_0249,2025-01-11 09:00:00,11153.845710891128,8304.930892300812,7037.718549361261
forecast_0250,2025-01-11 10:00:00,6873.942109620641,6810.6411786808485,5057.792896502973
forecast_0251,2025-01-11 11:00:00,4849.046872750246,4611.820764492837,4546.527463858281
forecast_0252,2025-01-11 12:00:00,4271.916617054347,3878.671528667713,3905.860458284825
forecast_0253,2025-01-11 13:00:00,4270.917748736955,3832.0612179180175,5837.993738210002
forecast_0254,2025-01-11 14:00:00,3623.2410555103315,3460.2423310340755,3815.7630478618125
forecast_0255,2025-01-11 15:00:00,3198.060903712675,3163.06186022888,3109.30083192205
forecast_0256,2025-01-11 16:00:00,2877.7503296896175,2858.425286488271,3039.3196288427166
forecast_0257,2025-01-11 17:00:00,4976.6943424953115,4163.084976400811,3455.077742546298
forecast_0258,2025-01-11 18:00:00,6906.234056795471,6843.27362751284,6140.246230918323
forecast_0259,2025-01-11 19:00:00,9661.048733294068,9531.841482580588,7328.918779002627
forecast_0260,2025-01-11 20:00:00,11014.9597444063,10110.958179809782,9005.377849612338
forecast_0261,2025-01-11 21:00:00,11501.924912347866,11380.587088643937,10960.35493093963
forecast_0262,2025-01-11 22:00:00,12541.792889110751,11323.987644942357,11410.69193074912
forecast_0263,2025-01-11 23:00:00,15228.678555128681,13316.449160051136,12210.828963192795
forecast_0264,2025-01-12 00:00:00,15706.079518158029,14965.9057865204,11708.417762131703
forecast_0265,2025-01-12 01:00:00,11075.448546948353,9931.840467016706,10271.366069015738
forecast_0266,2025-01-12 02:00:00,12232.166964023087,10676.857590201396,11161.50806415985
forecast_0267,2025-01-12 03:00:00,13980.137536485941,14836.001269666669,11632.361060492505
forecast_0268,2025-01-12 04:00:00,15575.18099717267,15012.444912130644,13376.189804992924
forecast_0269,2025-01-12 05:00:00,16782.428456251575,16096.106690581884,14495.542442998758
forecast_0270,2025-01-12 06:00:00,16988.28093594168,16470.609402711176,14830.064759577159
forecast_0271,2025-01-12 07:00:00,16867.896461304736,16916.812448035053,14560.037032510043
forecast_0272,2025-01-12 08:00:00,17530.020415792562,16978.279101940465,15836.355460624494
forecast_0273,2025-01-12 09:00:00,17435.628578974414,18840.80504647596,15319.161861016602
forecast_0274,2025-01-12 10:00:00,14708.87255899969,15987.870828604753,12212.220221319747
forecast_0275,2025-01-12 11:00:00,12568.034761149946,13484.131690157514,11309.181479450224
forecast_0276,2025-01-12 12:00:00,10677.801623603622,12218.723083962215,7205.646476740472
forecast_0277,2025-01-12 13:00:00,11546.058865303501,14086.146907513228,8364.001888669101
forecast_0278,2025-01-12 14:00:00,12690.286368091576,16335.503292032783,11380.622881172638
forecast_0279,2025-01-12 15:00:00,11519.789866390427,15244.309925856427,11234.383660690719
forecast_0280,2025-01-12 16:00:00,11921.086173713724,15891.671889443462,12125.413182521661
forecast_0281,2025-01-12 17:00:00,13684.31232243662,18770.221567971406,14405.109916214793
forecast_0282,2025-01-12 18:00:00,15132.370281378553,16691.395614470777,15641.373720216681
forecast_0283,2025-01-12 19:00:00,13738.74413717424,18385.239547766956,15644.463852298519
forecast_0284,2025-01-12 20:00:00,14227.965429921755,18037.641985424634,14013.279222466057
forecast_0285,2025-01-12 21:00:00,15436.40499202275,19377.060511689706,16331.161639159074
forecast_0286,2025-01-12 22:00:00,18150.72892756858,19387.971381210788,17275.835470629398
forecast_0287,2025-01-12 23:00:00,18188.72402617306,18953.11664221555,15951.367766527002
forecast_0288,2025-01-13 00:00:00,19689.574224444717,20003.435763589787,17616.79563499395
forecast_0289,2025-01-13 01:00:00,18238.519976149903,19931.510436511497,17818.294251746072
forecast_0290,2025-01-13 02:00:00,19841.27510512551,20338.159135080274,18706.867783001104
forecast_0291,2025-01-13 03:00:00,20298.73493735988,20571.727032406365,19263.364259639533
forecast_0292,2025-01-13 04:00:00,20952.06503130171,20704.254896637794,20011.880013326907
forecast_0293,2025-01-13 05:00:00,20677.586166317567,20469.82433182594,19873.766777533063
forecast_0294,2025-01-13 06:00:00,20822.97288088278,20974.201192620978,20276.822052707073
forecast_0295,2025-01-13 07:00:00,20304.656106305003,20551.52237726616,19575.093639001952
forecast_0296,2025-01-13 08:00:00,20253.898362716038,20537.15569704156,19501.349922634152
forecast_0297,2025-01-13 09:00:00,20490.177560998614,20874.213755323788,19442.12433608864
forecast_0298,2025-01-13 10:00:00,19854.326917251776,20314.37199978513,19370.690826529655
forecast_0299,2025-01-13 11:00:00,19743.675761664686,20535.64355821117,19247.051351101643
forecast_0300,2025-01-13 12:00:00,17638.640400063272,19711.968012714333,18233.672851936004
forecast_0301,2025-01-13 13:00:00,14449.698530578486,17456.95166248812,14672.150312583188
forecast_0302,2025-01-13 14:00:00,14354.845302896912,16891.02852777987,14164.934054343299
forecast_0303,2025-01-13 15:00:00,15947.141913965634,17155.6403613508,14629.296186513828
forecast_0304,2025-01-13 16:00:00,14660.869163419984,16454.878298791067,14783.556190733954
forecast_0305,2025-01-13 17:00:00,14695.056793263744,16507.147590846547,14360.754912757338
forecast_0306,2025-01-13 18:00:00,16314.975979402361,14017.948072072286,13577.766257530215
forecast_0307,2025-01-13 19:00:00,16154.931575365601,15631.18697331924,15856.970750794993
forecast_0308,2025-01-13 20:00:00,16652.25166124798,17582.44250047589,17085.471398781243
forecast_0309,2025-01-13 21:00:00,17318.872374415594,17279.747456786277,16982.90178855585
forecast_0310,2025-01-13 22:00:00,17777.640913708383,18952.999600575764,18584.694630560036
forecast_0311,2025-01-13 23:00:00,17898.534682106496,18770.2327897043,18222.347678936003
forecast_0312,2025-01-14 00:00:00,18244.94017317851,18375.171005942335,17995.312336130657
forecast_0313,2025-01-14 01:00:00,17805.879180074393,18590.678725056976,17418.616023585906
forecast_0314,2025-01-14 02:00:00,17702.006887151434,18727.52025633634,17859.6794031986
forecast_0315,2025-01-14 03:00:00,18548.161019586507,18624.648071664313,17888.489958738242
forecast_0316,2025-01-14 04:00:00,18607.979291713742,18276.487314969603,17608.08361698751
forecast_0317,2025-01-14 05:00:00,18582.8487023426,19456.37884536658,18617.98132220388
forecast_0318,2025-01-14 06:00:00,18905.522671685998,19034.670679938165,18914.40664480837
forecast_0319,2025-01-14 07:00:00,18902.79245614087,19324.23152322144,18952.15608563882
forecast_0320,2025-01-14 08:00:00,18842.464674414565,18587.5843007296,18681.838399721968
forecast_0321,2025-01-14 09:00:00,18380.00788120122,18010.468615842557,18065.801350580066
forecast_0322,2025-01-14 10:00:00,17841.553182901127,18690.930963169492,18086.484824452622
forecast_0323,2025-01-14 11:00:00,17099.5307081169,17341.08970855513,16528.79546679076
forecast_0324,2025-01-14 12:00:00,16895.389443656808,16547.641399371976,15811.848967349035
forecast_0325,2025-01-14 13:00:00,16667.070693575057,16010.902238526474,14734.745373256213
forecast_0326,2025-01-14 14:00:00,15487.087161029502,14488.729678041645,13648.595059650179
forecast_0327,2025-01-14 15:00:00,14178.630665342936,13993.90316308068,13853.154896717188
forecast_0328,2025-01-14 16:00:00,12930.809219473109,13018.986390756401,12199.14814229548
forecast_0329,2025-01-14 17:00:00,12730.475702112628,12506.719117525983,11925.000347943676
forecast_0330,2025-01-14 18:00:00,12467.780102652301,12105.230216829565,11650.979113599447
forecast_0331,2025-01-14 19:00:00,13528.951933044078,12716.801241892483,11002.238090913032
forecast_0332,2025-01-14 20:00:00,12717.387705948466,12120.902879424546,12215.077465227518
forecast_0333,2025-01-14 21:00:00,13704.258877428467,12974.219917605897,13162.69543575948
forecast_0334,2025-01-14 22:00:00,15604.209683297799,13852.212499044026,13627.568198715213
forecast_0335,2025-01-14 23:00:00,15790.97799234688,14871.929288863548,14319.288170025784
forecast_0336,2025-01-15 00:00:00,15481.06601053332,15234.918079741583,13327.869058252387
forecast_0337,2025-01-15 01:00:00,15548.13400237894,14286.775503668854,14213.892038331167
forecast_0338,2025-01-15 02:00:00,14964.006003401375,12036.173540759008,13525.636359764505
forecast_0339,2025-01-15 03:00:00,14066.408512661768,13485.17779814622,12436.462190057004
forecast_0340,2025-01-15 04:00:00,14819.99412824338,9151.672487063717,12270.179961820739
forecast_0341,2025-01-15 05:00:00,14007.325674844453,9949.810902050795,11069.319106213114
forecast_0342,2025-01-15 06:00:00,14151.888126993757,12619.045585697539,12101.038539274092
forecast_0343,2025-01-15 07:00:00,14855.653985028279,15369.780450678994,14262.881606082692
forecast_0344,2025-01-15 08:00:00,14039.217269144392,14901.430257642753,12630.419911568195
forecast_0345,2025-01-15 09:00:00,14706.127414403329,14029.108138760006,13264.291194260488
forecast_0346,2025-01-15 10:00:00,13817.408323284957,15022.675357785405,13828.864962400805
forecast_0347,2025-01-15 11:00:00,14380.860509433553,16291.805343566288,14662.602422762531
forecast_0348,2025-01-15 12:00:00,13244.611392167984,15179.118183088749,13387.01334596871
forecast_0349,2025-01-15 13:00:00,14056.970791486785,15343.659113069712,12625.943337390308
forecast_0350,2025-01-15 14:00:00,13154.039935888703,10798.43218658434,11176.315825903766
forecast_0351,2025-01-15 15:00:00,12631.02678486261,11969.493394985506,10434.729242492504
forecast_0352,2025-01-15 16:00:00,13281.770830592266,12671.328919655247,9825.246618630932
forecast_0353,2025-01-15 17:00:00,13596.115959267809,11430.210852143377,11626.879156926367
forecast_0354,2025-01-15 18:00:00,13345.66558941651,13693.426173798482,14314.880949058608
forecast_0355,2025-01-15 19:00:00,14288.338098528682,18101.62076356857,14351.251835522298
forecast_0356,2025-01-15 20:00:00,15523.81541929611,19249.819053236857,15171.750215148031
forecast_0357,2025-01-15 21:00:00,16902.883462983285,19433.215990218414,17736.436534988
forecast_0358,2025-01-15 22:00:00,18208.413978584562,19129.454495131773,18615.983284439037
forecast_0359,2025-01-15 23:00:00,20489.12891863609,19712.58646262382,19347.13694771932
forecast_0360,2025-01-16 00:00:00,19834.376881754266,19758.788537348657,19234.081092841756
forecast_0361,2025-01-16 01:00:00,18803.85491236593,19149.848497401148,18490.46580105809
forecast_0362,2025-01-16 02:00:00,19482.154225518443,19881.647205481237,19309.260646276678
forecast_0363,2025-01-16 03:00:00,20253.23428607184,19660.121904471147,19609.602351148485
forecast_0364,2025-01-16 04:00:00,20212.782345910582,19866.170729123143,19442.854881343075
forecast_0365,2025-01-16 05:00:00,20435.016425291524,20206.146800659324,19557.127405233707
forecast_0366,2025-01-16 06:00:00,20496.174023879885,20543.5976337709,20032.229263994082
forecast_0367,2025-01-16 07:00:00,20385.4119737462,20603.7203481105,19833.53506644371
forecast_0368,2025-01-16 08:00:00,20346.643085288764,20867.888214198072,19807.849116368634
forecast_0369,2025-01-16 09:00:00,20566.756964219505,20799.406267825787,19875.203391133422
forecast_0370,2025-01-16 10:00:00,20084.177110416626,20445.86624374336,19820.849817851366
forecast_0371,2025-01-16 11:00:00,20172.25698647422,20526.07468574723,19653.77417004129
forecast_0372,2025-01-16 12:00:00,19536.623037002206,20533.17469137343,19330.762878166348
forecast_0373,2025-01-16 13:00:00,19279.83858513554,19936.062934593992,19586.73155990482
forecast_0374,2025-01-16 14:00:00,17731.1732949435,19268.637772657883,18225.45006516594
forecast_0375,2025-01-16 15:00:00,18593.67830237086,19539.624843380934,17416.234446169925
forecast_0376,2025-01-16 16:00:00,18537.475131622374,19331.49166792499,18107.9297669491
forecast_0377,2025-01-16 17:00:00,18187.836837840117,19603.82689495378,19204.481315318822
forecast_0378,2025-01-16 18:00:00,17969.06838597762,19652.20754086839,19371.304798555924
forecast_0379,2025-01-16 19:00:00,17119.166249283186,19621.88513505827,16389.880281287107
forecast_0380,2025-01-16 20:00:00,14817.987265887135,14802.19659140341,12746.915161858682
forecast_0381,2025-01-16 21:00:00,12611.8925676897,12013.37644874661,11916.481055748944
forecast_0382,2025-01-16 22:00:00,11131.572969902405,10494.795908833772,9275.862415684132
forecast_0383,2025-01-16 23:00:00,8894.162231097765,12018.174875467572,6460.601054418409
forecast_0384,2025-01-17 00:00:00,5348.230031984335,5934.874749800058,4794.1332273942535
forecast_0385,2025-01-17 01:00:00,4241.403841686938,3908.44791144642,3858.2890820258385
forecast_0386,2025-01-17 02:00:00,4286.850424646805,4160.564680856365,3064.6017864854916
forecast_0387,2025-01-17 03:00:00,3991.6222729678243,3492.4416462156146,3482.4549870911023
forecast_0388,2025-01-17 04:00:00,4047.6703747649026,3560.6343853216417,3379.774063914411
forecast_0389,2025-01-17 05:00:00,3536.887796067121,3271.9176280454544,3341.5353255117616
forecast_0390,2025-01-17 06:00:00,3421.4261140849544,2748.3073104666573,4167.814885676288
forecast_0391,2025-01-17 07:00:00,3360.1784632975728,2814.7010337828847,3344.654646050497
forecast_0392,2025-01-17 08:00:00,4049.204684539377,3528.9797732290585,4072.4553931862674
forecast_0393,2025-01-17 09:00:00,3868.95384908302,3762.6600498012212,3561.7614191654616
forecast_0394,2025-01-17 10:00:00,3659.1297940635386,4221.040723106198,3636.6296857770267
forecast_0395,2025-01-17 11:00:00,3539.6305176147544,3863.3878047108146,3704.6727657764663
forecast_0396,2025-01-17 12:00:00,3358.1942119189303,3927.8965086575595,3927.7563140364864
forecast_0397,2025-01-17 13:00:00,3589.6857901412504,3841.250371364562,3552.8778637966734
forecast_0398,2025-01-17 14:00:00,3471.834277678658,3538.4549323541464,2987.5933667257113
forecast_0399,2025-01-17 15:00:00,3714.492504827698,4005.6976966753314,3812.5707754432215
forecast_0400,2025-01-17 16:00:00,3707.6181556684573,4360.142539686591,3268.872542300032
forecast_0401,2025-01-17 17:00:00,5111.80674511676,5776.50674085052,4040.8123126307623
forecast_0402,2025-01-17 18:00:00,9024.411032456665,6787.7421581112385,5171.048133895438
forecast_0403,2025-01-17 19:00:00,8487.488443240441,8845.176426867572,8450.43385279028
forecast_0404,2025-01-17 20:00:00,10454.578996164735,12029.684378512064,9502.303198059955
forecast_0405,2025-01-17 21:00:00,13952.25696012959,16054.846100394025,10893.902534399336
forecast_0406,2025-01-17 22:00:00,15112.544253994118,16272.281895478372,14710.374063684327
forecast_0407,2025-01-17 23:00:00,17254.611203193846,16661.50599864634,15435.796387525836
forecast_0408,2025-01-18 00:00:00,17838.41280039234,16778.18699688769,16051.881975318687
forecast_0409,2025-01-18 01:00:00,13099.611766996566,11788.091590154325,7730.663870951432
forecast_0410,2025-01-18 02:00:00,14082.363523378885,12372.79009295117,9116.075834677848
forecast_0411,2025-01-18 03:00:00,14994.045484170301,13137.925600942377,9677.472137564482
forecast_0412,2025-01-18 04:00:00,16720.058504730667,16069.940858334332,12166.631533211621
forecast_0413,2025-01-18 05:00:00,19333.972567065175,17104.90459719681,13055.277024908646
forecast_0414,2025-01-18 06:00:00,18025.02197766983,16009.863844530231,12386.018859648717
forecast_0415,2025-01-18 07:00:00,18075.726227695173,13680.137346965192,9261.483696561383
forecast_0416,2025-01-18 08:00:00,10673.26691680484,8766.003070958248,6250.0926978617745
forecast_0417,2025-01-18 09:00:00,8825.12818880641,6013.082917355835,3615.228923359639
forecast_0418,2025-01-18 10:00:00,5301.711734561933,3969.5471338248253,4013.1806003475767
forecast_0419,2025-01-18 11:00:00,4866.533459294837,4367.100541271355,3519.3068863871986
forecast_0420,2025-01-18 12:00:00,7548.689799333021,4321.376833355858,4216.5277347374895
forecast_0421,2025-01-18 13:00:00,4385.462738482171,4402.105355613658,4090.065631604915
forecast_0422,2025-01-18 14:00:00,4073.248817727094,4077.077241291197,3177.2511770125207
forecast_0423,2025-01-18 15:00:00,4340.298113416571,3819.4038869753094,3718.594410909611
forecast_0424,2025-01-18 16:00:00,4990.894790621834,3998.4410643242877,3725.336679309435
forecast_0425,2025-01-18 17:00:00,10317.33363011249,7406.744494292561,5405.711137790439
forecast_0426,2025-01-18 18:00:00,15054.17192957073,11876.684046516506,9204.14309922083
forecast_0427,2025-01-18 19:00:00,18139.537265429353,17534.334293353408,14478.119743762389
forecast_0428,2025-01-18 20:00:00,18572.580768081032,17161.578780653694,15413.959602644725
forecast_0429,2025-01-18 21:00:00,19658.000081156017,19146.79337078976,17730.85856614462
forecast_0430,2025-01-18 22:00:00,18520.42093467627,19181.408501154314,17579.67760663839
forecast_0431,2025-01-18 23:00:00,19179.67828779448,19255.206376891674,17117.156796773445
forecast_0432,2025-01-19 00:00:00,18658.249868166236,19574.60334511041,16651.443457280617
forecast_0433,2025-01-19 01:00:00,18203.044544977325,18500.167779436597,15370.210192428014
forecast_0434,2025-01-19 02:00:00,17994.413211266892,18207.496764716154,16694.90009683626
forecast_0435,2025-01-19 03:00:00,19378.766486434608,18724.244394742964,15250.196661244301
forecast_0436,2025-01-19 04:00:00,20007.99315747883,19547.18824490901,18317.34790562177
forecast_0437,2025-01-19 05:00:00,19303.54557660099,19256.089045058834,18470.477758655557
forecast_0438,2025-01-19 06:00:00,19295.129216926238,19117.55791016903,18445.160874339592
forecast_0439,2025-01-19 07:00:00,19227.934227693622,19167.872783956784,17945.75558597531
forecast_0440,2025-01-19 08:00:00,19452.83217959927,19106.513016470944,18272.837995586004
forecast_0441,2025-01-19 09:00:00,19390.680421169396,18116.9933051348,17274.62155394652
forecast_0442,2025-01-19 10:00:00,17499.953109080085,18641.231271485147,15363.237201460024
forecast_0443,2025-01-19 11:00:00,14701.24571003762,17511.743349812783,12450.778454620908
forecast_0444,2025-01-19 12:00:00,11590.522828775243,13074.267073507062,8548.64774057892
forecast_0445,2025-01-19 13:00:00,11408.108112363625,10606.417819131926,7079.60588352951
forecast_0446,2025-01-19 14:00:00,11338.532990681806,9434.754316877625,6152.540207223196
forecast_0447,2025-01-19 15:00:00,10537.191980740867,7638.1074033785335,6251.450457859496
forecast_0448,2025-01-19 16:00:00,6783.5421007038685,6757.383365622293,4936.066957975456
forecast_0449,2025-01-19 17:00:00,7485.915231498038,7260.030404693895,6127.980574056757
forecast_0450,2025-01-19 18:00:00,10744.130715881249,8664.847981360987,7965.289049293694
forecast_0451,2025-01-19 19:00:00,14114.628516898805,11585.886133903497,10472.065392759045
forecast_0452,2025-01-19 20:00:00,15038.809474456893,15116.840719548984,13371.938702707743
forecast_0453,2025-01-19 21:00:00,15207.682111575248,15207.789224034335,13880.908776575583
forecast_0454,2025-01-19 22:00:00,15497.408553785666,16415.01225343864,13610.037574160911
forecast_0455,2025-01-19 23:00:00,16197.958692137467,16490.836912897706,13822.60268108373
forecast_0456,2025-01-20 00:00:00,13815.772515653982,17489.160352852014,13445.044438829458
forecast_0457,2025-01-20 01:00:00,12309.406961132328,10968.589193943715,7970.023597298541
forecast_0458,2025-01-20 02:00:00,8638.659867683506,9107.933372289805,6705.493750204504
forecast_0459,2025-01-20 03:00:00,6772.996013850205,7290.953897325874,5169.966609046905
forecast_0460,2025-01-20 04:00:00,6006.838423692525,5644.8763693860055,4812.571096852328
forecast_0461,2025-01-20 05:00:00,5930.251062741073,4750.609918711785,3631.3783515455966
forecast_0462,2025-01-20 06:00:00,4092.1704926830616,4377.894503736987,3277.5467390994554
forecast_0463,2025-01-20 07:00:00,3616.0348862361157,3779.1722974360327,3380.9395404763436
forecast_0464,2025-01-20 08:00:00,3778.894984459322,3865.5925845338857,2921.8642665574184
forecast_0465,2025-01-20 09:00:00,3218.2346028451902,3689.959647678752,2893.767768539301
forecast_0466,2025-01-20 10:00:00,2699.0011823428845,3326.62090874934,2802.054176252127
forecast_0467,2025-01-20 11:00:00,3245.7846404820093,3490.483242144241,3268.5050584406936
forecast_0468,2025-01-20 12:00:00,3305.2817438114953,3623.2778531295653,3468.672325878061
forecast_0469,2025-01-20 13:00:00,3634.543965206364,3467.2004115763534,3047.587018876563
forecast_0470,2025-01-20 14:00:00,3559.9628852032497,3785.78101752542,3181.526881373811
forecast_0471,2025-01-20 15:00:00,4073.463226655937,3740.4731379014065,3820.380884210992
forecast_0472,2025-01-20 16:00:00,3714.5026894754633,3871.636117012691,3301.392607984645
forecast_0473,2025-01-20 17:00:00,3230.3637124992283,3490.4320873891493,2838.0534988974664
forecast_0474,2025-01-20 18:00:00,3273.3430260560067,3544.7362807524587,2758.0903780351628
forecast_0475,2025-01-20 19:00:00,3329.2792171743386,3220.162610380833,3352.9385478862437
forecast_0476,2025-01-20 20:00:00,3510.849577100337,3235.954218497181,3502.5809596629383
forecast_0477,2025-01-20 21:00:00,4372.514873424255,4141.063819214877,3948.768271653771
forecast_0478,2025-01-20 22:00:00,4253.830572414126,3805.1319324282103,3296.779732658669
forecast_0479,2025-01-20 23:00:00,4352.998113260306,3963.0432898352783,3276.6615886201416
forecast_0480,2025-01-21 00:00:00,4027.0337129993814,4056.157768739863,3629.6630015489322
forecast_0481,2025-01-21 01:00:00,4638.591544610155,4272.813808506307,3011.7548823980965
forecast_0482,2025-01-21 02:00:00,4267.339100298839,4281.257248701013,2897.9755124239705
forecast_0483,2025-01-21 03:00:00,5316.714045977714,4532.387589793636,3035.1146756148805
forecast_0484,2025-01-21 04:00:00,4133.079358993167,3881.053230832601,3059.883409477462
forecast_0485,2025-01-21 05:00:00,4608.421413290931,3861.324699687219,3201.6393595187315
forecast_0486,2025-01-21 06:00:00,6189.848167413091,3500.90437955311,3499.889382780298
forecast_0487,2025-01-21 07:00:00,5190.308283854644,4123.8894543286515,3146.7393797860577
forecast_0488,2025-01-21 08:00:00,6321.170437265976,3885.562116758788,3133.533433106541
forecast_0489,2025-01-21 09:00:00,3856.1112191309076,3745.5623320255886,3145.3066103809188
forecast_0490,2025-01-21 10:00:00,3418.702324252185,3168.7243355955893,2551.2195206386245
forecast_0491,2025-01-21 11:00:00,3712.0928839115772,3254.9187759535293,3416.907270799824
forecast_0492,2025-01-21 12:00:00,3516.989588972699,3461.221305299992,3953.01037658118
forecast_0493,2025-01-21 13:00:00,3920.1673940423666,3279.6061332702325,3912.1029416187894
forecast_0494,2025-01-21 14:00:00,3882.749521857628,3462.9493962242145,3936.7061419521833
forecast_0495,2025-01-21 15:00:00,4062.3240025853884,3933.110331594119,3698.3977398516786
forecast_0496,2025-01-21 16:00:00,4912.946131500843,4237.094243294035,3082.795030423475
forecast_0497,2025-01-21 17:00:00,6428.114406939138,4980.921907654293,3279.957059498561
forecast_0498,2025-01-21 18:00:00,8031.6420131021005,5465.835538541706,3677.5001485363014
forecast_0499,2025-01-21 19:00:00,8752.70394201043,8481.490657621684,6086.854101296976
forecast_0500,2025-01-21 20:00:00,10497.286933668158,17522.70010023694,8658.601577953552
forecast_0501,2025-01-21 21:00:00,11092.550026291718,17876.135995338424,9859.40782018006
forecast_0502,2025-01-21 22:00:00,10824.520870584194,13834.489831879951,9518.735637737575
forecast_0503,2025-01-21 23:00:00,13552.684008110962,16544.40347456831,10461.989717459004
forecast_0504,2025-01-22 00:00:00,12860.420555621638,16059.344301638006,9766.810051535687
forecast_0505,2025-01-22 01:00:00,8278.716753691519,12747.380390980536,7016.751002090138
forecast_0506,2025-01-22 02:00:00,10068.117873536337,14849.76512491361,9225.10074427392
forecast_0507,2025-01-22 03:00:00,9881.33818789447,14783.928827465283,9044.545283483556
forecast_0508,2025-01-22 04:00:00,10792.81409942322,17074.43383849423,10891.9666317046
forecast_0509,2025-01-22 05:00:00,11840.023062653616,14053.88856421725,11032.542027010266
forecast_0510,2025-01-22 06:00:00,12544.62786223577,15593.996444620969,12940.14827546768
forecast_0511,2025-01-22 07:00:00,13044.40591102131,16368.361689664676,13953.056936966077
forecast_0512,2025-01-22 08:00:00,16688.504401320515,16529.188177837346,14119.167313231075
forecast_0513,2025-01-22 09:00:00,16756.13156534214,16684.513724806704,11595.934310802862
forecast_0514,2025-01-22 10:00:00,16003.076553992414,15472.766967003607,11396.80492608473
forecast_0515,2025-01-22 11:00:00,15069.699708473006,13905.67088028515,11165.935368344904
forecast_0516,2025-01-22 12:00:00,8935.84581870033,9651.825003287806,7341.213641456361
forecast_0517,2025-01-22 13:00:00,8672.680436296336,12253.61704719719,10719.418106764846
forecast_0518,2025-01-22 14:00:00,9156.527272344687,5719.537551982586,5357.978043815282
forecast_0519,2025-01-22 15:00:00,6561.899900123603,5055.615825255046,4018.6011969195533
forecast_0520,2025-01-22 16:00:00,8292.487021016455,5848.817458071591,4599.60246475002
forecast_0521,2025-01-22 17:00:00,8386.728802762615,5401.278124241675,5514.686906144016
forecast_0522,2025-01-22 18:00:00,8061.656582695916,13392.934844059402,7003.4432988729095
forecast_0523,2025-01-22 19:00:00,8268.795519291314,15491.765215315967,6372.414047281214
forecast_0524,2025-01-22 20:00:00,8814.205888075634,16989.7659040864,7582.794031347699
forecast_0525,2025-01-22 21:00:00,8900.38092123684,15332.137587999556,6902.050034688842
forecast_0526,2025-01-22 22:00:00,8950.782990261698,15269.309143394838,6402.910616951895
forecast_0527,2025-01-22 23:00:00,9629.70650030485,13107.73346213491,7507.304145034985
forecast_0528,2025-01-23 00:00:00,10366.805755101934,14023.602239114463,7883.149959222334
forecast_0529,2025-01-23 01:00:00,13532.295504213673,15562.137590331906,12289.122411326185
forecast_0530,2025-01-23 02:00:00,13242.491946369706,15145.963216128876,11998.468484835978
forecast_0531,2025-01-23 03:00:00,13619.404796436569,16361.5245350622,9622.338354518552
forecast_0532,2025-01-23 04:00:00,13096.210440459601,14705.937129396429,10622.888388870271
forecast_0533,2025-01-23 05:00:00,10634.462032987256,13781.686827283585,9172.145971809385
forecast_0534,2025-01-23 06:00:00,10291.132895155026,12976.344548582463,8076.595069425236
forecast_0535,2025-01-23 07:00:00,10807.364267633302,15529.331244788196,8313.308649985836
forecast_0536,2025-01-23 08:00:00,9871.854194680483,14905.093405943846,6677.31849140896
forecast_0537,2025-01-23 09:00:00,8180.660694002548,12639.34456828669,5091.220549647619
forecast_0538,2025-01-23 10:00:00,7117.638360164185,6968.449547371344,3904.7810203808035
forecast_0539,2025-01-23 11:00:00,4351.883700550115,4941.429330123277,4260.105938512519
forecast_0540,2025-01-23 12:00:00,3807.1577610609543,3694.0365667091305,4002.189741479177
forecast_0541,2025-01-23 13:00:00,4245.262692578397,3513.1156420708585,3901.1207147334635
forecast_0542,2025-01-23 14:00:00,4287.130349739125,4000.57658454679,4096.81976942427
forecast_0543,2025-01-23 15:00:00,3886.159749158418,3826.4635262512393,3643.2963206088725
forecast_0544,2025-01-23 16:00:00,3854.9517195659805,3537.8851766848998,3654.8844405298755
forecast_0545,2025-01-23 17:00:00,3128.122079716457,3439.1795601481285,4148.786356492055
forecast_0546,2025-01-23 18:00:00,3793.397619159144,3341.5956372008814,3474.266984543378
forecast_0547,2025-01-23 19:00:00,6126.713989071367,4387.069362946884,3527.8307119755323
forecast_0548,2025-01-23 20:00:00,4458.0269673226085,4445.29289776935,3652.2689267801256
forecast_0549,2025-01-23 21:00:00,4038.781914166944,4163.900144217896,3766.1410986114597
forecast_0550,2025-01-23 22:00:00,4595.297337119703,4062.0977150125705,3831.4721037433574
forecast_0551,2025-01-23 23:00:00,4781.105634387335,4823.390833515223,3972.8621537153817
forecast_0552,2025-01-24 00:00:00,4010.139130438132,4125.660072798315,3330.7213023972513
forecast_0553,2025-01-24 01:00:00,3397.839738573374,2876.2947642630293,3995.3456568500555
forecast_0554,2025-01-24 02:00:00,3258.535724964247,3418.946536656505,3603.176362625509
forecast_0555,2025-01-24 03:00:00,2924.7728581252104,3479.7684573015845,3324.922975796854
forecast_0556,2025-01-24 04:00:00,2750.6666534689616,3659.469009814644,3891.990203285277
forecast_0557,2025-01-24 05:00:00,3017.4610982677955,3452.511467541672,3271.0125723698375
forecast_0558,2025-01-24 06:00:00,2685.416647330694,3321.041106880838,3166.9079719071715
forecast_0559,2025-01-24 07:00:00,2806.256418577863,2977.126696864083,2789.911213681509
forecast_0560,2025-01-24 08:00:00,2497.1225060271277,3229.854623748369,3135.726904088811
forecast_0561,2025-01-24 09:00:00,3444.0198742264174,3540.427510450258,3418.4870681314264
forecast_0562,2025-01-24 10:00:00,3513.0543786369212,2945.6615491151756,3391.784429674964
forecast_0563,2025-01-24 11:00:00,3748.38062462438,3145.0408505314617,3102.295614243433
forecast_0564,2025-01-24 12:00:00,3545.7029001648225,3639.072030816934,3208.369198014828
forecast_0565,2025-01-24 13:00:00,3219.38496213168,3679.044849806015,3417.4863007625318
forecast_0566,2025-01-24 14:00:00,3498.1072262853363,3879.913341678893,3695.9174592663485
forecast_0567,2025-01-24 15:00:00,3788.0738387178803,4131.306503712312,3514.2470052919125
forecast_0568,2025-01-24 16:00:00,3667.1209432532373,4672.272339015419,3977.3624781303174
forecast_0569,2025-01-24 17:00:00,2786.307177400674,4092.892714511044,3289.726616496136
forecast_0570,2025-01-24 18:00:00,3562.410536741112,3445.301066814315,2657.1507110897164
forecast_0571,2025-01-24 19:00:00,3586.8102730045525,3598.956401701892,3284.856750930964
forecast_0572,2025-01-24 20:00:00,3934.731365110683,3580.786629749922,3174.8910705062513
forecast_0573,2025-01-24 21:00:00,4387.104552845964,4487.261556731755,3453.7227605304874
forecast_0574,2025-01-24 22:00:00,3959.166299552963,4499.812596387374,4153.411457550604
forecast_0575,2025-01-24 23:00:00,3876.927330168032,7581.0928499452375,4793.076946320065
forecast_0576,2025-01-25 00:00:00,4392.093689628962,5447.4499489778145,4865.972709945054
forecast_0577,2025-01-25 01:00:00,4633.729425131203,5160.3929358909,3700.7469342398413
forecast_0578,2025-01-25 02:00:00,5039.258016761649,6074.694492831834,4613.433283550457
forecast_0579,2025-01-25 03:00:00,5160.460029334394,6908.252067353416,4272.6013791273435
forecast_0580,2025-01-25 04:00:00,5560.214895469719,7800.120152311201,4784.95089750185
forecast_0581,2025-01-25 05:00:00,5834.096232523265,7631.104409171144,4409.041567763187
forecast_0582,2025-01-25 06:00:00,4996.762047454807,6174.830219271347,4262.923663753181
forecast_0583,2025-01-25 07:00:00,5114.205104263763,6167.288029779282,4065.4358840737195
forecast_0584,2025-01-25 08:00:00,5760.638639925954,6039.134244225997,4139.476679318417
forecast_0585,2025-01-25 09:00:00,4571.03819628809,5524.634367263561,4011.2481943191256
forecast_0586,2025-01-25 10:00:00,4310.475735840169,5654.563641970293,3877.188989845371
forecast_0587,2025-01-25 11:00:00,4124.26298045484,4984.069962556343,4077.884453144672
forecast_0588,2025-01-25 12:00:00,3796.9092062652144,4604.044629868789,3296.83285998651
forecast_0589,2025-01-25 13:00:00,3623.4820543884944,4761.551660898864,3138.0146876355716
forecast_0590,2025-01-25 14:00:00,3191.024922114409,4563.325554414949,3152.1825207440634
forecast_0591,2025-01-25 15:00:00,3097.964693832217,4025.3553126252705,2786.4859706312523
forecast_0592,2025-01-25 16:00:00,3626.0699488029672,4171.220781791387,3392.1297828206402
forecast_0593,2025-01-25 17:00:00,3772.481178984842,4550.148913580004,3616.9451165357877
forecast_0594,2025-01-25 18:00:00,4287.41424834087,4423.74652545465,3877.0361289981547
forecast_0595,2025-01-25 19:00:00,3996.524952526604,4183.031581344485,3516.2365018769997
forecast_0596,2025-01-25 20:00:00,5356.328976766751,4592.0337470111335,4268.53619664
forecast_0597,2025-01-25 21:00:00,5479.96337712235,6002.748483507488,4667.901634687843
forecast_0598,2025-01-25 22:00:00,6601.851036798288,7728.407312730245,5211.579595439934
forecast_0599,2025-01-25 23:00:00,7217.113980875499,7584.384784153741,5934.537041982618
forecast_0600,2025-01-26 00:00:00,6594.844228626595,6969.974241481304,5354.260745096691
forecast_0601,2025-01-26 01:00:00,8422.709068909706,8743.818150388284,5978.435328793172
forecast_0602,2025-01-26 02:00:00,6744.282324646201,7541.358063729546,5379.889696859606
forecast_0603,2025-01-26 03:00:00,6846.055290088127,7051.513905075132,5423.07243343126
forecast_0604,2025-01-26 04:00:00,4959.171868121666,4829.687842356696,4191.95903740449
forecast_0605,2025-01-26 05:00:00,4696.447063692625,3998.0856230339587,3927.9751760865925
forecast_0606,2025-01-26 06:00:00,4506.786750269444,3898.1819968039513,3083.4310020280523
forecast_0607,2025-01-26 07:00:00,4393.4245673685145,3609.77579904636,3541.5737106361767
forecast_0608,2025-01-26 08:00:00,4071.699308827671,3684.5655773546882,3350.0119057973393
forecast_0609,2025-01-26 09:00:00,3496.9413245874493,3643.2496171739263,2749.6733065634025
forecast_0610,2025-01-26 10:00:00,3549.5538159849893,3640.8504138911644,3048.1534496692993
forecast_0611,2025-01-26 11:00:00,2836.526026863833,2927.9909932856,3718.1324717243083
forecast_0612,2025-01-26 12:00:00,2746.3844041529346,3657.0751932171015,3518.7832315929463
forecast_0613,2025-01-26 13:00:00,2667.186902559658,2952.0801252562346,2848.407866316632
forecast_0614,2025-01-26 14:00:00,2999.104988432056,3082.2286088242995,2858.224072623071
forecast_0615,2025-01-26 15:00:00,3262.8036771929137,3708.9361534784575,3230.3807145312353
forecast_0616,2025-01-26 16:00:00,3144.690579019265,3421.1476351388883,3117.107564936763
forecast_0617,2025-01-26 17:00:00,3681.2116953871114,3531.3605790545876,3393.262987568745
forecast_0618,2025-01-26 18:00:00,2893.113751031072,3276.3238921182037,3281.028285635586
forecast_0619,2025-01-26 19:00:00,3050.001543841416,3389.131806202421,3220.612514520668
forecast_0620,2025-01-26 20:00:00,2782.1857593535387,3310.027548441264,3360.7507557416247
forecast_0621,2025-01-26 21:00:00,3881.704561854572,4238.648315901964,3874.370132445305
forecast_0622,2025-01-26 22:00:00,3798.5528596506483,3604.928868213671,4592.2288859948
forecast_0623,2025-01-26 23:00:00,3357.6941425646673,3908.845024900922,4142.3320958995455
forecast_0624,2025-01-27 00:00:00,3684.7931472450095,3907.9562095403767,3706.3960106458503
forecast_0625,2025-01-27 01:00:00,3484.4045511231293,3771.4634093324084,4128.115494572232
forecast_0626,2025-01-27 02:00:00,3358.6560654142154,4103.315687933006,3731.1447995503777
forecast_0627,2025-01-27 03:00:00,3149.056370540493,3642.20154815064,3816.0043528601136
forecast_0628,2025-01-27 04:00:00,3687.61100103721,3716.040940391669,3200.496053129184
forecast_0629,2025-01-27 05:00:00,4063.1834560357997,3852.738598998319,3331.514458470864
forecast_0630,2025-01-27 06:00:00,3728.592157492375,4261.0287314220495,3572.6031789499984
forecast_0631,2025-01-27 07:00:00,4057.035263293999,4178.859959072852,3834.1485780414014
forecast_0632,2025-01-27 08:00:00,4398.174726541347,4581.496645468359,3795.7742381895177
forecast_0633,2025-01-27 09:00:00,5033.502059980215,5826.44091225314,3904.7642133166846
forecast_0634,2025-01-27 10:00:00,3455.048386737466,5790.355230795138,5130.218175987153
forecast_0635,2025-01-27 11:00:00,5489.263710673006,7291.085847271767,5471.077522221329
forecast_0636,2025-01-27 12:00:00,6608.564258595406,11165.737085279998,6585.695679256689
forecast_0637,2025-01-27 13:00:00,12925.638909724916,14228.616542008178,13173.913393824934
forecast_0638,2025-01-27 14:00:00,17376.60963783708,17728.970374532975,16149.132719168123
forecast_0639,2025-01-27 15:00:00,19803.966946263066,19632.468463285793,18883.826776459402
forecast_0640,2025-01-27 16:00:00,19537.856262904475,19706.537078746383,18724.583780623452
forecast_0641,2025-01-27 17:00:00,19602.899395299894,19244.643307919596,18425.46380408868
forecast_0642,2025-01-27 18:00:00,19652.093166134124,19356.197627822963,18695.720985180695
forecast_0643,2025-01-27 19:00:00,19786.731304708315,19165.83597869318,18117.744358962573
forecast_0644,2025-01-27 20:00:00,19026.272087555146,19162.735594654787,18195.089865746097
forecast_0645,2025-01-27 21:00:00,18921.851320918788,19232.26116706113,18140.969159996996
forecast_0646,2025-01-27 22:00:00,18590.82225110907,18992.776361335476,18209.625919605453
forecast_0647,2025-01-27 23:00:00,19055.237631307496,19145.142449626772,17787.1324797707
forecast_0648,2025-01-28 00:00:00,18798.157994523266,19197.85152899833,18136.19918082896
forecast_0649,2025-01-28 01:00:00,18948.17784404866,18741.392309907682,17775.058077202102
forecast_0650,2025-01-28 02:00:00,18857.037670106303,19044.83387778939,17673.788540779326
forecast_0651,2025-01-28 03:00:00,18474.58002827773,18754.27427175829,17610.61894014339
forecast_0652,2025-01-28 04:00:00,18727.300973067533,18919.279979357376,17895.273273963583
forecast_0653,2025-01-28 05:00:00,18353.44528023846,18430.48731309634,17162.501118774813
forecast_0654,2025-01-28 06:00:00,18197.418997857665,18713.269854793452,17838.609427417814
forecast_0655,2025-01-28 07:00:00,18754.417471140416,18641.308248474157,17981.396020065902
forecast_0656,2025-01-28 08:00:00,18654.855079655998,18989.247804132203,18568.808914431876
forecast_0657,2025-01-28 09:00:00,18644.638594545446,19167.461964645852,18393.274475141054
forecast_0658,2025-01-28 10:00:00,18717.40177867397,19297.85469745409,18271.93189072099
forecast_0659,2025-01-28 11:00:00,18714.908151908323,18944.233998270192,18306.333946859904
forecast_0660,2025-01-28 12:00:00,18236.663413070455,19213.591479989813,17343.901302988845
forecast_0661,2025-01-28 13:00:00,18694.422532462508,19047.70102864423,17503.140717220023
forecast_0662,2025-01-28 14:00:00,17857.683760858792,18432.75212600588,16815.21516807514
forecast_0663,2025-01-28 15:00:00,18224.0169516269,18543.529361400928,16985.709191410067
forecast_0664,2025-01-28 16:00:00,17923.577261791223,18994.13561582139,16995.517536187333
forecast_0665,2025-01-28 17:00:00,18795.76154208018,18847.457954254154,17530.36831922691
forecast_0666,2025-01-28 18:00:00,18194.22112613547,18583.767044274155,17102.163837165474
forecast_0667,2025-01-28 19:00:00,18391.224361081364,18691.923957895982,17691.160458873765
forecast_0668,2025-01-28 20:00:00,18595.761752888488,19150.593134372393,17788.71456812963
forecast_0669,2025-01-28 21:00:00,18952.8858899648,19334.76656400037,18860.491473991406
forecast_0670,2025-01-28 22:00:00,18831.835963516616,19341.67851895225,19050.894140057993
forecast_0671,2025-01-28 23:00:00,18473.56650884281,19421.102602579787,19100.199540460875
forecast_0672,2025-01-29 00:00:00,19049.128020235636,19402.15397291584,19294.597459080112
forecast_0673,2025-01-29 01:00:00,19406.477329882462,19612.328216420166,19293.513181510414
forecast_0674,2025-01-29 02:00:00,19190.30180948018,19509.545679469895,19675.34318994947
forecast_0675,2025-01-29 03:00:00,19236.890584948535,19678.67927484076,19183.317357767817
forecast_0676,2025-01-29 04:00:00,19233.038870853004,19958.081519671585,18944.806844581235
forecast_0677,2025-01-29 05:00:00,19437.156080475066,19833.36459212093,19726.63099162402
forecast_0678,2025-01-29 06:00:00,19473.413579392945,19819.36525329713,19888.212051814087
forecast_0679,2025-01-29 07:00:00,19714.337175888584,19988.64555226124,19924.79526104012
forecast_0680,2025-01-29 08:00:00,19882.65421575287,20151.476476707892,19788.847379020113
forecast_0681,2025-01-29 09:00:00,19287.414140860288,19797.87935843249,19394.1520920636
forecast_0682,2025-01-29 10:00:00,19090.83520571121,19631.536810542206,19060.20882003369
forecast_0683,2025-01-29 11:00:00,19181.969178035593,19617.399986017,18864.19351293187
forecast_0684,2025-01-29 12:00:00,19176.88698115573,19566.622462680603,18710.353331420083
forecast_0685,2025-01-29 13:00:00,19383.018386203992,19391.611984919124,18263.708971225857
forecast_0686,2025-01-29 14:00:00,18515.430751964697,19498.657153174518,15900.640983889676
forecast_0687,2025-01-29 15:00:00,17865.00333347115,19220.627858521355,15665.892988994183
forecast_0688,2025-01-29 16:00:00,18019.325684382362,19129.298526233568,16433.231833949478
forecast_0689,2025-01-29 17:00:00,17259.397274529456,18646.36317663275,16430.1988514567
forecast_0690,2025-01-29 18:00:00,17660.070009850624,18490.98986847592,15881.613994664876
forecast_0691,2025-01-29 19:00:00,17989.848836751178,18780.283155384855,17659.901361985365
forecast_0692,2025-01-29 20:00:00,17598.47600072229,18692.953890569777,17577.443307874928
forecast_0693,2025-01-29 21:00:00,17703.476437685327,18568.011004890028,16966.381049222055
forecast_0694,2025-01-29 22:00:00,17314.77341158465,18724.962551028104,17044.323610592004
forecast_0695,2025-01-29 23:00:00,17209.355080580626,18523.709955037986,16811.11845067087
forecast_0696,2025-01-30 00:00:00,17469.779562019798,18429.025278226312,16704.588787048982
forecast_0697,2025-01-30 01:00:00,17473.83539595141,19321.25725377416,17361.048654654052
forecast_0698,2025-01-30 02:00:00,17630.61634853573,19095.1856465113,18147.125913554388
forecast_0699,2025-01-30 03:00:00,18072.64118362639,19406.551597207446,18964.136539606847
forecast_0700,2025-01-30 04:00:00,18119.79371914489,19601.454859275782,18585.55440442413
forecast_0701,2025-01-30 05:00:00,17659.439078505075,19542.340985918436,18403.260576865112
forecast_0702,2025-01-30 06:00:00,17633.665135599553,19402.633291316797,17720.149026960073
forecast_0703,2025-01-30 07:00:00,18006.73044042523,19231.637227427414,17500.67664524377
forecast_0704,2025-01-30 08:00:00,18525.855275639005,19112.09776122447,17873.615470694065
forecast_0705,2025-01-30 09:00:00,16928.282704314195,18417.713589623014,16979.206423550524
forecast_0706,2025-01-30 10:00:00,16050.554822871161,17822.88935680246,15405.019839550949
forecast_0707,2025-01-30 11:00:00,15704.555986279769,17961.69987352994,15501.500264043814
forecast_0708,2025-01-30 12:00:00,15298.405568460275,17427.737102555115,14826.39676226387
forecast_0709,2025-01-30 13:00:00,15117.611882205325,17263.967175189813,12793.534695012431
forecast_0710,2025-01-30 14:00:00,15123.707410788684,15343.50130574212,13133.052967111165
forecast_0711,2025-01-30 15:00:00,15605.60707752782,16544.517283196437,15318.68861688548
forecast_0712,2025-01-30 16:00:00,15674.182564076471,16680.76755412681,14092.399577008804
forecast_0713,2025-01-30 17:00:00,14355.50710729024,16158.744980163623,14787.216418753354
forecast_0714,2025-01-30 18:00:00,14331.16771984532,16588.17688971969,15060.037820857084
forecast_0715,2025-01-30 19:00:00,14553.576523124824,16274.688887992266,15279.049181969356
forecast_0716,2025-01-30 20:00:00,15554.360234703629,17623.050572077966,16853.602021601648
forecast_0717,2025-01-30 21:00:00,15545.719778440241,18643.71114195835,17124.40592371509
forecast_0718,2025-01-30 22:00:00,16238.522765089734,18403.51053621667,15641.557647070751
forecast_0719,2025-01-30 23:00:00,17203.331215102873,18577.159109981425,16130.354548316516
forecast_0720,2025-01-31 00:00:00,15395.389297059437,17045.517167714857,14659.433985849473
forecast_0721,2025-01-31 01:00:00,14487.418794169938,16501.2462679854,13662.810073061039
forecast_0722,2025-01-31 02:00:00,15862.251058950911,17132.660939175876,13712.276816791327
forecast_0723,2025-01-31 03:00:00,15377.807237470312,17049.562273883985,14786.716012341081
forecast_0724,2025-01-31 04:00:00,15156.041975301627,17041.825956522276,14108.923956327724
forecast_0725,2025-01-31 05:00:00,14057.720460155946,15350.054468685385,12939.489192791389
forecast_0726,2025-01-31 06:00:00,15366.086595546723,16946.95117624514,15577.598237140508
forecast_0727,2025-01-31 07:00:00,13897.866386539608,15964.697294067084,13789.166404629907
forecast_0728,2025-01-31 08:00:00,14467.769723298266,16662.848399778846,13789.470650800184
forecast_0729,2025-01-31 09:00:00,13154.78593636147,15165.989949737725,14168.74911224916
forecast_0730,2025-01-31 10:00:00,11210.401067013358,15070.353887366715,10921.115622680938
forecast_0731,2025-01-31 11:00:00,10011.454021291105,12769.304589662728,9962.05642003426
forecast_0732,2025-01-31 12:00:00,10063.523186419385,12097.081770828492,9484.697266877194
forecast_0733,2025-01-31 13:00:00,8607.925888834703,8682.232224668378,8530.978453861713
forecast_0734,2025-01-31 14:00:00,8160.832424788643,7511.93834756723,6259.656913273679
forecast_0735,2025-01-31 15:00:00,7300.375766556935,6959.688724615293,4897.984196927592
forecast_0736,2025-01-31 16:00:00,4311.942649866783,4329.179844834233,4894.438566011908
forecast_0737,2025-01-31 17:00:00,4297.730433544959,3855.4935548054946,4489.778559698898
forecast_0738,2025-01-31 18:00:00,5048.17692305544,5861.483227510649,4463.962791085545
forecast_0739,2025-01-31 19:00:00,5923.616115765851,6633.302134583768,4586.265961701808
forecast_0740,2025-01-31 20:00:00,5277.957521563723,8971.902178817949,5091.178700905151
forecast_0741,2025-01-31 21:00:00,6269.035964865957,13538.882428975628,5856.377372630657
forecast_0742,2025-01-31 22:00:00,5620.9302326835195,6441.588918815613,5019.866141161181
forecast_0743,2025-01-31 23:00:00,5837.397143267914,9049.827251534745,4204.1572292089595
forecast_0744,2025-02-01 00:00:00,4965.536111777043,5335.004497442228,4770.94406468719
forecast_0745,2025-02-01 01:00:00,5888.144130430694,9374.308386864237,4166.104489675946
forecast_0746,2025-02-01 02:00:00,5080.350805522247,6934.120433639148,3893.9414089223997
forecast_0747,2025-02-01 03:00:00,4260.77797733728,5972.623026876362,2896.467833122873
forecast_0748,2025-02-01 04:00:00,4508.967632032349,4158.924322291323,4007.103260889665
forecast_0749,2025-02-01 05:00:00,3757.487868807616,3498.6553462215297,3838.138646766779
forecast_0750,2025-02-01 06:00:00,3283.561127217037,3814.7115096043503,3134.564137285881
forecast_0751,2025-02-01 07:00:00,3161.310402815253,2942.2932397263257,3711.770102919202
forecast_0752,2025-02-01 08:00:00,2677.287029217539,2962.4995325697037,3364.935562714135
forecast_0753,2025-02-01 09:00:00,2859.2486862232863,3682.6116591717423,3645.4612308299447
forecast_0754,2025-02-01 10:00:00,2900.485279454354,3156.0997909335715,3718.544074624081
forecast_0755,2025-02-01 11:00:00,2992.4303406293693,2623.3653447205734,3356.1634384247027
forecast_0756,2025-02-01 12:00:00,2924.9025408190555,2680.1093041597933,2951.368325663252
forecast_0757,2025-02-01 13:00:00,3156.8373917022827,2520.411746047685,3334.6076368723197
forecast_0758,2025-02-01 14:00:00,3130.2526622911664,3351.9312559103037,3435.826763082869
forecast_0759,2025-02-01 15:00:00,3089.5815822046043,3711.4701769487774,3323.725393667366
forecast_0760,2025-02-01 16:00:00,3448.139390593818,3222.293741585584,3082.8708733558515
forecast_0761,2025-02-01 17:00:00,3387.6907934508017,3158.567230323814,3335.0423765056057
forecast_0762,2025-02-01 18:00:00,3521.6902908939596,3495.67006642914,3396.6959753870365
forecast_0763,2025-02-01 19:00:00,3329.6011440056127,3535.7590321294915,3506.279715733037
forecast_0764,2025-02-01 20:00:00,2862.01731041312,3414.2281295565817,3644.645012092212
forecast_0765,2025-02-01 21:00:00,3399.1434655612784,3574.1798978751485,3787.982203277224
forecast_0766,2025-02-01 22:00:00,2719.897344575744,3505.026344166755,3744.460498584677
forecast_0767,2025-02-01 23:00:00,3479.3997939503347,3641.1709328679112,3840.026397332148
forecast_0768,2025-02-02 00:00:00,3183.720076329098,3268.2645083720427,3725.005274694891
forecast_0769,2025-02-02 01:00:00,4133.230107806918,3911.964635958322,4052.167537752881
forecast_0770,2025-02-02 02:00:00,4056.585910107947,3959.3878986431655,3304.100481452201
forecast_0771,2025-02-02 03:00:00,3883.7699287263913,4113.039593060728,3333.6424754586915
forecast_0772,2025-02-02 04:00:00,3429.3080206308505,3449.839291464654,3677.182449197596
forecast_0773,2025-02-02 05:00:00,3758.6183538973482,3893.935352266266,3815.918257506442
forecast_0774,2025-02-02 06:00:00,3839.6315947433745,3491.6516865069825,3982.5955036747155
forecast_0775,2025-02-02 07:00:00,3905.851334612558,3521.9523853485052,3510.4239018446206
forecast_0776,2025-02-02 08:00:00,4044.634991824115,3992.7087596791494,4100.249748973429
forecast_0777,2025-02-02 09:00:00,3877.7260139342848,3993.1702938446265,3399.009730077207
forecast_0778,2025-02-02 10:00:00,3970.525250748726,3594.289186473733,3415.9516941035217
forecast_0779,2025-02-02 11:00:00,3507.107980290274,3373.8295005661657,2927.1487837369796
forecast_0780,2025-02-02 12:00:00,3883.7352476777696,3038.327857509913,2936.497336014678
forecast_0781,2025-02-02 13:00:00,3566.3713020083173,2867.8683378505484,2773.481296547987
forecast_0782,2025-02-02 14:00:00,2703.2733920274354,3341.27714490741,3362.2550025566643
forecast_0783,2025-02-02 15:00:00,3034.812846664358,3455.166134530025,2491.2711814361073
forecast_0784,2025-02-02 16:00:00,3529.76547225709,3335.6569557829002,2976.878085454444
forecast_0785,2025-02-02 17:00:00,3350.5995828532145,3539.0960256251387,2413.4557656005045
forecast_0786,2025-02-02 18:00:00,4681.609578545864,4448.2732780246,3116.440295628686
forecast_0787,2025-02-02 19:00:00,10300.407529368993,10049.365364774456,3958.023448173193
forecast_0788,2025-02-02 20:00:00,11973.491543170216,12315.041149103217,7249.489566368852
forecast_0789,2025-02-02 21:00:00,10722.211874402767,12513.827284927262,7947.435736444018
forecast_0790,2025-02-02 22:00:00,12783.901550843602,12645.100848972384,12429.363406584907
forecast_0791,2025-02-02 23:00:00,14396.410412875553,14450.514317158735,13731.275395751763
forecast_0792,2025-02-03 00:00:00,14163.021224387168,16131.78326707217,13378.309984944912
forecast_0793,2025-02-03 01:00:00,16809.020454544847,19490.379565239462,19143.90273490591
forecast_0794,2025-02-03 02:00:00,17339.76561474418,19443.48664991782,19472.6990933998
forecast_0795,2025-02-03 03:00:00,16570.418423364412,19449.074784208475,19009.40388709027
forecast_0796,2025-02-03 04:00:00,15444.046204599628,19032.88317249297,19170.154054950744
forecast_0797,2025-02-03 05:00:00,15928.170903273185,19344.984490461506,18958.260759038887
forecast_0798,2025-02-03 06:00:00,16078.751199379552,19259.018654799307,18838.000020706757
forecast_0799,2025-02-03 07:00:00,15372.981346455726,18508.27740704884,17611.170555846176
forecast_0800,2025-02-03 08:00:00,15812.470723612412,18401.16069861963,18036.55507375041
forecast_0801,2025-02-03 09:00:00,15361.574594100422,18480.67608641892,17332.912080597023
forecast_0802,2025-02-03 10:00:00,16218.885976709571,17880.293488548854,15854.65636063115
forecast_0803,2025-02-03 11:00:00,15535.78347929008,17700.018490582806,15628.192030598952
forecast_0804,2025-02-03 12:00:00,15792.449913020644,18270.50174345515,13942.890866492602
forecast_0805,2025-02-03 13:00:00,16245.18404502634,18231.11253279458,14929.576179137935
forecast_0806,2025-02-03 14:00:00,15398.320583837143,18179.380294202725,14190.556729166572
forecast_0807,2025-02-03 15:00:00,14149.668718568482,18295.040570647983,13720.863650195963
forecast_0808,2025-02-03 16:00:00,15114.475032490129,17915.489804436624,13147.093728884049
forecast_0809,2025-02-03 17:00:00,15465.01686683258,18574.423607797078,14773.218353223698
forecast_0810,2025-02-03 18:00:00,15124.102639954779,18909.95433719245,15469.84208947038
forecast_0811,2025-02-03 19:00:00,15635.90915458961,19555.2237473723,18734.58645586347
forecast_0812,2025-02-03 20:00:00,15552.533661062282,19477.090563752536,18995.583433820237
forecast_0813,2025-02-03 21:00:00,15619.83004832507,19359.2626120794,18427.577323064022
forecast_0814,2025-02-03 22:00:00,16321.07826368858,19572.087923309948,16281.943444921151
forecast_0815,2025-02-03 23:00:00,16320.128552913062,19593.155328271587,18254.743681849985
forecast_0816,2025-02-04 00:00:00,16954.902638583302,19483.8344469058,18320.105249809476
forecast_0817,2025-02-04 01:00:00,17250.026427147277,20205.952913317324,17395.481173543245
forecast_0818,2025-02-04 02:00:00,16975.032357695767,20226.41038556548,16964.63845903741
forecast_0819,2025-02-04 03:00:00,16922.747591707128,20090.33165226343,19311.61936881795
forecast_0820,2025-02-04 04:00:00,16860.695494584237,20210.723225463586,17492.578027149688
forecast_0821,2025-02-04 05:00:00,16249.290448745676,19807.608568193256,18509.722416074277
forecast_0822,2025-02-04 06:00:00,18490.997866917387,20288.66166675322,19094.276618449938
forecast_0823,2025-02-04 07:00:00,17783.110906225087,20158.825003598835,19226.71637768845
forecast_0824,2025-02-04 08:00:00,15774.996147959635,19779.23403664712,17215.493073933478
forecast_0825,2025-02-04 09:00:00,14614.110956026325,19518.956730668247,16671.782432119508
forecast_0826,2025-02-04 10:00:00,14811.620348312552,19520.369764838877,16615.351788995315
forecast_0827,2025-02-04 11:00:00,16570.135631008397,19240.58549612709,18157.157944104507
forecast_0828,2025-02-04 12:00:00,16707.15485433329,20129.911440273954,18142.439887780623
forecast_0829,2025-02-04 13:00:00,15201.085499775365,19153.98605868081,14654.649032193161
forecast_0830,2025-02-04 14:00:00,15044.226183503877,17055.563035102925,14174.13265573592
forecast_0831,2025-02-04 15:00:00,15292.456762652944,17817.278412938052,14292.860689376037
forecast_0832,2025-02-04 16:00:00,15663.580331737341,18438.814645190025,16007.680608378665
forecast_0833,2025-02-04 17:00:00,16085.938841152714,18146.302138629384,16051.25671563347
forecast_0834,2025-02-04 18:00:00,15778.15677974336,18740.927535052957,16956.820710473545
forecast_0835,2025-02-04 19:00:00,15397.696938420113,18738.629656678135,18090.341912844175
forecast_0836,2025-02-04 20:00:00,15838.747236275207,20099.65493523462,17209.288737469535
forecast_0837,2025-02-04 21:00:00,15528.636657853938,19780.355625706437,19515.22204123182
forecast_0838,2025-02-04 22:00:00,14995.584271847887,19454.078820185616,19425.389996815054
forecast_0839,2025-02-04 23:00:00,15954.918925929922,18785.02425344182,19389.3984618419
forecast_0840,2025-02-05 00:00:00,15362.036740999038,19268.87914752623,18244.31123191037
forecast_0841,2025-02-05 01:00:00,15837.849274668786,19561.490038312917,18510.74824284281
forecast_0842,2025-02-05 02:00:00,16700.29319605949,19148.1459319101,18899.928983153222
forecast_0843,2025-02-05 03:00:00,16095.23483922907,19359.438788886764,18513.205604839655
forecast_0844,2025-02-05 04:00:00,16433.416446684714,19352.015955254497,18518.806776748777
forecast_0845,2025-02-05 05:00:00,16840.177700401113,19317.785066423214,18628.846326733277
forecast_0846,2025-02-05 06:00:00,16238.832788880649,19088.706355298687,17684.901128110057
forecast_0847,2025-02-05 07:00:00,15928.790471953693,18872.96940914321,17122.88783235272
forecast_0848,2025-02-05 08:00:00,15945.012739967662,18567.5899468978,16595.8706885451
forecast_0849,2025-02-05 09:00:00,15608.471005952233,18467.991542618704,15823.46457539242
forecast_0850,2025-02-05 10:00:00,16077.927405578952,18503.887188452725,15685.698142196563
forecast_0851,2025-02-05 11:00:00,16493.793406762234,18282.031283399898,15076.618448190402
forecast_0852,2025-02-05 12:00:00,16510.912854552516,18541.777318865094,15869.694107345897
forecast_0853,2025-02-05 13:00:00,16755.0530723189,18499.985314513928,15393.658822669284
forecast_0854,2025-02-05 14:00:00,16206.310365745712,17955.109044146957,15676.016257715282
forecast_0855,2025-02-05 15:00:00,16380.687036554473,17642.60018597287,15359.485735384087
forecast_0856,2025-02-05 16:00:00,15522.71756539545,18258.197393796276,15504.13001307609
forecast_0857,2025-02-05 17:00:00,15566.321337028203,17805.827073935052,14709.443410358266
forecast_0858,2025-02-05 18:00:00,15445.20724239727,17459.832398607257,14839.108855855162
forecast_0859,2025-02-05 19:00:00,15064.47315225357,18340.353842699962,15018.357170225387
forecast_0860,2025-02-05 20:00:00,15214.7519405676,18733.486845128446,15239.071758085882
forecast_0861,2025-02-05 21:00:00,15074.697016154618,19505.622106190596,16226.334430274412
forecast_0862,2025-02-05 22:00:00,15061.788587563145,19856.576357144688,18870.460843979636
forecast_0863,2025-02-05 23:00:00,15452.330204449614,19912.66677286905,17144.525652467808
forecast_0864,2025-02-06 00:00:00,15924.887699200975,20041.72603952427,18560.125709542128
forecast_0865,2025-02-06 01:00:00,16699.630491333253,19820.255830898546,18861.69093204997
forecast_0866,2025-02-06 02:00:00,16532.477114369292,19543.693159525596,18596.249952554565
forecast_0867,2025-02-06 03:00:00,16954.53992448369,19947.34326209452,19414.32295256385
forecast_0868,2025-02-06 04:00:00,17726.218257600154,19863.117034852603,19652.341029741103
forecast_0869,2025-02-06 05:00:00,17958.53656624476,19950.188100157957,19546.75453394536
forecast_0870,2025-02-06 06:00:00,17899.441375868897,19724.34320007355,19188.693766459255
forecast_0871,2025-02-06 07:00:00,16066.860328658426,19551.604804501305,17391.849248541785
forecast_0872,2025-02-06 08:00:00,16166.889895161303,19218.40186701462,15611.118360156897
forecast_0873,2025-02-06 09:00:00,15366.230971783545,18714.02761812025,18584.948260296274
forecast_0874,2025-02-06 10:00:00,14245.530741616736,17468.107966816817,14054.618156317665
forecast_0875,2025-02-06 11:00:00,14095.243394916984,14874.25915068328,12945.078354052901
forecast_0876,2025-02-06 12:00:00,14876.636413748736,15477.16858965748,11658.902151449012
forecast_0877,2025-02-06 13:00:00,15726.262453504856,16966.69990457783,14104.62563557355
forecast_0878,2025-02-06 14:00:00,15163.421751803186,15774.914934026952,13992.74076336644
forecast_0879,2025-02-06 15:00:00,14374.98220187,15879.874094194072,13622.227010643719
forecast_0880,2025-02-06 16:00:00,14420.365302008151,16834.899079390903,12665.667289804493
forecast_0881,2025-02-06 17:00:00,15412.722338885873,16344.963574820546,12577.718902249457
forecast_0882,2025-02-06 18:00:00,14227.264592336995,16170.81847358142,12515.589401721216
forecast_0883,2025-02-06 19:00:00,13809.563010812193,16983.056350445157,15123.673573733946
forecast_0884,2025-02-06 20:00:00,14667.787253011205,16901.62133821028,15016.558188583755
forecast_0885,2025-02-06 21:00:00,14492.485344758217,16936.589548873573,14812.20514500955
forecast_0886,2025-02-06 22:00:00,14841.818065808708,17167.582331446727,12413.597059227142
forecast_0887,2025-02-06 23:00:00,15536.701791925352,16654.881161762296,11380.761444539645
forecast_0888,2025-02-07 00:00:00,13877.922222343028,15089.94133547527,11427.400627298684
forecast_0889,2025-02-07 01:00:00,7586.777149379976,9469.659583691757,7179.325995202699
forecast_0890,2025-02-07 02:00:00,6237.516904977356,9537.77845787857,6084.15945831067
forecast_0891,2025-02-07 03:00:00,6727.929596840962,8583.031317634617,4928.643540124657
forecast_0892,2025-02-07 04:00:00,5873.326731710739,9155.307447008907,5031.365648146904
forecast_0893,2025-02-07 05:00:00,7913.621525805323,11563.068783895213,6550.961077641634
forecast_0894,2025-02-07 06:00:00,6840.976124005652,8989.886732319548,5929.15554072885
forecast_0895,2025-02-07 07:00:00,6375.487225303446,9034.71918957041,4775.747254092056
forecast_0896,2025-02-07 08:00:00,5683.106715270699,5341.039022628984,5158.242674233581
forecast_0897,2025-02-07 09:00:00,7006.280076333566,9363.450117853476,5182.932437953961
forecast_0898,2025-02-07 10:00:00,10485.978787125636,11915.882991572167,9229.016427039314
forecast_0899,2025-02-07 11:00:00,13265.63949094088,15347.270173694134,12612.76841706773
forecast_0900,2025-02-07 12:00:00,14822.932313527668,16070.867157357201,13837.230992965799
forecast_0901,2025-02-07 13:00:00,15271.776609927327,17350.08982768574,13382.655027369085
forecast_0902,2025-02-07 14:00:00,15738.811437217848,16442.303373676114,13647.781748352643
forecast_0903,2025-02-07 15:00:00,15566.241717218327,16565.78437608203,13185.77161280601
forecast_0904,2025-02-07 16:00:00,16065.725587455503,17293.23549398154,12655.047544944766
forecast_0905,2025-02-07 17:00:00,14453.485700131243,14247.207174487428,11624.479530410223
forecast_0906,2025-02-07 18:00:00,14156.283635268552,15972.163016081933,11861.06029872187
forecast_0907,2025-02-07 19:00:00,13717.646245221484,16030.603976674822,12151.204214212943
forecast_0908,2025-02-07 20:00:00,13625.89246103351,17668.66068693419,15097.583552620887
forecast_0909,2025-02-07 21:00:00,14522.7420525975,19000.084859630188,15434.346300448888
forecast_0910,2025-02-07 22:00:00,15235.056654474194,20057.81605826116,16192.811252720032
forecast_0911,2025-02-07 23:00:00,17038.850452221148,20285.38010880606,17911.948397253767
forecast_0912,2025-02-08 00:00:00,18646.34885701687,19946.92735218673,20009.3465172551
forecast_0913,2025-02-08 01:00:00,16947.37450795874,19496.408293595458,18267.40834044317
forecast_0914,2025-02-08 02:00:00,19630.668491561097,19942.469923181237,18824.96352242255
forecast_0915,2025-02-08 03:00:00,20526.193192356346,19822.683874704166,19360.656401423428
forecast_0916,2025-02-08 04:00:00,20339.280132855452,19807.051446077192,18811.046117056085
forecast_0917,2025-02-08 05:00:00,20159.735421157526,19719.786804041563,19208.609912809006
forecast_0918,2025-02-08 06:00:00,20369.56187782205,19797.307800180854,19363.03045879709
forecast_0919,2025-02-08 07:00:00,20111.178758977952,20153.502335673104,19358.134776990766
forecast_0920,2025-02-08 08:00:00,18908.779246236958,20273.423459712078,19217.103520965225
forecast_0921,2025-02-08 09:00:00,17389.191146009776,20188.383424029806,18029.826989564863
forecast_0922,2025-02-08 10:00:00,15137.383989590404,15892.662070102508,14333.262174060868
forecast_0923,2025-02-08 11:00:00,11288.246739579216,10879.727618134775,9906.989115571603
forecast_0924,2025-02-08 12:00:00,8786.399061832315,9514.161351575773,7908.141569700522
forecast_0925,2025-02-08 13:00:00,6489.661178495257,6858.147426553003,5782.8296479765
forecast_0926,2025-02-08 14:00:00,4930.318400099857,4916.860071007206,4744.339527899101
forecast_0927,2025-02-08 15:00:00,4498.032199040848,4347.877963277097,4095.87126105284
forecast_0928,2025-02-08 16:00:00,5356.108493087567,5043.605531156727,4694.376146506808
forecast_0929,2025-02-08 17:00:00,5064.557604294128,5168.458609771666,4836.046459587847
forecast_0930,2025-02-08 18:00:00,6843.887070214169,7102.097408859509,6236.7465419322
forecast_0931,2025-02-08 19:00:00,8142.8013272988,8777.101149088165,7909.07228997131
forecast_0932,2025-02-08 20:00:00,9534.713411650795,9668.410017918794,9197.77041600853
forecast_0933,2025-02-08 21:00:00,11956.840925949824,13602.030303107405,12020.860591269187
forecast_0934,2025-02-08 22:00:00,17746.358109896544,16885.63557941503,16371.316767562776
forecast_0935,2025-02-08 23:00:00,19906.523498199815,18382.51415928405,17740.168258190646
forecast_0936,2025-02-09 00:00:00,19831.607571873687,19938.206604300438,19344.025244122946
forecast_0937,2025-02-09 01:00:00,18557.62700552608,17565.955127489575,16310.134051372728
forecast_0938,2025-02-09 02:00:00,20322.847403397536,19008.583882991385,18569.69892853017
forecast_0939,2025-02-09 03:00:00,19597.63008657247,19232.154293122323,18424.731246317075
forecast_0940,2025-02-09 04:00:00,19449.09629549477,19085.085940256522,18429.14359051654
forecast_0941,2025-02-09 05:00:00,20301.8217053527,19923.47497069911,19031.52935668271
forecast_0942,2025-02-09 06:00:00,20086.369855593206,19852.051754357464,19281.93377683378
forecast_0943,2025-02-09 07:00:00,19699.664655959594,19949.535787492823,19520.620391978962
forecast_0944,2025-02-09 08:00:00,19033.529691191252,19594.799338578017,18441.18975466786
forecast_0945,2025-02-09 09:00:00,18844.160772674284,18883.022383035404,17440.407171121737
forecast_0946,2025-02-09 10:00:00,16642.24662658386,18733.40135578862,15765.055141090359
forecast_0947,2025-02-09 11:00:00,11706.273510091361,16117.390847875571,11153.48114655047
forecast_0948,2025-02-09 12:00:00,11281.542389224867,13545.577585252177,8467.119502212507
forecast_0949,2025-02-09 13:00:00,10529.527591061818,12077.56100952081,9062.981797678687
forecast_0950,2025-02-09 14:00:00,11399.978455196138,11291.010064782242,8810.965306877026
forecast_0951,2025-02-09 15:00:00,9663.835631515894,10693.070008366112,8030.393254222299
forecast_0952,2025-02-09 16:00:00,11136.175184174943,11533.745305272709,10301.705603789835
forecast_0953,2025-02-09 17:00:00,13479.94725198119,14423.05856601739,12807.857900557818
forecast_0954,2025-02-09 18:00:00,13460.327364349283,16757.124985580704,13339.282239503007
forecast_0955,2025-02-09 19:00:00,15955.741957561864,16388.221206266364,13689.184276369557
forecast_0956,2025-02-09 20:00:00,15898.13117608631,17605.78460448656,14197.629987586966
forecast_0957,2025-02-09 21:00:00,14833.563019271258,17181.332559188675,13879.008869055853
forecast_0958,2025-02-09 22:00:00,16313.610698847919,19816.078618621683,16102.856274748623
forecast_0959,2025-02-09 23:00:00,18266.17323907504,19802.72491921395,18818.90476744614
forecast_0960,2025-02-10 00:00:00,18416.44273492748,19830.038255626972,18743.007044487
forecast_0961,2025-02-10 01:00:00,18553.83942414617,20194.40728170355,18412.937401630214
forecast_0962,2025-02-10 02:00:00,19064.899316293828,20255.540480763124,18307.061407382123
forecast_0963,2025-02-10 03:00:00,19386.19164940378,20160.42069915394,19726.371971568813
forecast_0964,2025-02-10 04:00:00,19806.197811246417,20142.521338108458,19338.861940354043
forecast_0965,2025-02-10 05:00:00,20194.115098069447,20637.19395740746,19898.88644165147
forecast_0966,2025-02-10 06:00:00,20291.420590119153,20729.420330384026,19878.238353504123
forecast_0967,2025-02-10 07:00:00,20266.26788576946,21096.585977218114,20109.66823478604
forecast_0968,2025-02-10 08:00:00,20308.828400835995,20750.51070868328,19923.96242417747
forecast_0969,2025-02-10 09:00:00,18670.362336607704,19965.487290865025,18919.01300658239
forecast_0970,2025-02-10 10:00:00,15610.509776689612,19111.895855316277,17847.164655029494
forecast_0971,2025-02-10 11:00:00,14498.326804706785,18694.57258549329,15773.78153645719
forecast_0972,2025-02-10 12:00:00,13979.664094980659,17236.218532072766,13786.69927370035
forecast_0973,2025-02-10 13:00:00,13027.21468442109,14223.542394927088,12781.879585978862
forecast_0974,2025-02-10 14:00:00,13182.23651353116,12898.03786359781,11238.951451202143
forecast_0975,2025-02-10 15:00:00,13275.438222054989,12450.975048091075,10792.989624488822
forecast_0976,2025-02-10 16:00:00,11666.803323456073,14830.388084522085,10508.12988349764
forecast_0977,2025-02-10 17:00:00,11926.038381440436,11412.704503425648,10711.844660356386
forecast_0978,2025-02-10 18:00:00,11950.40065416501,11622.259101044436,10683.599430147842
forecast_0979,2025-02-10 19:00:00,12016.114166419713,12866.846636961238,11858.575744930291
forecast_0980,2025-02-10 20:00:00,11645.701458962694,11401.484256726644,9696.056448040626
forecast_0981,2025-02-10 21:00:00,9860.722461817737,9986.658877914871,7439.255996324697
forecast_0982,2025-02-10 22:00:00,9949.79277817498,11864.57645648437,8182.250383149878
forecast_0983,2025-02-10 23:00:00,10957.19549858705,13308.565410301464,7595.538134158585
forecast_0984,2025-02-11 00:00:00,8140.269399610092,11949.590817184519,9079.717634324197
forecast_0985,2025-02-11 01:00:00,10174.916048969788,12588.586598560876,7798.707560478562
forecast_0986,2025-02-11 02:00:00,10392.892810347661,13104.925288143479,8717.322997013382
forecast_0987,2025-02-11 03:00:00,12084.442065325551,13473.728971466167,10486.889380792143
forecast_0988,2025-02-11 04:00:00,11395.521521707335,13268.988050073418,9810.029363072894
forecast_0989,2025-02-11 05:00:00,8999.377950243024,11669.694672802189,7057.882567279797
forecast_0990,2025-02-11 06:00:00,7824.919547004032,8502.205961652246,6415.164754206753
forecast_0991,2025-02-11 07:00:00,7373.303412147302,8160.265360074167,5193.430821262361
forecast_0992,2025-02-11 08:00:00,7035.991945748565,8645.932937502017,4998.003126354137
forecast_0993,2025-02-11 09:00:00,8846.959538324936,6805.4716219601,5027.7521339604555
forecast_0994,2025-02-11 10:00:00,6260.144023344513,4921.900875866742,3496.7398673175667
forecast_0995,2025-02-11 11:00:00,4079.5564289018607,3967.702024396667,3954.9962262778245
forecast_0996,2025-02-11 12:00:00,3809.72326053002,3991.950625619886,3932.053284731878
forecast_0997,2025-02-11 13:00:00,3714.4507756950693,3643.6645279847776,3814.3747099378643
forecast_0998,2025-02-11 14:00:00,3660.314021454438,3651.22895693172,3956.03417728003
forecast_0999,2025-02-11 15:00:00,3830.5497271546155,3899.048616122663,4017.3173969162285
forecast_1000,2025-02-11 16:00:00,3794.835926735045,3496.8724469582185,3915.995577714015
forecast_1001,2025-02-11 17:00:00,3548.9737242981055,3209.274535240845,3784.8713738062356
forecast_1002,2025-02-11 18:00:00,3530.767893165483,3140.666828510922,2527.597871723185
forecast_1003,2025-02-11 19:00:00,9324.231702782265,7477.800382350987,5627.079312733961
forecast_1004,2025-02-11 20:00:00,10196.629048545488,11018.249746375175,6978.972962903979
forecast_1005,2025-02-11 21:00:00,10132.88499168378,10673.186259963482,6758.643255532244
forecast_1006,2025-02-11 22:00:00,9846.408914634614,12265.244782560649,7795.342572402153
forecast_1007,2025-02-11 23:00:00,17414.454958102375,18265.501738670802,14782.201267325561
forecast_1008,2025-02-12 00:00:00,19574.406396858572,18916.986533664724,17878.60529148782
forecast_1009,2025-02-12 01:00:00,14586.618530977676,16214.9725580137,11743.878589944992
forecast_1010,2025-02-12 02:00:00,15802.365707580639,16585.99160728993,13668.967702756865
forecast_1011,2025-02-12 03:00:00,15098.96453318956,18081.004005557574,14699.947387021244
forecast_1012,2025-02-12 04:00:00,15632.09819521021,18582.734228848964,16071.599235196047
forecast_1013,2025-02-12 05:00:00,15908.59758421717,16523.749781463794,13868.18417553901
forecast_1014,2025-02-12 06:00:00,13542.119685301577,13989.202354460736,10535.176738543143
forecast_1015,2025-02-12 07:00:00,9807.472435876078,13630.707900196736,7273.658791137085
forecast_1016,2025-02-12 08:00:00,7085.841617364914,13428.04826051576,5697.942002370779
forecast_1017,2025-02-12 09:00:00,6257.255589888381,8503.732793427316,4341.967833382695
forecast_1018,2025-02-12 10:00:00,6297.278298353804,8591.15279477707,5448.5003393930065
forecast_1019,2025-02-12 11:00:00,9184.472566166954,12813.82727330677,6806.80135771453
forecast_1020,2025-02-12 12:00:00,13978.04794332554,12929.780893597786,9477.931405901947
forecast_1021,2025-02-12 13:00:00,11767.515129719557,15259.774310802622,12456.553542151596
forecast_1022,2025-02-12 14:00:00,14398.860268396258,17308.442240578464,14570.375345072636
forecast_1023,2025-02-12 15:00:00,16738.42274177003,17488.579916571718,15925.652165407759
forecast_1024,2025-02-12 16:00:00,16600.389707278187,19322.822971690068,17330.852298754653
forecast_1025,2025-02-12 17:00:00,18271.751265983774,19280.30123660166,18319.1682885489
forecast_1026,2025-02-12 18:00:00,18511.56546087555,19792.503181490974,19798.351811757464
forecast_1027,2025-02-12 19:00:00,18464.322935935743,19330.757648112478,18645.07838466508
forecast_1028,2025-02-12 20:00:00,18026.83094278584,18618.88773183594,16598.957093738754
forecast_1029,2025-02-12 21:00:00,17475.623753845266,18168.419133155912,14560.721038414044
forecast_1030,2025-02-12 22:00:00,17518.362125154286,17465.28749597179,14201.780093698293
forecast_1031,2025-02-12 23:00:00,16669.01068658987,17699.484279909015,14935.769031291085
forecast_1032,2025-02-13 00:00:00,16307.284040207116,17124.125245238574,13819.42928084922
forecast_1033,2025-02-13 01:00:00,14460.079976478963,15203.94734331664,12572.927214680676
forecast_1034,2025-02-13 02:00:00,14857.871001557654,15980.343129045856,12316.73994289286
forecast_1035,2025-02-13 03:00:00,13785.638936692736,16062.320196131432,13245.836309850261
forecast_1036,2025-02-13 04:00:00,13837.89281699873,15960.445480553399,11818.618558870197
forecast_1037,2025-02-13 05:00:00,14919.236907580138,17344.39616127248,14286.138729434653
forecast_1038,2025-02-13 06:00:00,14422.368057250531,18063.241846207646,15982.769430197355
forecast_1039,2025-02-13 07:00:00,17045.12376683214,18949.18543601057,17949.94032180736
forecast_1040,2025-02-13 08:00:00,17402.22133941081,19744.01589378784,19351.33566963057
forecast_1041,2025-02-13 09:00:00,18126.495832628993,19889.41742146156,19378.359195798133
forecast_1042,2025-02-13 10:00:00,15552.361019043936,18599.35717108867,17053.703264522075
forecast_1043,2025-02-13 11:00:00,15531.404566247325,17195.078403028394,16099.250045066936
forecast_1044,2025-02-13 12:00:00,14276.216002700485,16086.777684850593,14978.475613262543
forecast_1045,2025-02-13 13:00:00,14222.397909595673,17634.145101128208,14750.738641794707
forecast_1046,2025-02-13 14:00:00,15375.944394057264,17946.72156851853,15681.114654387418
forecast_1047,2025-02-13 15:00:00,15517.546223819245,17914.98880360652,16049.720474101512
forecast_1048,2025-02-13 16:00:00,16020.500156008267,18338.245108788265,16382.871548845078
forecast_1049,2025-02-13 17:00:00,16744.230460244842,18512.081222584944,17249.791616653252
forecast_1050,2025-02-13 18:00:00,17798.308121958715,18943.05566084186,18717.534778834175
forecast_1051,2025-02-13 19:00:00,18121.31183109969,19815.372888692076,19624.32676921737
forecast_1052,2025-02-13 20:00:00,19158.922168167537,19813.07743609243,19999.29678592681
forecast_1053,2025-02-13 21:00:00,19204.330995565506,19884.828665170407,20165.12616926997
forecast_1054,2025-02-13 22:00:00,19452.55628547714,19999.481841062337,19948.683015452763
forecast_1055,2025-02-13 23:00:00,19593.61265911953,20092.99282959083,19935.758839603914
forecast_1056,2025-02-14 00:00:00,19671.72240579171,19621.51898472242,19879.097954030356
forecast_1057,2025-02-14 01:00:00,19332.79669102633,20755.68947081201,20170.071531679347
forecast_1058,2025-02-14 02:00:00,19310.88544795559,20717.499159286683,19873.933786628306
forecast_1059,2025-02-14 03:00:00,19312.44210909557,20525.145698387358,19857.7369558024
forecast_1060,2025-02-14 04:00:00,19882.01414305366,20268.51300038366,19725.530551441607
forecast_1061,2025-02-14 05:00:00,19707.21111149366,20345.657998679737,19867.002743439567
forecast_1062,2025-02-14 06:00:00,19817.612243348718,20559.7362090991,20200.831423087646
forecast_1063,2025-02-14 07:00:00,20407.374868024173,20413.801361511014,20011.931990804587
forecast_1064,2025-02-14 08:00:00,20118.763710545933,20329.134175055995,19725.869893164065
forecast_1065,2025-02-14 09:00:00,17158.573530500908,19797.31818614179,18062.044754615275
forecast_1066,2025-02-14 10:00:00,15015.883749008808,17257.158657418142,15050.161776447636
forecast_1067,2025-02-14 11:00:00,10440.596406266755,11836.375525918802,9283.859366492896
forecast_1068,2025-02-14 12:00:00,8788.682061673455,11204.457109104938,9560.31494268026
forecast_1069,2025-02-14 13:00:00,8353.976498292435,8847.005278391443,7193.9091785500605
forecast_1070,2025-02-14 14:00:00,8874.137656620036,9716.345287912134,6706.4177030820265
forecast_1071,2025-02-14 15:00:00,9821.654585319618,9952.527599379115,8680.04131563918
forecast_1072,2025-02-14 16:00:00,10509.234605656888,10855.350604934392,9825.812744216575
forecast_1073,2025-02-14 17:00:00,12133.009373230661,12006.154288847067,11197.469122239727
forecast_1074,2025-02-14 18:00:00,14950.37873660119,14034.921344581559,14008.889522068916
forecast_1075,2025-02-14 19:00:00,15323.698213464224,15582.432080838833,14498.23440624767
forecast_1076,2025-02-14 20:00:00,16309.34140555187,17736.016110248296,14833.934754873078
forecast_1077,2025-02-14 21:00:00,18728.291515679022,18906.56186077607,18005.460557431983
forecast_1078,2025-02-14 22:00:00,18698.256215728084,18698.258787160838,15478.09312455445
forecast_1079,2025-02-14 23:00:00,18066.916947231774,17695.123183705942,14754.890336540693
forecast_1080,2025-02-15 00:00:00,19768.891370880247,18505.083238215215,17188.569239790762
forecast_1081,2025-02-15 01:00:00,17599.036701899007,17359.361982691044,14909.627268281893
forecast_1082,2025-02-15 02:00:00,17185.98689766648,16737.43318246683,13734.719802618321
forecast_1083,2025-02-15 03:00:00,18043.88720192869,17779.83164473403,14044.438797528046
forecast_1084,2025-02-15 04:00:00,18151.823782206688,16287.605282584138,13673.095538803926
forecast_1085,2025-02-15 05:00:00,18320.702101995033,17156.65410180568,14647.210429057262
forecast_1086,2025-02-15 06:00:00,19172.672398933602,17159.97632882574,14265.914436929661
forecast_1087,2025-02-15 07:00:00,16498.743262469696,14815.883294360081,13124.34183593048
forecast_1088,2025-02-15 08:00:00,16069.01665332944,16092.371844585352,12524.118750499834
forecast_1089,2025-02-15 09:00:00,14942.369321530605,15697.229862293421,11906.983876320402
forecast_1090,2025-02-15 10:00:00,12449.528692942255,14098.534950220337,7512.68606274163
forecast_1091,2025-02-15 11:00:00,11028.18714653865,9270.902006048193,5750.646757065542
forecast_1092,2025-02-15 12:00:00,11998.940525382575,13032.941636817155,8090.630391407686
forecast_1093,2025-02-15 13:00:00,9733.821426541812,11016.856690365232,9910.319777034118
forecast_1094,2025-02-15 14:00:00,12016.837949480914,14293.276072392915,10921.026053927457
forecast_1095,2025-02-15 15:00:00,13455.533668642975,14970.279439786947,12846.815148161517
forecast_1096,2025-02-15 16:00:00,12330.869658095564,14245.089763719028,13595.315580539895
forecast_1097,2025-02-15 17:00:00,13212.230030724477,15215.222737272292,14026.696607208094
forecast_1098,2025-02-15 18:00:00,14562.475264254823,17910.665189139083,14537.909048161546
forecast_1099,2025-02-15 19:00:00,17081.143110275294,18302.039928719172,18065.659154445253
forecast_1100,2025-02-15 20:00:00,18861.419753345534,19977.718934405642,19348.563339523982
forecast_1101,2025-02-15 21:00:00,18445.660868853894,19959.16533615846,18249.330907958607
forecast_1102,2025-02-15 22:00:00,17493.70198999,19045.867589220772,18655.330919353906
forecast_1103,2025-02-15 23:00:00,18284.9500215283,19670.597045949282,18304.91194124175
forecast_1104,2025-02-16 00:00:00,18633.357681574333,20020.82451924955,18119.971531157014
forecast_1105,2025-02-16 01:00:00,20094.68695623178,20406.1803159757,18635.225813242014
forecast_1106,2025-02-16 02:00:00,20119.24773138913,20268.931687112643,18305.938605366322
forecast_1107,2025-02-16 03:00:00,19943.14253349978,20036.922190492685,18867.024350675234
forecast_1108,2025-02-16 04:00:00,19309.180444195285,19652.5037061746,17567.212523622904
forecast_1109,2025-02-16 05:00:00,18086.463024992645,19552.327854027157,17379.619540046486
forecast_1110,2025-02-16 06:00:00,17406.692094161568,18441.821948138255,15716.591844892338
forecast_1111,2025-02-16 07:00:00,15587.62974899586,17094.12592786508,13450.258017440543
forecast_1112,2025-02-16 08:00:00,13490.707124210176,15449.412644059586,11432.266006626149
forecast_1113,2025-02-16 09:00:00,12674.960879294005,15771.916216212832,12196.206323578996
forecast_1114,2025-02-16 10:00:00,9981.70836157529,15998.502670025222,9092.313567153871
forecast_1115,2025-02-16 11:00:00,9917.039227891337,13828.472664307865,6671.70654318946
forecast_1116,2025-02-16 12:00:00,7805.338891941991,11202.860902672144,9230.87180091378
forecast_1117,2025-02-16 13:00:00,10324.1411847678,10360.532686206096,9723.331257938735
forecast_1118,2025-02-16 14:00:00,13199.576588427091,12683.456032684186,13126.961223677243
forecast_1119,2025-02-16 15:00:00,13366.040230688062,13786.127178933322,13705.576498847644
forecast_1120,2025-02-16 16:00:00,15543.612659215958,15252.567094404403,15196.194102675254
forecast_1121,2025-02-16 17:00:00,17003.18050457371,18006.51159037717,17026.129295959756
forecast_1122,2025-02-16 18:00:00,16805.94139835891,18275.74136850578,17951.392654073014
forecast_1123,2025-02-16 19:00:00,17139.390239026936,18271.956954226287,17490.57162010843
forecast_1124,2025-02-16 20:00:00,17992.255712389837,19197.838711697317,18448.951348041766
forecast_1125,2025-02-16 21:00:00,17854.960115863156,19347.871738638667,18537.20926534855
forecast_1126,2025-02-16 22:00:00,17526.725287729274,18728.55061085944,18756.78570100473
forecast_1127,2025-02-16 23:00:00,17640.451434454313,18772.11401173444,17378.30923576695
forecast_1128,2025-02-17 00:00:00,16699.412855676368,17824.92315797019,15546.984245971335
forecast_1129,2025-02-17 01:00:00,14245.47652561398,13910.034232202956,10882.177403996202
forecast_1130,2025-02-17 02:00:00,12932.118776283169,13458.278499038246,10724.711358257504
forecast_1131,2025-02-17 03:00:00,13004.191028333431,15062.328256134128,11804.783948191507
forecast_1132,2025-02-17 04:00:00,13033.495621008928,13198.578904185111,11025.05170941419
forecast_1133,2025-02-17 05:00:00,12655.020636738955,11042.411799659414,8582.737448771726
forecast_1134,2025-02-17 06:00:00,12381.126682578044,11859.865822551683,9511.052160321742
forecast_1135,2025-02-17 07:00:00,12026.833613802472,13306.677442882852,10316.530063179212
forecast_1136,2025-02-17 08:00:00,13004.710180655697,16089.392928344245,11151.12676307982
forecast_1137,2025-02-17 09:00:00,13269.46321874737,12852.155153476668,10852.622611131856
forecast_1138,2025-02-17 10:00:00,13535.974454446616,17498.149667101585,11301.067719545903
forecast_1139,2025-02-17 11:00:00,13554.565061922429,13189.609397517173,10662.705498394815
forecast_1140,2025-02-17 12:00:00,13564.60307958476,13508.107168183322,11283.21034745647
forecast_1141,2025-02-17 13:00:00,12302.187672563081,14005.738295724908,10340.145303562027
forecast_1142,2025-02-17 14:00:00,13422.425047545945,14182.384775981724,10618.575127540935
forecast_1143,2025-02-17 15:00:00,12301.067870228733,12998.626894301113,10536.138182579483
forecast_1144,2025-02-17 16:00:00,10974.797595247894,11342.988717863806,9855.601621936128
forecast_1145,2025-02-17 17:00:00,9785.61909800507,10482.52924889029,5654.71423592307
forecast_1146,2025-02-17 18:00:00,9086.113845179976,9696.80473168887,4122.755330404055
forecast_1147,2025-02-17 19:00:00,8774.926684622173,6749.778389830982,4241.987324971693
forecast_1148,2025-02-17 20:00:00,9458.05477734177,8005.351071624887,4790.1323345009
forecast_1149,2025-02-17 21:00:00,6817.771340210644,8124.707035304054,5874.392698437267
forecast_1150,2025-02-17 22:00:00,6302.653371376941,7066.972734463202,4188.6133580964615
forecast_1151,2025-02-17 23:00:00,4741.513443181338,6321.164691333063,4116.233731379236
forecast_1152,2025-02-18 00:00:00,5232.97244327828,6466.466449997715,4180.805806113368
forecast_1153,2025-02-18 01:00:00,5501.74877283612,6400.702182587049,4812.470804654782
forecast_1154,2025-02-18 02:00:00,8701.37317192645,10177.767592366303,8179.186509538134
forecast_1155,2025-02-18 03:00:00,10174.637647716492,11888.633523929057,10739.88319734794
forecast_1156,2025-02-18 04:00:00,10658.416926223663,13995.01152162594,10902.495958880723
forecast_1157,2025-02-18 05:00:00,11673.969224522478,14698.679906834284,11836.934534034188
forecast_1158,2025-02-18 06:00:00,11036.43373529419,15105.129043068964,12475.888521490038
forecast_1159,2025-02-18 07:00:00,11726.74408829206,16225.83603209792,11990.122568352552
forecast_1160,2025-02-18 08:00:00,11975.949790284116,12001.622291003878,9446.389630016272
forecast_1161,2025-02-18 09:00:00,11589.911760930107,12309.214956225009,9906.698416016232
forecast_1162,2025-02-18 10:00:00,12913.089041083687,13213.524410164975,11359.05567709471
forecast_1163,2025-02-18 11:00:00,12175.6482196468,12445.291505991045,10834.908868754723
forecast_1164,2025-02-18 12:00:00,12275.723096564672,11132.300896507168,8358.527958021457
forecast_1165,2025-02-18 13:00:00,11777.297843220083,10308.230547234154,8538.934832987985
forecast_1166,2025-02-18 14:00:00,12019.136601216802,10537.679795273683,9777.44739854345
forecast_1167,2025-02-18 15:00:00,12223.694635276463,11374.713706115563,9602.803761626627
forecast_1168,2025-02-18 16:00:00,12142.2431006497,11240.630199365152,8381.06367607462
forecast_1169,2025-02-18 17:00:00,13276.965866421237,13470.792791712449,10498.389610478554
forecast_1170,2025-02-18 18:00:00,11720.704792630499,11812.025199155367,10806.519231671427
forecast_1171,2025-02-18 19:00:00,11970.325251015596,10429.953954315912,7786.710435038303
forecast_1172,2025-02-18 20:00:00,10093.627683853278,10059.775448910921,7685.248147036647
forecast_1173,2025-02-18 21:00:00,11165.540641488484,11339.784919459353,8744.270685872996
forecast_1174,2025-02-18 22:00:00,11364.298122462731,12574.540091277073,10105.827464356806
forecast_1175,2025-02-18 23:00:00,10912.688358995892,12777.726610069749,11183.546503782776
forecast_1176,2025-02-19 00:00:00,9499.655983503502,12943.130927568192,10267.199247725564
forecast_1177,2025-02-19 01:00:00,7828.303557139316,13375.510536979764,8285.283658851604
forecast_1178,2025-02-19 02:00:00,11844.213672452219,17123.039918257506,10980.855803375604
forecast_1179,2025-02-19 03:00:00,12113.827879137623,16540.764611178944,11860.910307301838
forecast_1180,2025-02-19 04:00:00,12747.680062282967,17486.751382474744,11718.801392084853
forecast_1181,2025-02-19 05:00:00,12905.436907654417,18032.281294979406,12546.752796035353
forecast_1182,2025-02-19 06:00:00,12091.697015578882,17502.145234021904,13246.152555735738
forecast_1183,2025-02-19 07:00:00,13135.126199718861,18251.986143187456,13170.051331941435
forecast_1184,2025-02-19 08:00:00,11921.965610311741,17261.001767426038,14146.626591591796
forecast_1185,2025-02-19 09:00:00,10909.575447996005,15240.274679482342,10514.007743939044
forecast_1186,2025-02-19 10:00:00,8743.66218355282,9606.514721556225,8329.864608701522
forecast_1187,2025-02-19 11:00:00,7362.824331315161,8273.99072643259,6770.633918109973
forecast_1188,2025-02-19 12:00:00,6848.00640516351,7617.526617156205,6410.44240820664
forecast_1189,2025-02-19 13:00:00,5869.0245862386955,5845.089438740011,4736.071935367679
forecast_1190,2025-02-19 14:00:00,6223.028043719069,5491.331579644548,4315.347889819203
forecast_1191,2025-02-19 15:00:00,6177.116622960562,5602.55041807142,4694.604890042963
forecast_1192,2025-02-19 16:00:00,5975.887812661897,5078.7999200240265,4679.518139318289
forecast_1193,2025-02-19 17:00:00,5723.041202259257,4897.492551424075,4751.004314559457
forecast_1194,2025-02-19 18:00:00,5732.6293483177,5263.362846419981,5623.12932715043
forecast_1195,2025-02-19 19:00:00,5498.110245028894,6174.401227691669,5441.84635227693
forecast_1196,2025-02-19 20:00:00,6231.02901750778,6650.912814836492,5062.577509872523
forecast_1197,2025-02-19 21:00:00,6588.762790588454,7621.061430079538,5658.973576657059
forecast_1198,2025-02-19 22:00:00,8941.059043201833,10862.836070520874,7243.393854351295
forecast_1199,2025-02-19 23:00:00,9144.214532748527,12085.685117027395,9305.846774755944
forecast_1200,2025-02-20 00:00:00,9571.453172605443,13561.080904455572,9667.42007836038
forecast_1201,2025-02-20 01:00:00,8196.615321977264,9812.970172224492,6937.942994718103
forecast_1202,2025-02-20 02:00:00,9123.917597788028,10189.013262798106,7328.848160385896
forecast_1203,2025-02-20 03:00:00,8624.003658084172,12179.73361856981,8794.575100946742
forecast_1204,2025-02-20 04:00:00,8461.580260714016,12253.330948239784,8481.909851645247
forecast_1205,2025-02-20 05:00:00,8676.066907116015,12765.308697199169,10220.664408358518
forecast_1206,2025-02-20 06:00:00,8749.080532686923,13190.29536600349,10452.98435014904
forecast_1207,2025-02-20 07:00:00,11579.7510861112,16384.9650442213,10497.40779017271
forecast_1208,2025-02-20 08:00:00,10885.063112489603,15343.773839529465,10319.020784234317
forecast_1209,2025-02-20 09:00:00,10862.839876651946,16860.796256838992,11867.33532248233
forecast_1210,2025-02-20 10:00:00,12061.427998291274,16493.527708292302,11018.754918650287
forecast_1211,2025-02-20 11:00:00,10885.209329087887,13518.429595655653,11683.366696607533
forecast_1212,2025-02-20 12:00:00,10062.917733421045,10477.607754315957,9619.467538541485
forecast_1213,2025-02-20 13:00:00,8319.493831733625,8707.500666000971,6458.841126651327
forecast_1214,2025-02-20 14:00:00,8703.816632938479,8527.519448161494,6750.502257887581
forecast_1215,2025-02-20 15:00:00,8709.38082787909,7151.899454219492,6616.7768799952855
forecast_1216,2025-02-20 16:00:00,8479.34780064392,6817.126422760115,6307.304861177257
forecast_1217,2025-02-20 17:00:00,8995.104168750495,6956.037229116709,6054.871564158584
forecast_1218,2025-02-20 18:00:00,10215.680804932768,8966.744470101783,8061.031173023581
forecast_1219,2025-02-20 19:00:00,10650.192607417523,15616.585536379518,10081.016729808896
forecast_1220,2025-02-20 20:00:00,11995.728118130095,10486.477579586812,9406.067758711091
forecast_1221,2025-02-20 21:00:00,9058.309527472884,9509.820408316218,7709.531304775672
forecast_1222,2025-02-20 22:00:00,7427.321792636519,10139.241314147093,7033.143523167422
forecast_1223,2025-02-20 23:00:00,8431.504860045225,9543.960021248893,7312.263578050995
forecast_1224,2025-02-21 00:00:00,10083.659640471413,12246.13086966629,8305.865289888772
forecast_1225,2025-02-21 01:00:00,8665.665275382173,11362.900625335968,6927.491759065471
forecast_1226,2025-02-21 02:00:00,10111.698990233168,15563.227046774693,8964.492810919146
forecast_1227,2025-02-21 03:00:00,9131.91503081963,14526.050414260615,9094.27720011585
forecast_1228,2025-02-21 04:00:00,8212.749880184398,12200.0331741867,8316.026902534406
forecast_1229,2025-02-21 05:00:00,9841.654016970157,12990.655016021386,8897.880850286647
forecast_1230,2025-02-21 06:00:00,9398.249215988339,13302.240183564354,9680.170312436247
forecast_1231,2025-02-21 07:00:00,11421.114662119297,13671.947738495759,9474.030610822614
forecast_1232,2025-02-21 08:00:00,11446.54884756484,16562.388760209302,10380.610759989268
forecast_1233,2025-02-21 09:00:00,10174.859517261573,12230.229766135812,9693.926060550966
forecast_1234,2025-02-21 10:00:00,6886.576304711564,7153.875916100579,5842.88329415455
forecast_1235,2025-02-21 11:00:00,6043.148919354813,6176.627637465456,4099.063474185597
forecast_1236,2025-02-21 12:00:00,5534.846026875138,4983.499749068112,4189.969019740768
forecast_1237,2025-02-21 13:00:00,5977.977819274729,6226.305427206241,5038.516713974534
forecast_1238,2025-02-21 14:00:00,7467.582341061887,6840.336608769256,5917.338304309661
forecast_1239,2025-02-21 15:00:00,8795.474495081336,8083.620407275112,6328.898890628573
forecast_1240,2025-02-21 16:00:00,8219.758771060551,7071.507528363374,5395.507132303953
forecast_1241,2025-02-21 17:00:00,8141.912286886948,7038.6402408658905,5297.672143018106
forecast_1242,2025-02-21 18:00:00,10250.84600163866,8867.658660995,6933.7246725475725
forecast_1243,2025-02-21 19:00:00,11994.871200851683,11290.655638615812,8496.832143205967
forecast_1244,2025-02-21 20:00:00,12084.834191795377,10350.769227747849,8811.643683652019
forecast_1245,2025-02-21 21:00:00,12487.659154292487,11825.252977090056,10817.98006206848
forecast_1246,2025-02-21 22:00:00,12598.832874554044,11813.962122092544,11591.606104964247
forecast_1247,2025-02-21 23:00:00,10550.09362781771,12540.20244782316,12419.50722612261
forecast_1248,2025-02-22 00:00:00,11871.064266306787,12927.696652571569,12340.451159296199
forecast_1249,2025-02-22 01:00:00,12682.786463753871,14564.946651139528,10544.489209432508
forecast_1250,2025-02-22 02:00:00,13154.503583254958,13808.85137093779,10915.042040456621
forecast_1251,2025-02-22 03:00:00,14582.802119973754,15863.152282282621,13346.29990007218
forecast_1252,2025-02-22 04:00:00,14814.850928810376,15158.566046649512,13000.502916781177
forecast_1253,2025-02-22 05:00:00,12501.283343946363,13770.872797112957,11531.399484782898
forecast_1254,2025-02-22 06:00:00,10662.917699824204,13404.113769564774,9428.968668368096
forecast_1255,2025-02-22 07:00:00,11062.815557895769,13285.218134433371,10744.196819442663
forecast_1256,2025-02-22 08:00:00,10395.372938749615,13960.73330639298,10180.888938823005
forecast_1257,2025-02-22 09:00:00,9138.386241488426,10247.138386018876,7061.706112395161
forecast_1258,2025-02-22 10:00:00,4861.576642381419,4286.094888200189,3086.416094418646
forecast_1259,2025-02-22 11:00:00,4230.8013156306715,3760.2341862941366,4252.202683923608
forecast_1260,2025-02-22 12:00:00,4716.0984824799525,3928.0307392025616,3804.3000518788604
forecast_1261,2025-02-22 13:00:00,7059.860650080487,5905.890740134874,5472.742843191246
forecast_1262,2025-02-22 14:00:00,6840.451642762134,6477.665016350068,5542.54048752865
forecast_1263,2025-02-22 15:00:00,6341.307202059603,5831.6052947343715,5989.748589354526
forecast_1264,2025-02-22 16:00:00,6859.938104913321,7028.214225034446,6064.6571829109835
forecast_1265,2025-02-22 17:00:00,6868.684536714775,7605.689008803725,5835.682093113564
forecast_1266,2025-02-22 18:00:00,9449.14542593635,9870.843399135152,7738.01715203404
forecast_1267,2025-02-22 19:00:00,11102.4388460625,12077.095781885928,11141.666378424174
forecast_1268,2025-02-22 20:00:00,11245.804204906843,13220.816475655465,10720.61596221124
forecast_1269,2025-02-22 21:00:00,11919.534736434347,18229.048030881095,12555.111389431606
forecast_1270,2025-02-22 22:00:00,13318.36764587691,18539.594719666005,15733.19551037915
forecast_1271,2025-02-22 23:00:00,13600.977927669332,18414.777325888168,16469.12703618825
forecast_1272,2025-02-23 00:00:00,14720.904427699372,19633.997393601854,17174.09920027649
forecast_1273,2025-02-23 01:00:00,12962.144783716114,19127.70928121753,16552.23530331182
forecast_1274,2025-02-23 02:00:00,14155.53899539058,18819.502475312,16632.69726212546
forecast_1275,2025-02-23 03:00:00,14360.274936669199,19316.009146581702,17330.67000978448
forecast_1276,2025-02-23 04:00:00,15423.859351427125,19372.971906326144,17942.544179897486
forecast_1277,2025-02-23 05:00:00,15998.155287979702,19770.866240391693,17624.47799228723
forecast_1278,2025-02-23 06:00:00,16653.55835049031,19723.572893408287,19196.471187205512
forecast_1279,2025-02-23 07:00:00,18222.504982141243,19892.95109473251,19460.842334773606
forecast_1280,2025-02-23 08:00:00,18266.20783808959,19934.725759808465,19056.17584821011
forecast_1281,2025-02-23 09:00:00,16832.010380005348,19514.19208177664,17729.501375080363
forecast_1282,2025-02-23 10:00:00,15798.390069939624,19082.72057178327,16458.963560086806
forecast_1283,2025-02-23 11:00:00,14824.91088632638,18401.737730983037,14797.86786099615
forecast_1284,2025-02-23 12:00:00,14039.912636969966,16199.779808359466,13524.897990743184
forecast_1285,2025-02-23 13:00:00,13681.236510637844,14729.966296674489,11655.279547809032
forecast_1286,2025-02-23 14:00:00,13359.807199204257,13967.837715654729,11562.121874410606
forecast_1287,2025-02-23 15:00:00,13863.431803590756,14224.935201034115,11707.376951608501
forecast_1288,2025-02-23 16:00:00,13472.392162269416,13798.389050327345,11355.991638953554
forecast_1289,2025-02-23 17:00:00,13185.021900075046,11062.668530348861,9729.426921890574
forecast_1290,2025-02-23 18:00:00,12512.288867072572,11357.844068837105,7219.626111991667
forecast_1291,2025-02-23 19:00:00,11661.131315578723,8796.049456802757,7316.695676411317
forecast_1292,2025-02-23 20:00:00,9760.832390989544,9102.439943155458,7024.9732092119775
forecast_1293,2025-02-23 21:00:00,9490.762569387514,10515.500672495757,8414.920615073514
forecast_1294,2025-02-23 22:00:00,10652.18720458272,12003.566770301622,10218.505653895201
forecast_1295,2025-02-23 23:00:00,11848.817812146153,14066.4443828537,10917.140404978836
forecast_1296,2025-02-24 00:00:00,13214.210209904732,15535.244201167498,11846.61000237653
forecast_1297,2025-02-24 01:00:00,13247.002709285745,17000.149229054827,15581.789122784672
forecast_1298,2025-02-24 02:00:00,14719.327952787415,19564.887898873345,16635.17633086637
forecast_1299,2025-02-24 03:00:00,17891.841219874528,19518.743647195923,17360.73731196736
forecast_1300,2025-02-24 04:00:00,17603.240859634254,19331.687866417837,17985.78941374486
forecast_1301,2025-02-24 05:00:00,17482.807778342212,19621.942508943575,17768.476498884273
forecast_1302,2025-02-24 06:00:00,16740.207360447977,18711.226286144672,16914.407926063686
forecast_1303,2025-02-24 07:00:00,16596.671424046563,18708.16859612851,14741.864728487424
forecast_1304,2025-02-24 08:00:00,16734.969442373975,17920.87866398047,13944.79266349348
forecast_1305,2025-02-24 09:00:00,14812.588399413025,16726.618226274644,12917.134592048304
forecast_1306,2025-02-24 10:00:00,11612.168965744426,13426.929747274295,10092.226991281146
forecast_1307,2025-02-24 11:00:00,9398.568817977222,10276.199004260907,7718.888881526193
forecast_1308,2025-02-24 12:00:00,10270.749571321097,9698.453371192481,8668.061981521947
forecast_1309,2025-02-24 13:00:00,9531.337542407398,8508.256316569525,7573.375789835633
forecast_1310,2025-02-24 14:00:00,9666.833732117117,10290.985015598086,8213.077009714094
forecast_1311,2025-02-24 15:00:00,9142.963354721338,9302.172828991845,8222.240607202075
forecast_1312,2025-02-24 16:00:00,9400.085997538596,10031.605467674786,7209.571167860131
forecast_1313,2025-02-24 17:00:00,9300.539870724428,10772.025415374741,7717.316508698549
forecast_1314,2025-02-24 18:00:00,13004.34993319615,11413.136900652235,10317.324484517047
forecast_1315,2025-02-24 19:00:00,15202.542821108782,15823.435200710574,14043.6901140147
forecast_1316,2025-02-24 20:00:00,16029.864670709676,18263.650913384987,15064.627077508272
forecast_1317,2025-02-24 21:00:00,18563.355997462248,19405.57412887058,17425.516202544255
forecast_1318,2025-02-24 22:00:00,19831.150070873617,19199.549752919203,18444.70542461718
forecast_1319,2025-02-24 23:00:00,19999.70687252819,19765.061764171605,18647.15667622779
forecast_1320,2025-02-25 00:00:00,20259.85504362856,19943.17193781872,19334.000748952534
forecast_1321,2025-02-25 01:00:00,20678.668557447556,20028.446250414097,18983.692428561717
forecast_1322,2025-02-25 02:00:00,19895.901282773673,20394.795680214393,18824.899722203045
forecast_1323,2025-02-25 03:00:00,19953.592851463036,20723.016989627245,19083.168658254363
forecast_1324,2025-02-25 04:00:00,20281.958968081966,21163.926082765767,19519.81064408773
forecast_1325,2025-02-25 05:00:00,20407.56707283303,21123.74196500572,19489.37942206325
forecast_1326,2025-02-25 06:00:00,20396.30089843413,21396.3571802608,19528.50439969187
forecast_1327,2025-02-25 07:00:00,20358.56436547594,21110.555821999704,19666.328379127495
forecast_1328,2025-02-25 08:00:00,20447.176141990665,20918.192514039285,19506.49217931343
forecast_1329,2025-02-25 09:00:00,20630.15947797391,21109.90351406269,19699.56164513123
forecast_1330,2025-02-25 10:00:00,20142.91498474902,20395.782853420715,20139.140038878282
forecast_1331,2025-02-25 11:00:00,18366.72898288968,19893.17708641927,19499.819112962658
forecast_1332,2025-02-25 12:00:00,17123.469948406106,19566.852926552296,17621.82599996672
forecast_1333,2025-02-25 13:00:00,16475.20316123211,18310.281353982136,15626.93579302627
forecast_1334,2025-02-25 14:00:00,15734.482402104868,18049.573259109693,16714.562722190374
forecast_1335,2025-02-25 15:00:00,18223.020242032013,18326.263866589776,17307.86754281293
forecast_1336,2025-02-25 16:00:00,18597.137038694542,18682.404208637934,17712.738518487047
forecast_1337,2025-02-25 17:00:00,18839.31838781506,19225.56367140571,18507.6695183984
forecast_1338,2025-02-25 18:00:00,19278.379531725208,19626.240826682555,19290.21126485241
forecast_1339,2025-02-25 19:00:00,19945.582234468406,20050.597161775862,19808.4441825231
forecast_1340,2025-02-25 20:00:00,20279.348115571975,20422.877812995335,20107.69465907905
forecast_1341,2025-02-25 21:00:00,20301.19176438523,20725.27626120948,19907.354535995422
forecast_1342,2025-02-25 22:00:00,20356.113146349366,20531.958125690147,19733.440007433113
forecast_1343,2025-02-25 23:00:00,19722.23063557407,20369.368557531732,19749.988477407165
forecast_1344,2025-02-26 00:00:00,19268.094659177532,20182.766375493557,19682.099870759965
forecast_1345,2025-02-26 01:00:00,19651.926580313648,19471.787507036363,19311.318956790223
forecast_1346,2025-02-26 02:00:00,19379.902026192114,19535.015501043235,19230.362808251484
forecast_1347,2025-02-26 03:00:00,19381.29753316623,19391.007174401137,19070.31164620326
forecast_1348,2025-02-26 04:00:00,18688.743635656323,19183.17789292893,18842.82019676242
forecast_1349,2025-02-26 05:00:00,18304.138928441655,19367.95712722687,19148.47339901021
forecast_1350,2025-02-26 06:00:00,18089.672162465115,19360.023100295602,19572.12307207117
forecast_1351,2025-02-26 07:00:00,17675.43183542473,18953.39597436456,19506.695045576937
forecast_1352,2025-02-26 08:00:00,16207.666560823933,19344.525955140776,18415.25540355471
forecast_1353,2025-02-26 09:00:00,14009.75384274269,17980.783571080778,17157.613014484486
forecast_1354,2025-02-26 10:00:00,12879.310296226262,17146.513192005255,15098.38404644054
forecast_1355,2025-02-26 11:00:00,12107.876318118448,14920.360833915596,12689.434112839355
forecast_1356,2025-02-26 12:00:00,12497.240160181787,14447.489169738727,11386.718336440661
forecast_1357,2025-02-26 13:00:00,13387.198040705829,13455.65680977585,11222.82460845997
forecast_1358,2025-02-26 14:00:00,13205.831110440271,13690.2733632428,12318.823404187386
forecast_1359,2025-02-26 15:00:00,13521.69554497776,13692.309773168685,12511.145316184284
forecast_1360,2025-02-26 16:00:00,13649.455439975474,14396.485989118088,12783.834797488387
forecast_1361,2025-02-26 17:00:00,14003.468404886611,15755.496516976335,13377.739890180688
forecast_1362,2025-02-26 18:00:00,13851.650311360872,16240.965301424512,14285.322976082765
forecast_1363,2025-02-26 19:00:00,14627.302813802396,17201.476631626025,16004.359088432175
forecast_1364,2025-02-26 20:00:00,16307.332821834983,18642.25406566731,19015.58554896415
forecast_1365,2025-02-26 21:00:00,18328.12562449902,19434.260903422783,19764.436682854186
forecast_1366,2025-02-26 22:00:00,17425.20002756435,19389.17618243647,19377.46828396117
forecast_1367,2025-02-26 23:00:00,16779.90948255991,19150.46749868533,19547.964386621097
forecast_1368,2025-02-27 00:00:00,18074.122921831873,19757.299171103045,19919.617773017853
forecast_1369,2025-02-27 01:00:00,18942.50039407617,20103.0900598994,19883.23806452005
forecast_1370,2025-02-27 02:00:00,19926.195001331445,20315.20152743396,19956.34198932297
forecast_1371,2025-02-27 03:00:00,19883.424669410186,20615.29317556245,20055.269034310855
forecast_1372,2025-02-27 04:00:00,19727.621217326567,20637.618162605962,20070.933278599765
forecast_1373,2025-02-27 05:00:00,19541.91380077394,20016.041096956884,19477.50334614706
forecast_1374,2025-02-27 06:00:00,19045.362581063695,19877.530213584152,19281.08563910275
forecast_1375,2025-02-27 07:00:00,19931.35183643143,19752.218738605545,19212.226385551243
forecast_1376,2025-02-27 08:00:00,19186.599321322996,19703.551805461684,18244.4337120262
forecast_1377,2025-02-27 09:00:00,17804.31135983347,18494.340701938432,17279.72402457567
forecast_1378,2025-02-27 10:00:00,15350.067945474397,18279.6440820515,16710.477215036015
forecast_1379,2025-02-27 11:00:00,14834.61659004511,17690.378568864075,15414.454774698022
forecast_1380,2025-02-27 12:00:00,14785.26880126224,15510.729130712654,15283.757623382726
forecast_1381,2025-02-27 13:00:00,14285.48820461105,13829.845672100028,13038.054036592337
forecast_1382,2025-02-27 14:00:00,10407.841449758822,9631.5692006785,9249.236605503336
forecast_1383,2025-02-27 15:00:00,7360.341165760917,7996.606737398366,8446.363384894608
forecast_1384,2025-02-27 16:00:00,7611.785861092703,7756.536944725711,7711.070436771482
forecast_1385,2025-02-27 17:00:00,7347.850521393721,9221.544147612867,6212.510207416752
forecast_1386,2025-02-27 18:00:00,7316.44792897707,10199.513906478203,4813.226225489404
forecast_1387,2025-02-27 19:00:00,11026.650723522152,16381.472711884318,8891.85266666097
forecast_1388,2025-02-27 20:00:00,12290.466297774756,14935.453707291661,11515.547677335737
forecast_1389,2025-02-27 21:00:00,11686.838699408463,13779.627651435369,11554.06055335176
forecast_1390,2025-02-27 22:00:00,12439.434366000185,17090.1361676043,11977.89184972721
forecast_1391,2025-02-27 23:00:00,11772.174104623451,17394.903468396282,11776.2420446684
forecast_1392,2025-02-28 00:00:00,11720.584539518639,16985.668597342366,11034.00987338267
forecast_1393,2025-02-28 01:00:00,13366.07504953809,16358.752691491449,12605.908973644304
forecast_1394,2025-02-28 02:00:00,14156.384424324266,16926.409954647665,14896.96070054463
forecast_1395,2025-02-28 03:00:00,15369.569476415303,17787.986816890647,14855.32074882565
forecast_1396,2025-02-28 04:00:00,17356.948441647088,17541.17676550816,16960.201784389603
forecast_1397,2025-02-28 05:00:00,17767.088786564454,18256.694752520158,18579.91363453353
forecast_1398,2025-02-28 06:00:00,17256.34002645487,18461.429476698155,17155.805626940706
forecast_1399,2025-02-28 07:00:00,19341.825897104056,18863.471030662833,18994.9640081685
forecast_1400,2025-02-28 08:00:00,19026.441106520964,19524.873905435303,19064.39927728069
forecast_1401,2025-02-28 09:00:00,17724.017189739192,18656.58463117129,18461.30422436505
forecast_1402,2025-02-28 10:00:00,16712.216041211625,19216.958053973514,17013.275182272955
forecast_1403,2025-02-28 11:00:00,15160.696991228586,18758.707713339867,16058.690023772851
forecast_1404,2025-02-28 12:00:00,12652.503298010279,16201.210377754129,13703.029405371348
forecast_1405,2025-02-28 13:00:00,10640.08906827788,17508.09696902403,11668.386722937612
forecast_1406,2025-02-28 14:00:00,13091.106000566098,14300.206421004345,12544.341473185865
forecast_1407,2025-02-28 15:00:00,13062.212747325637,13534.12810578609,12061.521595989509
forecast_1408,2025-02-28 16:00:00,13546.278308280505,14796.82481883878,12468.417894488026
forecast_1409,2025-02-28 17:00:00,13295.80317998165,14225.047590411323,11249.349114865076
forecast_1410,2025-02-28 18:00:00,15297.221677470867,14140.241831787143,11968.510425095357
forecast_1411,2025-02-28 19:00:00,16152.216252921955,17407.942673135265,14002.27951272676
forecast_1412,2025-02-28 20:00:00,16702.5677564113,17601.19645141691,13210.547310047863
forecast_1413,2025-02-28 21:00:00,16548.055597019185,15483.907278688794,12279.165954822467
forecast_1414,2025-02-28 22:00:00,15646.449674695517,14471.555900184412,10480.269193856147
forecast_1415,2025-02-28 23:00:00,14060.91768342043,12825.236294541324,11370.084344081986
forecast_1416,2025-03-01 00:00:00,11466.089159988469,10434.902037718266,9171.243045127183
forecast_1417,2025-03-01 01:00:00,17604.593239116923,14095.272432844242,9808.603690866576
forecast_1418,2025-03-01 02:00:00,11618.22047738553,7699.9422182034605,6267.6063504089
forecast_1419,2025-03-01 03:00:00,8516.95723415845,5754.260365532253,3302.7744803437818
forecast_1420,2025-03-01 04:00:00,4374.183422737428,3573.0525843592186,3337.770419383793
forecast_1421,2025-03-01 05:00:00,3578.4506655830596,3351.6815901983837,2973.1588038742734
forecast_1422,2025-03-01 06:00:00,3453.38538687772,3379.222283572154,3874.2276535767987
forecast_1423,2025-03-01 07:00:00,3671.511690048508,3627.315906667407,4070.228057852999
forecast_1424,2025-03-01 08:00:00,3041.8490395955705,3110.5138898522027,3811.5828796884043
forecast_1425,2025-03-01 09:00:00,3103.5146403138347,3871.3917604907074,4061.368609244387
forecast_1426,2025-03-01 10:00:00,3306.366534748972,3820.572847212,3732.9652831977583
forecast_1427,2025-03-01 11:00:00,3310.619166988363,3850.0091942511,3813.17909708535
forecast_1428,2025-03-01 12:00:00,3586.8884584802736,4210.428097197835,3610.2222338284164
forecast_1429,2025-03-01 13:00:00,3300.798718663332,3646.574307493924,3632.7250018665127
forecast_1430,2025-03-01 14:00:00,4334.852903054074,4589.093835839001,3870.683873391692
forecast_1431,2025-03-01 15:00:00,5664.713001363234,4826.010035896278,4165.414386419099
forecast_1432,2025-03-01 16:00:00,3473.9900846237647,3977.2235281765415,3563.8279492269135
forecast_1433,2025-03-01 17:00:00,4950.645706914025,4922.598599688016,2234.078133474266
forecast_1434,2025-03-01 18:00:00,3957.833870303044,5734.257365459404,3127.9150406554672
forecast_1435,2025-03-01 19:00:00,4858.986894888131,5871.5462086961825,4933.698859589653
forecast_1436,2025-03-01 20:00:00,4392.550528223101,6967.179471673804,4553.209373987436
forecast_1437,2025-03-01 21:00:00,4549.471376001215,5130.198936372469,3684.7497660447057
forecast_1438,2025-03-01 22:00:00,4719.340253880919,5174.651817428441,4741.340418921266
forecast_1439,2025-03-01 23:00:00,4062.9182207226177,4595.999695217533,4166.235404354603
forecast_1440,2025-03-02 00:00:00,3383.9943244306573,3921.5975087907445,3694.547203826396
forecast_1441,2025-03-02 01:00:00,5622.427202749728,7796.180835973228,4897.260377505721
forecast_1442,2025-03-02 02:00:00,5440.782925476458,6132.258028180783,4281.012785876048
forecast_1443,2025-03-02 03:00:00,5897.640238667426,6637.671502402952,5700.202130867154
forecast_1444,2025-03-02 04:00:00,4556.081957137453,5886.105128581562,4437.42970226434
forecast_1445,2025-03-02 05:00:00,5384.006669991075,5614.862007088483,3534.7920512245614
forecast_1446,2025-03-02 06:00:00,3297.87930377128,3860.0470637817416,3349.940609710148
forecast_1447,2025-03-02 07:00:00,3204.415463440492,3404.54195020187,3579.16803040357
forecast_1448,2025-03-02 08:00:00,2708.840620580603,2339.2197066973017,3200.8064586379332
forecast_1449,2025-03-02 09:00:00,3582.8739359779615,2789.892129289406,3108.199048309797
forecast_1450,2025-03-02 10:00:00,3134.2668084338816,3374.476503477178,2258.5592527259805
forecast_1451,2025-03-02 11:00:00,3619.001362119162,4722.148889842881,2989.5075212190472
forecast_1452,2025-03-02 12:00:00,4273.716348035559,4237.5894962952725,3443.8935076130947
forecast_1453,2025-03-02 13:00:00,4715.810656150114,5531.184772304204,4809.045115106676
forecast_1454,2025-03-02 14:00:00,4558.710041951248,5875.440370533438,4566.950399734302
forecast_1455,2025-03-02 15:00:00,5324.895612789721,6624.655361772749,5300.810481879304
forecast_1456,2025-03-02 16:00:00,7195.276674588815,10510.68949486666,4753.428690906406
forecast_1457,2025-03-02 17:00:00,9831.77941852874,13699.95454495123,6485.695989026161
forecast_1458,2025-03-02 18:00:00,10550.89931100498,15119.803495887707,8110.808207872751
forecast_1459,2025-03-02 19:00:00,12471.644007017941,16857.51744611204,10880.394062410422
forecast_1460,2025-03-02 20:00:00,12032.757719703215,16520.903320004843,11155.281361456731
forecast_1461,2025-03-02 21:00:00,13203.595551374458,15697.842617070924,9297.781936636045
forecast_1462,2025-03-02 22:00:00,12800.11185730659,16049.09648167785,9668.840071474835
forecast_1463,2025-03-02 23:00:00,13374.241306234322,17800.803359270867,9435.50456152323
forecast_1464,2025-03-03 00:00:00,12199.333386224525,16139.42922793562,10379.3725628959
forecast_1465,2025-03-03 01:00:00,15397.10473267634,18839.742722677525,13828.456730742617
forecast_1466,2025-03-03 02:00:00,15485.745851442904,18558.574475257796,13756.726962382709
forecast_1467,2025-03-03 03:00:00,13739.45262050217,17659.959590465318,12129.334339648165
forecast_1468,2025-03-03 04:00:00,13818.126600399723,17823.092635257264,12443.71720746933
forecast_1469,2025-03-03 05:00:00,14761.386912802174,18415.82533567848,12756.297895418547
forecast_1470,2025-03-03 06:00:00,14462.338926653056,18894.29693654584,13979.677082778051
forecast_1471,2025-03-03 07:00:00,15375.493414081231,18623.664379660313,14441.026593801162
forecast_1472,2025-03-03 08:00:00,16342.721813520444,18724.30308557957,14427.190404840543
forecast_1473,2025-03-03 09:00:00,16123.097678856699,18684.879721110887,14150.425819566244
forecast_1474,2025-03-03 10:00:00,13927.579359362613,17511.800089009885,13743.680753608385
forecast_1475,2025-03-03 11:00:00,13835.340993159718,17328.948784619603,12888.839080281368
forecast_1476,2025-03-03 12:00:00,13482.436700136219,17180.887622722556,12409.115468937778
forecast_1477,2025-03-03 13:00:00,13109.154290592347,16815.073341051706,12050.920886744927
forecast_1478,2025-03-03 14:00:00,13624.436982280089,16373.929495425322,12168.078701239558
forecast_1479,2025-03-03 15:00:00,12705.80815137036,16556.027933595964,11914.857150840857
forecast_1480,2025-03-03 16:00:00,13192.705740287505,16630.811100338437,11313.464462448126
forecast_1481,2025-03-03 17:00:00,12874.381273321336,16676.513621449216,11526.226870498855
forecast_1482,2025-03-03 18:00:00,14078.677318440983,17019.547284687986,11588.374707663732
forecast_1483,2025-03-03 19:00:00,13836.623865316202,16716.956686990954,10717.374927913974
forecast_1484,2025-03-03 20:00:00,11371.874491908788,15808.449419367582,9486.79825721019
forecast_1485,2025-03-03 21:00:00,12289.022879383683,16816.533442727457,10127.624262825593
forecast_1486,2025-03-03 22:00:00,13986.15883706303,17788.517654227835,11122.844720682062
forecast_1487,2025-03-03 23:00:00,14166.752804103215,17756.208254027893,12046.499627350531
forecast_1488,2025-03-04 00:00:00,14305.784415756767,17814.845750939166,12238.797321670716
forecast_1489,2025-03-04 01:00:00,14352.036301914713,18195.201790051877,12179.081214013673
forecast_1490,2025-03-04 02:00:00,14227.164293745966,17366.623934851545,11765.375054728003
forecast_1491,2025-03-04 03:00:00,14643.202741509524,17774.97028121266,12603.030991163094
forecast_1492,2025-03-04 04:00:00,14668.864846559647,17777.4121544049,12165.99570240915
forecast_1493,2025-03-04 05:00:00,14279.74962488768,18244.239011106245,12455.84205581429
forecast_1494,2025-03-04 06:00:00,14964.956552889067,18246.385487886768,12820.177711969045
forecast_1495,2025-03-04 07:00:00,15154.04336337371,18347.75748885786,12246.063687476519
forecast_1496,2025-03-04 08:00:00,14633.701858788898,18193.11017051276,11669.758413812027
forecast_1497,2025-03-04 09:00:00,15077.18955441927,18448.37059058485,15337.944213956742
forecast_1498,2025-03-04 10:00:00,15806.924923067423,18743.16436861094,12387.678586445856
forecast_1499,2025-03-04 11:00:00,15738.813449341242,18459.658535874376,12130.841588728414
forecast_1500,2025-03-04 12:00:00,15411.616880516181,18439.34147760633,13341.173472597018
forecast_1501,2025-03-04 13:00:00,14849.124404597558,18653.43357420987,13148.671567619698
forecast_1502,2025-03-04 14:00:00,15032.270995532393,18660.80788436683,13376.10283916099
forecast_1503,2025-03-04 15:00:00,14991.249947688997,18538.894192105297,13323.914545256248
forecast_1504,2025-03-04 16:00:00,14266.296449973815,18148.35756627236,13271.654343715503
forecast_1505,2025-03-04 17:00:00,14397.040255699183,17566.00769004509,13352.030617357395
forecast_1506,2025-03-04 18:00:00,14287.949709106108,17768.901136823166,14344.283763425678
forecast_1507,2025-03-04 19:00:00,13646.096774533848,17647.121169319034,13691.080735978572
forecast_1508,2025-03-04 20:00:00,13705.196528086608,17778.41475018117,14143.450041165179
forecast_1509,2025-03-04 21:00:00,14191.768634266888,17146.94248872102,13626.24043215279
forecast_1510,2025-03-04 22:00:00,13240.421645205166,17289.391062421422,13708.273293512048
forecast_1511,2025-03-04 23:00:00,14019.405952134626,17230.757438886794,11402.217690960111
forecast_1512,2025-03-05 00:00:00,13452.668548698684,16525.41382951788,10086.275736135101
forecast_1513,2025-03-05 01:00:00,6843.542258097653,7557.508205794189,4412.503722675009
forecast_1514,2025-03-05 02:00:00,7063.139293290424,7067.939320946574,3906.919184071687
forecast_1515,2025-03-05 03:00:00,6971.901649315166,6935.181110570841,4573.892529092735
forecast_1516,2025-03-05 04:00:00,6253.75541034433,6834.80345265711,4170.440325493718
forecast_1517,2025-03-05 05:00:00,5263.3543355306465,6341.570090893002,3682.2506780819604
forecast_1518,2025-03-05 06:00:00,5640.573619806327,7536.858067674845,3617.687023196607
forecast_1519,2025-03-05 07:00:00,5415.617167194715,6919.462874187245,3762.547270005063
forecast_1520,2025-03-05 08:00:00,4918.233525233052,5452.012598853046,3772.285821172313
forecast_1521,2025-03-05 09:00:00,3561.1715787989424,3563.666119904458,2864.174206177799
forecast_1522,2025-03-05 10:00:00,3604.8484165346226,3292.2989420715803,3836.5391741843982
forecast_1523,2025-03-05 11:00:00,3248.646440837442,3724.2483842816837,4235.27503828033
forecast_1524,2025-03-05 12:00:00,3371.074747018445,4361.40770558992,4332.765579020229
forecast_1525,2025-03-05 13:00:00,3221.290966812015,4122.838035631509,4176.779415110353
forecast_1526,2025-03-05 14:00:00,3276.0307924560834,3760.0415954941645,3902.7360208181726
forecast_1527,2025-03-05 15:00:00,3226.656570714249,3723.4388221207137,4066.109427604444
forecast_1528,2025-03-05 16:00:00,3901.52575055848,4209.388368024522,4690.141347547815
forecast_1529,2025-03-05 17:00:00,3863.1228948048088,4349.925495643462,4257.088842783017
forecast_1530,2025-03-05 18:00:00,3420.2981637175717,4380.591249507287,4032.4263654919987
forecast_1531,2025-03-05 19:00:00,3106.931896305577,2739.7530911285216,3828.5127588844116
forecast_1532,2025-03-05 20:00:00,3580.156577121252,3107.8204631217723,3667.7976415107805
forecast_1533,2025-03-05 21:00:00,3876.078092141705,3505.347341998989,3534.437583169349
forecast_1534,2025-03-05 22:00:00,3982.3538940603653,3920.996155105106,3485.5560324819126
forecast_1535,2025-03-05 23:00:00,4059.642630604929,3431.862178186959,3348.069668692047
forecast_1536,2025-03-06 00:00:00,4065.543202875041,3560.4412515578383,4100.959323910141
forecast_1537,2025-03-06 01:00:00,3645.1787554544057,3582.667281569805,3651.5234428824383
forecast_1538,2025-03-06 02:00:00,3584.5857334221937,2730.725456233048,3767.0263275909847
forecast_1539,2025-03-06 03:00:00,3404.509588823735,2612.444985921722,3550.1985977410404
forecast_1540,2025-03-06 04:00:00,3352.3384901753316,3620.902736914446,3880.6395438091618
forecast_1541,2025-03-06 05:00:00,3716.5925376975447,3651.5111328949424,3626.461099787826
forecast_1542,2025-03-06 06:00:00,3727.419295612215,3551.5178576148155,3493.1840484813465
forecast_1543,2025-03-06 07:00:00,3631.366942861092,3357.63766550755,4029.558591922158
forecast_1544,2025-03-06 08:00:00,3084.8476774505716,3639.0506699779753,3755.7992617380896
forecast_1545,2025-03-06 09:00:00,3648.597515853153,3679.15202161294,3218.054796343347
forecast_1546,2025-03-06 10:00:00,3445.81883805088,3698.3207215640145,3121.7417475600264
forecast_1547,2025-03-06 11:00:00,2795.0339799188214,3200.339033618904,3081.9713974258207
forecast_1548,2025-03-06 12:00:00,2933.022108692485,3772.1889310446354,3608.9027773140497
forecast_1549,2025-03-06 13:00:00,3286.229996020159,3139.4062546980635,3182.0683060178876
forecast_1550,2025-03-06 14:00:00,3360.2268098763398,3471.0512473798913,2713.393597343093
forecast_1551,2025-03-06 15:00:00,3285.5246476762804,3618.911155214484,2659.9079255558845
forecast_1552,2025-03-06 16:00:00,2682.8789938958366,3131.904807545682,3094.318687239048
forecast_1553,2025-03-06 17:00:00,2714.9739888191234,3088.751003152817,3431.0584541771077
forecast_1554,2025-03-06 18:00:00,2740.0483120389076,3559.5228965473525,3349.054839329424
forecast_1555,2025-03-06 19:00:00,2822.6056149742476,3093.1399976783973,2827.45257689737
forecast_1556,2025-03-06 20:00:00,3181.492651982668,3479.945212995002,2811.593929806125
forecast_1557,2025-03-06 21:00:00,3738.036820434936,3580.6759028509027,3886.613364382651
forecast_1558,2025-03-06 22:00:00,3611.921278406255,3817.513279418559,3633.553624306098
forecast_1559,2025-03-06 23:00:00,2977.023915042234,3390.7662863942887,3343.3490210381337
forecast_1560,2025-03-07 00:00:00,2981.5864385956093,3810.428206676008,3251.570975822935
forecast_1561,2025-03-07 01:00:00,3779.4880569969605,3068.9787385684813,2996.535926407282
forecast_1562,2025-03-07 02:00:00,3884.2488247369247,3908.954749684109,3425.312689678704
forecast_1563,2025-03-07 03:00:00,3322.9691000102725,2614.544956220805,3410.1742394768953
forecast_1564,2025-03-07 04:00:00,3338.0083105804915,3193.7049979275157,3598.0208427745993
forecast_1565,2025-03-07 05:00:00,3618.890538879341,3667.531949005282,3910.037974651391
forecast_1566,2025-03-07 06:00:00,3762.865816297756,3235.613616936317,3790.095960753556
forecast_1567,2025-03-07 07:00:00,3606.7485715998127,3234.8689832325995,3225.3937665495764
forecast_1568,2025-03-07 08:00:00,3685.7147196300816,4205.690931196996,3554.1328803919746
forecast_1569,2025-03-07 09:00:00,3089.1803835274986,3033.6817236132883,3338.808049893977
forecast_1570,2025-03-07 10:00:00,3783.889754260199,3868.1192248065763,3017.982526704995
forecast_1571,2025-03-07 11:00:00,3598.3851964651376,3568.454146034165,3452.402925049087
forecast_1572,2025-03-07 12:00:00,3980.0415529128577,4197.373537293963,3288.113581301559
forecast_1573,2025-03-07 13:00:00,4046.1158867332388,3864.6662867225896,3605.6667961496387
forecast_1574,2025-03-07 14:00:00,3944.2194020487236,3216.5560284543762,3296.464588393062
forecast_1575,2025-03-07 15:00:00,3088.0420222642706,2971.328068173096,3240.2581995436517
forecast_1576,2025-03-07 16:00:00,2900.188401815063,2858.6116629387416,3824.9615159015593
forecast_1577,2025-03-07 17:00:00,3145.6465368189465,3456.743222521726,3744.924059313022
forecast_1578,2025-03-07 18:00:00,3331.243805633705,3381.4543621643443,3844.3495181777744
forecast_1579,2025-03-07 19:00:00,3284.661561580255,3595.1929865374063,3252.276268515864
forecast_1580,2025-03-07 20:00:00,3126.0286124213526,3244.45672433676,3699.424706339696
forecast_1581,2025-03-07 21:00:00,3616.4167459294995,3068.5265343326587,4142.806870547903
forecast_1582,2025-03-07 22:00:00,3021.89408407847,3125.4751697587662,4071.8870679714983
forecast_1583,2025-03-07 23:00:00,3345.030093974436,3002.2291141964374,3703.3029826476272
forecast_1584,2025-03-08 00:00:00,3022.2986653853463,3074.968250570825,3223.1284855272456
forecast_1585,2025-03-08 01:00:00,2919.3158815581414,2908.7294483632227,3253.370887257244
forecast_1586,2025-03-08 02:00:00,3084.664118189818,4275.979153475009,2318.796327135425
forecast_1587,2025-03-08 03:00:00,4070.1865862873,5714.823994553082,2737.614871986305
forecast_1588,2025-03-08 04:00:00,5344.145639800015,7470.1286172594955,2346.1492064599474
forecast_1589,2025-03-08 05:00:00,6778.040202657638,7275.889623000821,3067.974867162612
forecast_1590,2025-03-08 06:00:00,5826.686394133737,7421.662662184743,3016.642886894177
forecast_1591,2025-03-08 07:00:00,5630.067996893277,7739.384951408275,3803.2037558166267
forecast_1592,2025-03-08 08:00:00,5896.325882334881,7461.440666483676,3948.5365884903636
forecast_1593,2025-03-08 09:00:00,5928.594170146071,6610.997018805361,3870.0287184219997
forecast_1594,2025-03-08 10:00:00,6470.3029517321565,6277.697033878326,4356.571613125462
forecast_1595,2025-03-08 11:00:00,5061.209547649695,5663.917377974952,4187.146454011585
forecast_1596,2025-03-08 12:00:00,4758.907653153576,6292.908577738251,4323.388298221799
forecast_1597,2025-03-08 13:00:00,5364.299310987652,5935.7075665884595,4347.6719156218305
forecast_1598,2025-03-08 14:00:00,5899.975084527893,6474.749879741719,6111.154889551823
forecast_1599,2025-03-08 15:00:00,7226.786238231962,7496.624256339173,6918.516462262873
forecast_1600,2025-03-08 16:00:00,9751.53600067093,9514.375380455693,7115.032354045069
forecast_1601,2025-03-08 17:00:00,9733.351736800585,7013.998165755329,7603.18144948534
forecast_1602,2025-03-08 18:00:00,9910.68435872301,8239.518130314425,7695.000131354741
forecast_1603,2025-03-08 19:00:00,11494.26847176202,9190.598720659556,8287.698086394692
forecast_1604,2025-03-08 20:00:00,9461.413099882484,12200.176492568882,7497.757966961572
forecast_1605,2025-03-08 21:00:00,10181.487003792756,10866.942029100881,7927.995686300109
forecast_1606,2025-03-08 22:00:00,13089.904100754855,12903.163416658606,9430.148327292663
forecast_1607,2025-03-08 23:00:00,8991.726117506512,12046.887644342267,9853.24684438919
forecast_1608,2025-03-09 00:00:00,9408.222894322747,13174.95235444511,8834.722275819493
forecast_1609,2025-03-09 01:00:00,6976.719621214739,9325.707906444495,6433.137614298768
forecast_1610,2025-03-09 02:00:00,7668.788942502234,9307.113131661961,6708.300126698363
forecast_1611,2025-03-09 03:00:00,7471.291093009281,8904.671730918486,5535.320892168229
forecast_1612,2025-03-09 04:00:00,6052.284879786957,6560.1003444692315,4924.427153125868
forecast_1613,2025-03-09 05:00:00,5072.803715837103,4619.336844834878,4100.27234644931
forecast_1614,2025-03-09 06:00:00,4700.056713368141,4430.685757881901,4240.176795536474
forecast_1615,2025-03-09 07:00:00,5235.881870906449,4562.982553868858,4614.771046212143
forecast_1616,2025-03-09 08:00:00,4333.467536084878,3534.2379094014536,3743.1334347364013
forecast_1617,2025-03-09 09:00:00,3814.035056172704,3485.705631832535,3882.7225818022316
forecast_1618,2025-03-09 10:00:00,4092.2065451064755,4274.249098282991,4303.893138740404
forecast_1619,2025-03-09 11:00:00,4038.0877733429825,4069.79512310023,3467.5656868932047
forecast_1620,2025-03-09 12:00:00,3388.80466034009,3338.5900961311636,3251.412820665535
forecast_1621,2025-03-09 13:00:00,3770.2471524642383,3593.232976262021,3292.5562017456014
forecast_1622,2025-03-09 14:00:00,3595.478164409277,2946.442088614397,3182.346339760813
forecast_1623,2025-03-09 15:00:00,3633.981594243597,3388.3489609673766,3238.2413740791017
forecast_1624,2025-03-09 16:00:00,3928.1223389469105,3536.8902785719292,3404.8102120294557
forecast_1625,2025-03-09 17:00:00,3338.1744488216846,3286.0043561898183,3688.143245416225
forecast_1626,2025-03-09 18:00:00,4111.330370920854,3302.791490495001,4234.748824767674
forecast_1627,2025-03-09 19:00:00,4231.280888932921,3942.91588052731,4212.852052583802
forecast_1628,2025-03-09 20:00:00,4110.920582417563,3698.607209039627,3952.5542103343337
forecast_1629,2025-03-09 21:00:00,3729.09003002893,3450.3163977941617,4299.243708772185
forecast_1630,2025-03-09 22:00:00,3429.4129016153324,3264.970041091179,4207.061296044566
forecast_1631,2025-03-09 23:00:00,3765.7492308229325,3133.135997967272,3088.487395024414
forecast_1632,2025-03-10 00:00:00,3809.193119239508,4327.267404241282,3405.1715665554166
forecast_1633,2025-03-10 01:00:00,6038.8498911847355,7136.598117970947,4086.3433548174153
forecast_1634,2025-03-10 02:00:00,8092.604648010588,9096.84345654991,5660.2637321053735
forecast_1635,2025-03-10 03:00:00,7484.875289110132,11379.680991261099,5701.653904302145
forecast_1636,2025-03-10 04:00:00,7288.182699988434,12283.20321613713,5105.23924327274
forecast_1637,2025-03-10 05:00:00,6188.350506749151,7962.635168384502,3882.727519822436
forecast_1638,2025-03-10 06:00:00,9275.54306537981,8373.831544162495,5757.515122172698
forecast_1639,2025-03-10 07:00:00,13550.792000941958,11564.411440333724,5474.39491277914
forecast_1640,2025-03-10 08:00:00,11852.186945105619,12240.61540418505,6233.413097457405
forecast_1641,2025-03-10 09:00:00,7893.169257644628,6581.211969630009,5515.237919413649
forecast_1642,2025-03-10 10:00:00,4329.515106632991,4238.179974999728,4111.698430752733
forecast_1643,2025-03-10 11:00:00,4538.265450950197,4578.134491174173,4234.202152451034
forecast_1644,2025-03-10 12:00:00,4144.899002769054,4409.9110625163,4377.31169944087
forecast_1645,2025-03-10 13:00:00,4841.803022747223,4317.249423414699,4641.54010023678
forecast_1646,2025-03-10 14:00:00,4494.000303867786,4374.398499103899,4180.502725860811
forecast_1647,2025-03-10 15:00:00,5070.0095693893145,6023.860635336407,4017.8718243595426
forecast_1648,2025-03-10 16:00:00,5815.2911007116,5958.35452004532,4820.161206298675
forecast_1649,2025-03-10 17:00:00,5757.350081182482,6032.372856843814,4660.352910516571
forecast_1650,2025-03-10 18:00:00,5377.240165827143,6201.755728526686,4612.083306355817
forecast_1651,2025-03-10 19:00:00,6512.8710327644185,8581.714313125625,6001.931798654328
forecast_1652,2025-03-10 20:00:00,10810.650625970378,10869.592197631588,6767.338780479987
forecast_1653,2025-03-10 21:00:00,11057.380656469928,12327.986636054815,8340.758990072572
forecast_1654,2025-03-10 22:00:00,15680.166782492888,14778.914753952198,13028.92544766508
forecast_1655,2025-03-10 23:00:00,17581.386675358168,17251.807165164813,18240.869745754797
forecast_1656,2025-03-11 00:00:00,19097.378880159187,18164.431503841188,19354.601904794574
forecast_1657,2025-03-11 01:00:00,18967.912909028135,18448.233427207448,15231.479473943085
forecast_1658,2025-03-11 02:00:00,18829.636479487686,18421.58507168064,16745.738245995235
forecast_1659,2025-03-11 03:00:00,19283.609587640338,19638.677200628972,16467.273420252623
forecast_1660,2025-03-11 04:00:00,19497.799035712404,19578.051549373347,19427.79394869497
forecast_1661,2025-03-11 05:00:00,19415.575991712845,18460.27052758539,17298.839668256616
forecast_1662,2025-03-11 06:00:00,18259.069791142098,16570.921096058835,15575.343823420046
forecast_1663,2025-03-11 07:00:00,17301.727503797356,13982.085264488596,12038.570976335432
forecast_1664,2025-03-11 08:00:00,11595.721709883903,9885.172191136158,8274.366437281698
forecast_1665,2025-03-11 09:00:00,5721.851020133665,4321.066384381539,4051.796408605652
forecast_1666,2025-03-11 10:00:00,3912.9202697858686,3705.1568299301166,3160.0855756929686
forecast_1667,2025-03-11 11:00:00,3620.7462164892063,4036.1576962637064,3304.770570893785
forecast_1668,2025-03-11 12:00:00,4174.187376999669,3446.667480805065,3106.9902222836863
forecast_1669,2025-03-11 13:00:00,3371.426981006057,2727.877621553098,3304.566386229293
forecast_1670,2025-03-11 14:00:00,2549.7672448356866,3496.571717742114,2938.7361440775985
forecast_1671,2025-03-11 15:00:00,3471.314224876976,3607.3963231410908,3000.979683021057
forecast_1672,2025-03-11 16:00:00,3549.075190569112,3718.013600148315,3887.43392809053
forecast_1673,2025-03-11 17:00:00,3773.3468120361276,3962.8486763924093,3657.369372018473
forecast_1674,2025-03-11 18:00:00,3596.8619664446787,3430.1305783857033,2997.0404394877646
forecast_1675,2025-03-11 19:00:00,3639.7393751853797,5910.25864580716,3784.5953154113554
forecast_1676,2025-03-11 20:00:00,6950.959504748748,6826.307498056909,5415.1189629657665
forecast_1677,2025-03-11 21:00:00,10088.173736718172,10328.58062723543,8363.809938902654
forecast_1678,2025-03-11 22:00:00,10687.421402215916,13641.552455721332,9224.297486967776
forecast_1679,2025-03-11 23:00:00,18943.552607733283,17046.44751015534,14536.616366579394
forecast_1680,2025-03-12 00:00:00,19425.463337521207,18648.18438551974,18607.821159637868
forecast_1681,2025-03-12 01:00:00,16418.368418163955,16814.049000460844,15066.601232599687
forecast_1682,2025-03-12 02:00:00,17080.38145866981,17526.9598722094,14981.833058671125
forecast_1683,2025-03-12 03:00:00,12319.736541472808,14928.521437012778,11703.884977093468
forecast_1684,2025-03-12 04:00:00,14127.462178989988,17007.599217453255,13123.569428048871
forecast_1685,2025-03-12 05:00:00,16815.68408882482,17675.13127274908,13285.215049553357
forecast_1686,2025-03-12 06:00:00,17850.19607604103,19130.145130896406,19296.466294442176
forecast_1687,2025-03-12 07:00:00,19485.918458743636,19203.66456999496,19921.619794975097
forecast_1688,2025-03-12 08:00:00,19825.939645289094,19491.9081814344,19671.98052997663
forecast_1689,2025-03-12 09:00:00,19332.52146469419,19209.059856496173,19275.002557784235
forecast_1690,2025-03-12 10:00:00,19014.35483675478,18752.14130251088,18892.741522033164
forecast_1691,2025-03-12 11:00:00,18782.007838079066,18470.14517381642,17317.61929435478
forecast_1692,2025-03-12 12:00:00,17160.138463551477,17326.556387630753,16058.352788295535
forecast_1693,2025-03-12 13:00:00,17527.24872898028,18457.378506544206,17452.601321545066
forecast_1694,2025-03-12 14:00:00,18183.29204970898,18548.233594768222,17824.559299227712
forecast_1695,2025-03-12 15:00:00,18256.19201210607,19325.65664273346,18411.85226977278
forecast_1696,2025-03-12 16:00:00,19010.08939587061,19439.44395283026,18903.876410036533
forecast_1697,2025-03-12 17:00:00,18842.042645843067,19048.17893904798,18941.008165994484
forecast_1698,2025-03-12 18:00:00,18985.51463822764,18831.25614328001,18549.677495035063
forecast_1699,2025-03-12 19:00:00,17929.68389829075,18344.268048267048,18405.400058055984
forecast_1700,2025-03-12 20:00:00,16633.193311429357,18094.743446119603,16962.412805480613
forecast_1701,2025-03-12 21:00:00,15116.08638830947,16573.296410769675,15289.605793351111
forecast_1702,2025-03-12 22:00:00,13131.511734873064,13995.312402871794,13894.065556614807
forecast_1703,2025-03-12 23:00:00,11617.808968238376,14513.488912338025,12572.676778653813
forecast_1704,2025-03-13 00:00:00,11123.919123460144,13698.605371466712,12439.659148748784
forecast_1705,2025-03-13 01:00:00,12025.406074379978,13729.414985480584,12327.893083817078
forecast_1706,2025-03-13 02:00:00,14045.476536675751,14531.838765434273,12325.79802358227
forecast_1707,2025-03-13 03:00:00,13140.62609083173,15895.007133747586,12012.074813833173
forecast_1708,2025-03-13 04:00:00,14587.853949549602,16499.493926051102,13896.475662258346
forecast_1709,2025-03-13 05:00:00,13425.562612119142,16215.047965497848,11097.220468825064
forecast_1710,2025-03-13 06:00:00,13351.907931829122,14947.726299568101,10149.695104639317
forecast_1711,2025-03-13 07:00:00,11339.532038840196,14149.351774632376,9498.139396669692
forecast_1712,2025-03-13 08:00:00,10319.736657488338,13043.4683184405,8083.744211922371
forecast_1713,2025-03-13 09:00:00,10366.48969036828,13528.530400133192,7883.085714977366
forecast_1714,2025-03-13 10:00:00,8569.507473506023,8696.79633724829,4872.8819682505255
forecast_1715,2025-03-13 11:00:00,4894.393521461613,6373.15950567648,3748.8712773001334
forecast_1716,2025-03-13 12:00:00,3812.9967330401532,3864.9861893739862,3297.568890617302
forecast_1717,2025-03-13 13:00:00,4712.840901470503,3719.523412566268,3308.6373251181894
forecast_1718,2025-03-13 14:00:00,4278.190526519886,4535.884542045415,3961.7067417864755
forecast_1719,2025-03-13 15:00:00,3997.1667716068723,3075.6857656345487,4068.5460528831845
forecast_1720,2025-03-13 16:00:00,3902.8621590853045,4402.397804642002,4372.622871088066
forecast_1721,2025-03-13 17:00:00,4063.401660076642,4552.0809272407405,4028.8096386196116
forecast_1722,2025-03-13 18:00:00,3797.5509153959147,3594.612617838591,4054.405009437241
forecast_1723,2025-03-13 19:00:00,3594.0743918078256,3598.8926143922135,3656.834011240356
forecast_1724,2025-03-13 20:00:00,3684.191142561154,4042.9048833605643,3581.222865168823
forecast_1725,2025-03-13 21:00:00,4113.176222765553,4524.40235145698,3019.8259323691827
forecast_1726,2025-03-13 22:00:00,3995.840886961988,4006.3797465760094,3097.3410931871035
forecast_1727,2025-03-13 23:00:00,3440.364516514612,4149.850619244679,3297.5639075741897
forecast_1728,2025-03-14 00:00:00,3575.412035035697,3731.5161153650056,2773.780949318482
forecast_1729,2025-03-14 01:00:00,3521.0451823815074,3461.965162383776,2937.5522799711275
forecast_1730,2025-03-14 02:00:00,3298.451816281715,3344.5873751747017,4404.310677508682
forecast_1731,2025-03-14 03:00:00,3439.586512948193,3527.4198996159794,4268.439482668428
forecast_1732,2025-03-14 04:00:00,3010.638954674529,2676.127482339269,3487.418115867341
forecast_1733,2025-03-14 05:00:00,2757.692119398757,3747.346007829544,3640.696131214024
forecast_1734,2025-03-14 06:00:00,3119.759210966577,3547.1008821715814,3388.186272918525
forecast_1735,2025-03-14 07:00:00,2736.066075901548,3608.9561473923195,3283.199100478505
forecast_1736,2025-03-14 08:00:00,3235.46180107081,3576.217700865266,3646.610134597253
forecast_1737,2025-03-14 09:00:00,3025.25808887765,3900.8574555100654,3106.7706205074523
forecast_1738,2025-03-14 10:00:00,3042.8700091402916,3770.9315503972393,3292.88199335166
forecast_1739,2025-03-14 11:00:00,3208.379562625694,3738.5518954564036,3484.3363451607947
forecast_1740,2025-03-14 12:00:00,3139.5273080811776,3775.6533753963945,3873.661218020479
forecast_1741,2025-03-14 13:00:00,4126.578360394358,4066.636053242263,4593.501191728323
forecast_1742,2025-03-14 14:00:00,4496.741179295414,3876.927692304069,4296.572251671825
forecast_1743,2025-03-14 15:00:00,4343.2323585086015,4051.157585399616,4020.506938785382
forecast_1744,2025-03-14 16:00:00,4595.721879101808,4457.926009305932,4379.661914140526
forecast_1745,2025-03-14 17:00:00,4384.147732036094,4241.801870789041,4570.716844066907
forecast_1746,2025-03-14 18:00:00,4013.355048862457,3975.889779828759,4338.481986029395
forecast_1747,2025-03-14 19:00:00,3493.001085560761,3621.260597599514,4163.722460315699
forecast_1748,2025-03-14 20:00:00,3504.112895656475,2633.8857740444473,3522.6114974188104
forecast_1749,2025-03-14 21:00:00,3294.207128055968,2354.806240418329,3779.125985594407
forecast_1750,2025-03-14 22:00:00,3658.146948095533,2406.9687862351525,3477.5502417631706
forecast_1751,2025-03-14 23:00:00,4043.5338456437767,2378.4222413022744,3005.4646370741125
forecast_1752,2025-03-15 00:00:00,3663.0144781778768,2804.0540782542175,3027.155717363323
forecast_1753,2025-03-15 01:00:00,4929.180064607709,3860.456545026923,2660.2406835282172
forecast_1754,2025-03-15 02:00:00,5611.736935019521,3582.703818144283,2850.095128277761
forecast_1755,2025-03-15 03:00:00,4659.951304776577,3696.461822882346,2669.409229814083
forecast_1756,2025-03-15 04:00:00,4662.377776843524,4152.893992403318,2763.2593090655027
forecast_1757,2025-03-15 05:00:00,4870.593659073987,5402.670877479536,2789.9749000079973
forecast_1758,2025-03-15 06:00:00,5832.788597682692,5422.769472928394,3451.5710499174093
forecast_1759,2025-03-15 07:00:00,6059.168995088725,5678.5635412848305,3577.3476240587947
forecast_1760,2025-03-15 08:00:00,6600.570414627193,10906.832300677424,4028.6473869230513
forecast_1761,2025-03-15 09:00:00,5438.10905246448,11376.437576074379,4107.83228963377
forecast_1762,2025-03-15 10:00:00,4553.979234289533,11161.197453674393,3903.0889643236824
forecast_1763,2025-03-15 11:00:00,4731.5490633869595,11421.991341849356,4149.773857532468
forecast_1764,2025-03-15 12:00:00,6226.989946523172,9647.308131676817,3785.552278471525
forecast_1765,2025-03-15 13:00:00,5661.405996889555,7084.609437741361,4513.379813332035
forecast_1766,2025-03-15 14:00:00,4837.324533588359,5900.840836571709,3475.570112630999
forecast_1767,2025-03-15 15:00:00,3520.566334089091,3937.259414815637,3055.254471265959
forecast_1768,2025-03-15 16:00:00,3260.534098060121,3373.888815424055,3325.4118300776618
forecast_1769,2025-03-15 17:00:00,3266.4525020722367,3589.682424324973,2353.4844813150758
forecast_1770,2025-03-15 18:00:00,2825.1836624959487,3300.4655655360293,2139.8000117693236
forecast_1771,2025-03-15 19:00:00,3333.404500393365,3743.4976787301184,2553.9417010212214
forecast_1772,2025-03-15 20:00:00,3519.4785611249636,3837.0817933795825,3926.9209736977155
forecast_1773,2025-03-15 21:00:00,3267.4941119196938,4123.190277240159,3200.669883939323
forecast_1774,2025-03-15 22:00:00,3705.145557139431,3279.783359784831,2604.1533014443553
forecast_1775,2025-03-15 23:00:00,3533.8483606644963,3237.3082961523337,3536.7377474166033
forecast_1776,2025-03-16 00:00:00,3202.846172847567,3383.842770981658,4445.820323083231
forecast_1777,2025-03-16 01:00:00,2511.2558438715773,2505.2165675934953,3636.757653712074
forecast_1778,2025-03-16 02:00:00,3364.3810630917887,3311.1042042877493,3756.3609738389096
forecast_1779,2025-03-16 03:00:00,3073.190035840923,3436.902434691354,3647.197057879538
forecast_1780,2025-03-16 04:00:00,3368.7973107509224,3720.7065517034202,3964.0873557313193
forecast_1781,2025-03-16 05:00:00,3178.5425062673853,4269.986402477511,3898.7470153245595
forecast_1782,2025-03-16 06:00:00,3537.7593791958366,3734.3283988304015,4076.808515185936
forecast_1783,2025-03-16 07:00:00,3299.3510614446704,3288.1140202130237,3802.049524939398
forecast_1784,2025-03-16 08:00:00,3609.6074436961244,3622.1340866013174,4347.01106889288
forecast_1785,2025-03-16 09:00:00,3926.4932472093215,3491.3097822669642,4598.368014151451
forecast_1786,2025-03-16 10:00:00,4020.3014338599146,3338.8337767228436,4100.205409743694
forecast_1787,2025-03-16 11:00:00,3239.415374640589,3389.6681404605797,4054.868237001319
forecast_1788,2025-03-16 12:00:00,3261.823032406415,3270.288873828289,2987.91094407237
forecast_1789,2025-03-16 13:00:00,3265.256606968561,3421.429036230414,3066.8645691834236
forecast_1790,2025-03-16 14:00:00,3824.1243691025784,5245.047406460387,4431.891575959451
forecast_1791,2025-03-16 15:00:00,6055.031199243521,8722.278377238852,5373.839690352747
forecast_1792,2025-03-16 16:00:00,7499.059081150776,9717.372420937118,8055.407677948702
forecast_1793,2025-03-16 17:00:00,8054.300622982077,10417.21837184625,11323.16242393738
forecast_1794,2025-03-16 18:00:00,13720.511235861408,10988.825189670268,7657.497141384225
forecast_1795,2025-03-16 19:00:00,14542.057039740563,11598.861249842374,8647.222041846986
forecast_1796,2025-03-16 20:00:00,13950.696410161343,16134.18810132472,12462.666623575638
forecast_1797,2025-03-16 21:00:00,13628.777340105436,16169.087862760678,12503.777143673722
forecast_1798,2025-03-16 22:00:00,13441.176630091551,15929.978326404373,9534.483440322107
forecast_1799,2025-03-16 23:00:00,10217.164320815182,14722.890340711196,10703.898810381868
forecast_1800,2025-03-17 00:00:00,9658.700436024106,11197.512528111243,9089.391604805718
forecast_1801,2025-03-17 01:00:00,12661.878806478015,14635.031217555836,11452.489932550181
forecast_1802,2025-03-17 02:00:00,10571.76274503071,16105.139944921704,15751.297174622832
forecast_1803,2025-03-17 03:00:00,14232.59655157911,16684.268703539252,13350.084628842367
forecast_1804,2025-03-17 04:00:00,11108.734382879096,9085.889002797321,10145.215637422356
forecast_1805,2025-03-17 05:00:00,10185.14862498891,7558.980412031897,7733.1879093105135
forecast_1806,2025-03-17 06:00:00,7962.2365494728265,7558.992008382525,6351.657681876745
forecast_1807,2025-03-17 07:00:00,6913.0843588523585,5455.364576995266,4920.225421537085
forecast_1808,2025-03-17 08:00:00,4510.015125584017,3767.115216713574,3586.2980280969177
forecast_1809,2025-03-17 09:00:00,4105.033104164793,4601.7273834905545,4136.352681358656
forecast_1810,2025-03-17 10:00:00,3858.38479341434,3927.1947836855084,4436.83546998133
forecast_1811,2025-03-17 11:00:00,4778.035853955528,4464.935911684151,3819.404619654617
forecast_1812,2025-03-17 12:00:00,4696.783173848772,5111.099960763072,3963.2399825623943
forecast_1813,2025-03-17 13:00:00,7598.767519759125,8823.656470052196,5334.559750107876
forecast_1814,2025-03-17 14:00:00,8190.544905947998,10580.898875025803,7579.799083756202
forecast_1815,2025-03-17 15:00:00,10727.427318052212,8797.007289590265,7752.763766412512
forecast_1816,2025-03-17 16:00:00,11245.0528192961,8433.638845311083,7771.474137905587
forecast_1817,2025-03-17 17:00:00,10429.817022868197,9065.43707399702,7214.667966527535
forecast_1818,2025-03-17 18:00:00,9637.902871945613,8374.761912752738,6150.335360456936
forecast_1819,2025-03-17 19:00:00,9801.371435853103,8866.262270780042,8760.192060903366
forecast_1820,2025-03-17 20:00:00,12980.842654108334,11385.088477358435,8602.99134285701
forecast_1821,2025-03-17 21:00:00,10965.994517953819,14877.1938541341,7115.915368807586
forecast_1822,2025-03-17 22:00:00,10435.133103513232,16571.330349028518,8888.657814821167
forecast_1823,2025-03-17 23:00:00,9979.402618347074,12106.290011796513,7504.710318920249
forecast_1824,2025-03-18 00:00:00,8156.3143739381985,14725.954727431963,4656.176169980966
forecast_1825,2025-03-18 01:00:00,8666.597395006673,14707.487567931563,5305.744111472875
forecast_1826,2025-03-18 02:00:00,5551.121999354898,9851.326750798908,5775.236354570239
forecast_1827,2025-03-18 03:00:00,4766.415668615197,8253.356590791795,4670.331415045615
forecast_1828,2025-03-18 04:00:00,4149.225363512053,4548.791586874732,4220.359694267874
forecast_1829,2025-03-18 05:00:00,4237.591183268201,5104.588714942001,3870.9886061321795
forecast_1830,2025-03-18 06:00:00,3646.8412632908903,3722.4190955079994,4582.721646429704
forecast_1831,2025-03-18 07:00:00,3827.0201009776397,4146.7334357627315,4163.725835087772
forecast_1832,2025-03-18 08:00:00,3643.8648649492825,4243.916433130296,3971.9559347003897
forecast_1833,2025-03-18 09:00:00,4562.293337036626,4433.861566430716,3780.174116319637
forecast_1834,2025-03-18 10:00:00,3674.9813023126835,4077.6248124370914,3724.9579726314532
forecast_1835,2025-03-18 11:00:00,3292.7116030023562,3243.145786475124,3136.1204793429915
forecast_1836,2025-03-18 12:00:00,3665.606936483328,4074.9619186493965,3544.893622590831
forecast_1837,2025-03-18 13:00:00,3812.3632908001864,4363.254597218931,4284.865537356916
forecast_1838,2025-03-18 14:00:00,4672.956511983769,3760.3487620068577,3286.9178287196355
forecast_1839,2025-03-18 15:00:00,6400.210152908669,5396.230204972519,4356.011134624895
forecast_1840,2025-03-18 16:00:00,10617.102931680816,12225.268524686999,8607.247642245813
forecast_1841,2025-03-18 17:00:00,13191.011803972713,14547.95721541986,11121.242251429843
forecast_1842,2025-03-18 18:00:00,13324.394826095595,14357.905999971937,12028.449481544149
forecast_1843,2025-03-18 19:00:00,14043.854650132285,15702.0848068258,13202.048366801553
forecast_1844,2025-03-18 20:00:00,15994.080791899805,16138.781239538863,12895.981056949504
forecast_1845,2025-03-18 21:00:00,11494.543885314348,13032.615426137436,10551.921429601014
forecast_1846,2025-03-18 22:00:00,9690.497072607202,7839.037833911109,6655.285063111303
forecast_1847,2025-03-18 23:00:00,7122.094109286684,7798.127810249963,5521.176510548395
forecast_1848,2025-03-19 00:00:00,5323.175616086244,4556.104874852005,4385.644788299041
forecast_1849,2025-03-19 01:00:00,4337.542887103353,3823.4850624209844,3474.6520616703456
forecast_1850,2025-03-19 02:00:00,3851.4051031201802,3812.7931600264915,3784.956540738616
forecast_1851,2025-03-19 03:00:00,4095.1114692575034,3895.0203918514107,3707.7938153193422
forecast_1852,2025-03-19 04:00:00,4112.094421208945,3943.1012902338393,3432.870084124771
forecast_1853,2025-03-19 05:00:00,4157.001171092916,3703.9867072028414,3916.1564332309326
forecast_1854,2025-03-19 06:00:00,4158.863659434329,3821.1323279086073,3924.4710587457357
forecast_1855,2025-03-19 07:00:00,4832.842534854128,4772.9981911016575,4595.890630782043
forecast_1856,2025-03-19 08:00:00,6185.9232931914175,5654.288620963523,5315.459009549135
forecast_1857,2025-03-19 09:00:00,5928.898336985499,6146.378706958958,5216.563354954238
forecast_1858,2025-03-19 10:00:00,5373.749690415532,6013.51277529794,4509.779414963627
forecast_1859,2025-03-19 11:00:00,6664.77809542356,6221.779722960985,5823.109351002247
forecast_1860,2025-03-19 12:00:00,7351.141731226665,7895.400156229571,6678.3232804079125
forecast_1861,2025-03-19 13:00:00,10181.033771681236,8804.288995984472,8000.932317606848
forecast_1862,2025-03-19 14:00:00,9004.681156090275,7120.59918678917,6747.718357496698
forecast_1863,2025-03-19 15:00:00,9581.50645146099,9500.135028186562,7763.1991315615205
forecast_1864,2025-03-19 16:00:00,11416.805570614173,10057.298374529164,7852.195949342169
forecast_1865,2025-03-19 17:00:00,11152.368731259327,10040.772465604345,8694.324725178274
forecast_1866,2025-03-19 18:00:00,13462.82638210248,12730.917970073167,9106.7622351092
forecast_1867,2025-03-19 19:00:00,13332.356851618646,13747.187011021402,13074.876759136645
forecast_1868,2025-03-19 20:00:00,14936.41527728035,14508.299942025162,14568.038308774225
forecast_1869,2025-03-19 21:00:00,15966.139007671087,17892.64391689787,16173.889203299852
forecast_1870,2025-03-19 22:00:00,16971.324456217655,19130.658116736344,17466.91490746988
forecast_1871,2025-03-19 23:00:00,14815.674475915155,18878.085202326984,16137.108632591773
forecast_1872,2025-03-20 00:00:00,17493.869438855974,19374.994757214394,17456.449272493126
forecast_1873,2025-03-20 01:00:00,16961.42186552168,18385.953522927666,16039.330280851533
forecast_1874,2025-03-20 02:00:00,18047.77730870847,18905.03885836665,18002.96416451729
forecast_1875,2025-03-20 03:00:00,18544.04484177782,18654.035648697853,17580.292100877756
forecast_1876,2025-03-20 04:00:00,18747.852956014714,19024.381857948745,18149.074953767442
forecast_1877,2025-03-20 05:00:00,18821.242322454607,19175.10226365493,19084.74670938203
forecast_1878,2025-03-20 06:00:00,19145.40056468833,19180.993029516707,19773.12925223347
forecast_1879,2025-03-20 07:00:00,19426.555457403756,19205.544580930793,19210.680097067285
forecast_1880,2025-03-20 08:00:00,19270.401515737994,19341.24804295253,19245.337567696595
forecast_1881,2025-03-20 09:00:00,18532.39010371008,18976.866872372066,18714.05791003489
forecast_1882,2025-03-20 10:00:00,18159.911696692336,18582.332478223587,18040.381190800617
forecast_1883,2025-03-20 11:00:00,18701.128003484617,18584.96143810247,17557.66295408502
forecast_1884,2025-03-20 12:00:00,17254.141045362445,18624.57505655288,17155.97744963784
forecast_1885,2025-03-20 13:00:00,18175.638945987535,18485.75154197804,17862.864002686085
forecast_1886,2025-03-20 14:00:00,18194.473309538356,18641.76373672232,18664.442897843546
forecast_1887,2025-03-20 15:00:00,18791.118096001468,19246.17163191696,18535.685569577323
forecast_1888,2025-03-20 16:00:00,18904.501363733063,18813.461531228135,18649.389878377388
forecast_1889,2025-03-20 17:00:00,19192.869255120284,18803.753715953502,18487.63137209912
forecast_1890,2025-03-20 18:00:00,18868.703569579407,18939.90596930358,18949.59264045804
forecast_1891,2025-03-20 19:00:00,19367.387880815266,18876.895259695484,19083.585542386787
forecast_1892,2025-03-20 20:00:00,19271.553630797032,19157.461072051494,18962.448028414085
forecast_1893,2025-03-20 21:00:00,18887.90706541191,19586.630691243012,19209.954035342074
forecast_1894,2025-03-20 22:00:00,18815.060023759466,19783.699262212453,19456.901680648134
forecast_1895,2025-03-20 23:00:00,19116.709768920893,19717.159509261124,19170.91000952303
forecast_1896,2025-03-21 00:00:00,19445.198357677855,19536.05218950403,18922.979907813915
forecast_1897,2025-03-21 01:00:00,18705.456831130352,18724.122962839167,19476.80924545395
forecast_1898,2025-03-21 02:00:00,19339.050723119093,19004.720810898365,19472.63827606956
forecast_1899,2025-03-21 03:00:00,19186.538193149743,18936.36325813303,19538.15897652485
forecast_1900,2025-03-21 04:00:00,19961.2468952057,19005.115559521088,19713.384044495873
forecast_1901,2025-03-21 05:00:00,19951.491180657355,19450.334191703387,19880.75762345866
forecast_1902,2025-03-21 06:00:00,19884.251725206035,19438.019215867018,19883.420765222763
forecast_1903,2025-03-21 07:00:00,19759.86970629504,19342.691964439895,19626.296491664318
forecast_1904,2025-03-21 08:00:00,19473.12000474433,19586.221151997484,19413.4395018616
forecast_1905,2025-03-21 09:00:00,19382.414099163485,19516.632878410604,18886.635580317718
forecast_1906,2025-03-21 10:00:00,19041.887237445673,18977.47374946305,19610.67863000934
forecast_1907,2025-03-21 11:00:00,18573.03229654394,18921.16298353377,18832.81143421768
forecast_1908,2025-03-21 12:00:00,18397.536378421337,18685.431672450293,18155.736723562317
forecast_1909,2025-03-21 13:00:00,18191.694020328294,18828.96399071727,18203.880940526655
forecast_1910,2025-03-21 14:00:00,18145.179629412276,18887.596477028434,18226.25071620841
forecast_1911,2025-03-21 15:00:00,17526.445493293944,18834.862382345993,17739.31720763058
forecast_1912,2025-03-21 16:00:00,17414.62831479888,18574.64207290569,17838.061360173167
forecast_1913,2025-03-21 17:00:00,17725.46374278605,18644.383602404527,17900.99293328824
forecast_1914,2025-03-21 18:00:00,18245.141726944097,19060.192334568557,18817.15684029899
forecast_1915,2025-03-21 19:00:00,18616.055711376204,19333.45097212772,18770.929145900343
forecast_1916,2025-03-21 20:00:00,18640.880067089758,18977.252822257473,18743.379264677213
forecast_1917,2025-03-21 21:00:00,18339.747476643675,19166.17692917013,19036.922476146814
forecast_1918,2025-03-21 22:00:00,18227.560608334996,18656.02523874136,18448.5113597681
forecast_1919,2025-03-21 23:00:00,18587.91383876145,19061.97905648934,18557.102591604726
forecast_1920,2025-03-22 00:00:00,18919.83392892063,18900.450815698012,18992.833254229015
forecast_1921,2025-03-22 01:00:00,19121.698375372605,19421.58616822967,19458.746416321177
forecast_1922,2025-03-22 02:00:00,19730.109713896534,19461.858941441158,19341.35659626836
forecast_1923,2025-03-22 03:00:00,19775.883359024287,19261.958363561716,19580.22628034676
forecast_1924,2025-03-22 04:00:00,19623.137567915895,19487.50759802644,19088.350280848437
forecast_1925,2025-03-22 05:00:00,19975.22484232628,19220.024130547015,19176.25499089594
forecast_1926,2025-03-22 06:00:00,19712.933441959365,19654.127028426792,18997.336010447525
forecast_1927,2025-03-22 07:00:00,19919.594601315457,19822.25676421424,18930.93828825347
forecast_1928,2025-03-22 08:00:00,20463.72242769534,19483.208104787787,19218.461330884365
forecast_1929,2025-03-22 09:00:00,19841.515050512855,19589.73792703865,19164.90922955538
forecast_1930,2025-03-22 10:00:00,18801.532610276125,19166.988562889055,18964.95426665092
forecast_1931,2025-03-22 11:00:00,18404.25216281166,18925.847131030172,18613.377717572657
forecast_1932,2025-03-22 12:00:00,17612.511173619667,18560.22298599547,18221.08731367716
forecast_1933,2025-03-22 13:00:00,17861.191275997644,18192.65411067674,18000.84424236089
forecast_1934,2025-03-22 14:00:00,17648.55197768177,18712.971985744894,18271.234073412783
forecast_1935,2025-03-22 15:00:00,17177.31308846435,18221.00316673827,17894.426491712977
forecast_1936,2025-03-22 16:00:00,17271.468671136496,18007.932210766045,17221.800708796647
forecast_1937,2025-03-22 17:00:00,17169.935165757015,17767.00776525563,17398.58809368151
forecast_1938,2025-03-22 18:00:00,17418.890758023084,17601.619637330692,17167.628394881667
forecast_1939,2025-03-22 19:00:00,17642.71236863959,18422.322753243247,17570.47219879691
forecast_1940,2025-03-22 20:00:00,17698.651268958365,18424.54543000194,18623.861095052493
forecast_1941,2025-03-22 21:00:00,18438.366282796353,18609.853475447202,18035.277523754714
forecast_1942,2025-03-22 22:00:00,18606.183614697136,18745.5138042957,18608.632711529357
forecast_1943,2025-03-22 23:00:00,19070.563027019496,19095.64662340195,19299.845472757366
forecast_1944,2025-03-23 00:00:00,20023.754849454413,19404.75960656288,19273.00065730661
forecast_1945,2025-03-23 01:00:00,17713.994649668395,17970.174008239253,17968.548177732537
forecast_1946,2025-03-23 02:00:00,17459.129574071507,18624.23267712291,17365.06676500702
forecast_1947,2025-03-23 03:00:00,18491.56055696739,18736.578675536337,17504.01086563435
forecast_1948,2025-03-23 04:00:00,18503.86215551439,18181.60688969635,17434.054525926396
forecast_1949,2025-03-23 05:00:00,17713.18042277875,17541.34696355873,15749.734696606442
forecast_1950,2025-03-23 06:00:00,14301.462773136991,15725.340478263084,12344.80424463339
forecast_1951,2025-03-23 07:00:00,12844.875237471635,11785.47133049834,6115.168614056581
forecast_1952,2025-03-23 08:00:00,7118.563900242524,9210.60915838999,4060.0632623912907
forecast_1953,2025-03-23 09:00:00,4004.4699534008832,4557.807704090606,3510.550939468467
forecast_1954,2025-03-23 10:00:00,3421.2813014978606,3494.91147515893,3675.0857056705167
forecast_1955,2025-03-23 11:00:00,3804.3182450965387,3301.2673239921005,3973.733845608568
forecast_1956,2025-03-23 12:00:00,4145.430325271908,3588.4536241872274,4036.999397516926
forecast_1957,2025-03-23 13:00:00,2846.8052357214106,3439.6444109231597,4486.300791461739
forecast_1958,2025-03-23 14:00:00,3375.479055394265,3326.9480068621947,3813.868862443259
forecast_1959,2025-03-23 15:00:00,4447.382866951549,3694.474107719783,3664.952100029134
forecast_1960,2025-03-23 16:00:00,4752.471498721405,4826.437519555334,4097.905373527801
forecast_1961,2025-03-23 17:00:00,5266.71384505105,5989.205383417544,5042.171021611912
forecast_1962,2025-03-23 18:00:00,4437.3244932050075,5014.472141809423,4399.399218936034
forecast_1963,2025-03-23 19:00:00,5216.825744027004,6841.520095697025,4754.4261227828265
forecast_1964,2025-03-23 20:00:00,5865.18017520639,8998.674226925441,5381.962299622546
forecast_1965,2025-03-23 21:00:00,7103.3906631347745,12661.231211883845,7623.761504299439
forecast_1966,2025-03-23 22:00:00,10067.487696003125,14986.239635810776,9174.10113198471
forecast_1967,2025-03-23 23:00:00,11791.76877722235,16627.79636395305,9442.052784205118
forecast_1968,2025-03-24 00:00:00,12966.78940308072,16817.144041585118,12002.390084417402
forecast_1969,2025-03-24 01:00:00,12370.968695883175,16421.654667729214,12943.282993260395
forecast_1970,2025-03-24 02:00:00,11202.83295619094,15375.315130353274,12200.147066105334
forecast_1971,2025-03-24 03:00:00,9493.71872938472,15292.104969902966,11450.29927264084
forecast_1972,2025-03-24 04:00:00,8684.820428023497,13618.232058843785,10232.432070150158
forecast_1973,2025-03-24 05:00:00,9293.772978875388,14663.568870159397,11069.389800475332
forecast_1974,2025-03-24 06:00:00,14059.127663040572,17077.046788562617,13500.0890472297
forecast_1975,2025-03-24 07:00:00,14474.46757867858,17652.016390229568,14052.788538415318
forecast_1976,2025-03-24 08:00:00,14679.076024728693,16303.218511347852,13666.404766727765
forecast_1977,2025-03-24 09:00:00,13395.292639159234,16381.957056814741,13880.70639028881
forecast_1978,2025-03-24 10:00:00,14614.128056127096,15951.466951013503,14438.339904639457
forecast_1979,2025-03-24 11:00:00,15091.875336467096,17209.706842598553,15567.869209969067
forecast_1980,2025-03-24 12:00:00,15631.935756988243,17940.803376671567,16631.416716439504
forecast_1981,2025-03-24 13:00:00,15667.09584667613,17799.871170830505,16116.540229233658
forecast_1982,2025-03-24 14:00:00,16017.129424243583,17093.26149752661,15523.648991692802
forecast_1983,2025-03-24 15:00:00,14365.765763846935,15808.319291841117,13805.744490053323
forecast_1984,2025-03-24 16:00:00,14469.101775281224,16441.788021821256,14691.999763383797
forecast_1985,2025-03-24 17:00:00,13729.612191726314,15309.212474043112,14589.215360343274
forecast_1986,2025-03-24 18:00:00,12142.016496944752,14288.943225302837,14067.259661166132
forecast_1987,2025-03-24 19:00:00,12124.855151600626,15901.040849419234,14110.407119771808
forecast_1988,2025-03-24 20:00:00,12614.823372324134,16253.568740829773,16092.369770990905
forecast_1989,2025-03-24 21:00:00,15628.476894818165,17243.810121491428,15881.345277865315
forecast_1990,2025-03-24 22:00:00,15644.030061070487,18865.232872682216,18114.275604750146
forecast_1991,2025-03-24 23:00:00,18055.21279468068,19158.90342388578,18855.304118220283
forecast_1992,2025-03-25 00:00:00,18707.44021278798,19140.419159192254,18065.76061708294
forecast_1993,2025-03-25 01:00:00,18360.961642809103,19374.22234147589,19310.596728949895
forecast_1994,2025-03-25 02:00:00,18379.611177998988,18955.82895715468,17955.998968974938
forecast_1995,2025-03-25 03:00:00,15870.916911006654,16625.09498844074,15025.489971939893
forecast_1996,2025-03-25 04:00:00,12844.127960223093,14930.494546378199,12276.200617768322
forecast_1997,2025-03-25 05:00:00,10330.638057372373,13057.570347262885,8123.925639765152
forecast_1998,2025-03-25 06:00:00,6299.268120927939,9287.700856526528,5531.967462141448
forecast_1999,2025-03-25 07:00:00,8970.981551570003,10639.061689509,6957.256273841099
forecast_2000,2025-03-25 08:00:00,9467.793475566225,10581.584478483794,6675.951766219348
forecast_2001,2025-03-25 09:00:00,9693.290190340005,9910.297048645467,7504.291359184079
forecast_2002,2025-03-25 10:00:00,9238.91383818652,9627.293446806683,8281.919719546928
forecast_2003,2025-03-25 11:00:00,6934.052604595731,10028.03758193429,9157.024943468672
forecast_2004,2025-03-25 12:00:00,8213.592142184058,13048.349911333335,10769.802483202238
forecast_2005,2025-03-25 13:00:00,14081.166993430037,17218.188445002546,14830.346747997077
forecast_2006,2025-03-25 14:00:00,15852.4921521336,17997.31707863559,18439.382959095434
forecast_2007,2025-03-25 15:00:00,16480.16066201184,18159.032921385362,18434.613911388406
forecast_2008,2025-03-25 16:00:00,16604.03414706699,18186.567645330895,18198.574315467027
forecast_2009,2025-03-25 17:00:00,17480.540272863607,18810.091277852414,18305.844382805397
forecast_2010,2025-03-25 18:00:00,17441.48670672904,19353.1378807877,18943.709426099478
forecast_2011,2025-03-25 19:00:00,17239.20102762767,19405.451214918125,18733.71120784682
forecast_2012,2025-03-25 20:00:00,17460.25452464039,19043.717761667245,19049.625455068104
forecast_2013,2025-03-25 21:00:00,18312.774666877078,19334.725851314506,18689.427826760642
forecast_2014,2025-03-25 22:00:00,18826.668777534032,19438.542288519726,18789.995082028458
forecast_2015,2025-03-25 23:00:00,18875.37320027593,19589.32498749439,19228.674749383626
forecast_2016,2025-03-26 00:00:00,19510.61976661626,19643.138456521876,19158.86289728218
forecast_2017,2025-03-26 01:00:00,19183.448443013847,19715.73922880518,19056.978962256508
forecast_2018,2025-03-26 02:00:00,18987.25108944368,19306.619077510415,19085.170321187095
forecast_2019,2025-03-26 03:00:00,18368.69764340322,17979.395635967576,17381.157781961312
forecast_2020,2025-03-26 04:00:00,17306.325033022502,17192.1032820871,15582.08841501654
forecast_2021,2025-03-26 05:00:00,16182.226194958606,15375.515174370123,13302.425364317169
forecast_2022,2025-03-26 06:00:00,14317.347500493193,16815.053725370046,8609.36783582915
forecast_2023,2025-03-26 07:00:00,9501.542679173372,9741.672399864474,5380.48844099174
forecast_2024,2025-03-26 08:00:00,4283.985086275452,4160.576908878629,3600.4851249139742
forecast_2025,2025-03-26 09:00:00,4166.537200034295,4112.925241548262,3414.9996394781956
forecast_2026,2025-03-26 10:00:00,3249.856355923435,3053.906468371156,4131.510979444249
forecast_2027,2025-03-26 11:00:00,3094.2132620079187,3176.745267189157,3598.0095975831405
forecast_2028,2025-03-26 12:00:00,3578.7051901030304,3973.1882835028136,3311.392390128896
forecast_2029,2025-03-26 13:00:00,3796.3985933639997,4035.4253917571377,3244.022370100595
forecast_2030,2025-03-26 14:00:00,3421.9173286358514,4107.075067881875,3725.8140911661553
forecast_2031,2025-03-26 15:00:00,3962.9098816651276,4776.819938119822,4046.2298546914653
forecast_2032,2025-03-26 16:00:00,4021.6222361968194,4876.298675190942,4047.2241482793547
forecast_2033,2025-03-26 17:00:00,3587.591453327191,4733.691390865741,3706.184679462724
forecast_2034,2025-03-26 18:00:00,5063.622506815112,7436.4989259277345,4376.129811022118
forecast_2035,2025-03-26 19:00:00,7589.069022081149,9769.316675889411,5302.4158939203
forecast_2036,2025-03-26 20:00:00,8860.43087482567,10943.092963438325,6470.214190153456
forecast_2037,2025-03-26 21:00:00,10582.996222781343,12928.447452432223,9731.269610663838
forecast_2038,2025-03-26 22:00:00,12452.933628613193,17276.046482687638,13298.09622036673
forecast_2039,2025-03-26 23:00:00,13929.350444056552,16759.6297442957,10505.086327385168
forecast_2040,2025-03-27 00:00:00,16200.009275405198,19114.418896361283,14383.965476878266
forecast_2041,2025-03-27 01:00:00,18035.577773760186,19249.22305835247,18120.9965317329
forecast_2042,2025-03-27 02:00:00,19127.982705001945,19010.979385884355,18605.294502745423
forecast_2043,2025-03-27 03:00:00,19462.655907403263,18838.75899863682,18822.48058883103
forecast_2044,2025-03-27 04:00:00,18667.53366421222,19097.587881557138,19141.361334703233
forecast_2045,2025-03-27 05:00:00,16738.62024912436,16569.699192744574,14402.938549528862
forecast_2046,2025-03-27 06:00:00,13371.610531284932,13879.600008828358,12270.024339889465
forecast_2047,2025-03-27 07:00:00,15357.645909838844,15224.83617615507,13916.865528447937
forecast_2048,2025-03-27 08:00:00,16587.55021548891,16865.644543437986,15757.521353213151
forecast_2049,2025-03-27 09:00:00,15360.237085574723,16439.043172471687,14572.005292364305
forecast_2050,2025-03-27 10:00:00,13723.241691355677,13746.041255808135,12201.16133354303
forecast_2051,2025-03-27 11:00:00,14589.971336761875,14733.674111812275,13061.380473709118
forecast_2052,2025-03-27 12:00:00,11817.7520567346,10622.188412985479,10226.75641715034
forecast_2053,2025-03-27 13:00:00,11382.423606537319,9983.058356957416,9297.179097520075
forecast_2054,2025-03-27 14:00:00,10733.405895061689,10487.969991900316,7857.209910601174
forecast_2055,2025-03-27 15:00:00,12154.569083600321,10785.46854335035,8086.984660134727
forecast_2056,2025-03-27 16:00:00,8577.375943814837,8731.779108478378,7652.864747294854
forecast_2057,2025-03-27 17:00:00,7133.1507150371535,8072.713049973671,7071.682929650934
forecast_2058,2025-03-27 18:00:00,9309.619399096297,9540.5632956164,7554.267293956219
forecast_2059,2025-03-27 19:00:00,10721.359543296552,9436.43157919337,7955.047454516247
forecast_2060,2025-03-27 20:00:00,11304.01020599312,10223.872874928255,8120.389250916343
forecast_2061,2025-03-27 21:00:00,14337.97550554497,14030.036998500029,12906.183771912574
forecast_2062,2025-03-27 22:00:00,13791.243357637366,14430.287749004347,11610.38306751086
forecast_2063,2025-03-27 23:00:00,13191.570947559188,16135.247236842202,11233.085631765496
forecast_2064,2025-03-28 00:00:00,11528.293668369946,11170.542952318508,14060.5844489373
forecast_2065,2025-03-28 01:00:00,3954.6642349899003,4595.419087136317,3227.160203122639
forecast_2066,2025-03-28 02:00:00,4397.027891364514,3975.081746824989,3305.3680819801493
forecast_2067,2025-03-28 03:00:00,3544.111098507854,4291.042067205699,3175.6275964307506
forecast_2068,2025-03-28 04:00:00,5184.310957119919,5062.257643976641,4142.411209026279
forecast_2069,2025-03-28 05:00:00,3830.262621574173,4489.91396806488,2963.9265274564073
forecast_2070,2025-03-28 06:00:00,3518.087642199932,3740.9106481703466,3178.5231155045813
forecast_2071,2025-03-28 07:00:00,3527.9559375614003,3358.2352478611474,3507.7191626033646
forecast_2072,2025-03-28 08:00:00,3161.6902683977214,3599.6906566270795,4114.812544019413
forecast_2073,2025-03-28 09:00:00,4022.8104003727167,3967.286977454128,3508.3290025872543
forecast_2074,2025-03-28 10:00:00,3868.2252870730385,4594.49881444165,3186.733210937946
forecast_2075,2025-03-28 11:00:00,3557.1856381840885,4020.738034373667,2812.39690622569
forecast_2076,2025-03-28 12:00:00,3386.7696250676945,3517.2149687639685,3698.1516374750854
forecast_2077,2025-03-28 13:00:00,3101.4288742286035,3630.725474095422,2919.557890412333
forecast_2078,2025-03-28 14:00:00,3354.638039195669,3522.901977629432,3081.973180519071
forecast_2079,2025-03-28 15:00:00,3821.107715856696,3756.5314512505015,2951.0332372995395
forecast_2080,2025-03-28 16:00:00,4049.125307484047,3778.601046494849,3833.4368353673835
forecast_2081,2025-03-28 17:00:00,4161.631374782381,4683.080357733834,3446.663839294467
forecast_2082,2025-03-28 18:00:00,4636.644385245676,5040.8347249050885,3736.580163144817
forecast_2083,2025-03-28 19:00:00,4633.283313317938,5212.9055054068485,4465.737849677347
forecast_2084,2025-03-28 20:00:00,5458.0791396335735,5989.850433529722,4353.706223910731
forecast_2085,2025-03-28 21:00:00,6511.739848373278,7637.292039817789,5045.336382729615
forecast_2086,2025-03-28 22:00:00,4947.619263394907,7333.336061232278,3884.1669886177915
forecast_2087,2025-03-28 23:00:00,4927.955592319487,5330.176222276936,4266.816068909974
forecast_2088,2025-03-29 00:00:00,5275.6709923187445,7416.121322989963,4653.549267048655
forecast_2089,2025-03-29 01:00:00,3023.3201246613166,3789.4787460036823,3566.687084062334
forecast_2090,2025-03-29 02:00:00,3486.34202834029,3722.7191544754455,4039.9487747129933
forecast_2091,2025-03-29 03:00:00,3644.262763681637,3671.5740508302265,3366.8086412045873
forecast_2092,2025-03-29 04:00:00,3113.6581645069887,4341.188421210325,3105.1141838514677
forecast_2093,2025-03-29 05:00:00,5138.482860170107,8019.541491217105,4587.410375008365
forecast_2094,2025-03-29 06:00:00,6983.687225322811,10910.431991716017,6844.8589271855935
forecast_2095,2025-03-29 07:00:00,7659.559922219879,11084.056205925703,8914.53369347574
forecast_2096,2025-03-29 08:00:00,6642.5089871320915,10418.039349499733,6573.52255900212
forecast_2097,2025-03-29 09:00:00,6366.845300035405,8228.616955783686,6259.265003704931
forecast_2098,2025-03-29 10:00:00,7671.0292203311465,9132.884591448219,7474.389094316894
forecast_2099,2025-03-29 11:00:00,10388.61460353665,11691.728024268128,9686.174241988692
forecast_2100,2025-03-29 12:00:00,12353.208937506251,13123.691381712822,12216.674690331278
forecast_2101,2025-03-29 13:00:00,12758.341411046289,14371.011450521864,12703.401648253479
forecast_2102,2025-03-29 14:00:00,13926.232566670747,14541.822631964926,12917.19370216708
forecast_2103,2025-03-29 15:00:00,14704.001050975476,15337.91791665664,12857.64191830613
forecast_2104,2025-03-29 16:00:00,14894.724273556134,12799.724808836727,13333.408059958992
forecast_2105,2025-03-29 17:00:00,16377.418356962251,14222.282852749175,10985.579584393425
forecast_2106,2025-03-29 18:00:00,15190.38523469355,14357.545373747995,11302.651895544692
forecast_2107,2025-03-29 19:00:00,13604.687854385524,13327.106014869465,9731.573660539892
forecast_2108,2025-03-29 20:00:00,14064.402442048056,12541.775719174777,9597.80409367735
forecast_2109,2025-03-29 21:00:00,14679.557077855341,12015.492700783885,10092.077243060878
forecast_2110,2025-03-29 22:00:00,14990.669113269074,13029.172791867455,10074.943728335513
forecast_2111,2025-03-29 23:00:00,14017.060493579971,11021.462612465533,7502.943725057374
forecast_2112,2025-03-30 00:00:00,13589.973105560994,10903.93486991542,8301.533568708885
forecast_2113,2025-03-30 01:00:00,13407.360682090944,10902.750928879981,8140.214489331365
forecast_2114,2025-03-30 02:00:00,12919.62891512619,10078.701471788287,7530.416215225294
forecast_2115,2025-03-30 03:00:00,13778.266528544578,12257.535337657908,10124.608544443248
forecast_2116,2025-03-30 04:00:00,12866.557303571599,11210.927264902455,9670.33615871807
forecast_2117,2025-03-30 05:00:00,12682.931718698925,10059.946390970119,7020.756703726019
forecast_2118,2025-03-30 06:00:00,12139.117071327384,10261.878779607952,9028.968648209691
forecast_2119,2025-03-30 07:00:00,11626.557995744066,9627.92892241424,7882.142569513079
forecast_2120,2025-03-30 08:00:00,11380.949387956467,8226.905197511294,6952.481816576443
forecast_2121,2025-03-30 09:00:00,10528.397512252253,6299.24644631198,7159.4975169754025
forecast_2122,2025-03-30 10:00:00,10698.849384199642,8501.116600880101,8250.549981715394
forecast_2123,2025-03-30 11:00:00,11119.725051291245,8576.224363609454,8001.457548802939
forecast_2124,2025-03-30 12:00:00,11209.868524338623,9465.223266286188,7444.988083758296
forecast_2125,2025-03-30 13:00:00,10993.397388687345,9544.436288506839,7832.960915210551
forecast_2126,2025-03-30 14:00:00,10035.58560368648,9458.303414257987,7917.724592128591
forecast_2127,2025-03-30 15:00:00,8655.062601846194,8850.978513240883,6955.270880759244
forecast_2128,2025-03-30 16:00:00,8577.453837104924,7377.370288241013,6402.385452346614
forecast_2129,2025-03-30 17:00:00,7226.503677096166,6266.73239093081,5931.818544485531
forecast_2130,2025-03-30 18:00:00,7399.380439837669,6265.178142388403,5728.859070044464
forecast_2131,2025-03-30 19:00:00,8502.479362846992,6261.094224156563,5586.704052274569
forecast_2132,2025-03-30 20:00:00,6434.9149922419265,5814.114948133467,4201.266176656597
forecast_2133,2025-03-30 21:00:00,6847.007435651342,5850.657294549838,4076.3554147213235
forecast_2134,2025-03-30 22:00:00,8371.415643937231,8820.912452324399,5856.995526386331
forecast_2135,2025-03-30 23:00:00,7471.294949045585,8271.440599830155,5779.730985019266
forecast_2136,2025-03-31 00:00:00,7731.229604167816,8374.319297928168,6054.5411771722065
forecast_2137,2025-03-31 01:00:00,14532.941463143281,17512.521732906913,17064.38433858831
forecast_2138,2025-03-31 02:00:00,14430.061604542798,16337.703514856274,15800.646695710151
forecast_2139,2025-03-31 03:00:00,13806.502588912295,15651.525181989095,15140.17448609743
forecast_2140,2025-03-31 04:00:00,15234.029893959967,17094.590583175428,15851.567329100339
forecast_2141,2025-03-31 05:00:00,14787.45053461259,16984.78723214368,14737.467829491088
forecast_2142,2025-03-31 06:00:00,16246.266817526133,17492.74246349311,13553.206210164195
forecast_2143,2025-03-31 07:00:00,11967.839190880859,14431.018337997928,10894.488786406484
forecast_2144,2025-03-31 08:00:00,6726.42388550851,7061.331285784294,5214.053989617825
forecast_2145,2025-03-31 09:00:00,6023.409471924159,5020.895163257919,3800.682036230412
forecast_2146,2025-03-31 10:00:00,3569.8561391422913,3991.7799874485813,3531.227434863879
forecast_2147,2025-03-31 11:00:00,3361.70161479126,3375.390773476332,2472.8874849511176
forecast_2148,2025-03-31 12:00:00,2813.1663933433624,3134.875620886211,2148.7855726190023
forecast_2149,2025-03-31 13:00:00,4188.279222835252,4235.1510867791385,3718.903622591306
forecast_2150,2025-03-31 14:00:00,4639.624809507053,3835.3249935549115,3420.7532035825093
forecast_2151,2025-03-31 15:00:00,4994.673642920558,4011.0013317336775,3813.6335535883763
forecast_2152,2025-03-31 16:00:00,4682.383229342076,3993.662466163628,3865.925640927603
forecast_2153,2025-03-31 17:00:00,5343.84013232871,4629.848179355413,4312.922396076314
forecast_2154,2025-03-31 18:00:00,5157.080824219394,5313.906811151284,5258.795621350583
forecast_2155,2025-03-31 19:00:00,8193.090646981855,6996.733214003062,5911.907812974615
forecast_2156,2025-03-31 20:00:00,10086.522427386362,9186.773808774275,9013.48060403064
forecast_2157,2025-03-31 21:00:00,12213.6103479609,12855.028020680713,9218.154615799884
forecast_2158,2025-03-31 22:00:00,11413.48728539405,16052.15172875702,11545.432952170999
forecast_2159,2025-03-31 23:00:00,16233.2341958676,14540.648049050602,13149.805926077179
forecast_2160,2025-04-01 00:00:00,14589.82628395582,16007.461188055993,13460.19264206642
forecast_2161,2025-04-01 01:00:00,5844.80548979877,10032.36243505529,4670.722936065678
forecast_2162,2025-04-01 02:00:00,7019.885327845446,7129.36653676829,4930.727269553277
forecast_2163,2025-04-01 03:00:00,6899.660199213395,8047.458256216029,4503.051358520142
forecast_2164,2025-04-01 04:00:00,6543.602035139345,7961.006541040488,5262.002828648936
forecast_2165,2025-04-01 05:00:00,6639.816360739075,9112.432492335322,4606.833228910089
forecast_2166,2025-04-01 06:00:00,6007.613920929925,9070.039297297188,4133.120343977763
forecast_2167,2025-04-01 07:00:00,5674.7761218901605,7323.618309193309,3637.7384833059755
forecast_2168,2025-04-01 08:00:00,4131.608749501045,4516.291816249153,3504.285191014494
forecast_2169,2025-04-01 09:00:00,3839.9725963858546,4244.469244656537,2759.272829334924
forecast_2170,2025-04-01 10:00:00,3341.614790511112,3357.2801568873956,4190.0618613490215
forecast_2171,2025-04-01 11:00:00,4114.555477953738,3853.9562938902723,4214.786382532142
forecast_2172,2025-04-01 12:00:00,4279.391633926061,4084.3366661129235,4485.095173179365
forecast_2173,2025-04-01 13:00:00,3968.593279744973,4557.861893473495,4213.7298601896955
forecast_2174,2025-04-01 14:00:00,3919.052306446744,3597.1268945579404,3779.4565277851234
forecast_2175,2025-04-01 15:00:00,3750.420424368407,3597.0291106981513,3650.8685097773323
forecast_2176,2025-04-01 16:00:00,3012.776475643192,2981.9599946660023,3252.4609151393656
forecast_2177,2025-04-01 17:00:00,3015.5595060219266,2911.755168945691,2689.8521614524943
forecast_2178,2025-04-01 18:00:00,3672.4032300408317,4031.6733909523923,4428.982710533708
forecast_2179,2025-04-01 19:00:00,3193.3341976629436,3139.9746393343753,4263.458431960913
forecast_2180,2025-04-01 20:00:00,3457.2512802128813,3544.52367418636,3852.1999577145243
forecast_2181,2025-04-01 21:00:00,3485.5818237965186,3839.1059775859867,4144.184886208726
forecast_2182,2025-04-01 22:00:00,3236.639467212364,3509.233137229733,4155.657651461838
forecast_2183,2025-04-01 23:00:00,2577.841779037467,4037.665713862848,4492.911917194046
forecast_2184,2025-04-02 00:00:00,2763.45449643931,3240.5966810482073,4008.981560895919
forecast_2185,2025-04-02 01:00:00,2956.895021771591,3715.579560745904,4189.552882219357
forecast_2186,2025-04-02 02:00:00,2968.804161592935,3948.4840892174166,3835.4758021669086
forecast_2187,2025-04-02 03:00:00,3217.8886668548776,3588.02577348005,3710.5724742170487
forecast_2188,2025-04-02 04:00:00,3656.5898451081493,4375.4493104753765,3549.20420263341
forecast_2189,2025-04-02 05:00:00,2777.9288743000197,3261.3467808865016,3689.449048539952
forecast_2190,2025-04-02 06:00:00,3671.4236892703693,3446.3414124291394,3840.439035167752
forecast_2191,2025-04-02 07:00:00,2969.803764196189,2761.993196781443,3208.6286253172357
forecast_2192,2025-04-02 08:00:00,2954.6258431188894,2945.695265010906,3546.556482015171
forecast_2193,2025-04-02 09:00:00,2412.189539747739,2533.5247942356327,3870.0134422800784
forecast_2194,2025-04-02 10:00:00,3571.3314784180793,2930.945768418022,3488.8924837143604
forecast_2195,2025-04-02 11:00:00,3763.453748494456,2320.01292035023,3853.540807932007
forecast_2196,2025-04-02 12:00:00,3897.0634380003517,2655.6042705600344,3862.273872493619
forecast_2197,2025-04-02 13:00:00,3886.135737971511,3425.9743162464506,3758.3363854280997
forecast_2198,2025-04-02 14:00:00,3736.617832523546,2993.177098454286,3600.309197655073
forecast_2199,2025-04-02 15:00:00,3581.68863236008,3403.0823391698113,3455.2075243187073
forecast_2200,2025-04-02 16:00:00,3487.506899643258,4053.3562777883717,3698.2484857766485
forecast_2201,2025-04-02 17:00:00,3889.39118101787,4403.691972893379,4865.617923820655
forecast_2202,2025-04-02 18:00:00,3595.5527769526334,4153.0578647774655,3179.5261114484674
forecast_2203,2025-04-02 19:00:00,3072.358574082919,3504.953461423798,3241.1488490624306
forecast_2204,2025-04-02 20:00:00,3485.955056167307,3485.4256914132266,2828.687146712233
forecast_2205,2025-04-02 21:00:00,3064.678290559602,3598.7198927253376,2710.239368181727
forecast_2206,2025-04-02 22:00:00,2857.462601805455,2813.953387033736,2683.7158470838945
forecast_2207,2025-04-02 23:00:00,3399.5990755279972,3553.170868906678,3277.7725610880107
forecast_2208,2025-04-03 00:00:00,3400.0387939249244,3550.0675739388944,3232.281664351164
forecast_2209,2025-04-03 01:00:00,2396.8614846532773,2700.9587182900077,2749.6146646064726
forecast_2210,2025-04-03 02:00:00,2673.0995618860097,3457.3233972682215,2831.60716499751
forecast_2211,2025-04-03 03:00:00,2657.772674395457,3532.635005851121,2808.0794722933783
forecast_2212,2025-04-03 04:00:00,3063.275888024092,3975.2087366078763,2903.550278576548
forecast_2213,2025-04-03 05:00:00,2721.1796337274127,3618.5958096645754,3078.2129190251844
forecast_2214,2025-04-03 06:00:00,2763.697136239006,2777.2054163717917,3231.054706111612
forecast_2215,2025-04-03 07:00:00,2797.7985525635695,2690.8886241844007,3331.602927323296
forecast_2216,2025-04-03 08:00:00,2289.0483480216317,2568.416462861614,2649.4070393513202
forecast_2217,2025-04-03 09:00:00,2625.6708884897653,2255.274880811617,2529.2394441318334
forecast_2218,2025-04-03 10:00:00,3050.446284719759,2772.1773364407386,2500.497402566116
forecast_2219,2025-04-03 11:00:00,3624.3552443464832,3223.8916266303363,3882.2044720177314
forecast_2220,2025-04-03 12:00:00,3158.862457537264,2831.7301270412636,3707.2252062590105
forecast_2221,2025-04-03 13:00:00,3654.5128463729197,3161.7921103269964,3239.250390316705
forecast_2222,2025-04-03 14:00:00,3705.519930532194,3203.6610727922857,3132.7619582155476
forecast_2223,2025-04-03 15:00:00,3796.1257461268588,3635.6061308682156,3456.107106600975
forecast_2224,2025-04-03 16:00:00,3453.255821488914,3242.5790433142583,3278.4767867681976
forecast_2225,2025-04-03 17:00:00,2996.9902316371445,3007.205479893406,3188.3808818724597
forecast_2226,2025-04-03 18:00:00,2813.3862598797377,2477.496642411772,2719.025245875364
forecast_2227,2025-04-03 19:00:00,2744.5278041394554,2676.4692596029754,3612.4954237625393
forecast_2228,2025-04-03 20:00:00,3063.3673991519945,3851.182085389861,3489.221225282604
forecast_2229,2025-04-03 21:00:00,3856.438903148949,4647.88088109879,3662.2045983794847
forecast_2230,2025-04-03 22:00:00,4035.1551896169963,4416.124930006956,3034.1780745696537
forecast_2231,2025-04-03 23:00:00,3707.760399863238,4443.093486145414,3605.038046094106
forecast_2232,2025-04-04 00:00:00,5785.124325841222,7180.2318910654585,4996.543495844589
forecast_2233,2025-04-04 01:00:00,4331.205470132461,5739.834969944894,3199.52079936695
forecast_2234,2025-04-04 02:00:00,5401.066191630979,5568.788153070339,4155.595981353416
forecast_2235,2025-04-04 03:00:00,5564.384193770218,6745.33974278312,4310.842064987677
forecast_2236,2025-04-04 04:00:00,6592.495509338605,9463.60988301227,7060.538795115941
forecast_2237,2025-04-04 05:00:00,9260.107938329886,10182.01274781073,6895.821989316384
forecast_2238,2025-04-04 06:00:00,8196.791843664196,9412.468266805197,7702.06207684794
forecast_2239,2025-04-04 07:00:00,8320.63358165885,9565.946086545075,6883.741473443754
forecast_2240,2025-04-04 08:00:00,8807.541880390527,9304.770194930177,6968.743814321566
forecast_2241,2025-04-04 09:00:00,6334.726596477358,6468.990733926421,4959.991725975045
forecast_2242,2025-04-04 10:00:00,3212.543745867417,3648.74706140897,3457.538853837237
forecast_2243,2025-04-04 11:00:00,3525.787811678448,3544.5455823443485,2758.702037284436
forecast_2244,2025-04-04 12:00:00,3583.8489093038575,3270.252430825632,3704.651509286499
forecast_2245,2025-04-04 13:00:00,3738.0375716747317,2983.232891290705,3838.399491848675
forecast_2246,2025-04-04 14:00:00,3854.346398924897,3488.269766913252,3759.4240446474187
forecast_2247,2025-04-04 15:00:00,3902.6294774339876,3835.708903294554,3111.8435261716986
forecast_2248,2025-04-04 16:00:00,4250.5561669808885,3957.979448957283,3763.93258134061
forecast_2249,2025-04-04 17:00:00,4281.582049689958,4021.0902799216133,4104.131492324317
forecast_2250,2025-04-04 18:00:00,3709.1808886368162,3832.365690012741,3146.978135269836
forecast_2251,2025-04-04 19:00:00,4346.734623907789,3839.6741239359662,3258.60832268472
forecast_2252,2025-04-04 20:00:00,4262.04897053104,4882.227664914153,3794.7062744525233
forecast_2253,2025-04-04 21:00:00,4430.586100151553,5347.927013879982,3924.592842264909
forecast_2254,2025-04-04 22:00:00,4964.575432172366,5335.6877933199185,4212.345657639729
forecast_2255,2025-04-04 23:00:00,4293.5281391934695,5340.766128519228,3967.1820942770637
forecast_2256,2025-04-05 00:00:00,4976.732812073883,5315.77913596789,4346.248078363879
forecast_2257,2025-04-05 01:00:00,7507.051663210785,10635.991732997889,5744.788618645742
forecast_2258,2025-04-05 02:00:00,9478.664377516845,12193.744262633498,7623.759272572288
forecast_2259,2025-04-05 03:00:00,8637.013217794683,11599.992970016496,6477.744879562777
forecast_2260,2025-04-05 04:00:00,10228.69693404366,12905.05203781774,8513.174168322512
forecast_2261,2025-04-05 05:00:00,9090.445623600073,11626.652494279484,8282.697174047848
forecast_2262,2025-04-05 06:00:00,8319.071110732531,11939.888064615254,7402.93356344563
forecast_2263,2025-04-05 07:00:00,5910.122459251804,10854.730532991049,4305.376449310807
forecast_2264,2025-04-05 08:00:00,6157.320359023752,7252.472185262036,3280.705717149671
forecast_2265,2025-04-05 09:00:00,5441.33539471437,6778.970153515526,4418.575016384886
forecast_2266,2025-04-05 10:00:00,4414.445545778844,5617.521149308409,3000.1642982130247
forecast_2267,2025-04-05 11:00:00,7813.264708290547,11350.427599341645,3577.5948782952973
forecast_2268,2025-04-05 12:00:00,8654.424977773146,11397.13404956401,7039.33071770559
forecast_2269,2025-04-05 13:00:00,9798.520454687472,13550.75894573841,10687.95909171451
forecast_2270,2025-04-05 14:00:00,12600.774852425022,15243.257524433446,13564.651941049236
forecast_2271,2025-04-05 15:00:00,12501.604449447887,14881.630048308563,11682.250557073283
forecast_2272,2025-04-05 16:00:00,11444.69085641402,15146.995659332766,15719.586053597845
forecast_2273,2025-04-05 17:00:00,12954.771888238285,13929.3411456584,11683.879246010483
forecast_2274,2025-04-05 18:00:00,15158.813256167305,13855.6001322742,15976.52746827199
forecast_2275,2025-04-05 19:00:00,15033.30025502737,14944.024523090116,13919.173553719327
forecast_2276,2025-04-05 20:00:00,15648.6306965432,16999.796626682008,15584.092927175707
forecast_2277,2025-04-05 21:00:00,15398.286532730268,15671.626713613405,15708.892128512138
forecast_2278,2025-04-05 22:00:00,15970.22846667554,16134.616509524198,14895.205372489592
forecast_2279,2025-04-05 23:00:00,15993.803134196114,17606.37077580163,16235.630381727326
forecast_2280,2025-04-06 00:00:00,16310.418185835759,17017.232142860354,15489.428343053292
forecast_2281,2025-04-06 01:00:00,15066.696625533255,16325.944463144946,13665.138808698019
forecast_2282,2025-04-06 02:00:00,15450.622996113396,16062.530045146805,13467.92574113857
forecast_2283,2025-04-06 03:00:00,14876.926153761571,16603.239586436164,15328.455144107726
forecast_2284,2025-04-06 04:00:00,16309.660213555908,16413.95840131219,15569.456421073353
forecast_2285,2025-04-06 05:00:00,16251.557096912646,16871.840148440926,15369.176518039203
forecast_2286,2025-04-06 06:00:00,16041.135375348651,17195.167613982103,15281.861726546793
forecast_2287,2025-04-06 07:00:00,16446.678774480308,17663.21700209906,15424.225365033704
forecast_2288,2025-04-06 08:00:00,16349.468230960894,17121.08012175487,16262.379244252334
forecast_2289,2025-04-06 09:00:00,16002.150293661314,14685.76802776944,13627.676163083554
forecast_2290,2025-04-06 10:00:00,13929.692528402582,11861.549797738047,10637.897372378473
forecast_2291,2025-04-06 11:00:00,12777.441018822425,11231.238092639478,10561.033839912316
forecast_2292,2025-04-06 12:00:00,13118.74803656447,12550.68683391381,11658.958825133825
forecast_2293,2025-04-06 13:00:00,14075.994955181299,13311.443563282539,11819.544430185224
forecast_2294,2025-04-06 14:00:00,14638.592394172043,13657.256292193339,12739.690942718737
forecast_2295,2025-04-06 15:00:00,15205.909208963218,14264.899728080989,13266.2400670286
forecast_2296,2025-04-06 16:00:00,14101.850800743645,14089.493653290288,12256.815094694039
forecast_2297,2025-04-06 17:00:00,14156.339891495318,13550.187938453519,12221.838075060437
forecast_2298,2025-04-06 18:00:00,14576.190462762743,13722.002043437375,12756.71208543739
forecast_2299,2025-04-06 19:00:00,13421.798600366328,12696.117808982226,12661.792710898026
forecast_2300,2025-04-06 20:00:00,13083.45444369399,13982.675934392704,12944.330488285557
forecast_2301,2025-04-06 21:00:00,13315.631502762819,12695.178431315591,12959.74110366364
forecast_2302,2025-04-06 22:00:00,15690.967065463343,14215.863266926672,14663.741507723644
forecast_2303,2025-04-06 23:00:00,14950.28973703665,14741.322741584396,14789.293069390527
forecast_2304,2025-04-07 00:00:00,14311.519837653173,13914.693229684673,14473.700350564932
forecast_2305,2025-04-07 01:00:00,16112.235746751176,16474.425615771965,16386.391732418124
forecast_2306,2025-04-07 02:00:00,15691.100388460025,15079.757824826314,15717.70600548019
forecast_2307,2025-04-07 03:00:00,14319.321892502807,15424.454006814187,14351.929898554492
forecast_2308,2025-04-07 04:00:00,14436.310841498915,15721.988416630436,14633.695145685902
forecast_2309,2025-04-07 05:00:00,12445.504071997639,14060.123854435815,11733.77594960398
forecast_2310,2025-04-07 06:00:00,13585.782189731815,15090.420824259509,12197.856651835697
forecast_2311,2025-04-07 07:00:00,14312.515746855455,16052.841937876734,13394.765086042233
forecast_2312,2025-04-07 08:00:00,14527.86312052174,15808.160028308566,11094.315633082526
forecast_2313,2025-04-07 09:00:00,13027.517187121444,14735.52871610613,12497.055947607221
forecast_2314,2025-04-07 10:00:00,10574.864283061237,12816.548815793705,11749.39951284056
forecast_2315,2025-04-07 11:00:00,10677.119395904545,10688.92742019945,10795.180427451844
forecast_2316,2025-04-07 12:00:00,13015.013241512044,9642.517904413315,10407.520938195586
forecast_2317,2025-04-07 13:00:00,14469.602011687199,12522.856848793399,12601.476053317936
forecast_2318,2025-04-07 14:00:00,14995.116062541269,9844.50777892422,9014.71965782656
forecast_2319,2025-04-07 15:00:00,16069.341720363187,12170.045927141931,10849.415268279117
forecast_2320,2025-04-07 16:00:00,16675.178593993485,15764.817704112309,14134.641508463914
forecast_2321,2025-04-07 17:00:00,15766.785875218353,17478.224948255385,15921.495205820942
forecast_2322,2025-04-07 18:00:00,17797.109317820505,17560.2684699033,16695.51065814216
forecast_2323,2025-04-07 19:00:00,17382.911667584056,18673.46407349221,17873.719358577026
forecast_2324,2025-04-07 20:00:00,17958.523166723196,18899.682491033953,18503.909767898327
forecast_2325,2025-04-07 21:00:00,18571.62170473813,19002.800640621994,18376.57938796689
forecast_2326,2025-04-07 22:00:00,18851.000295195652,19468.535976070394,19137.832156588905
forecast_2327,2025-04-07 23:00:00,19291.724907887838,19897.2013759053,19661.329318231623
forecast_2328,2025-04-08 00:00:00,19451.098558139372,19591.984721051223,19567.524031793604
forecast_2329,2025-04-08 01:00:00,18911.325459414216,19592.31654498577,19495.055753613353
forecast_2330,2025-04-08 02:00:00,19098.190729596587,19730.34985592892,19389.634916409897
forecast_2331,2025-04-08 03:00:00,19711.025905273484,19843.14286835988,19585.492877450703
forecast_2332,2025-04-08 04:00:00,19333.276471905323,19769.592990582198,19476.99986394935
forecast_2333,2025-04-08 05:00:00,19161.13209197827,19320.080026554228,19327.761441165447
forecast_2334,2025-04-08 06:00:00,18764.103175892607,19234.012207303036,19118.90910981281
forecast_2335,2025-04-08 07:00:00,17938.667029576394,18727.22110530619,18657.54212026622
forecast_2336,2025-04-08 08:00:00,17646.819658233962,18513.320737508686,18276.650882031045
forecast_2337,2025-04-08 09:00:00,16311.905302663974,16500.09943950051,16319.306838020277
forecast_2338,2025-04-08 10:00:00,15301.756867298402,14499.246350992442,13103.502411188056
forecast_2339,2025-04-08 11:00:00,14535.443948576221,13690.07006990535,12160.858420289569
forecast_2340,2025-04-08 12:00:00,14070.741724975342,15305.611818441137,11762.456637419655
forecast_2341,2025-04-08 13:00:00,14561.947425242732,13585.845335737955,11475.884626340845
forecast_2342,2025-04-08 14:00:00,12516.32071168988,13049.65096351588,9868.232754387525
forecast_2343,2025-04-08 15:00:00,12221.054353020143,12561.607763971158,8710.669214897072
forecast_2344,2025-04-08 16:00:00,8261.373216145894,5815.815506398995,4809.0749593984065
forecast_2345,2025-04-08 17:00:00,4589.788573266592,3753.516021615128,3984.946309788611
forecast_2346,2025-04-08 18:00:00,3462.6653041521263,4407.445627081184,4772.343009270231
forecast_2347,2025-04-08 19:00:00,4249.35018181647,4148.648693748008,4345.626750955953
forecast_2348,2025-04-08 20:00:00,3574.5800527773704,3565.9449874910365,3714.091523830035
forecast_2349,2025-04-08 21:00:00,3682.818243934962,3479.216603247539,3658.433065987213
forecast_2350,2025-04-08 22:00:00,3870.5418624186677,3797.460598383426,2632.492874874329
forecast_2351,2025-04-08 23:00:00,3401.8235080274503,4498.923242129331,2795.528997129578
forecast_2352,2025-04-09 00:00:00,2955.870478513592,3599.43089613204,2724.2269559922565
forecast_2353,2025-04-09 01:00:00,3237.6056048939827,3924.2164180138966,3418.2750494584134
forecast_2354,2025-04-09 02:00:00,3392.04735326223,3834.257637691595,3682.706612197593
forecast_2355,2025-04-09 03:00:00,3547.6683566931197,3861.716166186807,3904.09897391247
forecast_2356,2025-04-09 04:00:00,2689.544455904188,3197.9480628595616,3242.6175566875
forecast_2357,2025-04-09 05:00:00,3973.5334913320085,3931.9649354953945,3385.549208283641
forecast_2358,2025-04-09 06:00:00,3923.6372277172004,3763.5284375998795,3617.100656758793
forecast_2359,2025-04-09 07:00:00,4140.898493848875,3843.147075114746,2971.622232316946
forecast_2360,2025-04-09 08:00:00,3487.929057966578,3685.03053315521,3171.8193554324316
forecast_2361,2025-04-09 09:00:00,4218.322828758277,3770.022612248597,3405.659498784643
forecast_2362,2025-04-09 10:00:00,3255.9960819024705,4166.490405791526,4210.986470662043
forecast_2363,2025-04-09 11:00:00,4033.5191538158715,3771.6486833923154,4058.0933435178385
forecast_2364,2025-04-09 12:00:00,3892.273583969691,4044.627436091708,3993.827654264297
forecast_2365,2025-04-09 13:00:00,3731.048178343363,3745.964475707617,4189.811702302606
forecast_2366,2025-04-09 14:00:00,3570.6392979030325,3812.0600900925856,3684.6785048352954
forecast_2367,2025-04-09 15:00:00,4688.5701388977795,4688.5882756797555,3626.5733043139867
forecast_2368,2025-04-09 16:00:00,5269.904742491877,5997.988509071388,6695.758344671178
forecast_2369,2025-04-09 17:00:00,5864.069417879787,10555.609824448231,5658.7754927991855
forecast_2370,2025-04-09 18:00:00,5824.024586621163,8295.023973830284,4703.261423644749
forecast_2371,2025-04-09 19:00:00,4889.3317481872755,4621.043427202237,4022.468681144316
forecast_2372,2025-04-09 20:00:00,3626.7742097099535,8550.506135431202,3554.8878019657395
forecast_2373,2025-04-09 21:00:00,4018.138030295169,5943.246953079448,2552.0537331791356
forecast_2374,2025-04-09 22:00:00,6158.75646310151,8719.610795854438,3786.6930799770266
forecast_2375,2025-04-09 23:00:00,7337.255290297427,12385.6081026848,7901.22616788463
forecast_2376,2025-04-10 00:00:00,6108.675018855355,10681.222907215413,5093.5454279084715
forecast_2377,2025-04-10 01:00:00,7213.022729531671,10629.09108867158,5843.399050667214
forecast_2378,2025-04-10 02:00:00,7131.556621335017,12549.429290214955,6780.883096739743
forecast_2379,2025-04-10 03:00:00,8526.982244007102,13972.55564325018,8380.890155855017
forecast_2380,2025-04-10 04:00:00,7450.922070622767,9975.176619436843,5195.850333201895
forecast_2381,2025-04-10 05:00:00,6054.830004602106,7378.13428009065,3356.1528629931618
forecast_2382,2025-04-10 06:00:00,6441.499150611665,9249.198041132177,6027.716189735446
forecast_2383,2025-04-10 07:00:00,5560.944160704479,6239.482160785616,4131.114802541133
forecast_2384,2025-04-10 08:00:00,5512.663745126511,6585.08447475305,4092.666002438277
forecast_2385,2025-04-10 09:00:00,5367.577996802393,5567.995999131668,3462.47290890477
forecast_2386,2025-04-10 10:00:00,4783.90608052006,4628.816658400452,3891.7910211599415
forecast_2387,2025-04-10 11:00:00,4187.660495792817,4731.331026670656,4746.723313119499
forecast_2388,2025-04-10 12:00:00,4199.904019764064,4074.1255629745037,3490.692385372876
forecast_2389,2025-04-10 13:00:00,3958.77840353164,3568.97270868468,3109.353533799732
forecast_2390,2025-04-10 14:00:00,4325.2042336389095,4187.911214065924,4013.6842443274645
forecast_2391,2025-04-10 15:00:00,4410.690491490939,3725.2668125932646,3896.9831955674526
forecast_2392,2025-04-10 16:00:00,4406.693651617163,4411.769778663747,4575.272679114518
forecast_2393,2025-04-10 17:00:00,4214.952318397802,3976.3304516916105,4071.55953071342
forecast_2394,2025-04-10 18:00:00,3983.023704623519,3881.510273677287,3837.843052127363
forecast_2395,2025-04-10 19:00:00,3663.984760921146,3666.0375569868456,2942.4240152426505
forecast_2396,2025-04-10 20:00:00,3831.3930493067546,5037.411269821316,3118.554965097545
forecast_2397,2025-04-10 21:00:00,3961.086986815359,6131.76499500402,3107.437663206782
forecast_2398,2025-04-10 22:00:00,3903.5479237235677,5064.109356187573,3561.6883882608818
forecast_2399,2025-04-10 23:00:00,4440.606724896656,4958.3836329297,3105.8365964588725
forecast_2400,2025-04-11 00:00:00,3866.1461168291526,4391.747890414645,3055.9424013061016
forecast_2401,2025-04-11 01:00:00,3762.956816252753,2812.313747308053,4220.455048736519
forecast_2402,2025-04-11 02:00:00,4079.0992183184194,3329.8826445783957,3278.77912752001
forecast_2403,2025-04-11 03:00:00,3833.8532858286367,2823.504846211087,2594.215895438787
forecast_2404,2025-04-11 04:00:00,3771.9116537991417,3588.6525848132687,3717.00650351142
forecast_2405,2025-04-11 05:00:00,3846.8164261948627,2869.1508066181636,4227.118758120732
forecast_2406,2025-04-11 06:00:00,3563.15608912412,2854.6464762963265,4438.686251593277
forecast_2407,2025-04-11 07:00:00,3251.4611746050355,3380.727555387807,4027.638266404676
forecast_2408,2025-04-11 08:00:00,2952.0027398830475,2898.4499163962587,3669.9917518929537
forecast_2409,2025-04-11 09:00:00,2778.770257370288,2789.9235854963654,3358.9397972768575
forecast_2410,2025-04-11 10:00:00,3777.159028605014,3831.4913191720534,3407.5029072509697
forecast_2411,2025-04-11 11:00:00,3875.7137996587862,3186.0696161683686,3553.569233726653
forecast_2412,2025-04-11 12:00:00,3955.9783639813345,3134.6845858766637,4033.6697489187377
forecast_2413,2025-04-11 13:00:00,4025.9005053144706,3234.768827682535,4123.1270683231805
forecast_2414,2025-04-11 14:00:00,3359.1877738472867,3257.6574138811197,3899.8677581217944
forecast_2415,2025-04-11 15:00:00,3206.670791725932,3555.271719369578,3813.3435063962097
forecast_2416,2025-04-11 16:00:00,3738.294425104108,3840.3357683593604,2964.8775065427026
forecast_2417,2025-04-11 17:00:00,4213.181915739506,3198.376333800466,4131.10664014235
forecast_2418,2025-04-11 18:00:00,3861.8069523501154,3125.6461998461714,3966.7561008223765
forecast_2419,2025-04-11 19:00:00,3382.819198103325,3279.2697052595004,4357.802093668583
forecast_2420,2025-04-11 20:00:00,3183.7062603129025,6060.876403087548,3861.206128786197
forecast_2421,2025-04-11 21:00:00,3124.5500864059195,5389.3908503199655,3994.192951057111
forecast_2422,2025-04-11 22:00:00,3364.2943797520397,4036.7189430950048,2963.125553176326
forecast_2423,2025-04-11 23:00:00,3201.590410465875,3988.2981417114033,3130.784923233763
forecast_2424,2025-04-12 00:00:00,3712.2086392504816,3637.2407368464237,3095.175916606265
forecast_2425,2025-04-12 01:00:00,3893.16426957733,4019.7487362258153,4428.722000477238
forecast_2426,2025-04-12 02:00:00,3893.9109401010774,3632.145382986402,3965.7613804459156
forecast_2427,2025-04-12 03:00:00,3932.923189795972,3814.3452863724738,3767.8810246843627
forecast_2428,2025-04-12 04:00:00,3872.7566835785565,3823.67753935,3634.493257220076
forecast_2429,2025-04-12 05:00:00,4948.064601279407,7094.969727212247,3730.6616414605433
forecast_2430,2025-04-12 06:00:00,5441.593543717871,6604.303718653505,3075.9583721340687
forecast_2431,2025-04-12 07:00:00,6672.633667435137,8719.209271977228,6009.927201006559
forecast_2432,2025-04-12 08:00:00,5074.338122075135,9393.363760245453,5843.041873834815
forecast_2433,2025-04-12 09:00:00,9220.590016533977,11012.891729920579,7344.386675160853
forecast_2434,2025-04-12 10:00:00,7714.543679054702,12285.453226655469,7987.479516751006
forecast_2435,2025-04-12 11:00:00,9862.732123397756,11637.570016042717,8921.198092715724
forecast_2436,2025-04-12 12:00:00,11138.540794639059,13246.039991884714,11382.017019985837
forecast_2437,2025-04-12 13:00:00,10925.293241572395,15160.415273780345,12410.328740830882
forecast_2438,2025-04-12 14:00:00,10778.332742171784,14676.950813548396,11872.52961556475
forecast_2439,2025-04-12 15:00:00,11247.408291485388,13595.049574535858,11880.436419009808
forecast_2440,2025-04-12 16:00:00,10359.123306528214,14220.179640979732,11083.643262203437
forecast_2441,2025-04-12 17:00:00,8693.571781571232,11026.755395440478,8036.475145106786
forecast_2442,2025-04-12 18:00:00,12751.920270572218,13424.93990079684,14701.204419854466
forecast_2443,2025-04-12 19:00:00,14010.90691366549,16972.79540251826,15712.014684700993
forecast_2444,2025-04-12 20:00:00,15359.362310113018,18269.975367217903,17192.423764510597
forecast_2445,2025-04-12 21:00:00,16694.377678172816,17636.059029080363,16706.89402581213
forecast_2446,2025-04-12 22:00:00,18240.435338307394,19189.562899060802,17889.404785888033
forecast_2447,2025-04-12 23:00:00,17475.15303608958,19309.737873474245,17646.13628375497
forecast_2448,2025-04-13 00:00:00,18040.756604881848,19399.26850593428,17605.6951273412
forecast_2449,2025-04-13 01:00:00,17974.046140629573,19268.327206931262,18527.228217643184
forecast_2450,2025-04-13 02:00:00,15727.386330375737,18397.254723246453,17370.256166224266
forecast_2451,2025-04-13 03:00:00,17904.56362343178,17775.57548621542,17478.578633939345
forecast_2452,2025-04-13 04:00:00,20335.823173143406,19724.93594843345,19054.744268758062
forecast_2453,2025-04-13 05:00:00,18981.928185234294,19797.582756214473,19120.398181018794
forecast_2454,2025-04-13 06:00:00,18692.074115001746,19431.73082431186,19073.377593051788
forecast_2455,2025-04-13 07:00:00,18862.97854718188,19483.705308047305,19025.892329646347
forecast_2456,2025-04-13 08:00:00,19003.89371851162,19446.55322962793,18794.13202330082
forecast_2457,2025-04-13 09:00:00,18429.574847154272,19455.453872798567,18654.065613921943
forecast_2458,2025-04-13 10:00:00,18005.14943829342,19475.230276731178,18244.48785066888
forecast_2459,2025-04-13 11:00:00,17403.77950960756,19241.42139689439,18310.151439216985
forecast_2460,2025-04-13 12:00:00,17343.500843278613,18986.608484648834,18207.545745269414
forecast_2461,2025-04-13 13:00:00,17293.147903918958,18746.4728993804,18366.674149017388
forecast_2462,2025-04-13 14:00:00,17340.49748273106,18808.08620722049,17926.24326167767
forecast_2463,2025-04-13 15:00:00,16906.30183878651,18861.484754444602,18325.657126533457
forecast_2464,2025-04-13 16:00:00,17658.23849514542,19133.287637057903,18258.2378232562
forecast_2465,2025-04-13 17:00:00,18260.815596727505,19397.973009990248,18737.117418987287
forecast_2466,2025-04-13 18:00:00,18929.907657463944,19658.020397589957,19169.905404373047
forecast_2467,2025-04-13 19:00:00,19238.128254588428,19438.208686610593,19069.754181125543
forecast_2468,2025-04-13 20:00:00,18972.09013473787,19455.82314266544,18776.181251483074
forecast_2469,2025-04-13 21:00:00,19060.345544668522,19281.798781595808,18930.41115302102
forecast_2470,2025-04-13 22:00:00,17084.198668713474,19355.584846062255,18287.108898691848
forecast_2471,2025-04-13 23:00:00,16039.159473090938,18794.232559739765,18161.86377443953
forecast_2472,2025-04-14 00:00:00,14568.028726912029,18842.732682239373,17456.481536671225
forecast_2473,2025-04-14 01:00:00,13004.675601556994,17603.81089841955,16346.518699070402
forecast_2474,2025-04-14 02:00:00,13997.95713000939,18072.20308254389,16424.013878856265
forecast_2475,2025-04-14 03:00:00,13757.208130244035,15034.091640556277,10642.61515591936
forecast_2476,2025-04-14 04:00:00,13396.585959556876,10403.453326894012,6124.373684618918
forecast_2477,2025-04-14 05:00:00,6930.0609504552585,9001.35242110614,7106.22351896871
forecast_2478,2025-04-14 06:00:00,6223.957366262554,9689.545021712394,5029.961851856023
forecast_2479,2025-04-14 07:00:00,6144.643393707928,7016.642490380129,4068.7659810642517
forecast_2480,2025-04-14 08:00:00,5329.302241475037,4233.213279903458,3877.821671517243
forecast_2481,2025-04-14 09:00:00,4624.6980886732745,4440.8940887193,4244.890591319467
forecast_2482,2025-04-14 10:00:00,4087.52768988068,4636.374800208565,4289.897819027453
forecast_2483,2025-04-14 11:00:00,4135.216281661001,4800.505327369687,4571.0869894717225
forecast_2484,2025-04-14 12:00:00,4507.971308408352,5444.762935579054,4448.133940936086
forecast_2485,2025-04-14 13:00:00,4133.6216648636855,4275.006072200032,4033.3947727045565
forecast_2486,2025-04-14 14:00:00,4063.82329666425,3524.809832707637,3114.5074406357785
forecast_2487,2025-04-14 15:00:00,3326.1613934162183,3653.126963339998,2869.494676333391
forecast_2488,2025-04-14 16:00:00,3197.869705081716,3766.929614920801,3061.08170138074
forecast_2489,2025-04-14 17:00:00,3490.3739511197127,4528.031226464886,3477.5810096482105
forecast_2490,2025-04-14 18:00:00,3854.8826028564376,3688.557140877905,3869.016408475905
forecast_2491,2025-04-14 19:00:00,3449.3826778285184,3739.066403264297,4027.3449878141428
forecast_2492,2025-04-14 20:00:00,3281.597900230847,3165.7497737211306,4007.721771003743
forecast_2493,2025-04-14 21:00:00,4833.131580281093,4030.5589137835973,4124.561524362074
forecast_2494,2025-04-14 22:00:00,4711.860719614032,4047.2181504455025,3714.644653997885
forecast_2495,2025-04-14 23:00:00,3683.187912428767,4042.9248932445507,3724.5905897741045
forecast_2496,2025-04-15 00:00:00,5364.980676539057,3876.5010087245773,3784.835166836881
forecast_2497,2025-04-15 01:00:00,8409.976474337933,7338.670433352795,5834.715279273437
forecast_2498,2025-04-15 02:00:00,8990.929911708652,7801.608002477267,6946.116936361547
forecast_2499,2025-04-15 03:00:00,7359.762488891264,6624.443628028428,4022.624306248549
forecast_2500,2025-04-15 04:00:00,6221.601025009781,6849.631705569774,4734.864626351381
forecast_2501,2025-04-15 05:00:00,6096.2012555418105,5652.996507472564,4003.6985878670075
forecast_2502,2025-04-15 06:00:00,6178.641574946092,6464.024390361292,5277.271991090067
forecast_2503,2025-04-15 07:00:00,8176.344665786961,9680.949834672712,6153.708385456316
forecast_2504,2025-04-15 08:00:00,6698.486889030824,6802.888215629399,5133.209524189438
forecast_2505,2025-04-15 09:00:00,7886.997767151735,9097.15999848047,6931.372661019261
forecast_2506,2025-04-15 10:00:00,9745.161546500658,8773.89910466049,8387.444846138547
forecast_2507,2025-04-15 11:00:00,9741.400319223714,8227.154963050702,7476.311154348615
forecast_2508,2025-04-15 12:00:00,7498.610315254695,6562.052391974445,5330.019466432198
forecast_2509,2025-04-15 13:00:00,8098.371700542384,7479.657239723942,6412.915222285782
forecast_2510,2025-04-15 14:00:00,10111.656946845582,8022.679508602552,8136.336733165217
forecast_2511,2025-04-15 15:00:00,11601.769742675444,11618.961647625953,9053.872306787041
forecast_2512,2025-04-15 16:00:00,13007.715504113736,12063.790192819268,9397.02812586358
forecast_2513,2025-04-15 17:00:00,13071.562827571759,12968.982312787644,10411.759689322087
forecast_2514,2025-04-15 18:00:00,14287.138513537717,12385.307765662805,12798.993976395346
forecast_2515,2025-04-15 19:00:00,14460.740534477474,13973.195006311305,13248.372883511613
forecast_2516,2025-04-15 20:00:00,15811.610397370057,17581.251479462684,16407.14959091339
forecast_2517,2025-04-15 21:00:00,15800.556077543195,17872.417516215584,15894.366544796463
forecast_2518,2025-04-15 22:00:00,16056.72376095563,19152.28770811901,18593.05997165335
forecast_2519,2025-04-15 23:00:00,16030.923154281732,19082.380287306976,16994.52832726946
forecast_2520,2025-04-16 00:00:00,15753.16750084283,19070.370012727395,17370.69118873806
forecast_2521,2025-04-16 01:00:00,17136.84730376763,18555.696280927186,17066.162642062543
forecast_2522,2025-04-16 02:00:00,17725.384870537437,18751.753005046667,16227.903157588711
forecast_2523,2025-04-16 03:00:00,17020.98391169163,18764.997281699587,15256.72428309507
forecast_2524,2025-04-16 04:00:00,15666.25126101591,18294.408134290792,15327.22993671245
forecast_2525,2025-04-16 05:00:00,17382.012808169977,18321.834225760544,16648.92454902045
forecast_2526,2025-04-16 06:00:00,17623.58110310431,18439.144018142884,17004.896808965503
forecast_2527,2025-04-16 07:00:00,17630.293775972415,17875.652688499405,15776.768767820427
forecast_2528,2025-04-16 08:00:00,13785.684544292026,16113.87220742601,12804.329044454129
forecast_2529,2025-04-16 09:00:00,12599.40297518119,13842.890149766034,9735.998778134495
forecast_2530,2025-04-16 10:00:00,9361.517661476279,13387.298823136865,10369.092376942452
forecast_2531,2025-04-16 11:00:00,10974.094874601633,10806.837972379093,10716.367572282112
forecast_2532,2025-04-16 12:00:00,12422.06602996895,11199.266464957347,11280.29545740474
forecast_2533,2025-04-16 13:00:00,13745.410462161863,13429.935893636502,13514.7281904239
forecast_2534,2025-04-16 14:00:00,15525.817441190606,15213.739159672663,15279.238927751165
forecast_2535,2025-04-16 15:00:00,16871.51405928871,16490.019983603986,16486.69328581533
forecast_2536,2025-04-16 16:00:00,16799.506040615895,17594.64193679065,16924.236392322688
forecast_2537,2025-04-16 17:00:00,18131.689545690464,18157.29701004718,17797.34015616869
forecast_2538,2025-04-16 18:00:00,18229.761114794703,18717.04500849357,18537.87225617187
forecast_2539,2025-04-16 19:00:00,18570.873854905705,19392.736136197127,18569.868825509366
forecast_2540,2025-04-16 20:00:00,18819.094293833987,19268.27766049357,18934.43864951113
forecast_2541,2025-04-16 21:00:00,19212.747136756305,19431.670052222627,18874.018389011264
forecast_2542,2025-04-16 22:00:00,18192.77411190866,18911.897230859653,18288.59034093141
forecast_2543,2025-04-16 23:00:00,18039.177039387854,19227.467725629325,18187.851401091404
forecast_2544,2025-04-17 00:00:00,19461.73017613007,19176.552868843897,18602.99948075129
forecast_2545,2025-04-17 01:00:00,18958.105695343183,19325.74265793833,18610.96537498732
forecast_2546,2025-04-17 02:00:00,19795.968391229082,19381.631100035254,18085.95872951463
forecast_2547,2025-04-17 03:00:00,18966.986325034828,19218.597830858103,18634.46721069024
forecast_2548,2025-04-17 04:00:00,18918.094617230367,18052.415469077863,17795.138071524736
forecast_2549,2025-04-17 05:00:00,15386.986384480208,18308.398081984753,16938.94333629102
forecast_2550,2025-04-17 06:00:00,17074.487589545042,17502.54948411487,16951.522119965168
forecast_2551,2025-04-17 07:00:00,17257.832330700185,18039.464492315798,17614.906461272833
forecast_2552,2025-04-17 08:00:00,16721.694051175502,19020.627262990198,18568.074449730062
forecast_2553,2025-04-17 09:00:00,14077.375426409548,15007.18114578176,12206.756874989753
forecast_2554,2025-04-17 10:00:00,11101.56847917632,15199.209639218498,11922.356543220256
forecast_2555,2025-04-17 11:00:00,10187.195167229575,14327.23798096486,10962.20251923641
forecast_2556,2025-04-17 12:00:00,8199.33352887482,13456.96983230597,10281.277539068473
forecast_2557,2025-04-17 13:00:00,8943.420715314884,10314.402454157087,8041.177258888918
forecast_2558,2025-04-17 14:00:00,8330.593280855672,12537.559513617365,9577.23335436103
forecast_2559,2025-04-17 15:00:00,7530.6609094233845,12477.13184498987,10753.94410060476
forecast_2560,2025-04-17 16:00:00,7994.037810844575,13761.950901904664,12336.675649402316
forecast_2561,2025-04-17 17:00:00,9363.026014671417,13787.96073915825,12552.483024229334
forecast_2562,2025-04-17 18:00:00,10618.562450398162,15024.531750897073,11422.005574795181
forecast_2563,2025-04-17 19:00:00,15005.827445696143,15210.279980121355,14611.596306615122
forecast_2564,2025-04-17 20:00:00,14792.910401462268,14393.628100026172,14696.24766646875
forecast_2565,2025-04-17 21:00:00,12208.182670746402,14602.395312732402,12831.917585071562
forecast_2566,2025-04-17 22:00:00,13419.793905601728,14813.454271587498,14215.990598553813
forecast_2567,2025-04-17 23:00:00,12399.29696825014,15821.753229392505,13749.096007723467
forecast_2568,2025-04-18 00:00:00,17172.881266211072,18913.59866965037,18022.010552872467
forecast_2569,2025-04-18 01:00:00,17284.91332125676,19367.754386132954,16677.512512709247
forecast_2570,2025-04-18 02:00:00,17481.00996184198,18837.257872103357,18117.618645539187
forecast_2571,2025-04-18 03:00:00,18112.06351606054,19713.683308863725,18309.938785526756
forecast_2572,2025-04-18 04:00:00,19209.47880884093,19865.230970184584,19313.31149706722
forecast_2573,2025-04-18 05:00:00,18681.683424717998,18693.383964205448,19064.13297257688
forecast_2574,2025-04-18 06:00:00,17520.883667239505,16823.221256254616,17690.876200315797
forecast_2575,2025-04-18 07:00:00,15409.632072629392,14725.999032927002,13191.53599006139
forecast_2576,2025-04-18 08:00:00,14515.895100402953,13434.040480379577,11667.12043762491
forecast_2577,2025-04-18 09:00:00,9908.38125026695,10684.524975139208,11009.290292457861
forecast_2578,2025-04-18 10:00:00,9694.947130688673,11829.849774901179,10890.572296832497
forecast_2579,2025-04-18 11:00:00,10098.953614898173,11301.282509077599,11955.801426253645
forecast_2580,2025-04-18 12:00:00,11339.241785888282,12746.402224876418,11534.246967438656
forecast_2581,2025-04-18 13:00:00,10954.234473988181,11561.01063259277,10303.51689207571
forecast_2582,2025-04-18 14:00:00,9708.616420602439,10885.049614679983,9313.65591881636
forecast_2583,2025-04-18 15:00:00,8531.732041074796,9185.088108134712,8469.345236278907
forecast_2584,2025-04-18 16:00:00,8515.426510949055,8148.755278763857,8034.3925391154535
forecast_2585,2025-04-18 17:00:00,6439.845475463195,8399.415951374045,7238.090408853822
forecast_2586,2025-04-18 18:00:00,7588.934096079071,8023.323813614443,8194.674522701014
forecast_2587,2025-04-18 19:00:00,12451.731375379226,9742.915908949935,8313.298624539359
forecast_2588,2025-04-18 20:00:00,10018.813092116736,10470.24070508067,8719.197248699522
forecast_2589,2025-04-18 21:00:00,11124.346716561455,11455.316191624705,8880.476200241908
forecast_2590,2025-04-18 22:00:00,10815.123306029933,12263.239045847911,9926.041839818308
forecast_2591,2025-04-18 23:00:00,8338.940021653818,12488.225190308944,8902.394654955098
forecast_2592,2025-04-19 00:00:00,9277.851956222157,14862.462488077683,9889.481185524166
forecast_2593,2025-04-19 01:00:00,12219.56231657008,15107.239850320646,11261.92825481917
forecast_2594,2025-04-19 02:00:00,13441.954421487462,16594.79220541006,12762.360364805727
forecast_2595,2025-04-19 03:00:00,15383.687931627339,17617.44731077075,16477.980973507278
forecast_2596,2025-04-19 04:00:00,14398.32290877826,16953.76071480378,16687.0752741181
forecast_2597,2025-04-19 05:00:00,12874.967076072511,16227.442075067152,13586.13701620359
forecast_2598,2025-04-19 06:00:00,13461.272118220386,13907.31075160008,11372.155481881062
forecast_2599,2025-04-19 07:00:00,11507.004676031745,13427.668405383045,10183.050377472771
forecast_2600,2025-04-19 08:00:00,12716.027651954599,13808.63341614135,10657.13649721073
forecast_2601,2025-04-19 09:00:00,12602.84963876787,15342.765979920898,10992.528454541507
forecast_2602,2025-04-19 10:00:00,14338.346294942101,13050.333324913985,9670.864179495755
forecast_2603,2025-04-19 11:00:00,13399.242766284466,15387.436664464507,9642.650710359512
forecast_2604,2025-04-19 12:00:00,14124.753878584112,15617.904758886789,12988.295616432999
forecast_2605,2025-04-19 13:00:00,15244.320368710347,17495.592056087018,15509.832623336088
forecast_2606,2025-04-19 14:00:00,16084.275713074618,18483.70299144333,18034.42251681321
forecast_2607,2025-04-19 15:00:00,16834.174601653263,18232.480787024622,17450.975112521577
forecast_2608,2025-04-19 16:00:00,17904.84416906806,18105.54155582431,17806.698372432198
forecast_2609,2025-04-19 17:00:00,18378.018478101974,18612.027047189546,18357.99772377723
forecast_2610,2025-04-19 18:00:00,18003.175107932686,19089.045771570603,18002.824939904516
forecast_2611,2025-04-19 19:00:00,18644.663028074265,18401.53832346761,18712.674916323234
forecast_2612,2025-04-19 20:00:00,18015.666737406893,17826.289730958604,17873.711671494082
forecast_2613,2025-04-19 21:00:00,19309.250057503683,17930.676760241768,17934.97198631724
forecast_2614,2025-04-19 22:00:00,17666.623735209527,16120.797492878477,15727.010341446245
forecast_2615,2025-04-19 23:00:00,14482.48942979057,15949.87589700196,13000.351560908139
forecast_2616,2025-04-20 00:00:00,12017.624655475098,13493.278817066808,11418.919466581965
forecast_2617,2025-04-20 01:00:00,11097.430286395083,10699.646002654072,8970.946381376853
forecast_2618,2025-04-20 02:00:00,10733.841145754355,8021.024882985658,5884.8510529286095
forecast_2619,2025-04-20 03:00:00,6590.177180849134,7454.910673490058,5082.353056648296
forecast_2620,2025-04-20 04:00:00,4692.9458958278865,5663.055660226032,3789.0298300981776
forecast_2621,2025-04-20 05:00:00,3836.866448073515,4306.339287421653,3320.981883820915
forecast_2622,2025-04-20 06:00:00,3658.327818403764,3882.4004547892614,3176.977649619311
forecast_2623,2025-04-20 07:00:00,3822.4213163148206,3510.5221851164283,3464.856741900335
forecast_2624,2025-04-20 08:00:00,2919.704558127887,2732.1935695667617,3298.4422183774323
forecast_2625,2025-04-20 09:00:00,2817.4367890599287,2877.52573567726,3458.0956658567356
forecast_2626,2025-04-20 10:00:00,3122.079118424308,3130.701066161852,3331.030316080527
forecast_2627,2025-04-20 11:00:00,2645.9017376120682,3197.280181126903,2595.25261437279
forecast_2628,2025-04-20 12:00:00,2623.2438558293543,2540.4815283726707,3474.9589327960102
forecast_2629,2025-04-20 13:00:00,3790.8623891946327,3251.243105776582,4056.018994993598
forecast_2630,2025-04-20 14:00:00,4067.925146201963,3704.08093580388,3473.9747106306045
forecast_2631,2025-04-20 15:00:00,4128.140196631932,3489.474956122721,3597.115652500915
forecast_2632,2025-04-20 16:00:00,3440.8595315010316,3105.8781487490805,4072.3378143170917
forecast_2633,2025-04-20 17:00:00,3701.101061826277,3347.497057301686,3728.715686041452
forecast_2634,2025-04-20 18:00:00,3624.9212903640455,3412.4488655189134,3792.0055263839267
forecast_2635,2025-04-20 19:00:00,2866.5805033368442,3209.7992367602,3314.2404379837717
forecast_2636,2025-04-20 20:00:00,2865.2056491784606,2539.0473356435396,3007.320966130474
forecast_2637,2025-04-20 21:00:00,3350.5130960452775,2549.0372172087455,2961.4012007892043
forecast_2638,2025-04-20 22:00:00,2884.922785252288,3677.21448173333,3146.438511791199
forecast_2639,2025-04-20 23:00:00,3256.890235696489,3614.300858783232,3467.798488866999
forecast_2640,2025-04-21 00:00:00,3409.3819523832844,3675.049858887615,3420.736236614354
forecast_2641,2025-04-21 01:00:00,4247.969514695375,3400.5153860683076,3451.1524868258794
forecast_2642,2025-04-21 02:00:00,4135.177710021098,3331.6067197011234,3766.467952005106
forecast_2643,2025-04-21 03:00:00,3764.291350912389,3418.32714050666,2514.3621366587217
forecast_2644,2025-04-21 04:00:00,3673.41371503863,3016.5558580596553,2747.8506689158717
forecast_2645,2025-04-21 05:00:00,3699.6249205933523,2983.06599258612,3004.935956781508
forecast_2646,2025-04-21 06:00:00,3609.572621694312,3365.7542153735503,2568.3801647549453
forecast_2647,2025-04-21 07:00:00,3759.697136230869,3878.398697499762,3757.065676480387
forecast_2648,2025-04-21 08:00:00,3640.3697924139615,3864.0188416656806,3876.773288381607
forecast_2649,2025-04-21 09:00:00,3740.9704100626345,3873.9076580654255,4099.047957426386
forecast_2650,2025-04-21 10:00:00,3503.0153472290976,3932.9568566444095,4118.211590544559
forecast_2651,2025-04-21 11:00:00,3761.821381660454,4231.889453295415,3914.4949411696957
forecast_2652,2025-04-21 12:00:00,3453.124957244953,3202.730583821252,3840.5874824025814
forecast_2653,2025-04-21 13:00:00,3445.5999999691453,3257.4828496991167,3563.488630139692
forecast_2654,2025-04-21 14:00:00,2913.8199063783504,3341.868340025389,3590.062865894378
forecast_2655,2025-04-21 15:00:00,3312.355378247272,3083.5265345982816,3825.594799624571
forecast_2656,2025-04-21 16:00:00,3150.4880510149146,3311.5926113601686,3939.8844634987927
forecast_2657,2025-04-21 17:00:00,2781.720903133056,3439.488512623802,4080.022896153624
forecast_2658,2025-04-21 18:00:00,3148.6435957332283,3435.917606205188,3893.5192823168286
forecast_2659,2025-04-21 19:00:00,3434.954692627872,3849.7658166540964,3143.0439869978077
forecast_2660,2025-04-21 20:00:00,5986.898883093971,9681.096784155532,3762.5072523865138
forecast_2661,2025-04-21 21:00:00,6284.948428693013,8846.285708060062,4691.390126692612
forecast_2662,2025-04-21 22:00:00,7725.7620272601725,8495.348366387876,5656.731723801569
forecast_2663,2025-04-21 23:00:00,8076.949840416715,9824.129993922536,6249.780853231807
forecast_2664,2025-04-22 00:00:00,7853.165189673799,10046.635229447484,7130.640463700948
forecast_2665,2025-04-22 01:00:00,7938.6658060279315,12074.89032231578,6565.893674662164
forecast_2666,2025-04-22 02:00:00,11267.150887462014,11259.562315368541,8237.956605213569
forecast_2667,2025-04-22 03:00:00,7940.641077049916,9930.229853098781,7639.3031375571245
forecast_2668,2025-04-22 04:00:00,6411.436180646775,10916.897630539595,7570.740148230486
forecast_2669,2025-04-22 05:00:00,6411.317012233862,9015.65792870622,5057.609847067548
forecast_2670,2025-04-22 06:00:00,5281.380442022047,7682.090815374948,3712.1557204516594
forecast_2671,2025-04-22 07:00:00,3773.3772254795194,8899.779551667656,4432.38452754964
forecast_2672,2025-04-22 08:00:00,3978.3047064336124,5892.902622649407,3090.7775097815684
forecast_2673,2025-04-22 09:00:00,5407.923226923333,9627.41923028155,5158.068470922059
forecast_2674,2025-04-22 10:00:00,8642.609036232796,10921.456854294516,4976.348432952815
forecast_2675,2025-04-22 11:00:00,8889.69826093096,11678.560919194439,5840.919619883595
forecast_2676,2025-04-22 12:00:00,12268.117311129603,16012.698137951173,8228.661205998085
forecast_2677,2025-04-22 13:00:00,11477.242810310972,14226.527797566858,9208.558645750618
forecast_2678,2025-04-22 14:00:00,11664.02468007454,11969.49687676226,7135.478715351616
forecast_2679,2025-04-22 15:00:00,7215.517058125073,6344.369836744675,4057.3305122055963
forecast_2680,2025-04-22 16:00:00,6431.656421651848,4922.930160619386,4121.333871271625
forecast_2681,2025-04-22 17:00:00,4560.38831744941,4225.078294331426,3380.1238130157817
forecast_2682,2025-04-22 18:00:00,4134.187097070552,4300.0789115754105,2899.2857259886473
forecast_2683,2025-04-22 19:00:00,4289.722890600524,4958.038717463175,3578.7801991457773
forecast_2684,2025-04-22 20:00:00,4977.922346818434,6774.044625971905,3984.9722654448324
forecast_2685,2025-04-22 21:00:00,4471.931258042524,6349.627375922916,4166.478708313702
forecast_2686,2025-04-22 22:00:00,5412.785361513581,4433.745396411368,4122.522503053537
forecast_2687,2025-04-22 23:00:00,4568.665629311515,4691.774756828235,4104.285589069668
forecast_2688,2025-04-23 00:00:00,4507.342256655946,5056.035958456585,3447.5182191290587
forecast_2689,2025-04-23 01:00:00,7797.761792583496,8140.159723317021,6072.5612252486635
forecast_2690,2025-04-23 02:00:00,7774.059858689225,6489.78976591806,5277.6763175868
forecast_2691,2025-04-23 03:00:00,8169.312383630991,7436.065838610132,5687.122032688816
forecast_2692,2025-04-23 04:00:00,6567.866467092837,7542.531694901451,3646.267938644887
forecast_2693,2025-04-23 05:00:00,6789.312329651763,5841.609424412698,4052.4857125638405
forecast_2694,2025-04-23 06:00:00,5887.136543728542,5846.156545772358,3470.711884810122
forecast_2695,2025-04-23 07:00:00,5380.586429279472,5256.530737135884,3675.7337643415617
forecast_2696,2025-04-23 08:00:00,4945.294087706396,4113.014424251461,3267.8162122100443
forecast_2697,2025-04-23 09:00:00,4416.624427502355,3968.8609140069043,3146.5707307697467
forecast_2698,2025-04-23 10:00:00,3603.8744437948617,3986.9780348513154,4027.722013981729
forecast_2699,2025-04-23 11:00:00,3961.9124060525382,3720.2582020636396,3715.562882612551
forecast_2700,2025-04-23 12:00:00,3662.3593824622762,3757.192398531066,4110.435513850857
forecast_2701,2025-04-23 13:00:00,3502.4011916466743,2975.982516247165,3908.2281355413897
forecast_2702,2025-04-23 14:00:00,3816.329758009456,3649.8446120110093,4042.246271099134
forecast_2703,2025-04-23 15:00:00,3483.1415008231124,3585.4255747995176,3815.2124793089097
forecast_2704,2025-04-23 16:00:00,4224.886580401562,3979.519925501732,3526.952351797132
forecast_2705,2025-04-23 17:00:00,4112.442907364094,4324.135524146408,3510.591455320308
forecast_2706,2025-04-23 18:00:00,4798.97976814653,5315.856787893981,4080.0210591409323
forecast_2707,2025-04-23 19:00:00,5615.413713167482,6186.686962558108,3768.146160269037
forecast_2708,2025-04-23 20:00:00,7328.251257103481,7980.712859720685,5962.432160384674
forecast_2709,2025-04-23 21:00:00,8303.364452467282,7623.012685875032,6540.06002718384
forecast_2710,2025-04-23 22:00:00,9883.035207587576,11336.823583172607,9841.043312757833
forecast_2711,2025-04-23 23:00:00,12691.345770943033,14591.294376278727,13052.297559952127
forecast_2712,2025-04-24 00:00:00,18376.006115492433,17334.596880978228,16861.29685804987
forecast_2713,2025-04-24 01:00:00,18499.741185691077,18023.268567435785,17707.24395322801
forecast_2714,2025-04-24 02:00:00,18786.023553061743,16426.89209694188,17696.261272230033
forecast_2715,2025-04-24 03:00:00,19403.21840882259,18552.668789001218,18464.88107988755
forecast_2716,2025-04-24 04:00:00,18795.749836761162,16932.09931104856,17212.61943643316
forecast_2717,2025-04-24 05:00:00,18688.80709438338,17575.331521812815,16104.802113785494
forecast_2718,2025-04-24 06:00:00,18548.964658537916,17752.33242269814,18660.30740066285
forecast_2719,2025-04-24 07:00:00,15963.977897115481,19009.115055046266,17886.2236632637
forecast_2720,2025-04-24 08:00:00,15481.524026589776,16405.065347173484,13216.57211377177
forecast_2721,2025-04-24 09:00:00,13224.90918404102,13014.647152884887,8836.866565906046
forecast_2722,2025-04-24 10:00:00,9924.8445190688,11684.204103072785,7260.6842438591175
forecast_2723,2025-04-24 11:00:00,7105.251347388133,10523.81092476448,8401.420168163637
forecast_2724,2025-04-24 12:00:00,8807.33740573892,9981.101410858226,9164.494547895176
forecast_2725,2025-04-24 13:00:00,10819.410546706044,13040.152659635529,11548.732979501092
forecast_2726,2025-04-24 14:00:00,14162.12694294891,16328.18722043495,14998.083220828616
forecast_2727,2025-04-24 15:00:00,15626.54056061817,16553.139178428086,16267.051209400166
forecast_2728,2025-04-24 16:00:00,16186.078815562763,17505.976529629228,16755.2289620163
forecast_2729,2025-04-24 17:00:00,15949.928055131468,17078.953129852063,16450.685972202344
forecast_2730,2025-04-24 18:00:00,17140.98838610357,17857.784067341796,16967.879747539835
forecast_2731,2025-04-24 19:00:00,17085.828179665266,18774.659408975156,18076.435813013006
forecast_2732,2025-04-24 20:00:00,17140.013937767166,18826.357903762804,17317.940250925418
forecast_2733,2025-04-24 21:00:00,16431.25472997918,18238.899686262408,17256.373559063188
forecast_2734,2025-04-24 22:00:00,16077.814813726312,16036.047379224965,15289.942391072651
forecast_2735,2025-04-24 23:00:00,15328.525794621979,17349.284140019954,14105.872082995667
forecast_2736,2025-04-25 00:00:00,14663.787146946046,16701.13947704342,13521.735100110074
forecast_2737,2025-04-25 01:00:00,13426.177921441538,14774.856845300084,13121.932957388555
forecast_2738,2025-04-25 02:00:00,12603.837627058194,15319.674587059473,11156.874925168815
forecast_2739,2025-04-25 03:00:00,12723.56590934218,13283.15215008994,11813.268723779365
forecast_2740,2025-04-25 04:00:00,12704.289364568205,12543.03515494684,10096.993480537736
forecast_2741,2025-04-25 05:00:00,12370.46065660519,13674.246762377687,11075.711637677652
forecast_2742,2025-04-25 06:00:00,13267.027610727586,15892.98062413823,13007.795239636474
forecast_2743,2025-04-25 07:00:00,12531.636372266585,12449.178571355624,10316.480384826044
forecast_2744,2025-04-25 08:00:00,12549.367671940414,12049.27944168768,10693.426536000694
forecast_2745,2025-04-25 09:00:00,11984.982355515096,10848.230625719982,9337.00093760137
forecast_2746,2025-04-25 10:00:00,12438.33528796732,11706.389333937588,10322.434909011166
forecast_2747,2025-04-25 11:00:00,12966.405035588516,15142.51763019182,9811.59132695366
forecast_2748,2025-04-25 12:00:00,12619.234680344509,10850.151088504463,9610.360016353858
forecast_2749,2025-04-25 13:00:00,12281.08884298682,11705.15835350976,9221.34783507001
forecast_2750,2025-04-25 14:00:00,11912.558342665263,11900.371940760899,9582.842972485765
forecast_2751,2025-04-25 15:00:00,12739.263716930618,12118.15310529125,9123.667581593483
forecast_2752,2025-04-25 16:00:00,11474.902166407404,10462.675095375569,8826.283697767758
forecast_2753,2025-04-25 17:00:00,11832.56589764463,10575.706456487123,9225.535981319937
forecast_2754,2025-04-25 18:00:00,12513.583806232378,10800.617890016963,8994.5247227103
forecast_2755,2025-04-25 19:00:00,13127.710621646,11351.870608911782,10132.07474793025
forecast_2756,2025-04-25 20:00:00,13556.903044688703,10842.960123168903,11069.188692649206
forecast_2757,2025-04-25 21:00:00,13474.115309153023,14165.855535221082,12104.04703532884
forecast_2758,2025-04-25 22:00:00,13212.930988606578,12754.310706788565,12923.419360754726
forecast_2759,2025-04-25 23:00:00,12584.898156091738,15700.187314130117,11936.468033552075
forecast_2760,2025-04-26 00:00:00,11235.246956496845,9644.050013310303,10703.30569735303
forecast_2761,2025-04-26 01:00:00,7523.777824613291,10140.244391754475,7232.368223257974
forecast_2762,2025-04-26 02:00:00,10161.537473013665,10446.23981988444,6507.026862806769
forecast_2763,2025-04-26 03:00:00,13479.052655710155,15240.430617883592,12651.610547808834
forecast_2764,2025-04-26 04:00:00,13837.541773094044,16088.142773687468,13976.147087508298
forecast_2765,2025-04-26 05:00:00,14043.547634822158,17030.202495106747,14462.506679952927
forecast_2766,2025-04-26 06:00:00,14101.420900432235,15505.71686814331,15282.538318513323
forecast_2767,2025-04-26 07:00:00,15448.040240110746,14927.961491105414,14271.552983692136
forecast_2768,2025-04-26 08:00:00,14040.759181993159,15291.70548037438,13340.396906609416
forecast_2769,2025-04-26 09:00:00,12254.289001186384,13985.241127882637,14267.843851015641
forecast_2770,2025-04-26 10:00:00,12145.93066347828,13475.525055255592,13852.281018661115
forecast_2771,2025-04-26 11:00:00,13464.824804228158,13495.967781585094,13498.248222126245
forecast_2772,2025-04-26 12:00:00,14595.186211687653,15175.99331200535,14052.238765861466
forecast_2773,2025-04-26 13:00:00,14208.998013882212,15529.792654933422,14390.904239979416
forecast_2774,2025-04-26 14:00:00,15878.955446987928,15716.713336648472,14775.515879322576
forecast_2775,2025-04-26 15:00:00,17201.17216084384,16774.695815039737,16417.95227090892
forecast_2776,2025-04-26 16:00:00,17378.505239504375,17574.447173199114,16143.348346545588
forecast_2777,2025-04-26 17:00:00,17766.120085060746,17826.847490202294,17607.852396509916
forecast_2778,2025-04-26 18:00:00,18083.28378947963,18810.152762523187,18649.25611018136
forecast_2779,2025-04-26 19:00:00,18972.839814538867,18847.45300521988,18736.273859909044
forecast_2780,2025-04-26 20:00:00,19300.189579262442,19300.686910681445,18989.466467465878
forecast_2781,2025-04-26 21:00:00,19738.85845768756,19580.046836337602,19176.697251387315
forecast_2782,2025-04-26 22:00:00,20098.385970694086,19954.489680552113,19514.628586818384
forecast_2783,2025-04-26 23:00:00,20230.799961912027,19749.589792518665,19439.900077911396
forecast_2784,2025-04-27 00:00:00,20137.898656105866,19979.812996602956,20096.811584797782
forecast_2785,2025-04-27 01:00:00,19827.70242451947,20281.61118060963,19849.255117671863
forecast_2786,2025-04-27 02:00:00,19664.69010859226,20031.567770442613,20168.45057951564
forecast_2787,2025-04-27 03:00:00,19434.746911511702,19225.627487502687,19876.611157871717
forecast_2788,2025-04-27 04:00:00,19348.18605263482,19427.396705717478,19524.462724007022
forecast_2789,2025-04-27 05:00:00,19035.86191975132,19239.334875956498,19178.928523442704
forecast_2790,2025-04-27 06:00:00,20297.882199979616,18664.004700847407,19136.47591256102
forecast_2791,2025-04-27 07:00:00,19819.1449624209,18595.411809622405,18360.700701165708
forecast_2792,2025-04-27 08:00:00,18630.905138408354,18855.50668167527,17869.725154237683
forecast_2793,2025-04-27 09:00:00,16188.188617348971,18021.648047865896,15531.543080726695
forecast_2794,2025-04-27 10:00:00,14484.10213689636,16715.755114632997,14922.056264812685
forecast_2795,2025-04-27 11:00:00,16600.36686265584,16555.961677400857,15626.298989765197
forecast_2796,2025-04-27 12:00:00,17048.312638582192,17810.1644350564,16652.976168912905
forecast_2797,2025-04-27 13:00:00,15090.495634514993,17958.25778111478,17548.25155692538
forecast_2798,2025-04-27 14:00:00,15213.09018246334,17583.47316988162,17035.58948548697
forecast_2799,2025-04-27 15:00:00,15529.951939130731,16862.56191960504,15428.212771745653
forecast_2800,2025-04-27 16:00:00,16961.4767201363,16564.016525185976,14998.343464001897
forecast_2801,2025-04-27 17:00:00,16643.791109561404,16808.022565451312,16675.865296227406
forecast_2802,2025-04-27 18:00:00,16090.445825626637,16983.208780170942,16683.836062349656
forecast_2803,2025-04-27 19:00:00,16055.954788211799,16692.67836030859,16040.836916755936
forecast_2804,2025-04-27 20:00:00,16207.807257294684,18399.556290462682,17038.62591606336
forecast_2805,2025-04-27 21:00:00,14877.576261870503,17159.442844359117,15505.02939185522
forecast_2806,2025-04-27 22:00:00,17249.825711520316,18142.381996281714,17616.777690197658
forecast_2807,2025-04-27 23:00:00,16659.41885052441,18252.789533655952,18617.57610069677
forecast_2808,2025-04-28 00:00:00,16048.24925670493,16922.443329757218,18076.988360320756
forecast_2809,2025-04-28 01:00:00,13867.284918604144,18535.12484307927,15301.478408500327
forecast_2810,2025-04-28 02:00:00,13152.81190272938,13224.826161906456,11444.448551670832
forecast_2811,2025-04-28 03:00:00,14029.696436258884,15303.458174169162,14324.273128155723
forecast_2812,2025-04-28 04:00:00,12306.91037575241,13619.66509059291,11332.151811448355
forecast_2813,2025-04-28 05:00:00,8219.313410502438,9760.917259609261,6922.932888176896
forecast_2814,2025-04-28 06:00:00,7784.564634919041,7479.224465881542,6025.931402789511
forecast_2815,2025-04-28 07:00:00,7918.637785315718,8844.748789146626,6815.325987151709
forecast_2816,2025-04-28 08:00:00,5255.44951405927,5580.73967560349,3213.1915339727666
forecast_2817,2025-04-28 09:00:00,4276.414897775333,4772.177914343194,2523.7888332152734
forecast_2818,2025-04-28 10:00:00,5290.707405234168,5276.51543956969,3870.825021307921
forecast_2819,2025-04-28 11:00:00,8673.357621384584,8137.231927782949,6637.682036364738
forecast_2820,2025-04-28 12:00:00,11506.662290232687,11905.549947547865,9775.664951094845
forecast_2821,2025-04-28 13:00:00,13608.277762314974,13386.39444549925,8427.095576326814
forecast_2822,2025-04-28 14:00:00,13650.035518003771,13453.68980982503,9075.494243970645
forecast_2823,2025-04-28 15:00:00,13305.161380259402,13112.090724526124,10277.495586260779
forecast_2824,2025-04-28 16:00:00,9810.649808082477,7532.996036828648,4975.581250822201
forecast_2825,2025-04-28 17:00:00,6646.751796782486,3983.5440137190008,4292.334742602565
forecast_2826,2025-04-28 18:00:00,4875.139699445301,4077.494162804324,2989.417404166831
forecast_2827,2025-04-28 19:00:00,4590.633206769113,3996.961861813621,2835.498113214508
forecast_2828,2025-04-28 20:00:00,5178.310931233606,4938.504922289828,3024.596249999144
forecast_2829,2025-04-28 21:00:00,6556.804386021536,6060.7337168484555,3369.6122601745196
forecast_2830,2025-04-28 22:00:00,5485.252325935863,4967.388181887088,3411.926044953461
forecast_2831,2025-04-28 23:00:00,4542.598561337072,4741.267635932477,2967.3015458510254
forecast_2832,2025-04-29 00:00:00,4072.652858637939,4730.903548348462,3211.5909413792747
forecast_2833,2025-04-29 01:00:00,4187.079629467562,3301.089995239287,3567.4011079668317
forecast_2834,2025-04-29 02:00:00,3439.869086322309,3694.6415430836537,4408.286392564891
forecast_2835,2025-04-29 03:00:00,3447.5576839475348,2636.7585622843358,4257.702128143499
forecast_2836,2025-04-29 04:00:00,3773.114718676517,3318.1126357821727,3686.884552235284
forecast_2837,2025-04-29 05:00:00,4996.887957247605,4323.612002226677,2830.682509317229
forecast_2838,2025-04-29 06:00:00,4581.552898780356,8250.147460415483,3214.9980160717137
forecast_2839,2025-04-29 07:00:00,5994.176256630056,8936.275174526316,3480.290128254319
forecast_2840,2025-04-29 08:00:00,5809.20288377398,7467.261899327896,4064.408731936781
forecast_2841,2025-04-29 09:00:00,5091.858060679552,5667.931256605571,3764.8432776815725
forecast_2842,2025-04-29 10:00:00,5974.706411145078,5818.525367205972,5600.624492595594
forecast_2843,2025-04-29 11:00:00,6622.4598414288575,6174.1915851490385,4810.842650993196
forecast_2844,2025-04-29 12:00:00,7829.741130345547,6242.0736607290855,4673.185614725901
forecast_2845,2025-04-29 13:00:00,7647.210844679644,6385.6354544373835,5635.175605084529
forecast_2846,2025-04-29 14:00:00,7940.845343012564,7335.067279398432,4411.736405320191
forecast_2847,2025-04-29 15:00:00,9149.94165848183,9506.666853930372,6385.014182252263
forecast_2848,2025-04-29 16:00:00,9558.13554695082,7656.34863628934,7457.84056238417
forecast_2849,2025-04-29 17:00:00,10445.122578103825,8212.158313364187,7869.811681103378
forecast_2850,2025-04-29 18:00:00,8508.349331233989,6420.597929077783,7036.710906765629
forecast_2851,2025-04-29 19:00:00,11076.622844021193,12754.799242370158,9242.257740768804
forecast_2852,2025-04-29 20:00:00,14919.50165320765,17296.67659251052,15364.409169548575
forecast_2853,2025-04-29 21:00:00,16572.759712648847,17921.689461585647,17030.25005493821
forecast_2854,2025-04-29 22:00:00,19216.83504809898,18569.982670609596,18940.87306003529
forecast_2855,2025-04-29 23:00:00,19715.11830989196,19202.25755833986,19232.478320417013
forecast_2856,2025-04-30 00:00:00,19331.24307362576,18820.605608305712,19149.83478006792
forecast_2857,2025-04-30 01:00:00,19465.003183436496,18820.587140005413,19213.872980545864
forecast_2858,2025-04-30 02:00:00,20318.90034987596,19411.49238456018,19507.89963431309
forecast_2859,2025-04-30 03:00:00,20006.04759838254,19516.79851566938,19264.589002300832
forecast_2860,2025-04-30 04:00:00,19904.332963743855,19259.942609225032,19329.99492644126
forecast_2861,2025-04-30 05:00:00,20255.408763984975,19374.716059598515,19427.960300089064
forecast_2862,2025-04-30 06:00:00,20148.891669406938,19293.914986705535,19008.7496204348
forecast_2863,2025-04-30 07:00:00,19304.126507992452,19308.989608417556,19012.94075504472
forecast_2864,2025-04-30 08:00:00,16283.261639230634,17575.852645749248,17268.376533459104
forecast_2865,2025-04-30 09:00:00,15791.78996722257,16632.15579199602,14882.35933018872
forecast_2866,2025-04-30 10:00:00,12544.905657820696,16378.99045648949,13270.52023179719
forecast_2867,2025-04-30 11:00:00,13908.983620805591,15459.092548429895,13092.13025139393
forecast_2868,2025-04-30 12:00:00,13060.437041217221,16434.144291902492,13243.406581446448
forecast_2869,2025-04-30 13:00:00,9996.91117772792,12481.440214241406,11776.928371071668
forecast_2870,2025-04-30 14:00:00,7078.201962251058,12472.41460510993,13991.646030053207
forecast_2871,2025-04-30 15:00:00,10241.878955884662,13882.088603820555,11395.977489539375
forecast_2872,2025-04-30 16:00:00,9529.860574488466,12456.735106110284,10340.148278763438
forecast_2873,2025-04-30 17:00:00,5879.974045976236,9161.455023061702,5926.908700937162
forecast_2874,2025-04-30 18:00:00,5263.917540515233,7155.751882271928,4991.628219707149
forecast_2875,2025-04-30 19:00:00,3964.5232093412706,7273.222854330574,2890.5834293984026
forecast_2876,2025-04-30 20:00:00,3882.555002649625,6481.933508575398,3343.0583521585327
forecast_2877,2025-04-30 21:00:00,7880.904651459098,10371.974510723197,5236.990988994282
forecast_2878,2025-04-30 22:00:00,8650.23500784025,12211.549965941667,7413.061721583816
forecast_2879,2025-04-30 23:00:00,9822.152001190581,12217.118841711403,7844.674519603595
forecast_2880,2025-05-01 00:00:00,11579.041488716137,14383.234557278254,8530.76207334294
forecast_2881,2025-05-01 01:00:00,14350.472493633957,14829.895241040596,11066.71957269229
forecast_2882,2025-05-01 02:00:00,14426.643711041272,17252.221546435412,12476.408107597616
forecast_2883,2025-05-01 03:00:00,15073.976702860931,16926.94690009127,14707.28654695071
forecast_2884,2025-05-01 04:00:00,16807.58000324343,17437.073300736243,16031.117970661175
forecast_2885,2025-05-01 05:00:00,17170.203593041082,17262.84229350686,17408.155981479824
forecast_2886,2025-05-01 06:00:00,17296.669674378278,17529.903419714374,17494.484311734017
forecast_2887,2025-05-01 07:00:00,17101.952659176713,18093.73116112224,17684.16634285105
forecast_2888,2025-05-01 08:00:00,16568.88221794215,18582.53423857781,17422.753911391366
forecast_2889,2025-05-01 09:00:00,15483.947184529718,18189.985273576112,17153.9926865998
forecast_2890,2025-05-01 10:00:00,15934.745303745905,18328.002011610366,17543.4656900938
forecast_2891,2025-05-01 11:00:00,14476.433204060726,17570.7656445336,17105.048929521763
forecast_2892,2025-05-01 12:00:00,14613.526924134037,17455.157606168294,16333.44204887733
forecast_2893,2025-05-01 13:00:00,15181.649790290641,17150.42123979964,16744.534227670254
forecast_2894,2025-05-01 14:00:00,15639.746503831493,17152.43143090228,17364.16300086804
forecast_2895,2025-05-01 15:00:00,15593.472070877126,17940.641469029826,17235.905419155675
forecast_2896,2025-05-01 16:00:00,15924.629220021112,18274.185611551657,17266.708814384496
forecast_2897,2025-05-01 17:00:00,17090.772107420184,18541.30659716695,16133.36390248629
forecast_2898,2025-05-01 18:00:00,14440.774601144838,18385.942776685675,16538.534306592912
forecast_2899,2025-05-01 19:00:00,15177.535451744743,16791.28902506118,10644.50414475441
forecast_2900,2025-05-01 20:00:00,16085.65379541705,18806.015969694505,13182.857748443856
forecast_2901,2025-05-01 21:00:00,9139.80040140956,16510.886573160067,10808.900813244562
forecast_2902,2025-05-01 22:00:00,13053.892409612448,15910.611410684689,15915.272941756086
forecast_2903,2025-05-01 23:00:00,15449.558895151216,17880.245118399318,16124.378155045684
forecast_2904,2025-05-02 00:00:00,17135.295438100056,19186.729482901348,18107.221203921203
forecast_2905,2025-05-02 01:00:00,16393.12128566565,18530.617537999362,17611.605566451777
forecast_2906,2025-05-02 02:00:00,16208.80129142886,18307.196403803307,16248.681274851506
forecast_2907,2025-05-02 03:00:00,16190.883345364493,17226.124074643576,15921.768300416561
forecast_2908,2025-05-02 04:00:00,15164.541866222644,16063.06459350103,15613.453125587597
forecast_2909,2025-05-02 05:00:00,16915.436713191863,17573.210391121316,17555.64180680132
forecast_2910,2025-05-02 06:00:00,17327.694259685773,16843.72068915031,17484.260192589263
forecast_2911,2025-05-02 07:00:00,16661.363165391333,16460.575485438847,15323.3514265973
forecast_2912,2025-05-02 08:00:00,13995.820573375946,15968.787665532105,14489.30929755487
forecast_2913,2025-05-02 09:00:00,13509.495927297512,12402.595686323624,11150.730368965831
forecast_2914,2025-05-02 10:00:00,11789.28873012964,10379.614896346988,8622.613583076023
forecast_2915,2025-05-02 11:00:00,13416.359444651584,7730.359750427617,6853.984653543408
forecast_2916,2025-05-02 12:00:00,12723.698734087213,13037.876837309685,6222.742990127948
forecast_2917,2025-05-02 13:00:00,12221.720242779047,6000.671068969491,4973.9339565966375
forecast_2918,2025-05-02 14:00:00,12958.00826786445,5763.7005715417645,5617.432709670418
forecast_2919,2025-05-02 15:00:00,12457.16210701242,5101.794564075791,4481.906893652045
forecast_2920,2025-05-02 16:00:00,11265.743809822463,4646.868407794193,4719.5568386220075
forecast_2921,2025-05-02 17:00:00,9029.45570638858,5586.762053566903,4750.377421511032
forecast_2922,2025-05-02 18:00:00,10187.527582636383,8322.072544902878,6578.985951974795
forecast_2923,2025-05-02 19:00:00,10545.162549837829,7772.923222092483,5524.898031364984
forecast_2924,2025-05-02 20:00:00,13635.720410273556,9300.268887895456,8341.243569399887
forecast_2925,2025-05-02 21:00:00,13904.243056942272,15103.208412146563,8424.19632722931
forecast_2926,2025-05-02 22:00:00,10912.133616803456,10307.551593337399,7648.644377901588
forecast_2927,2025-05-02 23:00:00,11487.660198525522,14402.604650354013,9210.156464573642
forecast_2928,2025-05-03 00:00:00,11799.15632222288,13567.13895082693,13200.776166121594
forecast_2929,2025-05-03 01:00:00,10312.49055556962,13057.560273956557,10545.305695238647
forecast_2930,2025-05-03 02:00:00,12213.877016121292,11239.29686007116,10492.177965151852
forecast_2931,2025-05-03 03:00:00,9316.499008717794,11575.169266640032,8919.852140313924
forecast_2932,2025-05-03 04:00:00,8315.281009039418,10583.854674857514,5532.367062128334
forecast_2933,2025-05-03 05:00:00,9741.60751406758,14054.177058676993,5638.717595911755
forecast_2934,2025-05-03 06:00:00,5590.462510932621,7852.57081579842,4348.030017991852
forecast_2935,2025-05-03 07:00:00,3877.223519990698,4314.820540376446,4126.367551161735
forecast_2936,2025-05-03 08:00:00,4843.222023376961,3967.145848226867,3638.2820909530965
forecast_2937,2025-05-03 09:00:00,6680.627259379167,8544.171582378789,5503.774927799189
forecast_2938,2025-05-03 10:00:00,8024.693161973333,8465.048936405756,5532.640547193535
forecast_2939,2025-05-03 11:00:00,10298.503371935227,14308.89048031154,7853.21124880366
forecast_2940,2025-05-03 12:00:00,12933.44693882074,16315.04776945759,13169.579181071105
forecast_2941,2025-05-03 13:00:00,11788.737654189541,17260.809220546624,12799.968628726272
forecast_2942,2025-05-03 14:00:00,11452.294145770738,16390.65411154359,11460.089604142153
forecast_2943,2025-05-03 15:00:00,11690.009899691237,14945.447971565853,12724.515472685096
forecast_2944,2025-05-03 16:00:00,13484.820126119042,14523.59794008973,13847.090502859272
forecast_2945,2025-05-03 17:00:00,13669.393680897003,14683.227929205603,13079.70604544437
forecast_2946,2025-05-03 18:00:00,13818.306052172024,15042.662079371328,13163.083943805137
forecast_2947,2025-05-03 19:00:00,14913.338235236468,15542.421439833714,13760.486319454409
forecast_2948,2025-05-03 20:00:00,16739.16262109222,16939.82098389297,15275.812025035098
forecast_2949,2025-05-03 21:00:00,16017.730022827383,16196.064071646262,14296.159821538826
forecast_2950,2025-05-03 22:00:00,15611.545609551165,17300.541653213302,15496.26328030629
forecast_2951,2025-05-03 23:00:00,14593.946304205694,17974.43642222756,16110.284328672009
forecast_2952,2025-05-04 00:00:00,15342.738601042687,16614.572999437758,15974.41337367453
forecast_2953,2025-05-04 01:00:00,15512.510331471838,15660.567341958373,16174.836798497952
forecast_2954,2025-05-04 02:00:00,15432.46033901465,15775.995739670663,15006.220010661646
forecast_2955,2025-05-04 03:00:00,15699.36669169957,16158.030402188098,14743.839134100996
forecast_2956,2025-05-04 04:00:00,16393.174276384772,16687.49961791307,14720.342494790815
forecast_2957,2025-05-04 05:00:00,16310.800332586265,16534.25846961209,15003.863648304998
forecast_2958,2025-05-04 06:00:00,16406.555562380272,16935.926726824902,15574.48414389465
forecast_2959,2025-05-04 07:00:00,15076.377419008535,15362.021041229993,14051.089381393203
forecast_2960,2025-05-04 08:00:00,14684.120041140466,14638.931446300458,12611.952262067542
forecast_2961,2025-05-04 09:00:00,13449.468896305156,13762.705909539278,11351.852303254678
forecast_2962,2025-05-04 10:00:00,14595.928983379488,15401.423493183504,10787.45841305663
forecast_2963,2025-05-04 11:00:00,15050.631094249642,14619.861711050688,10507.389259243859
forecast_2964,2025-05-04 12:00:00,14589.67040518727,15506.380733932812,13070.418146927683
forecast_2965,2025-05-04 13:00:00,15969.164999016812,16510.35224096804,14341.54215889574
forecast_2966,2025-05-04 14:00:00,17186.950201975986,17091.598656948572,16463.33605131969
forecast_2967,2025-05-04 15:00:00,17041.681890995118,17154.141088650023,16992.27939770527
forecast_2968,2025-05-04 16:00:00,17212.8445390657,18163.413895033933,17256.68871588198
forecast_2969,2025-05-04 17:00:00,16500.33711310393,17147.75213981518,16105.100096331842
forecast_2970,2025-05-04 18:00:00,16460.69916967012,16741.76296965265,16143.037997740885
forecast_2971,2025-05-04 19:00:00,16325.02593496055,16996.906963309564,14741.081345935381
forecast_2972,2025-05-04 20:00:00,14785.970107582913,14625.290978931358,13840.789734406502
forecast_2973,2025-05-04 21:00:00,12629.796208933685,10645.130286579746,8639.544379868259
forecast_2974,2025-05-04 22:00:00,10055.412159284915,7750.6524607905385,6509.988419438677
forecast_2975,2025-05-04 23:00:00,5575.556787284659,6195.903807394863,4034.3259597517
forecast_2976,2025-05-05 00:00:00,5120.672264907539,4548.597633220415,3501.050427463142
forecast_2977,2025-05-05 01:00:00,4330.072786926576,5723.693404589323,3169.2053427591686
forecast_2978,2025-05-05 02:00:00,4024.1051925866177,5095.857988775206,3425.7132737706406
forecast_2979,2025-05-05 03:00:00,5843.950375914074,5107.796537061598,3461.9251154583712
forecast_2980,2025-05-05 04:00:00,4649.437075373906,4507.685164095789,3639.610050567448
forecast_2981,2025-05-05 05:00:00,4087.2251037791652,4454.433940917628,3479.686531355737
forecast_2982,2025-05-05 06:00:00,3754.0884955662154,3363.3455034041313,2473.4203999435877
forecast_2983,2025-05-05 07:00:00,4115.559431487487,4047.938594189112,2492.0863805322715
forecast_2984,2025-05-05 08:00:00,3774.658546899903,3620.3519853427133,4265.871811186974
forecast_2985,2025-05-05 09:00:00,3968.1702069265984,4047.973673444367,4200.360040643495
forecast_2986,2025-05-05 10:00:00,3890.0488012904707,3909.5354344040506,4110.684451101738
forecast_2987,2025-05-05 11:00:00,3998.7630036457595,3877.8070661146708,4324.770267689041
forecast_2988,2025-05-05 12:00:00,3988.71199455098,3944.1745594795966,4266.240107273659
forecast_2989,2025-05-05 13:00:00,4528.99433155498,4070.7307626585816,4230.016353544362
forecast_2990,2025-05-05 14:00:00,3751.4553948933208,3841.4584705347233,3419.9975949607533
forecast_2991,2025-05-05 15:00:00,4132.451441822238,4190.575043673853,3670.234271352232
forecast_2992,2025-05-05 16:00:00,2983.442037401806,3602.623298725828,4145.10619599387
forecast_2993,2025-05-05 17:00:00,3293.5777718040513,3422.4606901367342,3849.8101091973685
forecast_2994,2025-05-05 18:00:00,2822.4769851665546,3115.0680029819555,3152.012924940396
forecast_2995,2025-05-05 19:00:00,4116.644821893919,3773.5575099680373,6339.2831086323595
forecast_2996,2025-05-05 20:00:00,3784.6939554148917,7133.373938169568,3739.806027550934
forecast_2997,2025-05-05 21:00:00,3430.500798772421,5182.4236917617645,2566.4417054466257
forecast_2998,2025-05-05 22:00:00,4478.2277179825405,6476.15485477893,3223.1872221247345
forecast_2999,2025-05-05 23:00:00,3930.4339056121134,4646.593982349282,3245.4678135106938
forecast_3000,2025-05-06 00:00:00,5853.773899532153,5170.490297944189,3164.1828084661665
forecast_3001,2025-05-06 01:00:00,3512.380932950939,3225.3000462489954,3129.359611930323
forecast_3002,2025-05-06 02:00:00,2988.3617326493904,3841.489208843087,4138.646843555256
forecast_3003,2025-05-06 03:00:00,3344.1165609442937,3524.7063586305676,3459.3591846021627
forecast_3004,2025-05-06 04:00:00,3156.641494635067,3081.620873035771,3542.5955759937906
forecast_3005,2025-05-06 05:00:00,3498.9742256665077,2706.158792704157,3295.9570198455895
forecast_3006,2025-05-06 06:00:00,2605.3073027529363,2965.5171036991555,3321.8661205895014
forecast_3007,2025-05-06 07:00:00,3320.0183839230085,3761.441769485182,2975.6967304394407
forecast_3008,2025-05-06 08:00:00,2795.2520542170814,4106.992729020136,3051.9137751663475
forecast_3009,2025-05-06 09:00:00,2807.595133533212,3310.46689476936,3015.486289829055
forecast_3010,2025-05-06 10:00:00,3590.194890173935,3025.6060874849045,3503.398450217594
forecast_3011,2025-05-06 11:00:00,3680.222987811051,2884.8076079984976,3208.365142609767
forecast_3012,2025-05-06 12:00:00,3430.526841361784,2861.722111980702,3714.215581844158
forecast_3013,2025-05-06 13:00:00,3606.529722043954,3509.9049377323486,3303.453684528587
forecast_3014,2025-05-06 14:00:00,3446.4536431756346,3340.0732319231556,3615.635368918349
forecast_3015,2025-05-06 15:00:00,3639.083765432314,3621.401193582583,3708.4776051641566
forecast_3016,2025-05-06 16:00:00,3046.50649883643,3460.129501421714,3406.238178452376
forecast_3017,2025-05-06 17:00:00,3384.5772200010106,3705.1424873158794,3649.276189432172
forecast_3018,2025-05-06 18:00:00,3791.7766054111244,3947.1269186067943,3288.9458543496658
forecast_3019,2025-05-06 19:00:00,3813.554903613139,3840.2798948001473,4317.386498696682
forecast_3020,2025-05-06 20:00:00,3876.9450279831203,3785.259402022617,3420.4336610111213
forecast_3021,2025-05-06 21:00:00,4160.864374728942,3981.058874750547,3749.6302988821412
forecast_3022,2025-05-06 22:00:00,5110.697333756716,5015.33787522852,5349.696403123589
forecast_3023,2025-05-06 23:00:00,4154.164353093016,4940.555520459571,3734.331991456994
forecast_3024,2025-05-07 00:00:00,4577.253133866976,4886.928864901671,3801.871452082081
forecast_3025,2025-05-07 01:00:00,4238.0518065455335,4231.015457644253,3844.1499929909714
forecast_3026,2025-05-07 02:00:00,4474.009791555707,4125.0368836787065,3459.5691258681863
forecast_3027,2025-05-07 03:00:00,3961.068926415448,4050.969690842736,3355.2027988135487
forecast_3028,2025-05-07 04:00:00,4090.8675616777577,4170.321740940764,2423.1864809771673
forecast_3029,2025-05-07 05:00:00,4443.358326162201,4473.075747657234,3089.8947040562143
forecast_3030,2025-05-07 06:00:00,4877.813915518593,6007.195098587857,4049.4001805713083
forecast_3031,2025-05-07 07:00:00,5081.040477213787,5118.503609592144,4203.666668642473
forecast_3032,2025-05-07 08:00:00,4732.194935246656,4313.986194970263,3397.104484681371
forecast_3033,2025-05-07 09:00:00,3853.548232038458,3819.983541228003,3760.4333838041453
forecast_3034,2025-05-07 10:00:00,3909.48469068256,3956.0226059482175,3888.439023728968
forecast_3035,2025-05-07 11:00:00,3666.276162835763,3331.9958302219247,3394.227493959085
forecast_3036,2025-05-07 12:00:00,3841.546655496342,4004.267000009647,4146.338624261956
forecast_3037,2025-05-07 13:00:00,4029.2937889740033,4121.006996993057,4428.761618585226
forecast_3038,2025-05-07 14:00:00,4085.976293106393,3821.5606870016272,3661.3301309888293
forecast_3039,2025-05-07 15:00:00,4206.915696980457,3635.500077207062,4181.9365743056715
forecast_3040,2025-05-07 16:00:00,3943.355480680812,4489.779992888076,4162.321648488025
forecast_3041,2025-05-07 17:00:00,4349.1598032299125,4353.166838550018,4132.006301691703
forecast_3042,2025-05-07 18:00:00,4028.187272745357,4361.795385807476,4370.366344997008
forecast_3043,2025-05-07 19:00:00,3635.957723383464,3490.1497482061386,4038.317884860482
forecast_3044,2025-05-07 20:00:00,4771.130320322756,4608.803686433323,3293.145823856518
forecast_3045,2025-05-07 21:00:00,5867.692090813292,5390.949304636426,4794.918922169829
forecast_3046,2025-05-07 22:00:00,6247.80154881155,5789.265544431885,4513.062438345376
forecast_3047,2025-05-07 23:00:00,8416.891692835055,8044.808457326627,6944.700850666031
forecast_3048,2025-05-08 00:00:00,6979.352008757824,7899.099895934596,5877.723680797279
forecast_3049,2025-05-08 01:00:00,10258.061220549263,8101.637355981019,5186.369294459081
forecast_3050,2025-05-08 02:00:00,9612.342898040877,8784.038871992818,6144.464819210418
forecast_3051,2025-05-08 03:00:00,8723.544164127738,12473.700352619717,6732.503815834932
forecast_3052,2025-05-08 04:00:00,10424.365348192121,13515.87508705384,7339.283439976019
forecast_3053,2025-05-08 05:00:00,12281.989300927204,10560.578615087199,7702.416974591095
forecast_3054,2025-05-08 06:00:00,12512.112448976099,10260.137096241628,6713.998714870655
forecast_3055,2025-05-08 07:00:00,7490.6532344952575,5652.85385853535,4370.627128181952
forecast_3056,2025-05-08 08:00:00,4690.223997724755,4111.785694238708,3705.3280867668
forecast_3057,2025-05-08 09:00:00,4064.053139322808,3461.5256300451815,3178.1664127100075
forecast_3058,2025-05-08 10:00:00,3671.039418558047,3627.8229862141234,4115.670792513173
forecast_3059,2025-05-08 11:00:00,3490.358438734301,3525.737244923065,3902.271085748399
forecast_3060,2025-05-08 12:00:00,3609.623880740822,2862.0091590699803,3582.3286902643767
forecast_3061,2025-05-08 13:00:00,3720.3023228734637,3298.141482309428,2766.4693290591317
forecast_3062,2025-05-08 14:00:00,3999.229698722476,3666.6983264782352,3006.185625164007
forecast_3063,2025-05-08 15:00:00,3961.777620074662,3416.7759622836065,3272.4396042842436
forecast_3064,2025-05-08 16:00:00,3249.782797125136,2868.790699171227,2886.003776277036
forecast_3065,2025-05-08 17:00:00,3167.694266672261,3117.2193147371513,3386.7155329392367
forecast_3066,2025-05-08 18:00:00,2950.5364703409837,2934.964449432037,3787.568495672052
forecast_3067,2025-05-08 19:00:00,3403.9920028244233,3775.1864293077156,3592.85852030193
forecast_3068,2025-05-08 20:00:00,3791.710791469008,2875.698589356249,3825.817161887848
forecast_3069,2025-05-08 21:00:00,3508.07950263235,3736.9566633092136,3220.2812050995603
forecast_3070,2025-05-08 22:00:00,3870.6863503582053,3226.521965070152,2833.150509418435
forecast_3071,2025-05-08 23:00:00,2885.435688689284,2448.9091936513264,2565.991585626213
forecast_3072,2025-05-09 00:00:00,3071.363373235236,6245.709128185193,2872.9899828523244
forecast_3073,2025-05-09 01:00:00,4448.798263840938,8155.982560012418,3318.05910769033
forecast_3074,2025-05-09 02:00:00,4511.441051533527,7225.041676385147,2482.2348696369945
forecast_3075,2025-05-09 03:00:00,5039.246263569866,5954.807185072149,2970.953340071976
forecast_3076,2025-05-09 04:00:00,3703.4828676587076,7975.479244040731,3256.8973506682937
forecast_3077,2025-05-09 05:00:00,3579.511961394361,4221.148655359415,2808.9120023895225
forecast_3078,2025-05-09 06:00:00,3612.830415894407,3875.4589743276642,3215.140740187091
forecast_3079,2025-05-09 07:00:00,3627.7325492708646,4609.678244863806,3155.826982268893
forecast_3080,2025-05-09 08:00:00,3635.9016243404085,3700.6976949709065,3671.120583372631
forecast_3081,2025-05-09 09:00:00,3807.4500756291695,3732.7705885486207,3994.2330604914864
forecast_3082,2025-05-09 10:00:00,4388.379290104439,5357.1124031127365,4562.934489701509
forecast_3083,2025-05-09 11:00:00,4766.217683647219,5342.3321722736655,4116.281386374825
forecast_3084,2025-05-09 12:00:00,6602.699559039177,10858.311110617571,6631.653412560377
forecast_3085,2025-05-09 13:00:00,9791.897791227868,12876.69548811821,6821.930669465753
forecast_3086,2025-05-09 14:00:00,11907.71872818882,14874.895530914742,11717.965144101074
forecast_3087,2025-05-09 15:00:00,13840.600813088256,15734.517445026098,12351.14212712898
forecast_3088,2025-05-09 16:00:00,15018.433967333875,15733.05199637,12477.236684815338
forecast_3089,2025-05-09 17:00:00,15837.28881041156,16709.431598149993,13403.509329800396
forecast_3090,2025-05-09 18:00:00,14358.476064869728,14995.546206939467,12164.814736830549
forecast_3091,2025-05-09 19:00:00,8355.105834466576,12074.597635194643,6397.0426592032745
forecast_3092,2025-05-09 20:00:00,7174.73661269181,7717.088286030484,5219.540645227596
forecast_3093,2025-05-09 21:00:00,4609.356987766474,4371.261630880936,3061.916325663497
forecast_3094,2025-05-09 22:00:00,3539.1186675435274,2923.3384032799277,2900.6107375137617
forecast_3095,2025-05-09 23:00:00,4816.45905685029,5070.275541129378,3853.5270935335175
forecast_3096,2025-05-10 00:00:00,7556.288225721446,9937.776598382401,5957.192052635814
forecast_3097,2025-05-10 01:00:00,16341.282069700384,15579.528382697681,13729.658543025409
forecast_3098,2025-05-10 02:00:00,17827.383809254203,17207.587941079746,16793.848028060762
forecast_3099,2025-05-10 03:00:00,18250.165498341612,18302.663021388336,17903.4291522633
forecast_3100,2025-05-10 04:00:00,18014.334252246856,18080.5570155788,17504.664114299365
forecast_3101,2025-05-10 05:00:00,18547.99363680411,18364.438309241923,18341.161422667
forecast_3102,2025-05-10 06:00:00,18542.99103700151,19327.59451737113,19701.958166275122
forecast_3103,2025-05-10 07:00:00,18795.059630887856,19566.563071883338,19521.942702346223
forecast_3104,2025-05-10 08:00:00,18886.315263955566,20008.72397445821,19546.281494692674
forecast_3105,2025-05-10 09:00:00,18887.468358071914,19690.85165839693,19439.693264902926
forecast_3106,2025-05-10 10:00:00,19132.072806755634,19685.429245129886,19311.69527325401
forecast_3107,2025-05-10 11:00:00,18986.431796384746,19437.981972310343,19105.659205976226
forecast_3108,2025-05-10 12:00:00,18676.53667993862,19091.346587157586,18844.588071615268
forecast_3109,2025-05-10 13:00:00,18713.42727108939,19270.363537329933,18819.54115486549
forecast_3110,2025-05-10 14:00:00,18643.718681247297,19153.592125384228,19022.45226288349
forecast_3111,2025-05-10 15:00:00,18428.793128102552,18959.32202081768,18935.03324504208
forecast_3112,2025-05-10 16:00:00,18414.773233085503,18264.70880263688,18310.602444973974
forecast_3113,2025-05-10 17:00:00,16913.720371200325,17122.880276942076,16377.304097125356
forecast_3114,2025-05-10 18:00:00,14678.180867022507,15043.827722768945,14809.965507634515
forecast_3115,2025-05-10 19:00:00,13522.01804493939,13360.326406260627,12242.495197025242
forecast_3116,2025-05-10 20:00:00,13176.698027732562,12959.05060916446,11387.330165275082
forecast_3117,2025-05-10 21:00:00,10677.030383509064,11394.893579213336,9088.665110956368
forecast_3118,2025-05-10 22:00:00,10766.406905265401,11955.470599644668,8183.329051077522
forecast_3119,2025-05-10 23:00:00,8663.113648891702,14383.682755763379,7493.809514049511
forecast_3120,2025-05-11 00:00:00,7507.451287780999,9926.180170063739,6113.211024306943
forecast_3121,2025-05-11 01:00:00,9586.9590385461,11453.804838063681,8415.198002841636
forecast_3122,2025-05-11 02:00:00,9116.7196884068,13279.42212295461,8993.352391145743
forecast_3123,2025-05-11 03:00:00,8155.305650207093,8386.998910609538,8073.050424941501
forecast_3124,2025-05-11 04:00:00,7159.178793228115,9727.363138008326,6108.449401915388
forecast_3125,2025-05-11 05:00:00,7613.0020866928735,10449.520281614616,5531.399629063232
forecast_3126,2025-05-11 06:00:00,6369.753743102868,8255.220483461779,4411.1344991923415
forecast_3127,2025-05-11 07:00:00,5755.018314528125,7273.507584849091,3721.745640932896
forecast_3128,2025-05-11 08:00:00,6634.111978581025,4632.037031346047,4520.993179977257
forecast_3129,2025-05-11 09:00:00,4933.7275626652645,4169.679949959307,3515.627877366233
forecast_3130,2025-05-11 10:00:00,3955.461599359545,3252.932643032412,3358.659574987931
forecast_3131,2025-05-11 11:00:00,3370.699477171321,3447.3947544904504,2549.6124602962113
forecast_3132,2025-05-11 12:00:00,3359.90152477974,4003.4345562224594,2429.939017833993
forecast_3133,2025-05-11 13:00:00,3210.353594470213,3838.55045049622,3461.9614552362364
forecast_3134,2025-05-11 14:00:00,2750.4424238581996,4004.449217865304,3660.953709266377
forecast_3135,2025-05-11 15:00:00,3093.397148148636,3230.402207033114,3337.4398757380404
forecast_3136,2025-05-11 16:00:00,4277.713831054027,4008.27307147676,3691.6382485875542
forecast_3137,2025-05-11 17:00:00,3641.9248148688403,4031.41550676954,3149.112364738579
forecast_3138,2025-05-11 18:00:00,4304.509350798235,4997.763845646309,3169.7365414101914
forecast_3139,2025-05-11 19:00:00,6024.835019102458,5411.133262710171,5108.08975167532
forecast_3140,2025-05-11 20:00:00,5776.625792877298,7247.654557474829,5278.6639748225225
forecast_3141,2025-05-11 21:00:00,7547.972367146467,9926.580433472001,8725.209161141103
forecast_3142,2025-05-11 22:00:00,11167.327028575495,11044.830061622672,10411.729457674128
forecast_3143,2025-05-11 23:00:00,12189.105622057335,13098.005045672395,11156.147213637098
forecast_3144,2025-05-12 00:00:00,13534.672644641894,14548.086205857395,13008.761430314029
forecast_3145,2025-05-12 01:00:00,12481.53564748903,15016.024460479945,10955.886020168084
forecast_3146,2025-05-12 02:00:00,14440.460344930156,16130.406523032112,14069.804285955477
forecast_3147,2025-05-12 03:00:00,15631.57236303588,16748.68365956597,15538.815495297142
forecast_3148,2025-05-12 04:00:00,15445.009918108615,16695.26098123173,16530.97577133358
forecast_3149,2025-05-12 05:00:00,14819.93083868665,16436.53300338879,15171.21829797112
forecast_3150,2025-05-12 06:00:00,14924.078237808264,17138.153970547763,14844.676349995449
forecast_3151,2025-05-12 07:00:00,13110.291420454525,15428.968603259877,13323.28774438937
forecast_3152,2025-05-12 08:00:00,11744.170537995547,13445.602913419058,12327.025274630936
forecast_3153,2025-05-12 09:00:00,10801.286347319046,11662.149371104597,8974.96101694307
forecast_3154,2025-05-12 10:00:00,11356.488462967307,11935.707028821793,9638.478217597729
forecast_3155,2025-05-12 11:00:00,10001.522314941703,9743.450050385372,7191.907584156976
forecast_3156,2025-05-12 12:00:00,8884.148578826627,7355.963399035983,6168.042489925852
forecast_3157,2025-05-12 13:00:00,9843.309636613798,8703.899273162344,7738.584174396908
forecast_3158,2025-05-12 14:00:00,8500.295168648117,8005.425086896337,6446.482559901477
forecast_3159,2025-05-12 15:00:00,8037.913727410776,7059.585084607599,6296.630872145774
forecast_3160,2025-05-12 16:00:00,7500.608091577033,7273.143999110782,6288.6751727653145
forecast_3161,2025-05-12 17:00:00,8427.220151927248,7881.017925033516,6374.755757968749
forecast_3162,2025-05-12 18:00:00,9158.407706555307,8409.112645299088,8703.324039643732
forecast_3163,2025-05-12 19:00:00,11453.602439256212,11495.45368786601,10828.543496202006
forecast_3164,2025-05-12 20:00:00,16727.443352469054,15897.484712825959,15577.004775005968
forecast_3165,2025-05-12 21:00:00,18262.76144456344,17680.77199870709,18029.88005762517
forecast_3166,2025-05-12 22:00:00,19608.571831352234,18608.340564812086,19237.483677346256
forecast_3167,2025-05-12 23:00:00,18544.926524623137,18937.596476163628,19034.49146853926
forecast_3168,2025-05-13 00:00:00,20017.052178977585,18867.019060808587,19004.288690380803
forecast_3169,2025-05-13 01:00:00,20505.7735824777,19369.4221891839,19720.624680662637
forecast_3170,2025-05-13 02:00:00,20113.400780478587,19782.43166732304,19532.384301966908
forecast_3171,2025-05-13 03:00:00,20624.80794507492,19982.59152848769,19236.798255748716
forecast_3172,2025-05-13 04:00:00,20633.9121136175,19344.196273259004,18695.63178157103
forecast_3173,2025-05-13 05:00:00,20571.681640510713,19131.8244731642,18432.704624373844
forecast_3174,2025-05-13 06:00:00,19801.661192887426,19125.124635354834,18538.850977266757
forecast_3175,2025-05-13 07:00:00,18816.675758773432,18551.988405357846,18147.96892972938
forecast_3176,2025-05-13 08:00:00,17879.44797875005,18038.718906640453,17665.25881955282
forecast_3177,2025-05-13 09:00:00,15184.001893785215,17879.309049907464,17410.2422750936
forecast_3178,2025-05-13 10:00:00,16364.389952858208,16585.405942616337,16063.090172042892
forecast_3179,2025-05-13 11:00:00,16153.048019264896,16305.864850093147,15209.482975804098
forecast_3180,2025-05-13 12:00:00,14595.232725486325,16195.790812040974,16266.245299375305
forecast_3181,2025-05-13 13:00:00,13596.13590821405,15871.57949818036,15250.774795358135
forecast_3182,2025-05-13 14:00:00,13516.86954273851,15680.765934297273,14999.148594801942
forecast_3183,2025-05-13 15:00:00,13577.747207899974,15006.6899686627,14771.036548551043
forecast_3184,2025-05-13 16:00:00,13310.284754266479,14451.177749085917,14123.978461217102
forecast_3185,2025-05-13 17:00:00,14133.66053181908,14843.626131296938,15230.796956206908
forecast_3186,2025-05-13 18:00:00,15127.546196459085,15228.299575161529,16372.129629420006
forecast_3187,2025-05-13 19:00:00,16142.538068154843,17434.47506630032,16655.879335669022
forecast_3188,2025-05-13 20:00:00,18773.107605702782,18557.364611771216,17957.947742046785
forecast_3189,2025-05-13 21:00:00,17753.773964377746,18847.340801792165,18422.08163541611
forecast_3190,2025-05-13 22:00:00,19820.130838606085,18563.58944445822,18370.644812586474
forecast_3191,2025-05-13 23:00:00,19045.99728412937,18746.709545939095,18972.250840341323
forecast_3192,2025-05-14 00:00:00,19228.66548290646,19165.009461848953,18930.586097692198
forecast_3193,2025-05-14 01:00:00,19874.78798320499,19051.543906587463,19171.774906024286
forecast_3194,2025-05-14 02:00:00,20141.150884736187,19376.102371991143,18548.83774685451
forecast_3195,2025-05-14 03:00:00,20021.195126289054,19229.556332818775,19079.23686211091
forecast_3196,2025-05-14 04:00:00,20089.051913384796,19227.625578129806,19058.065012480263
forecast_3197,2025-05-14 05:00:00,20122.2796680989,19503.831009986585,19519.79753964065
forecast_3198,2025-05-14 06:00:00,20162.965220328933,19562.30048799649,19369.21360507213
forecast_3199,2025-05-14 07:00:00,20015.495594453234,18990.10458631583,19460.853412189783
forecast_3200,2025-05-14 08:00:00,18937.39390444339,19116.65714783549,16556.71500630439
forecast_3201,2025-05-14 09:00:00,13721.557485051477,15507.05582475953,12457.474079526415
forecast_3202,2025-05-14 10:00:00,8192.892289306772,11690.541820588578,8030.849134078183
forecast_3203,2025-05-14 11:00:00,6996.614691675238,5827.808606776352,4453.883695492913
forecast_3204,2025-05-14 12:00:00,4581.891143494541,4529.282474551344,3682.541375841182
forecast_3205,2025-05-14 13:00:00,4456.372506681631,4037.72895606148,3984.959486238016
forecast_3206,2025-05-14 14:00:00,4061.9091071252483,4655.858077323666,3599.2917547865495
forecast_3207,2025-05-14 15:00:00,4150.511370732562,5082.518978830288,4256.962457553997
forecast_3208,2025-05-14 16:00:00,4114.025693074849,5280.751764664261,4207.383333470743
forecast_3209,2025-05-14 17:00:00,4012.467763582671,4258.374840032816,3834.410139936014
forecast_3210,2025-05-14 18:00:00,5521.745166714188,4876.630723819673,4865.288153555958
forecast_3211,2025-05-14 19:00:00,6283.482619932481,10601.479275415313,5772.025948418803
forecast_3212,2025-05-14 20:00:00,7449.6788256370955,10563.930494286245,7687.018011241288
forecast_3213,2025-05-14 21:00:00,7614.3242968594695,14528.935914885416,8349.636421702486
forecast_3214,2025-05-14 22:00:00,9362.85689445178,14418.841712470456,8227.525748163407
forecast_3215,2025-05-14 23:00:00,8253.100331307134,13478.68580270674,8252.800291062978
forecast_3216,2025-05-15 00:00:00,9216.348135728434,13048.261820850397,9178.987776147633
forecast_3217,2025-05-15 01:00:00,11372.289082631967,12350.366776652381,9732.844285194278
forecast_3218,2025-05-15 02:00:00,9349.409486977896,13206.09069749011,10273.460320168768
forecast_3219,2025-05-15 03:00:00,9890.395114227418,15262.352635162535,9927.724604553154
forecast_3220,2025-05-15 04:00:00,11863.65086408188,17228.22775922271,11647.555944253858
forecast_3221,2025-05-15 05:00:00,13225.145975492498,18348.62002577235,11527.244135207355
forecast_3222,2025-05-15 06:00:00,12792.821898850882,17160.0455265052,13208.799255321173
forecast_3223,2025-05-15 07:00:00,15505.154953730327,17604.134479690627,15467.117108091694
forecast_3224,2025-05-15 08:00:00,16401.363700887767,17741.761727387442,17116.098407526304
forecast_3225,2025-05-15 09:00:00,15280.605421252307,18606.088386438394,16143.794152856799
forecast_3226,2025-05-15 10:00:00,15639.74042137604,16530.816203436945,15980.243152912459
forecast_3227,2025-05-15 11:00:00,16637.67053703341,16708.823588230167,13520.995382606116
forecast_3228,2025-05-15 12:00:00,14971.860319968873,13822.69740098279,13257.84928814004
forecast_3229,2025-05-15 13:00:00,15230.552906084198,16805.27480118877,16121.064527070532
forecast_3230,2025-05-15 14:00:00,18505.085335518055,18388.727189120524,17813.788387242195
forecast_3231,2025-05-15 15:00:00,18473.576608631607,17847.177803495993,16862.52099084178
forecast_3232,2025-05-15 16:00:00,17670.421623866307,17420.3168872446,16810.297972066262
forecast_3233,2025-05-15 17:00:00,18043.553175043515,17889.56512767149,18035.61416628172
forecast_3234,2025-05-15 18:00:00,19040.69783206905,17700.67648714039,18451.226054420928
forecast_3235,2025-05-15 19:00:00,19566.70024154115,17851.86347968431,18736.81370581777
forecast_3236,2025-05-15 20:00:00,18751.226256898684,17889.591335485515,19107.2684709054
forecast_3237,2025-05-15 21:00:00,18697.691368580447,17879.63694777294,19592.20785591442
forecast_3238,2025-05-15 22:00:00,19677.93173801047,18782.601207841726,19687.54775994504
forecast_3239,2025-05-15 23:00:00,19549.857456337213,18449.311012314032,19601.61055425435
forecast_3240,2025-05-16 00:00:00,18087.383538174465,18428.146557983753,19268.656990197876
forecast_3241,2025-05-16 01:00:00,18960.798804097365,18420.57654308779,18728.024580264257
forecast_3242,2025-05-16 02:00:00,18754.128546617427,18577.42943669866,18930.505779335545
forecast_3243,2025-05-16 03:00:00,19435.870038382604,18334.113125333002,18913.850254462544
forecast_3244,2025-05-16 04:00:00,18793.27610685702,17772.179273391957,18512.984459230323
forecast_3245,2025-05-16 05:00:00,18608.603488583365,17670.511494070455,17598.151241148335
forecast_3246,2025-05-16 06:00:00,18307.438719209007,16911.124346869874,16820.989151188725
forecast_3247,2025-05-16 07:00:00,17600.68203631841,16761.071068885754,16250.143227299339
forecast_3248,2025-05-16 08:00:00,15330.32617097051,16229.784208380803,14495.139810223667
forecast_3249,2025-05-16 09:00:00,14530.929762678048,14684.462473241585,12119.391322464495
forecast_3250,2025-05-16 10:00:00,10635.14370728515,13503.129809717842,10400.324147814084
forecast_3251,2025-05-16 11:00:00,10812.743106585012,10666.608937206563,9578.449623988523
forecast_3252,2025-05-16 12:00:00,8421.76536728254,10363.65033369847,9226.408283705498
forecast_3253,2025-05-16 13:00:00,8153.403954103126,8330.382379766736,6234.140890156295
forecast_3254,2025-05-16 14:00:00,6763.192032944088,7308.788742365438,5852.791030392099
forecast_3255,2025-05-16 15:00:00,5213.9332421983245,6378.999969087054,4610.722743418958
forecast_3256,2025-05-16 16:00:00,4429.1427955678055,7690.577749595868,5017.849743678706
forecast_3257,2025-05-16 17:00:00,4183.940082373568,6451.6636536620945,4122.957450395598
forecast_3258,2025-05-16 18:00:00,5368.889321115271,6454.662509012898,3705.8223787901934
forecast_3259,2025-05-16 19:00:00,5792.170995988249,6898.836625205492,3837.935541216886
forecast_3260,2025-05-16 20:00:00,3982.807421178716,7547.40942013255,2393.2870186693094
forecast_3261,2025-05-16 21:00:00,5279.608030123063,11172.670045779054,2497.0288857442965
forecast_3262,2025-05-16 22:00:00,4412.101840866805,6989.886374187458,3541.911634700694
forecast_3263,2025-05-16 23:00:00,4868.2529926723255,5128.678988783429,3291.779177487909
forecast_3264,2025-05-17 00:00:00,3917.9058647600364,4839.187715941029,2307.075115085717
forecast_3265,2025-05-17 01:00:00,5545.187799811276,5375.855312295842,4012.913502270678
forecast_3266,2025-05-17 02:00:00,4960.329424913401,8975.495929235403,5788.398811294443
forecast_3267,2025-05-17 03:00:00,6369.32352266692,6838.211013412886,6254.22581169478
forecast_3268,2025-05-17 04:00:00,3821.0925498172323,4761.632295356136,4614.48212192519
forecast_3269,2025-05-17 05:00:00,4671.842517580285,5577.137616013048,3853.069434544403
forecast_3270,2025-05-17 06:00:00,3546.207918610749,3694.260728220049,2900.8150380879897
forecast_3271,2025-05-17 07:00:00,3523.1702398554767,3209.998546879468,4561.097656217085
forecast_3272,2025-05-17 08:00:00,4253.722762457724,4170.611533091318,4162.55988984157
forecast_3273,2025-05-17 09:00:00,5055.158164287667,6601.21081208161,4214.829982164412
forecast_3274,2025-05-17 10:00:00,5892.79251180513,4271.08166580235,3502.424746973275
forecast_3275,2025-05-17 11:00:00,5335.311997118402,4923.791014089706,4042.739007111826
forecast_3276,2025-05-17 12:00:00,6513.818430878373,4563.333936807878,4530.055218214341
forecast_3277,2025-05-17 13:00:00,8074.717092568091,6279.734684226364,6405.188292433555
forecast_3278,2025-05-17 14:00:00,11188.449532656226,10421.64552617604,9584.322403217144
forecast_3279,2025-05-17 15:00:00,10641.05721962048,13115.70804421565,11302.139669523121
forecast_3280,2025-05-17 16:00:00,14696.86327162961,14447.951221250754,14575.249794114232
forecast_3281,2025-05-17 17:00:00,16917.107290586355,16908.15863082795,17181.24571935796
forecast_3282,2025-05-17 18:00:00,18471.54213049153,18410.59255503435,18194.456445702453
forecast_3283,2025-05-17 19:00:00,19428.517417972893,18786.94625540388,18816.928383627117
forecast_3284,2025-05-17 20:00:00,19246.060825925102,18853.618566482626,18559.58030701014
forecast_3285,2025-05-17 21:00:00,19432.50314218615,18495.566316994726,18622.190349529403
forecast_3286,2025-05-17 22:00:00,19513.218840889007,18888.368173002284,18642.083086438834
forecast_3287,2025-05-17 23:00:00,19889.756513835942,19301.96737115393,18676.96755661059
forecast_3288,2025-05-18 00:00:00,19518.615671004536,19294.35126820746,19177.778109325747
forecast_3289,2025-05-18 01:00:00,18751.986088586968,18757.872888806367,19277.14601989285
forecast_3290,2025-05-18 02:00:00,19391.084481447157,18004.76639605076,18424.151228306568
forecast_3291,2025-05-18 03:00:00,18495.79288775315,17674.041159294447,16290.758868141571
forecast_3292,2025-05-18 04:00:00,13799.307525338547,14715.802217199254,13260.643044688988
forecast_3293,2025-05-18 05:00:00,11744.58378587827,11782.047647858437,8959.228396240615
forecast_3294,2025-05-18 06:00:00,7376.247683381341,10816.46583575983,7295.68802083327
forecast_3295,2025-05-18 07:00:00,3165.882510059323,3568.8144710593037,2806.761710254025
forecast_3296,2025-05-18 08:00:00,3696.519100852888,3363.0911018320853,4320.760187584225
forecast_3297,2025-05-18 09:00:00,4537.792479668197,3981.0362739857014,3992.1786172861675
forecast_3298,2025-05-18 10:00:00,3547.703510113546,3603.4330513190444,4288.9476248343835
forecast_3299,2025-05-18 11:00:00,2196.3459603069,4040.226065173352,3613.3187001486785
forecast_3300,2025-05-18 12:00:00,3673.063178020585,3365.419246756111,3516.4981304568146
forecast_3301,2025-05-18 13:00:00,3841.692000719985,3827.684258925224,2592.698876712266
forecast_3302,2025-05-18 14:00:00,3952.0123248952,3122.735983894363,2855.7979668586595
forecast_3303,2025-05-18 15:00:00,5189.845380212363,4979.0256462608395,3520.219765434502
forecast_3304,2025-05-18 16:00:00,5656.537438997521,5103.25211112929,2742.9389208270923
forecast_3305,2025-05-18 17:00:00,5588.009231633656,4479.4984847018895,3748.487147200214
forecast_3306,2025-05-18 18:00:00,6048.145854644645,5099.723038660711,4126.190704792578
forecast_3307,2025-05-18 19:00:00,9542.874137555866,8400.978879074824,6463.792804332981
forecast_3308,2025-05-18 20:00:00,11426.154717880081,10911.964873769859,10270.236633318584
forecast_3309,2025-05-18 21:00:00,13622.026596423992,12387.085414246021,11033.380189029009
forecast_3310,2025-05-18 22:00:00,12554.413497556006,13355.04919997179,10597.218664878876
forecast_3311,2025-05-18 23:00:00,12352.772311632414,13215.154179586412,10626.088122798548
forecast_3312,2025-05-19 00:00:00,13836.608911041883,12871.170060534978,11331.524826186795
forecast_3313,2025-05-19 01:00:00,11914.010859013251,12759.589803475033,8317.656368012422
forecast_3314,2025-05-19 02:00:00,9328.18671796978,10784.773604060902,5650.109089288967
forecast_3315,2025-05-19 03:00:00,9065.918490091091,9856.229031319177,5536.342443989415
forecast_3316,2025-05-19 04:00:00,9376.114536509082,13150.26817912876,6863.3554555587025
forecast_3317,2025-05-19 05:00:00,8082.468900468051,13871.014702509736,7477.638330394097
forecast_3318,2025-05-19 06:00:00,10047.541613131045,14614.542695982478,8962.902094985891
forecast_3319,2025-05-19 07:00:00,11834.433453450201,15137.786531841994,10396.213401010304
forecast_3320,2025-05-19 08:00:00,9842.752406104923,16559.618396548813,10606.983066656287
forecast_3321,2025-05-19 09:00:00,11238.77580126459,15745.898489865936,12939.210222561267
forecast_3322,2025-05-19 10:00:00,12387.332391436172,14940.487689873864,12251.317361131574
forecast_3323,2025-05-19 11:00:00,13919.529097552768,16512.03879132115,13598.632305736082
forecast_3324,2025-05-19 12:00:00,15756.341449031004,17827.48101702954,15286.119301746665
forecast_3325,2025-05-19 13:00:00,16702.520421809735,18170.226918624387,18161.12805610214
forecast_3326,2025-05-19 14:00:00,17506.662718648404,17626.047472686554,18503.786305546048
forecast_3327,2025-05-19 15:00:00,17651.018222863255,18215.220222503165,18275.714246916945
forecast_3328,2025-05-19 16:00:00,17776.85659507476,18698.650524667217,17971.96319366164
forecast_3329,2025-05-19 17:00:00,18109.661531043286,18279.28137541565,18557.99740548676
forecast_3330,2025-05-19 18:00:00,19088.513293097905,18752.08609115157,18421.97103330942
forecast_3331,2025-05-19 19:00:00,19420.20844108071,18910.883539661172,18612.317855348163
forecast_3332,2025-05-19 20:00:00,19167.93319062678,18578.935808787122,18509.69591838996
forecast_3333,2025-05-19 21:00:00,18744.67845128183,18825.843063324155,19065.182308687734
forecast_3334,2025-05-19 22:00:00,18237.730083335035,18101.356534857212,18227.194412764
forecast_3335,2025-05-19 23:00:00,18603.46348809292,17960.624507541517,18118.562791337245
forecast_3336,2025-05-20 00:00:00,18231.363491738182,18086.35713088328,18188.794615068535
forecast_3337,2025-05-20 01:00:00,18411.591103414452,18188.898984416046,18407.998393073438
forecast_3338,2025-05-20 02:00:00,18485.49541816681,18221.800646295167,17824.91822397151
forecast_3339,2025-05-20 03:00:00,18711.382494614743,17880.312288516943,17937.236389999827
forecast_3340,2025-05-20 04:00:00,18643.880625586,18230.4310522494,18009.68355624249
forecast_3341,2025-05-20 05:00:00,18875.924195902608,18355.150953968674,18363.740492940473
forecast_3342,2025-05-20 06:00:00,18811.89490974445,17937.895498100203,18276.822758904156
forecast_3343,2025-05-20 07:00:00,18294.777541778145,17696.442255582693,17881.971833734162
forecast_3344,2025-05-20 08:00:00,17700.355573180495,17080.298461754177,17397.976748952024
forecast_3345,2025-05-20 09:00:00,16670.379002286747,16038.090454695277,16331.153289375276
forecast_3346,2025-05-20 10:00:00,14716.238737617381,14994.350569425467,13965.501571313962
forecast_3347,2025-05-20 11:00:00,14692.20754741715,13559.159810848156,12632.523176501994
forecast_3348,2025-05-20 12:00:00,12383.22919043257,12535.040364000579,12026.302860175321
forecast_3349,2025-05-20 13:00:00,11751.62467764403,12493.710547209126,12256.136963545181
forecast_3350,2025-05-20 14:00:00,12757.924986514105,14009.44370075864,12953.74856718863
forecast_3351,2025-05-20 15:00:00,13839.7268995528,15424.766027143927,14813.646034195466
forecast_3352,2025-05-20 16:00:00,15275.33422195868,16689.363251772855,15604.019436722334
forecast_3353,2025-05-20 17:00:00,15099.864583621269,16963.349104224428,14988.283294689072
forecast_3354,2025-05-20 18:00:00,15596.53133238605,16155.440289812854,15892.321546725247
forecast_3355,2025-05-20 19:00:00,17713.49922083034,17929.06937457853,17474.504526443437
forecast_3356,2025-05-20 20:00:00,19197.81601328759,17476.780461674538,17667.230275632468
forecast_3357,2025-05-20 21:00:00,17624.99464883954,17404.86246186786,17185.916516601454
forecast_3358,2025-05-20 22:00:00,18973.9703841936,18048.93316929417,17304.893965071627
forecast_3359,2025-05-20 23:00:00,18757.76682601498,18216.4398774582,17943.86054525472
forecast_3360,2025-05-21 00:00:00,19302.52777895616,18139.688390847085,17939.705382108852
forecast_3361,2025-05-21 01:00:00,18590.92979772405,16811.803228215933,16819.388627357792
forecast_3362,2025-05-21 02:00:00,17144.329457953845,17416.29139588041,16672.688988834696
forecast_3363,2025-05-21 03:00:00,17736.582070179982,16834.72074122241,16951.188840456092
forecast_3364,2025-05-21 04:00:00,19166.26451363179,16595.521474247013,17216.819040727598
forecast_3365,2025-05-21 05:00:00,19641.291584490264,17691.589541502253,15426.464823275763
forecast_3366,2025-05-21 06:00:00,18347.62770417578,16759.987261216233,13167.19697734989
forecast_3367,2025-05-21 07:00:00,13614.755650778046,12546.189558210892,5549.01893674789
forecast_3368,2025-05-21 08:00:00,8630.947501569462,7395.086424955174,3983.320425382307
forecast_3369,2025-05-21 09:00:00,5360.1065132626645,5206.858900796482,4612.641064261708
forecast_3370,2025-05-21 10:00:00,3840.415502685372,4065.7989447856785,3735.0076766278
forecast_3371,2025-05-21 11:00:00,3730.4412237563233,3828.268579137432,4523.3231783092615
forecast_3372,2025-05-21 12:00:00,3344.4351941213795,3559.7428435144434,4162.371988063994
forecast_3373,2025-05-21 13:00:00,3869.2961514451918,3746.6310144606596,3916.338890800007
forecast_3374,2025-05-21 14:00:00,4503.246761084499,3547.3185273439235,3974.9405538807996
forecast_3375,2025-05-21 15:00:00,3999.1014832120027,3392.254906945886,2245.8800837443323
forecast_3376,2025-05-21 16:00:00,3403.6268890554484,2960.0937861707034,3570.4220535801664
forecast_3377,2025-05-21 17:00:00,3914.421124060378,3643.3215884781634,4117.505589523314
forecast_3378,2025-05-21 18:00:00,3737.1262681152775,3531.7913689758097,4334.950660947087
forecast_3379,2025-05-21 19:00:00,3377.7038045647473,3325.7616547322436,3492.773397106244
forecast_3380,2025-05-21 20:00:00,3227.08580001112,3873.7946622338213,3028.643040949431
forecast_3381,2025-05-21 21:00:00,3364.656154352724,3360.916684435788,3101.000560123231
forecast_3382,2025-05-21 22:00:00,3674.7838383926187,3619.8509716454337,3228.4694914135653
forecast_3383,2025-05-21 23:00:00,3438.79281279365,3854.6247966105025,3515.19810812242
forecast_3384,2025-05-22 00:00:00,3295.7580914848195,3147.003801624089,3372.231662671419
forecast_3385,2025-05-22 01:00:00,4186.54987696724,4328.119661409862,3382.8060841361403
forecast_3386,2025-05-22 02:00:00,4054.4438183506195,4462.1525595203475,4076.088698401818
forecast_3387,2025-05-22 03:00:00,4337.369717089652,4434.555478477918,3281.821096890255
forecast_3388,2025-05-22 04:00:00,4691.872512601566,4711.3420465755025,3542.565777019257
forecast_3389,2025-05-22 05:00:00,4369.5324505579,3885.983025720194,3941.9455298933813
forecast_3390,2025-05-22 06:00:00,3752.410513884426,3292.736144427323,3467.3622994097395
forecast_3391,2025-05-22 07:00:00,3655.4820858762987,3088.104268428088,3534.1140682541436
forecast_3392,2025-05-22 08:00:00,3855.181520753018,3738.3169429195427,3387.145505780376
forecast_3393,2025-05-22 09:00:00,4201.188468636714,4260.997190934423,3513.6595126643574
forecast_3394,2025-05-22 10:00:00,4518.702015789242,4968.178116904286,3870.7962601501076
forecast_3395,2025-05-22 11:00:00,4654.608189087163,4436.115875920826,3521.3061230559474
forecast_3396,2025-05-22 12:00:00,3627.5434890946412,4332.695545647306,3053.7615200268096
forecast_3397,2025-05-22 13:00:00,4156.183156702005,4093.457103164319,3235.577680350883
forecast_3398,2025-05-22 14:00:00,3118.3219242892624,3979.283944180636,2806.9977491567656
forecast_3399,2025-05-22 15:00:00,3742.605522890637,3830.026049715659,3630.6534933343596
forecast_3400,2025-05-22 16:00:00,3802.8566934019746,3680.774893827226,3420.8535944183186
forecast_3401,2025-05-22 17:00:00,3279.7344896578043,2965.0268629597554,3145.3641507887414
forecast_3402,2025-05-22 18:00:00,3963.0068993347095,3310.7807557229817,3657.3687718295964
forecast_3403,2025-05-22 19:00:00,2906.292334039427,3342.02025249724,3597.3998385762748
forecast_3404,2025-05-22 20:00:00,2955.858765121472,2902.975038288007,3658.0650531982865
forecast_3405,2025-05-22 21:00:00,3740.8624809046037,3198.355756778586,3093.8996085497247
forecast_3406,2025-05-22 22:00:00,3769.602517920072,3800.5233698736015,3842.2100904078334
forecast_3407,2025-05-22 23:00:00,4303.651316460583,3607.4392539306314,3612.770001537516
forecast_3408,2025-05-23 00:00:00,3586.3113220746513,4239.8618540336365,3302.6559365212534
forecast_3409,2025-05-23 01:00:00,3133.9278345787,3621.186171481641,2957.55638289224
forecast_3410,2025-05-23 02:00:00,3837.252693078472,3484.552073701221,3269.4764350435357
forecast_3411,2025-05-23 03:00:00,3581.6476158780038,3770.184226230159,3244.391589035704
forecast_3412,2025-05-23 04:00:00,4786.3625499694635,4253.782169413145,3676.419657291258
forecast_3413,2025-05-23 05:00:00,3926.132509683759,4232.665439971447,3820.395983572815
forecast_3414,2025-05-23 06:00:00,4039.9386863092113,4019.109396977097,3707.8925541160115
forecast_3415,2025-05-23 07:00:00,3968.3168070783986,3687.835008672067,3101.939804741162
forecast_3416,2025-05-23 08:00:00,3382.8515792436933,3522.941135998191,3548.163433870831
forecast_3417,2025-05-23 09:00:00,3728.99339926313,3614.2624955693823,3985.911206658939
forecast_3418,2025-05-23 10:00:00,3736.2102908788233,3572.4273321798496,4225.479829702009
forecast_3419,2025-05-23 11:00:00,3784.1800908520104,3614.370292383841,3531.350871837977
forecast_3420,2025-05-23 12:00:00,3224.3273197341246,3637.8351736793043,3615.246196351098
forecast_3421,2025-05-23 13:00:00,3559.2608186619645,3995.788076555521,4397.533374101049
forecast_3422,2025-05-23 14:00:00,2570.6119378132544,3851.39605193573,4212.606464070244
forecast_3423,2025-05-23 15:00:00,2927.712263216519,3811.570195070449,4143.4248678176655
forecast_3424,2025-05-23 16:00:00,2942.579663221709,3122.425765957228,3596.325547044704
forecast_3425,2025-05-23 17:00:00,2629.193394143106,2675.2980775304413,4010.9804788366637
forecast_3426,2025-05-23 18:00:00,3857.6865434850124,3772.4407156708567,4194.138746603116
forecast_3427,2025-05-23 19:00:00,3917.4236268565437,3664.787394421643,3523.54353165898
forecast_3428,2025-05-23 20:00:00,3776.0218668458856,4250.185305225104,3465.3122032236497
forecast_3429,2025-05-23 21:00:00,4871.086270810658,5463.927336848797,4171.785757050975
forecast_3430,2025-05-23 22:00:00,5412.53444094583,5905.399316172145,4097.1084291163315
forecast_3431,2025-05-23 23:00:00,5140.156235665955,4763.4386466729975,3812.4625228184773
forecast_3432,2025-05-24 00:00:00,4850.396532043383,5052.766317147775,3481.8401678598266
forecast_3433,2025-05-24 01:00:00,4834.504322856461,5647.39079018746,3559.294341129432
forecast_3434,2025-05-24 02:00:00,5473.971140959667,6190.587014592037,3481.623692728044
forecast_3435,2025-05-24 03:00:00,5541.364367161221,6080.147167842327,3376.880152194353
forecast_3436,2025-05-24 04:00:00,5121.082775651515,5394.167552191764,3757.9135766460195
forecast_3437,2025-05-24 05:00:00,5300.853832409686,6537.598236613562,3751.7702468535517
forecast_3438,2025-05-24 06:00:00,5614.699445251322,6149.380970019134,4096.643143605262
forecast_3439,2025-05-24 07:00:00,5242.204202900548,6134.223417532497,4262.8202679090045
forecast_3440,2025-05-24 08:00:00,5479.532989475608,6132.666644986046,3901.7567758496007
forecast_3441,2025-05-24 09:00:00,4498.548181874203,5886.981124751564,3830.247378706007
forecast_3442,2025-05-24 10:00:00,3863.564641287847,5219.425656258886,3441.2936798490573
forecast_3443,2025-05-24 11:00:00,3757.93432742662,5552.009767197862,3940.623211355789
forecast_3444,2025-05-24 12:00:00,3528.51895906482,5694.469013757464,3697.463200923367
forecast_3445,2025-05-24 13:00:00,4222.558595056811,5506.376656222372,3284.473030139702
forecast_3446,2025-05-24 14:00:00,3587.3034387082735,5862.991699406664,3444.77477735367
forecast_3447,2025-05-24 15:00:00,3751.0493252730566,4988.019569566616,3852.224363454833
forecast_3448,2025-05-24 16:00:00,4818.575093525324,6018.608645210406,4765.341859526918
forecast_3449,2025-05-24 17:00:00,5828.911459159483,6529.327517916884,4790.813858415651
forecast_3450,2025-05-24 18:00:00,6752.40531580044,7785.823914669242,5693.6053162284115
forecast_3451,2025-05-24 19:00:00,5797.219682283538,6546.542908273018,5679.3010170427315
forecast_3452,2025-05-24 20:00:00,6432.963454016073,7032.715535104461,4877.426655775346
forecast_3453,2025-05-24 21:00:00,5020.467384211488,6119.547082459203,4218.616065842558
forecast_3454,2025-05-24 22:00:00,5759.898075627766,5773.883236493985,4405.345487498355
forecast_3455,2025-05-24 23:00:00,5498.747794140654,5524.822002746075,4162.239283469581
forecast_3456,2025-05-25 00:00:00,5302.74133725164,5021.722195891869,3886.84016728463
forecast_3457,2025-05-25 01:00:00,4455.088577489717,4529.066131885304,3186.577711921531
forecast_3458,2025-05-25 02:00:00,4236.04156246286,3912.8907730668243,3033.497626953057
forecast_3459,2025-05-25 03:00:00,3978.4731442664515,3893.1164365613595,3318.5711258454257
forecast_3460,2025-05-25 04:00:00,4494.991108942624,3921.480927112518,3575.4968943413564
forecast_3461,2025-05-25 05:00:00,3813.3518896581704,3722.3958178513813,2587.5820874212445
forecast_3462,2025-05-25 06:00:00,4229.413895299618,4309.84341195965,3702.0186210860843
forecast_3463,2025-05-25 07:00:00,4249.115051791443,4632.647477417608,3531.598468630339
forecast_3464,2025-05-25 08:00:00,4009.5407274519007,4087.7616935934084,3276.8572324927554
forecast_3465,2025-05-25 09:00:00,3118.042053650217,3452.576536777357,3272.0975366795637
forecast_3466,2025-05-25 10:00:00,2897.885240825558,2813.431628287031,2377.2211115146984
forecast_3467,2025-05-25 11:00:00,2819.1629067248214,2898.676327320082,3136.791357339873
forecast_3468,2025-05-25 12:00:00,3099.9052758397706,2644.073868937428,3458.590861777854
forecast_3469,2025-05-25 13:00:00,4475.504712318534,3764.1221249538735,3490.4211123867544
forecast_3470,2025-05-25 14:00:00,4667.000459623208,4336.335682281367,3710.227420282018
forecast_3471,2025-05-25 15:00:00,4803.795752458596,4479.177180873812,4236.126377947814
forecast_3472,2025-05-25 16:00:00,4819.875837683603,5109.533795712727,4356.520250168883
forecast_3473,2025-05-25 17:00:00,4202.971222982218,4892.676065476733,3948.0022861406565
forecast_3474,2025-05-25 18:00:00,4796.826014458296,4593.348889349181,3601.2039868094103
forecast_3475,2025-05-25 19:00:00,5951.124548062589,8184.815386133781,5428.188749670631
forecast_3476,2025-05-25 20:00:00,5707.637790036292,6441.739798948054,4576.366926848718
forecast_3477,2025-05-25 21:00:00,4966.356978268081,6833.038730780668,4787.25242252485
forecast_3478,2025-05-25 22:00:00,6586.725874896744,9016.201939936767,5757.121274189603
forecast_3479,2025-05-25 23:00:00,7468.6864798244505,9639.369604683094,6596.883201153301
forecast_3480,2025-05-26 00:00:00,7242.638863332635,8433.64452589251,6174.265873966979
forecast_3481,2025-05-26 01:00:00,8511.82207072643,9879.753927551366,7172.71541094296
forecast_3482,2025-05-26 02:00:00,7925.901298674335,9907.962962102378,6519.288601140776
forecast_3483,2025-05-26 03:00:00,6836.5417215427915,6852.406102311306,5402.106996138583
forecast_3484,2025-05-26 04:00:00,7733.828855441351,6552.3665501534215,4882.270294635384
forecast_3485,2025-05-26 05:00:00,5256.626090050206,4801.28478952172,3906.4115513947586
forecast_3486,2025-05-26 06:00:00,3839.1416134310293,4194.110614155698,2857.637112432305
forecast_3487,2025-05-26 07:00:00,3597.525036050133,3862.174815969044,3211.0754215192183
forecast_3488,2025-05-26 08:00:00,4033.559581562349,3839.86429514924,3187.2806881463885
forecast_3489,2025-05-26 09:00:00,3811.25983344809,3333.7131226521487,3322.455726396619
forecast_3490,2025-05-26 10:00:00,3463.6309704052464,3814.3540864624442,4038.737860488448
forecast_3491,2025-05-26 11:00:00,3937.054469717028,4001.6452908224187,3931.3327590056933
forecast_3492,2025-05-26 12:00:00,4290.43534977465,4270.51958495083,3778.1843579708748
forecast_3493,2025-05-26 13:00:00,5691.845164692413,4188.953928725839,3805.8741271359786
forecast_3494,2025-05-26 14:00:00,4431.220241896025,3882.7776815269426,4102.026351340949
forecast_3495,2025-05-26 15:00:00,4020.4738398452055,3922.06425050076,3884.6049390828202
forecast_3496,2025-05-26 16:00:00,3231.430947218138,3211.2636935243067,3646.2941812385025
forecast_3497,2025-05-26 17:00:00,3374.4729395668182,2649.9588144066283,3201.611648926072
forecast_3498,2025-05-26 18:00:00,3509.0366249477374,2722.1101816267696,3427.5340335808237
forecast_3499,2025-05-26 19:00:00,3827.1848836679646,3131.9526205964003,3539.483946360144
forecast_3500,2025-05-26 20:00:00,3732.137986590366,3335.9354716328,3548.6803582502907
forecast_3501,2025-05-26 21:00:00,3478.6490774567674,3886.769305836182,2569.3039572343305
forecast_3502,2025-05-26 22:00:00,3612.221679961207,3559.027355658465,2721.6937339089914
forecast_3503,2025-05-26 23:00:00,3486.730962600488,4489.781035051489,2394.8108114888373
forecast_3504,2025-05-27 00:00:00,3479.1574400676245,5107.854298804013,2100.0
forecast_3505,2025-05-27 01:00:00,3721.713037312069,4754.413826244364,3361.303827315378
forecast_3506,2025-05-27 02:00:00,3784.750140079407,4539.241335843818,3035.9994343402254
forecast_3507,2025-05-27 03:00:00,4974.978304817651,7824.269579829646,2658.1327143556664
forecast_3508,2025-05-27 04:00:00,5011.136886589921,7285.992501607936,3894.201850336453
forecast_3509,2025-05-27 05:00:00,4058.1095551298313,7216.863028732988,3888.2896855831495
forecast_3510,2025-05-27 06:00:00,3954.366080813691,3827.8334065327153,3438.1848558144193
forecast_3511,2025-05-27 07:00:00,3519.435642430233,4573.6571004310845,3597.127578702452
forecast_3512,2025-05-27 08:00:00,3034.9525353417766,3983.601768769093,3525.5395665201177
forecast_3513,2025-05-27 09:00:00,3666.4247756410005,3706.868043576737,3424.3675798978993
forecast_3514,2025-05-27 10:00:00,4006.0032394851924,3917.617882869831,4074.555985373386
forecast_3515,2025-05-27 11:00:00,4081.494300786526,4329.615935273751,3964.2019434187205
forecast_3516,2025-05-27 12:00:00,4618.797467579856,4517.31824002256,3961.0879759695245
forecast_3517,2025-05-27 13:00:00,4004.094666808589,4239.54533429104,3451.255831020981
forecast_3518,2025-05-27 14:00:00,3962.596688323263,4445.865929553642,3879.95074899836
forecast_3519,2025-05-27 15:00:00,3764.964110176127,3898.628793305561,3768.741773406481
forecast_3520,2025-05-27 16:00:00,3808.9329446360334,3980.273605236286,3609.3232324504597
forecast_3521,2025-05-27 17:00:00,3708.1460461552397,3808.4264026786072,3491.773655582221
forecast_3522,2025-05-27 18:00:00,3561.4313480140477,3562.429642475761,3641.347859525695
forecast_3523,2025-05-27 19:00:00,3581.4494119910855,2811.2491856516235,2516.438956447303
forecast_3524,2025-05-27 20:00:00,4168.933603574933,3011.465250943911,3958.346382906032
forecast_3525,2025-05-27 21:00:00,3540.1726368011746,3580.656362738996,3439.8821264123085
forecast_3526,2025-05-27 22:00:00,3703.0620212732674,3755.469737694241,3597.517050805348
forecast_3527,2025-05-27 23:00:00,3327.114547492163,3826.3797390263753,2650.6206596896523
forecast_3528,2025-05-28 00:00:00,3557.2190148329782,3221.8216831088666,3218.0498176977853
forecast_3529,2025-05-28 01:00:00,4265.185574308634,4562.948315186839,4126.578842415917
forecast_3530,2025-05-28 02:00:00,4960.461883734791,4982.056590721748,2937.1473384886403
forecast_3531,2025-05-28 03:00:00,5250.893139473679,5771.418770510548,3359.239327528827
forecast_3532,2025-05-28 04:00:00,4309.349344105285,5228.98916669186,3399.8601441111828
forecast_3533,2025-05-28 05:00:00,3687.178383332211,4654.128608693383,3375.9757951991132
forecast_3534,2025-05-28 06:00:00,3593.884946460434,3957.306997059631,3352.231500857163
forecast_3535,2025-05-28 07:00:00,3628.3173469221074,3737.6727645695373,3847.838748794861
forecast_3536,2025-05-28 08:00:00,3793.970482302053,3489.300249890696,3853.987274107455
forecast_3537,2025-05-28 09:00:00,3195.0252556641435,3703.2150743067705,3167.1289856386957
forecast_3538,2025-05-28 10:00:00,3354.324362295203,3469.0584910461357,3359.494604616032
forecast_3539,2025-05-28 11:00:00,4715.589054393843,4128.608183862391,4111.812997644374
forecast_3540,2025-05-28 12:00:00,4022.734210787251,3072.2605171770933,3184.81500531203
forecast_3541,2025-05-28 13:00:00,3532.0269190902422,3327.7817571876526,3416.8766619144612
forecast_3542,2025-05-28 14:00:00,3240.9801428791743,3081.6234531303844,3002.0723989608905
forecast_3543,2025-05-28 15:00:00,4212.575111533879,3633.2088659063047,2888.633283776123
forecast_3544,2025-05-28 16:00:00,3721.20684358618,3879.487132678928,3391.232001227054
forecast_3545,2025-05-28 17:00:00,4265.983161752967,4392.92511635678,3049.1843230841832
forecast_3546,2025-05-28 18:00:00,3594.6528651370286,4167.334393064139,4150.4670049116885
forecast_3547,2025-05-28 19:00:00,3622.257908703944,3587.7209415087373,3896.291220417539
forecast_3548,2025-05-28 20:00:00,3286.7710780629104,3361.1032071819172,2874.4480794348538
forecast_3549,2025-05-28 21:00:00,4032.3677684846857,3656.922968004996,3192.451217071834
forecast_3550,2025-05-28 22:00:00,3438.5817338684906,3654.3957745537064,2649.5850298036303
forecast_3551,2025-05-28 23:00:00,3288.964467254761,3895.2396738929037,2489.4099957693834
forecast_3552,2025-05-29 00:00:00,2682.5867626712807,3180.157054591772,2671.149071290862
forecast_3553,2025-05-29 01:00:00,3602.479998446386,3728.085971098634,4200.451778477558
forecast_3554,2025-05-29 02:00:00,3642.691021997953,3393.0185866855254,3354.321201210229
forecast_3555,2025-05-29 03:00:00,3709.905891537704,3799.4756814158145,3683.3569636934362
forecast_3556,2025-05-29 04:00:00,3654.148833299021,3302.1412363565296,3265.1812788563416
forecast_3557,2025-05-29 05:00:00,3223.342056446001,3011.542022546543,3235.9549228007436
forecast_3558,2025-05-29 06:00:00,3246.540978870472,2955.1676969279624,3128.695462616809
forecast_3559,2025-05-29 07:00:00,2888.257540745598,3917.63299221464,3254.937143503018
forecast_3560,2025-05-29 08:00:00,2428.314450993154,3526.3321372447554,3343.239338434173
forecast_3561,2025-05-29 09:00:00,3250.7408815507556,2801.5608384865677,3119.728713183451
forecast_3562,2025-05-29 10:00:00,3818.0094376628986,3473.201061968569,3591.9325859069495
forecast_3563,2025-05-29 11:00:00,3746.440730872363,3598.636477434017,3820.0353742830266
forecast_3564,2025-05-29 12:00:00,3141.909453577595,3222.4554176406236,2975.4110767853167
forecast_3565,2025-05-29 13:00:00,3270.903154006787,2861.2158953622743,3046.4036101018282
forecast_3566,2025-05-29 14:00:00,3158.351016548233,2345.4979554222878,2588.8089743891046
forecast_3567,2025-05-29 15:00:00,2975.6159472435706,2642.19766225584,3293.63901139867
forecast_3568,2025-05-29 16:00:00,3519.7918782099096,3463.646323469392,2988.9756509850913
forecast_3569,2025-05-29 17:00:00,2986.9475316015937,2542.733584016294,3806.6355889410224
forecast_3570,2025-05-29 18:00:00,2863.8318448386826,2868.7602668611867,3517.2641857512863
forecast_3571,2025-05-29 19:00:00,3319.549540937783,3485.39382049881,3540.590078619568
forecast_3572,2025-05-29 20:00:00,3051.5123209966464,3321.9597334036334,3256.703603568635
forecast_3573,2025-05-29 21:00:00,3301.9527680039896,3387.287212096118,3528.6148239214344
forecast_3574,2025-05-29 22:00:00,3718.758878192963,3763.13255813143,3396.1215067311514
forecast_3575,2025-05-29 23:00:00,3920.2237163991517,3671.6503276359117,3403.7247672307426
forecast_3576,2025-05-30 00:00:00,3875.9117607082035,3666.2330822853223,3766.7295183097935
forecast_3577,2025-05-30 01:00:00,3089.945258969433,3215.307131868271,3320.869120395253
forecast_3578,2025-05-30 02:00:00,3920.301474838839,3623.256915864774,2555.1113201269677
forecast_3579,2025-05-30 03:00:00,4172.65156614458,3459.052075376958,2504.113125288037
forecast_3580,2025-05-30 04:00:00,3842.0553374202746,3794.31606057542,2974.7484727390697
forecast_3581,2025-05-30 05:00:00,3919.6969698079124,4052.6935280020093,2854.9356078683954
forecast_3582,2025-05-30 06:00:00,3764.0082085420395,3635.6126836464096,2705.7875336149823
forecast_3583,2025-05-30 07:00:00,3579.293316085161,3687.4506726231575,2609.255755173681
forecast_3584,2025-05-30 08:00:00,2693.4495131809695,3230.4880417341456,2739.1991752042413
forecast_3585,2025-05-30 09:00:00,2421.841870436472,3150.097271984078,3035.9407167043573
forecast_3586,2025-05-30 10:00:00,2437.7271493550566,2865.7738411717746,3420.988731537397
forecast_3587,2025-05-30 11:00:00,3299.9553715967327,3281.8546873170067,3843.9719872232695
forecast_3588,2025-05-30 12:00:00,3541.213433071804,3056.0562589618635,3832.607031354846
forecast_3589,2025-05-30 13:00:00,3498.3637595712235,3394.5133064456863,3765.275362824951
forecast_3590,2025-05-30 14:00:00,3732.86413268455,3333.309089571432,3775.1228731566853
forecast_3591,2025-05-30 15:00:00,3189.8888430476145,3020.0151196619486,3115.96270634311
forecast_3592,2025-05-30 16:00:00,3915.4631398376914,3593.049572538342,3699.546061443988
forecast_3593,2025-05-30 17:00:00,3261.088799921219,2756.6532742202244,3768.336348417107
forecast_3594,2025-05-30 18:00:00,3566.914368084601,2942.848358270511,3783.5314821801544
forecast_3595,2025-05-30 19:00:00,3352.903184030686,3221.9052791748118,3890.171908431782
forecast_3596,2025-05-30 20:00:00,3564.640453437331,3544.506082030942,3738.686963281105
forecast_3597,2025-05-30 21:00:00,3340.8454951795434,3940.932128778626,2765.2179828794806
forecast_3598,2025-05-30 22:00:00,3620.6663084467828,3495.4781624929064,2726.9617210152437
forecast_3599,2025-05-30 23:00:00,3595.6373172002695,3730.4262510115855,2634.946688393531
forecast_3600,2025-05-31 00:00:00,3812.155105520032,3544.154462897547,3050.1466946816886
forecast_3601,2025-05-31 01:00:00,3838.3321929495696,3670.414779453329,3188.586058169446
forecast_3602,2025-05-31 02:00:00,4195.609884828924,3688.2692437843134,2985.617419649635
forecast_3603,2025-05-31 03:00:00,3601.9998755600836,3134.178985878642,2718.13706847724
forecast_3604,2025-05-31 04:00:00,4686.038994623854,3873.0038229000647,4176.679782112942
forecast_3605,2025-05-31 05:00:00,3712.314684726093,3841.614856056198,4006.594707732303
forecast_3606,2025-05-31 06:00:00,3464.1368404703026,3967.3840742580624,3584.4140703858784
forecast_3607,2025-05-31 07:00:00,3564.7030483813137,4086.59782590961,3589.8309186115453
forecast_3608,2025-05-31 08:00:00,3476.0627141739546,3853.628597142934,4098.608089943649
forecast_3609,2025-05-31 09:00:00,3424.8869566960443,3795.6224098862995,3451.72401897314
forecast_3610,2025-05-31 10:00:00,3325.5490926909038,3693.012716772685,4006.1158782106795
forecast_3611,2025-05-31 11:00:00,3380.4778522073193,3290.45349142769,3771.708937328479
forecast_3612,2025-05-31 12:00:00,3841.8355319860775,3208.949974867711,3732.695303900454
forecast_3613,2025-05-31 13:00:00,3710.547072784083,3557.113755167178,3685.5453249790608
forecast_3614,2025-05-31 14:00:00,3203.7075217680895,2817.4467355063816,2396.329863265817
forecast_3615,2025-05-31 15:00:00,3478.891865074893,3769.542558895768,3075.1178506103897
forecast_3616,2025-05-31 16:00:00,3888.1324511695625,3604.924664062716,3726.0159318398755
forecast_3617,2025-05-31 17:00:00,3956.069942465513,4448.692435967639,4248.451171923533
forecast_3618,2025-05-31 18:00:00,3353.599600581033,3846.6406443539904,3887.117278346117
forecast_3619,2025-05-31 19:00:00,2981.5417512591976,3216.5107206980024,3280.0375450431775
forecast_3620,2025-05-31 20:00:00,3359.352697649197,3624.0864303186263,3526.3860331748438
forecast_3621,2025-05-31 21:00:00,3398.2451811872183,3473.4958109116396,3264.8319567746744
forecast_3622,2025-05-31 22:00:00,3483.242817745289,3038.9546553609252,3012.6614447205466
forecast_3623,2025-05-31 23:00:00,4192.8875628271235,4080.7441334548907,3688.9990389477325
forecast_3624,2025-06-01 00:00:00,2949.0873456656177,3852.4242093515513,3951.4549391805085
forecast_3625,2025-06-01 01:00:00,3365.359814358134,3635.640338479342,3607.785279350666
forecast_3626,2025-06-01 02:00:00,4217.625442805078,4141.4487954639535,3568.105750880845
forecast_3627,2025-06-01 03:00:00,4555.826036975826,3904.2669260894936,4298.009853675183
forecast_3628,2025-06-01 04:00:00,4007.0361990432625,3729.802756928493,4405.766970838585
forecast_3629,2025-06-01 05:00:00,3555.494787990513,3419.6958566991234,3421.8586010122663
forecast_3630,2025-06-01 06:00:00,2791.653719702543,3404.6019615861787,3333.3848967850367
forecast_3631,2025-06-01 07:00:00,2458.8887871830516,4065.4545806857795,3327.516151495384
forecast_3632,2025-06-01 08:00:00,3054.448239094954,3810.3750081900025,2720.363240673413
forecast_3633,2025-06-01 09:00:00,3623.82702196802,3111.759206667649,4035.6161937211236
forecast_3634,2025-06-01 10:00:00,4166.47154304371,3808.329114590537,3786.6585282788774
forecast_3635,2025-06-01 11:00:00,3378.1564905645073,3378.0161327822457,3609.8809813246144
forecast_3636,2025-06-01 12:00:00,4124.746472946002,4201.973079316491,4222.468071226722
forecast_3637,2025-06-01 13:00:00,4079.824972717568,4184.900656673957,4335.986788788025
forecast_3638,2025-06-01 14:00:00,3845.40224800318,3041.31146471236,4009.2945914682687
forecast_3639,2025-06-01 15:00:00,4599.455633411224,4132.774053092887,4400.59192363259
forecast_3640,2025-06-01 16:00:00,4644.546790378368,3507.141425888697,4465.059244070799
forecast_3641,2025-06-01 17:00:00,4819.496013637352,4131.543665038971,4414.940156012457
forecast_3642,2025-06-01 18:00:00,3401.445664868554,3134.141709341083,4010.642394202974
forecast_3643,2025-06-01 19:00:00,4168.573832185837,4111.523090472354,3207.144969328786
forecast_3644,2025-06-01 20:00:00,3990.8935711268578,4876.60225223841,3987.7136753548657
forecast_3645,2025-06-01 21:00:00,4852.2020991758545,5393.84628186409,4159.717216975942
forecast_3646,2025-06-01 22:00:00,4978.129825681265,6931.1191224331815,4151.758968827224
forecast_3647,2025-06-01 23:00:00,4167.987022774421,3912.4750127354264,3426.20904397481
forecast_3648,2025-06-02 00:00:00,4417.220487408573,5770.203578632519,4163.101755612413
forecast_3649,2025-06-02 01:00:00,4468.036578191267,5148.830555222226,3821.8091410814172
forecast_3650,2025-06-02 02:00:00,4100.353781480004,4219.543191086777,3741.0003787418914
forecast_3651,2025-06-02 03:00:00,4619.855238599959,3711.988705990886,3758.954830576205
forecast_3652,2025-06-02 04:00:00,3915.0525945337527,3656.712208997411,3542.491907176691
forecast_3653,2025-06-02 05:00:00,3248.2353126716885,3913.3045250284963,2530.130722572991
forecast_3654,2025-06-02 06:00:00,3849.7446739961833,3601.5977846571323,3896.77696134894
forecast_3655,2025-06-02 07:00:00,3145.3061032816713,3740.2630800065895,3884.565253514787
forecast_3656,2025-06-02 08:00:00,3127.8203447987003,4229.248054289723,3806.430439395893
forecast_3657,2025-06-02 09:00:00,3873.7509625918024,3413.4562938192757,3800.3769313133625
forecast_3658,2025-06-02 10:00:00,3803.299705387135,3967.6523532281385,3759.993648942684
forecast_3659,2025-06-02 11:00:00,4078.794662096162,3513.4606719197695,4049.134395526208
forecast_3660,2025-06-02 12:00:00,3944.9649583447876,3355.991515385652,3835.49991930638
forecast_3661,2025-06-02 13:00:00,4376.567860861917,3647.4029992728533,3690.73401003216
forecast_3662,2025-06-02 14:00:00,4572.822649006428,3532.3479893897124,4080.1871765933174
forecast_3663,2025-06-02 15:00:00,4350.036242719594,4063.8881136885043,3086.4273200652406
forecast_3664,2025-06-02 16:00:00,4320.762514985117,4412.005252268131,4069.1267550730636
forecast_3665,2025-06-02 17:00:00,4339.993630723271,4749.1742023336255,4752.197350386572
forecast_3666,2025-06-02 18:00:00,4040.3174194270487,4413.65200396819,4945.254913450913
forecast_3667,2025-06-02 19:00:00,4522.862774606156,4795.932178461044,4792.708870405258
forecast_3668,2025-06-02 20:00:00,4354.431020202172,3688.5539852001784,3584.1705704186516
forecast_3669,2025-06-02 21:00:00,3793.622499176433,4517.811375328007,3174.8678579386524
forecast_3670,2025-06-02 22:00:00,3148.6969255797253,3759.049477920153,3327.6234615634035
forecast_3671,2025-06-02 23:00:00,3285.7878388110958,3886.1479352738916,2646.1983975555677
forecast_3672,2025-06-03 00:00:00,3474.8890119930647,3995.4922426965018,2926.529310911596
forecast_3673,2025-06-03 01:00:00,3866.6783156671804,3797.243709551196,3686.299460117227
forecast_3674,2025-06-03 02:00:00,4307.896102975909,4532.270415857515,3760.3159764998304
forecast_3675,2025-06-03 03:00:00,4666.662581537212,4364.400084178439,3937.8137787740993
forecast_3676,2025-06-03 04:00:00,4066.8011968786827,4251.790580622212,3337.585764926552
forecast_3677,2025-06-03 05:00:00,4219.1446137323055,5256.884352673338,3873.2055454910274
forecast_3678,2025-06-03 06:00:00,3929.971544837793,4185.655446627319,3484.2890559219677
forecast_3679,2025-06-03 07:00:00,3698.7916752701335,3990.505574126661,3285.1426829799843
forecast_3680,2025-06-03 08:00:00,4128.760241515389,3321.423124268588,2802.0486741792174
forecast_3681,2025-06-03 09:00:00,3769.8968926647053,3994.8641784078,3309.386292042558
forecast_3682,2025-06-03 10:00:00,3729.904420494801,4061.1723872943653,3687.3078386596
forecast_3683,2025-06-03 11:00:00,3954.8511216941442,3651.416485056459,3452.1491202177517
forecast_3684,2025-06-03 12:00:00,5140.163967114752,5532.788731187595,4294.523583449689
forecast_3685,2025-06-03 13:00:00,6611.287485955896,6022.412067495142,5946.0639559889805
forecast_3686,2025-06-03 14:00:00,9021.642159928864,8891.11209825493,6719.809131032532
forecast_3687,2025-06-03 15:00:00,11529.07739116262,11253.246702950097,9351.436609967885
forecast_3688,2025-06-03 16:00:00,11179.039890002881,11239.712749315804,8847.853895994002
forecast_3689,2025-06-03 17:00:00,10833.986904249217,10226.366056896277,8935.623608727677
forecast_3690,2025-06-03 18:00:00,12137.006168525993,12183.418011723954,11074.16292511872
forecast_3691,2025-06-03 19:00:00,12977.564923995556,12301.402106453588,13285.011101112712
forecast_3692,2025-06-03 20:00:00,15331.996791386462,15371.001094192816,14949.994912261469
forecast_3693,2025-06-03 21:00:00,16801.86461670251,16947.731251691428,16600.926836627932
forecast_3694,2025-06-03 22:00:00,16254.80779502742,17156.747410815533,16693.513495420313
forecast_3695,2025-06-03 23:00:00,15633.687432513649,16004.925404761065,15583.142348692556
forecast_3696,2025-06-04 00:00:00,15565.13490730551,15248.595459867398,15293.265013002312
forecast_3697,2025-06-04 01:00:00,14626.937661133197,15365.86320528743,14274.553375744592
forecast_3698,2025-06-04 02:00:00,14448.94053076205,14862.546264156706,13925.985030474647
forecast_3699,2025-06-04 03:00:00,15127.307329599735,16452.072923456562,15719.188221799914
forecast_3700,2025-06-04 04:00:00,15589.123749414783,16524.325770114338,16866.40438904454
forecast_3701,2025-06-04 05:00:00,16842.466073673295,16077.484163613139,15682.851193743938
forecast_3702,2025-06-04 06:00:00,17854.087115654158,17371.032290975225,16945.04925043395
forecast_3703,2025-06-04 07:00:00,17917.3398684329,18372.044270318234,18239.892722499753
forecast_3704,2025-06-04 08:00:00,18661.765359604186,18949.959197222466,18586.736011710476
forecast_3705,2025-06-04 09:00:00,18429.174002917294,18878.81610026796,18726.033063564326
forecast_3706,2025-06-04 10:00:00,17965.801315742454,18624.526796701164,18568.73085911859
forecast_3707,2025-06-04 11:00:00,17373.410003200974,17535.737812359286,17776.697423381556
forecast_3708,2025-06-04 12:00:00,16693.349113947064,17538.385207010375,17635.35438619798
forecast_3709,2025-06-04 13:00:00,16339.020828877776,16934.494066211377,16578.676463399708
forecast_3710,2025-06-04 14:00:00,15968.37819150181,16083.117323877923,14593.159078155213
forecast_3711,2025-06-04 15:00:00,15239.050947943486,14681.940004083235,12963.694183670736
forecast_3712,2025-06-04 16:00:00,14031.23335812575,13848.78783181618,10458.01345671456
forecast_3713,2025-06-04 17:00:00,13531.021614882042,12595.418966127132,10316.19743330228
forecast_3714,2025-06-04 18:00:00,12040.530528118781,11142.040766938482,8518.687481891002
forecast_3715,2025-06-04 19:00:00,11504.034095230829,11591.214069041685,8242.245024562784
forecast_3716,2025-06-04 20:00:00,12790.535563951487,11470.385545355231,8789.952321895085
forecast_3717,2025-06-04 21:00:00,12814.278058021451,12544.959739064092,9671.228746766075
forecast_3718,2025-06-04 22:00:00,12596.273640409783,11534.141404543248,10008.249833886215
forecast_3719,2025-06-04 23:00:00,13574.123795104859,13012.549554988535,11754.11568440116
forecast_3720,2025-06-05 00:00:00,12953.437297478382,13370.570100658484,11730.810881266605
forecast_3721,2025-06-05 01:00:00,10931.20682973181,12233.360169561085,9027.48197197449
forecast_3722,2025-06-05 02:00:00,13457.659543042622,14310.790636219772,10580.513748810066
forecast_3723,2025-06-05 03:00:00,15524.394902662947,15508.046812154382,12949.033324306505
forecast_3724,2025-06-05 04:00:00,15502.775692157247,15859.87019633052,13187.983783609736
forecast_3725,2025-06-05 05:00:00,15935.979894043623,15777.835005703926,13503.8641167962
forecast_3726,2025-06-05 06:00:00,13530.939981533544,15553.292191421662,10700.515899832099
forecast_3727,2025-06-05 07:00:00,16155.158159304994,16382.725497886167,12225.99703609469
forecast_3728,2025-06-05 08:00:00,12298.107732034958,17044.521157703908,10952.614970182594
forecast_3729,2025-06-05 09:00:00,10577.755343607765,11271.177275910655,9479.63791199821
forecast_3730,2025-06-05 10:00:00,7517.5079489019045,7857.049766338138,6964.493235600934
forecast_3731,2025-06-05 11:00:00,6965.514058809482,6473.220119280256,4405.553682757805
forecast_3732,2025-06-05 12:00:00,6305.395338256419,4670.8758337069885,4413.340691824622
forecast_3733,2025-06-05 13:00:00,5066.807487604203,4857.167966240506,3877.5680393672083
forecast_3734,2025-06-05 14:00:00,5216.974411146955,5339.145947643913,4191.711388098735
forecast_3735,2025-06-05 15:00:00,7441.762008534314,4320.174931161802,3541.610452441233
forecast_3736,2025-06-05 16:00:00,7365.288844723543,6262.086304838318,5794.102768640506
forecast_3737,2025-06-05 17:00:00,9036.666226848589,7273.021003524864,7082.877472641403
forecast_3738,2025-06-05 18:00:00,9895.169897269074,10402.604018027441,9588.965312563025
forecast_3739,2025-06-05 19:00:00,14364.294998049223,13633.9508091012,15296.733304800115
forecast_3740,2025-06-05 20:00:00,16502.632961930714,16547.72352351229,15413.566123292769
forecast_3741,2025-06-05 21:00:00,18350.71081094076,18102.706328606837,17331.267790083457
forecast_3742,2025-06-05 22:00:00,19178.341507822548,18135.934216827758,18018.405184839197
forecast_3743,2025-06-05 23:00:00,18775.411600788488,18597.759893425373,17792.157845586225
forecast_3744,2025-06-06 00:00:00,18529.164108449986,18513.47817551714,17359.54223062897
forecast_3745,2025-06-06 01:00:00,19368.761379724856,18513.654826818616,17930.399710685797
forecast_3746,2025-06-06 02:00:00,19542.324430000874,18503.41637107177,18490.702134383362
forecast_3747,2025-06-06 03:00:00,20197.981816514322,19169.38974991109,18783.35145720605
forecast_3748,2025-06-06 04:00:00,20247.80516282845,19350.287142789708,18786.868307527795
forecast_3749,2025-06-06 05:00:00,20044.281840802712,19385.03268332575,18297.976665342307
forecast_3750,2025-06-06 06:00:00,19899.955753198472,18918.27686298716,18917.82380587186
forecast_3751,2025-06-06 07:00:00,19247.274355676574,18909.601870702143,18682.418072540626
forecast_3752,2025-06-06 08:00:00,17742.63164644269,17831.77052374571,18270.056998377695
forecast_3753,2025-06-06 09:00:00,14942.112973005436,15380.804624414175,14909.795998793288
forecast_3754,2025-06-06 10:00:00,13353.23666023394,14560.457676109609,14013.171347685762
forecast_3755,2025-06-06 11:00:00,14272.117073398313,15241.658248460459,15363.536592878314
forecast_3756,2025-06-06 12:00:00,13176.727800816658,15803.499020050043,14359.933821649667
forecast_3757,2025-06-06 13:00:00,13403.468104381931,16386.8090155365,15069.97765890828
forecast_3758,2025-06-06 14:00:00,13674.85067726148,16316.055418471147,15457.778677731987
forecast_3759,2025-06-06 15:00:00,13385.92079439702,17120.304067792436,14649.694208510582
forecast_3760,2025-06-06 16:00:00,14470.23051248628,17270.01174502183,14979.211055740181
forecast_3761,2025-06-06 17:00:00,13418.295336244217,14838.977718826787,14951.214519302388
forecast_3762,2025-06-06 18:00:00,13992.716562781789,15041.199557006265,15462.264179298145
forecast_3763,2025-06-06 19:00:00,16323.090170408992,17367.801452058342,17457.593460792225
forecast_3764,2025-06-06 20:00:00,16598.592839109264,18001.388509954664,18121.225361388824
forecast_3765,2025-06-06 21:00:00,17580.559035960778,18196.219085540037,18358.292808002563
forecast_3766,2025-06-06 22:00:00,18234.82847036908,18292.622947855223,18817.900586328393
forecast_3767,2025-06-06 23:00:00,18325.560441834223,17971.986233430656,18938.370728751812
forecast_3768,2025-06-07 00:00:00,17795.320307417576,18028.861080767187,18536.20512578821
forecast_3769,2025-06-07 01:00:00,19216.318231429115,18920.589304475645,19055.97079437349
forecast_3770,2025-06-07 02:00:00,19188.81199277147,19140.028238997646,18764.826319210963
forecast_3771,2025-06-07 03:00:00,19114.05350186204,18659.470971415263,18461.606334470813
forecast_3772,2025-06-07 04:00:00,19926.877669791014,18974.326750029904,19376.535800477668
forecast_3773,2025-06-07 05:00:00,19666.6737136624,18949.388952610985,18600.33737919359
forecast_3774,2025-06-07 06:00:00,20197.76943189519,18850.669516753194,18753.4662478311
forecast_3775,2025-06-07 07:00:00,19373.13716098819,18392.85396064901,18207.51709470691
forecast_3776,2025-06-07 08:00:00,15743.064904405075,17670.150771153625,16870.69249855559
forecast_3777,2025-06-07 09:00:00,13740.961774649035,15878.535085767855,12983.451959038435
forecast_3778,2025-06-07 10:00:00,8695.66557991872,9386.31400048353,7829.309425740668
forecast_3779,2025-06-07 11:00:00,7994.204813786409,9163.413349841805,8187.804250429732
forecast_3780,2025-06-07 12:00:00,8226.48809587034,7575.535619666699,7516.2385823790855
forecast_3781,2025-06-07 13:00:00,6209.577500945313,6305.764291926003,4780.519063985644
forecast_3782,2025-06-07 14:00:00,5544.277518883624,5725.147435288703,5416.360340651536
forecast_3783,2025-06-07 15:00:00,5354.502692931571,5572.494763907856,5542.2948995490315
forecast_3784,2025-06-07 16:00:00,5465.848400008111,6022.812534455896,5802.045633329532
forecast_3785,2025-06-07 17:00:00,5310.957039269079,5109.587768582842,5573.436767411646
forecast_3786,2025-06-07 18:00:00,5448.036186706395,6067.06799264245,6357.630416297595
forecast_3787,2025-06-07 19:00:00,6976.042161823138,10606.422327801121,5903.500559882355
forecast_3788,2025-06-07 20:00:00,8619.845379188648,10822.201357930471,7793.186291537157
forecast_3789,2025-06-07 21:00:00,13015.49137353499,14786.688361210789,12248.993946334316
forecast_3790,2025-06-07 22:00:00,11987.510462165254,14294.401160703115,9692.710021755518
forecast_3791,2025-06-07 23:00:00,12010.54996967933,13678.500272648656,8300.250956434227
forecast_3792,2025-06-08 00:00:00,11741.97226844658,14241.085098349553,11631.536057687503
forecast_3793,2025-06-08 01:00:00,12378.249075674103,12972.058804448909,10451.295353412974
forecast_3794,2025-06-08 02:00:00,12411.836122117249,12719.227855757457,8548.428263796894
forecast_3795,2025-06-08 03:00:00,11575.792043069685,13063.025069160516,9267.609773255976
forecast_3796,2025-06-08 04:00:00,10819.108907405509,10658.812094481838,8084.43533721954
forecast_3797,2025-06-08 05:00:00,11615.358808573199,10614.858776188561,7257.350577391629
forecast_3798,2025-06-08 06:00:00,8197.941054557868,8139.887818535959,4819.569493479983
forecast_3799,2025-06-08 07:00:00,3617.7958900801596,4706.052318592645,3670.950286824047
forecast_3800,2025-06-08 08:00:00,3951.853451797126,3528.634558642337,2977.7621938673187
forecast_3801,2025-06-08 09:00:00,4118.490052899659,3305.625761713566,3398.615163701405
forecast_3802,2025-06-08 10:00:00,3997.629786091772,4027.7003551675175,4276.138332899062
forecast_3803,2025-06-08 11:00:00,3672.2868159280806,3664.0459877608973,4035.4789705110397
forecast_3804,2025-06-08 12:00:00,4039.9566388099292,3354.435009186007,2731.960663252861
forecast_3805,2025-06-08 13:00:00,4317.498338856861,3537.511756695789,3764.225094306463
forecast_3806,2025-06-08 14:00:00,4332.132154483363,4094.5658938117485,4393.382405747119
forecast_3807,2025-06-08 15:00:00,4126.8881534470665,3960.253347521956,4108.653658325912
forecast_3808,2025-06-08 16:00:00,4297.206142252918,4084.167110702333,4380.049066036353
forecast_3809,2025-06-08 17:00:00,4296.75029106626,3876.2341581108317,4152.964670202117
forecast_3810,2025-06-08 18:00:00,4213.203238052982,3201.470637275392,3992.455018509601
forecast_3811,2025-06-08 19:00:00,3123.4828806549517,3290.7514831900426,3424.489941093494
forecast_3812,2025-06-08 20:00:00,3913.6887512135804,3785.1657697300543,2923.467018985914
forecast_3813,2025-06-08 21:00:00,4615.107405899629,4182.858428420423,3820.966201107701
forecast_3814,2025-06-08 22:00:00,4553.372557546176,4385.473278736988,4205.619706474603
forecast_3815,2025-06-08 23:00:00,7074.740491696288,7870.954280933634,5409.491777455097
forecast_3816,2025-06-09 00:00:00,10613.77041892247,8527.037866373865,7821.77756629409
forecast_3817,2025-06-09 01:00:00,9624.055025831292,9741.338414343196,7163.316687877223
forecast_3818,2025-06-09 02:00:00,9503.63825038071,10461.542253453474,8009.9297390634865
forecast_3819,2025-06-09 03:00:00,10579.156598839805,9101.234867015284,6470.320953062157
forecast_3820,2025-06-09 04:00:00,7672.411534784691,8900.273985705926,5873.415172796943
forecast_3821,2025-06-09 05:00:00,8978.78983378359,6777.605779681563,4383.227440109329
forecast_3822,2025-06-09 06:00:00,5373.261644010052,4892.742301129205,4348.707350219722
forecast_3823,2025-06-09 07:00:00,3821.9694406212066,4160.35305717063,3829.7659908445958
forecast_3824,2025-06-09 08:00:00,4712.942809046091,4022.8631924920824,3218.107320969169
forecast_3825,2025-06-09 09:00:00,3919.6295085865486,3759.7405106084057,3221.1715386601895
forecast_3826,2025-06-09 10:00:00,3737.906879255931,3759.75563119613,4007.5909352177114
forecast_3827,2025-06-09 11:00:00,3600.6705339563314,3295.754994124137,2941.9934451702707
forecast_3828,2025-06-09 12:00:00,3835.446027648811,2903.129127173443,3627.954425337167
forecast_3829,2025-06-09 13:00:00,3839.747168740358,3681.548716399234,3535.3374637352194
forecast_3830,2025-06-09 14:00:00,4303.779494297378,3880.589665965227,3828.9312152739835
forecast_3831,2025-06-09 15:00:00,3886.215030617731,3003.867665265583,3588.599904295616
forecast_3832,2025-06-09 16:00:00,3410.5731831023927,3059.8845248837843,2927.1175067454183
forecast_3833,2025-06-09 17:00:00,3275.616451028128,3071.4262210131283,2285.9936478389627
forecast_3834,2025-06-09 18:00:00,3322.369531478632,3305.5522706103593,2777.3802746590986
forecast_3835,2025-06-09 19:00:00,3516.389150226188,2847.8467818320155,2946.6045209256063
forecast_3836,2025-06-09 20:00:00,3229.3536098384347,3431.422157213869,3565.4910422629127
forecast_3837,2025-06-09 21:00:00,7882.530494016262,6687.042115119527,4577.4911271924775
forecast_3838,2025-06-09 22:00:00,10524.200136354306,9822.892184332706,6760.813477814992
forecast_3839,2025-06-09 23:00:00,10152.41438167063,10870.599146268434,6765.190917504219
forecast_3840,2025-06-10 00:00:00,9086.694532933443,12051.364623814246,7536.771588538387
forecast_3841,2025-06-10 01:00:00,14410.136554492336,16072.819042269912,13285.858507168456
forecast_3842,2025-06-10 02:00:00,16933.875765725927,16778.652333335212,14408.55948156465
forecast_3843,2025-06-10 03:00:00,18122.183364748344,17584.631698788096,18417.731605964047
forecast_3844,2025-06-10 04:00:00,16621.46180166669,18453.722607672484,15882.484371900122
forecast_3845,2025-06-10 05:00:00,17526.898541596707,17014.926995210186,16266.700056447042
forecast_3846,2025-06-10 06:00:00,17621.804695123803,16796.637110966945,15336.188912463116
forecast_3847,2025-06-10 07:00:00,15528.198118445745,17058.83746869397,13232.548110878739
forecast_3848,2025-06-10 08:00:00,15772.049989853513,17671.00661397895,11444.98744216758
forecast_3849,2025-06-10 09:00:00,9226.837288922849,10377.845770518677,8225.687035614288
forecast_3850,2025-06-10 10:00:00,6128.955353226072,5819.124265023984,4224.051786117175
forecast_3851,2025-06-10 11:00:00,5477.674082231156,5701.967546803804,5063.463186459888
forecast_3852,2025-06-10 12:00:00,5474.556895364678,6154.857030911827,4933.887323388471
forecast_3853,2025-06-10 13:00:00,5876.588133325479,6583.619374209038,5774.149295743013
forecast_3854,2025-06-10 14:00:00,6292.392219940517,7478.589700714425,7134.22762258142
forecast_3855,2025-06-10 15:00:00,7316.518496121809,7761.630858462746,8059.131703983164
forecast_3856,2025-06-10 16:00:00,8221.630333122663,7655.738033257687,7011.500947806917
forecast_3857,2025-06-10 17:00:00,7747.729315974837,7678.346715939118,6889.934648871241
forecast_3858,2025-06-10 18:00:00,11180.104715311822,10269.664935805356,9729.59906708185
forecast_3859,2025-06-10 19:00:00,11203.333185089386,10404.757488803803,10059.291870146308
forecast_3860,2025-06-10 20:00:00,14425.506779119629,12233.015814940498,13450.385698460363
forecast_3861,2025-06-10 21:00:00,13843.82694471871,15065.92043799075,13850.848454055731
forecast_3862,2025-06-10 22:00:00,14806.308043463157,16316.456027860328,14496.032073176397
forecast_3863,2025-06-10 23:00:00,14908.439988261815,16147.830689829454,16296.77625505523
forecast_3864,2025-06-11 00:00:00,15249.748550529823,16030.52363362187,15911.548877523319
forecast_3865,2025-06-11 01:00:00,12244.757294394152,14621.911173937766,11978.135859406375
forecast_3866,2025-06-11 02:00:00,12377.092553514447,13776.755095861383,12329.938905528434
forecast_3867,2025-06-11 03:00:00,10934.121829385937,14219.13865783445,11684.96326167377
forecast_3868,2025-06-11 04:00:00,14313.079132065877,13061.494572844893,11686.87858667357
forecast_3869,2025-06-11 05:00:00,15225.975812170707,15137.9390823621,12885.750005847798
forecast_3870,2025-06-11 06:00:00,15179.1415496089,14342.184121035449,13520.63264664756
forecast_3871,2025-06-11 07:00:00,11286.148689840154,15412.423996411137,8883.604741515324
forecast_3872,2025-06-11 08:00:00,11532.078631964658,13040.652136509796,8472.69722405846
forecast_3873,2025-06-11 09:00:00,9140.634731188427,8161.5813713196985,8081.052587059423
forecast_3874,2025-06-11 10:00:00,8548.870085232189,7417.4036138267,6513.745449055084
forecast_3875,2025-06-11 11:00:00,7492.382589164588,6123.463371270007,5360.02434628424
forecast_3876,2025-06-11 12:00:00,6542.1325594564805,6060.35525090868,5020.288420017845
forecast_3877,2025-06-11 13:00:00,6457.000788270086,5743.253100524598,4792.045860962674
forecast_3878,2025-06-11 14:00:00,6646.656495754074,5734.289181161766,5497.567205419865
forecast_3879,2025-06-11 15:00:00,7302.738660899438,5561.769206757082,5400.8106955501535
forecast_3880,2025-06-11 16:00:00,8599.013780836483,5250.990750434256,5003.138448711465
forecast_3881,2025-06-11 17:00:00,10396.279852933822,10625.80150693812,5293.138931916565
forecast_3882,2025-06-11 18:00:00,5518.6732980390125,5244.601615132036,4730.958547968508
forecast_3883,2025-06-11 19:00:00,4498.107348268171,4837.335599045773,3656.5777442283647
forecast_3884,2025-06-11 20:00:00,5983.321325046662,6736.599885666495,4652.621689573366
forecast_3885,2025-06-11 21:00:00,5904.759922939672,6964.1922183763,4461.973793851512
forecast_3886,2025-06-11 22:00:00,7592.732107992257,9465.00175666243,6250.395348822762
forecast_3887,2025-06-11 23:00:00,7740.037127820973,9570.053752478787,5722.613192640407
forecast_3888,2025-06-12 00:00:00,6757.611337449831,11522.852006318262,5515.0969302583135
forecast_3889,2025-06-12 01:00:00,4461.388891705954,4122.740619336571,4118.979041157642
forecast_3890,2025-06-12 02:00:00,4981.264070792935,4219.498154169414,3566.447217290843
forecast_3891,2025-06-12 03:00:00,4467.9129776168065,4350.6726431596635,3540.999169047296
forecast_3892,2025-06-12 04:00:00,4243.525805604077,4585.730270096551,4066.5652655326994
forecast_3893,2025-06-12 05:00:00,3905.1438651983767,4503.624746287123,3603.2166821170867
forecast_3894,2025-06-12 06:00:00,3575.441114980463,3807.2138102994877,3498.559818327025
forecast_3895,2025-06-12 07:00:00,2744.0352761285176,3037.882838864171,2782.284263986294
forecast_3896,2025-06-12 08:00:00,2361.082851137876,2720.263741662835,2700.478098044503
forecast_3897,2025-06-12 09:00:00,3142.5773350560794,2609.0946511915276,2851.500114318147
forecast_3898,2025-06-12 10:00:00,4043.5671687153413,3679.897260828834,3316.6560042192978
forecast_3899,2025-06-12 11:00:00,3565.6354421362157,2882.0940886300996,3099.82482945467
forecast_3900,2025-06-12 12:00:00,4553.84359993981,3422.1816958896043,3693.9086832891517
forecast_3901,2025-06-12 13:00:00,4305.006076925851,2945.6873472918187,3674.4582887180222
forecast_3902,2025-06-12 14:00:00,4153.650832156929,3083.852705901872,3737.8608035926536
forecast_3903,2025-06-12 15:00:00,4118.57462813178,3173.3731573899377,3579.849535185873
forecast_3904,2025-06-12 16:00:00,4287.389300713287,3262.1898659985336,3519.6830042078177
forecast_3905,2025-06-12 17:00:00,3093.280921014074,3586.002907114183,3732.809922969237
forecast_3906,2025-06-12 18:00:00,3717.6309167611043,3368.3685332801883,3235.20036708529
forecast_3907,2025-06-12 19:00:00,3355.531486293915,3562.895329284939,4123.230061960168
forecast_3908,2025-06-12 20:00:00,3292.252757246772,3743.9049197834934,3660.778293053286
forecast_3909,2025-06-12 21:00:00,3518.7698503564006,4131.6854823538815,3598.786012100976
forecast_3910,2025-06-12 22:00:00,3455.973840394508,4198.315397062328,2564.7427061813455
forecast_3911,2025-06-12 23:00:00,3319.0082577145577,3299.704597464357,2758.8321763506815
forecast_3912,2025-06-13 00:00:00,2781.127730179524,3215.0866090522877,3046.6665140614614
forecast_3913,2025-06-13 01:00:00,3817.381537402163,3776.4203589905565,2909.7677347478348
forecast_3914,2025-06-13 02:00:00,7628.905351254038,5309.592317304192,3636.251197506187
forecast_3915,2025-06-13 03:00:00,5649.4478189515585,7689.8301103773665,3927.754275005138
forecast_3916,2025-06-13 04:00:00,5384.279468940013,6305.2682091235,4393.380649592168
forecast_3917,2025-06-13 05:00:00,4714.367818203831,4808.137154038219,4060.7241988870896
forecast_3918,2025-06-13 06:00:00,3650.6595342102837,3460.697462661063,3061.771206712776
forecast_3919,2025-06-13 07:00:00,3675.3087753479185,3766.1966417694825,3893.2127892232415
forecast_3920,2025-06-13 08:00:00,3456.5482232251857,3496.757907424996,3226.1072046649215
forecast_3921,2025-06-13 09:00:00,3002.952219418212,3896.3245162265252,2998.2671097094026
forecast_3922,2025-06-13 10:00:00,3257.8296346851894,3675.1154736415583,3415.767047642904
forecast_3923,2025-06-13 11:00:00,3363.9519235815637,3577.4581171050213,3012.5172910724486
forecast_3924,2025-06-13 12:00:00,3316.3055592810356,3198.979858326057,2829.9268064540465
forecast_3925,2025-06-13 13:00:00,2884.4666706926946,2680.7854008708396,2562.9736230682834
forecast_3926,2025-06-13 14:00:00,4221.20188602574,3785.9539414352685,3657.4447883241855
forecast_3927,2025-06-13 15:00:00,4054.4661838694337,3369.1012991307484,2972.273991451199
forecast_3928,2025-06-13 16:00:00,3979.6278764612593,3672.698356284572,2629.8183076079567
forecast_3929,2025-06-13 17:00:00,3804.485564826076,4423.509663102469,3691.1094761215845
forecast_3930,2025-06-13 18:00:00,3956.592851616955,3884.3909580379363,3481.0992889840772
forecast_3931,2025-06-13 19:00:00,3942.725979371213,4628.144703677539,3451.1124694412306
forecast_3932,2025-06-13 20:00:00,4007.0201413689374,3720.926641864849,3784.2874388321607
forecast_3933,2025-06-13 21:00:00,5849.117143652551,5918.073880565716,4669.05991179466
forecast_3934,2025-06-13 22:00:00,7018.047957428344,5700.06800146099,5304.812286417088
forecast_3935,2025-06-13 23:00:00,6566.140334579514,7723.651121288808,6199.993036544792
forecast_3936,2025-06-14 00:00:00,8676.393180058145,8364.605169818075,5931.764949480833
forecast_3937,2025-06-14 01:00:00,8274.37012282302,11969.440359365411,8185.635530245686
forecast_3938,2025-06-14 02:00:00,9666.169677595533,12425.645927399923,9722.464568988535
forecast_3939,2025-06-14 03:00:00,10604.678325260811,11723.786708269376,11472.16344307004
forecast_3940,2025-06-14 04:00:00,7703.414210332458,10418.858840421384,8475.030727980407
forecast_3941,2025-06-14 05:00:00,6311.123982968711,8781.243289797781,4503.423227253886
forecast_3942,2025-06-14 06:00:00,3956.974986242006,4496.918388936435,4380.05782411193
forecast_3943,2025-06-14 07:00:00,3155.0016879148493,3417.313332570161,4318.202137540118
forecast_3944,2025-06-14 08:00:00,3246.8457474242473,3661.6980428799025,4452.348373459681
forecast_3945,2025-06-14 09:00:00,4119.294982225307,4169.128025406471,4581.225109112007
forecast_3946,2025-06-14 10:00:00,3835.3273643925095,4222.965788305257,3582.433315551213
forecast_3947,2025-06-14 11:00:00,3113.997621980592,3531.5907872572598,3279.104567067885
forecast_3948,2025-06-14 12:00:00,2970.8774751601636,3613.4760667308356,3271.375764671033
forecast_3949,2025-06-14 13:00:00,2778.1599288484103,3573.579940171811,3025.1120634739536
forecast_3950,2025-06-14 14:00:00,3539.1473923114604,4198.670154604095,3724.68553521803
forecast_3951,2025-06-14 15:00:00,3064.2524464657367,3493.2595304570286,3380.938150671618
forecast_3952,2025-06-14 16:00:00,3340.41181595405,3586.5415367495316,3600.0178684707726
forecast_3953,2025-06-14 17:00:00,3452.8778557414157,3662.4802078677235,3529.4451205157325
forecast_3954,2025-06-14 18:00:00,4035.83292745937,3321.5368481135624,3619.782152597909
forecast_3955,2025-06-14 19:00:00,4043.200219464381,3261.9343312746005,3477.417062385668
forecast_3956,2025-06-14 20:00:00,3765.0665183561237,3765.1166018014937,3255.4519491538126
forecast_3957,2025-06-14 21:00:00,4178.753790289635,4160.008034176944,3512.276298690217
forecast_3958,2025-06-14 22:00:00,4299.507597679582,3963.899663064022,3740.1843107713207
forecast_3959,2025-06-14 23:00:00,4058.5111471319783,3978.3619674600473,3458.6124259059616
forecast_3960,2025-06-15 00:00:00,3672.2385236754517,3528.249248489429,3669.133211500899
forecast_3961,2025-06-15 01:00:00,5205.573631378001,5607.266410910676,3801.8861007827445
forecast_3962,2025-06-15 02:00:00,6174.916738659493,6670.624096722837,4248.522082464241
forecast_3963,2025-06-15 03:00:00,5139.417648592759,5338.070103848287,4889.516763388959
forecast_3964,2025-06-15 04:00:00,6058.585625933991,6911.064858928657,5350.528736184357
forecast_3965,2025-06-15 05:00:00,5942.040055361007,5895.581374111744,6247.085073020255
forecast_3966,2025-06-15 06:00:00,6627.771813393194,7750.80677060354,5093.3045168936105
forecast_3967,2025-06-15 07:00:00,5360.520140052534,4090.720494435048,3122.3220312551857
forecast_3968,2025-06-15 08:00:00,4612.972771789957,4571.775147182917,3093.302564580223
forecast_3969,2025-06-15 09:00:00,4328.447897713992,3585.828547827523,3150.906025780552
forecast_3970,2025-06-15 10:00:00,3457.1625210362204,3277.9136789983545,3530.6126019455774
forecast_3971,2025-06-15 11:00:00,3337.2606545516187,3667.1087941080723,2765.640313483439
forecast_3972,2025-06-15 12:00:00,2740.033970850653,3409.190303148133,2178.553698297843
forecast_3973,2025-06-15 13:00:00,3244.180141690879,3548.32296868503,2812.2077421753106
forecast_3974,2025-06-15 14:00:00,3289.655773133176,3739.967562491183,2732.8794465455994
forecast_3975,2025-06-15 15:00:00,3570.9330241383295,3638.9081660196393,3247.7144169955213
forecast_3976,2025-06-15 16:00:00,3786.1251341002358,4665.558534260636,3285.27719807871
forecast_3977,2025-06-15 17:00:00,2919.35434239002,4083.3556440252028,3071.4449598582214
forecast_3978,2025-06-15 18:00:00,3210.0993523641514,5029.945765579831,3737.4046049889052
forecast_3979,2025-06-15 19:00:00,4543.221001655836,6883.09938749323,4757.521063452218
forecast_3980,2025-06-15 20:00:00,4707.762941242738,8499.442559946068,4515.4844370805295
forecast_3981,2025-06-15 21:00:00,10581.22309568525,12708.460110739956,8229.291468436648
forecast_3982,2025-06-15 22:00:00,12354.939163007422,15405.209180868884,6915.994508394206
forecast_3983,2025-06-15 23:00:00,10731.47499092764,16135.450180953261,10958.907596745026
forecast_3984,2025-06-16 00:00:00,12568.65427713945,16168.978070489973,9833.809788569562
forecast_3985,2025-06-16 01:00:00,9633.837745139059,12997.55111281713,10115.41502723675
forecast_3986,2025-06-16 02:00:00,10984.607046677249,13071.117484534603,9983.105042349327
forecast_3987,2025-06-16 03:00:00,11943.178144722899,15156.071535470666,10420.097825807274
forecast_3988,2025-06-16 04:00:00,9749.841828991812,13466.95019254105,10836.448622506232
forecast_3989,2025-06-16 05:00:00,9341.952549182166,13830.248449062155,9221.297279165705
forecast_3990,2025-06-16 06:00:00,6951.098584672278,11904.996087571753,7867.217338590506
forecast_3991,2025-06-16 07:00:00,9097.615749148714,11742.97464127601,8423.807461257917
forecast_3992,2025-06-16 08:00:00,9735.2762330468,11401.186285288702,8637.282816843315
forecast_3993,2025-06-16 09:00:00,7981.554766705925,11545.031877173149,7425.571593469949
forecast_3994,2025-06-16 10:00:00,9816.596468083751,10752.164480338422,9150.82834954834
forecast_3995,2025-06-16 11:00:00,8501.429996518764,13336.377097688302,9298.532386846067
forecast_3996,2025-06-16 12:00:00,8937.305800572316,11308.444571303793,8185.6605675161745
forecast_3997,2025-06-16 13:00:00,8018.375380612421,11192.06316915631,9566.790223785856
forecast_3998,2025-06-16 14:00:00,11906.582178233923,14879.83716883927,11788.0030821008
forecast_3999,2025-06-16 15:00:00,14195.401735910986,13968.9071030037,13452.629808142432
forecast_4000,2025-06-16 16:00:00,14754.503053505307,13524.151978102913,13394.337587482381
forecast_4001,2025-06-16 17:00:00,16556.020999104017,16382.324772860784,15364.36815878561
forecast_4002,2025-06-16 18:00:00,14536.275017700886,15470.9301711476,14985.919823892105
forecast_4003,2025-06-16 19:00:00,13238.370280280202,13366.33778947609,13716.758405735463
forecast_4004,2025-06-16 20:00:00,15317.480343188272,13766.543406887891,14557.176800746844
forecast_4005,2025-06-16 21:00:00,15597.64953791078,15334.05396108807,15423.711171277128
forecast_4006,2025-06-16 22:00:00,17628.08009887631,18117.52022882724,17671.66894419658
forecast_4007,2025-06-16 23:00:00,17790.348068397056,18621.90657167726,18617.19123581413
forecast_4008,2025-06-17 00:00:00,18409.8039901512,18756.262309814138,18915.653140220693
forecast_4009,2025-06-17 01:00:00,16746.890896519682,18345.954145065443,17556.22339555293
forecast_4010,2025-06-17 02:00:00,17355.939690027586,18757.65496011228,18001.86581900568
forecast_4011,2025-06-17 03:00:00,17051.322231218437,18958.748713981866,18671.081872899198
forecast_4012,2025-06-17 04:00:00,16058.803875590682,18893.16938436722,18205.94212366219
forecast_4013,2025-06-17 05:00:00,17552.266978605385,19055.622786981778,18040.58515183726
forecast_4014,2025-06-17 06:00:00,16916.858508076984,17973.55521504364,17915.517091966827
forecast_4015,2025-06-17 07:00:00,16910.892543705944,16924.807093003477,16027.467529457752
forecast_4016,2025-06-17 08:00:00,14072.548602283248,15786.97785615318,13021.578354706435
forecast_4017,2025-06-17 09:00:00,13036.979507577691,14924.65260487136,11389.686605698907
forecast_4018,2025-06-17 10:00:00,12107.37775509171,13772.249746804398,11574.52718577132
forecast_4019,2025-06-17 11:00:00,7790.6852560290445,13543.425999751607,10066.28949543208
forecast_4020,2025-06-17 12:00:00,11639.82588945544,13402.888327156703,11922.333665276501
forecast_4021,2025-06-17 13:00:00,11214.057921003983,12098.598957907952,11816.693889263543
forecast_4022,2025-06-17 14:00:00,8316.445463292246,11885.77877969016,10010.016291403575
forecast_4023,2025-06-17 15:00:00,7051.046381626177,10216.9275391777,7977.404766459988
forecast_4024,2025-06-17 16:00:00,6965.54325550082,9839.456339299237,7622.833090204081
forecast_4025,2025-06-17 17:00:00,6351.903456469064,6572.586274842008,5626.495346343135
forecast_4026,2025-06-17 18:00:00,5513.532671785652,7944.9016556124625,6252.661997501616
forecast_4027,2025-06-17 19:00:00,6223.783062989383,9651.105628424306,4434.547597270879
forecast_4028,2025-06-17 20:00:00,6443.504303346807,8439.0272559468,5824.9308297665375
forecast_4029,2025-06-17 21:00:00,6732.214113251793,9673.728215675637,6113.617160284014
forecast_4030,2025-06-17 22:00:00,6807.309904007534,11734.831068986587,6935.206961515343
forecast_4031,2025-06-17 23:00:00,8305.976685324831,12143.281569937277,9236.16021381211
forecast_4032,2025-06-18 00:00:00,9846.001999379385,13334.027917640682,9432.909061560047
forecast_4033,2025-06-18 01:00:00,8433.582874912434,11136.737243327056,7252.483564019646
forecast_4034,2025-06-18 02:00:00,10211.101460095371,12395.876082599863,8890.110262290094
forecast_4035,2025-06-18 03:00:00,14689.450505046036,13667.371688558706,9860.153833614664
forecast_4036,2025-06-18 04:00:00,15927.865327909773,15467.134767970247,10396.188658900614
forecast_4037,2025-06-18 05:00:00,15972.887523111078,14515.0004032723,11070.731033127238
forecast_4038,2025-06-18 06:00:00,16404.224093766323,11146.888456861518,10300.613771877921
forecast_4039,2025-06-18 07:00:00,13483.414484863997,9037.969703092012,7492.98610637498
forecast_4040,2025-06-18 08:00:00,6799.705367333283,8066.492518840185,5519.057503576513
forecast_4041,2025-06-18 09:00:00,5352.936228583879,5365.811487295837,6609.819923344772
forecast_4042,2025-06-18 10:00:00,5543.664278122413,5085.829271629006,4514.900714753665
forecast_4043,2025-06-18 11:00:00,4150.441942174988,3818.527187240515,3287.494588893726
forecast_4044,2025-06-18 12:00:00,4003.4316420044706,3894.302578871845,3059.765690703799
forecast_4045,2025-06-18 13:00:00,4213.723795838548,3689.843353664023,2826.4704365172306
forecast_4046,2025-06-18 14:00:00,3814.2963783800337,3156.2800632532358,2711.3881141622783
forecast_4047,2025-06-18 15:00:00,5406.32394956481,3959.4634516348124,3505.985977794078
forecast_4048,2025-06-18 16:00:00,4212.810010032624,3862.7134742645762,3477.813740224647
forecast_4049,2025-06-18 17:00:00,4635.295338706909,3994.467330248428,3670.38012807785
forecast_4050,2025-06-18 18:00:00,3978.5898167666446,3726.4844605579847,3491.954128133454
forecast_4051,2025-06-18 19:00:00,4408.973426713098,4888.510370180407,4827.7132450438585
forecast_4052,2025-06-18 20:00:00,6278.335412161592,8570.4278017536,6884.153317904128
forecast_4053,2025-06-18 21:00:00,8691.792299457717,10952.675723300694,8309.733009489339
forecast_4054,2025-06-18 22:00:00,12843.098292803079,13971.004733168385,11075.571160133266
forecast_4055,2025-06-18 23:00:00,14293.536269261778,15486.75960971252,10731.838434222424
forecast_4056,2025-06-19 00:00:00,15733.123970517781,15662.452424377454,11526.250331114734
forecast_4057,2025-06-19 01:00:00,13649.556053435763,14475.509126354025,12138.630332709585
forecast_4058,2025-06-19 02:00:00,13841.57365609557,14734.572191622621,12135.64869213711
forecast_4059,2025-06-19 03:00:00,14135.407432381453,15203.497766061277,12121.26934379763
forecast_4060,2025-06-19 04:00:00,12037.560527671701,13871.634104660861,10542.77307712712
forecast_4061,2025-06-19 05:00:00,13814.506242197182,13331.371527125975,10123.35035240304
forecast_4062,2025-06-19 06:00:00,11644.213900634953,11620.77667259083,7798.716493009048
forecast_4063,2025-06-19 07:00:00,8728.83980061448,9180.870396987906,4975.9466066420455
forecast_4064,2025-06-19 08:00:00,6858.5490165682895,7201.459110018269,3740.614033250951
forecast_4065,2025-06-19 09:00:00,4251.738335349254,3890.991129049318,3074.7963830459043
forecast_4066,2025-06-19 10:00:00,2678.6632380543756,2617.5759396571593,3296.34157464384
forecast_4067,2025-06-19 11:00:00,3367.0529579221716,2672.1224910537626,3465.931476886676
forecast_4068,2025-06-19 12:00:00,4274.816893494142,3803.841505302267,3863.5125479487924
forecast_4069,2025-06-19 13:00:00,4082.047468928038,3651.1036447548236,4243.996128190114
forecast_4070,2025-06-19 14:00:00,4038.698251141096,3815.8492250365744,4612.221086416077
forecast_4071,2025-06-19 15:00:00,3922.2723753293235,3642.8871955146924,2937.226959664324
forecast_4072,2025-06-19 16:00:00,2910.7674438410586,3236.1627826317404,2958.6901963695773
forecast_4073,2025-06-19 17:00:00,4177.24477929147,3539.6607930896353,3354.847377833094
forecast_4074,2025-06-19 18:00:00,3861.412364130853,3969.5315684961824,3143.5573008067963
forecast_4075,2025-06-19 19:00:00,3377.3151869857156,4693.833312687961,3160.9620027395763
forecast_4076,2025-06-19 20:00:00,4008.7308320410857,3739.6860184684383,4042.7789269103123
forecast_4077,2025-06-19 21:00:00,3612.05333757044,4859.671264994652,2968.359526847787
forecast_4078,2025-06-19 22:00:00,4839.008635193355,8323.663851456877,5038.088885743289
forecast_4079,2025-06-19 23:00:00,6194.867013479748,11423.107496150755,5373.621229540567
forecast_4080,2025-06-20 00:00:00,5069.681607130457,10937.831156864599,5444.176123059123
forecast_4081,2025-06-20 01:00:00,9115.58829455,12021.965081066886,6563.94760662745
forecast_4082,2025-06-20 02:00:00,11232.892364616277,13886.995634254985,9279.21848251353
forecast_4083,2025-06-20 03:00:00,10075.55250285637,15455.84359783445,9262.300371709589
forecast_4084,2025-06-20 04:00:00,11002.111273585759,17482.829559083162,11356.862495218895
forecast_4085,2025-06-20 05:00:00,11750.148312728843,14826.40697785096,10799.595382296236
forecast_4086,2025-06-20 06:00:00,11887.532732062944,13852.316625669075,9603.128833511264
forecast_4087,2025-06-20 07:00:00,9583.009477543203,13022.320118595737,7802.348275275648
forecast_4088,2025-06-20 08:00:00,11585.39444169025,11787.119486463242,7546.9932268020075
forecast_4089,2025-06-20 09:00:00,10513.133508002027,12029.839089816962,7517.278478293383
forecast_4090,2025-06-20 10:00:00,8675.626181844622,12732.959825969452,7888.884204646814
forecast_4091,2025-06-20 11:00:00,7247.254236688799,15151.53464595765,8725.162222288503
forecast_4092,2025-06-20 12:00:00,12657.078638051795,16574.046264686433,12372.224593403243
forecast_4093,2025-06-20 13:00:00,13281.518558683822,17017.961355838353,16170.094265415522
forecast_4094,2025-06-20 14:00:00,13914.416047893847,17515.59650652411,15970.10787454793
forecast_4095,2025-06-20 15:00:00,15212.12732405794,17239.75104371235,17432.930847596956
forecast_4096,2025-06-20 16:00:00,17686.006665210498,18289.801603036678,18395.830747541044
forecast_4097,2025-06-20 17:00:00,18272.285269703636,18502.551013942044,18581.43001700106
forecast_4098,2025-06-20 18:00:00,18818.095391763414,18508.579402541553,18934.46568167004
forecast_4099,2025-06-20 19:00:00,18994.09003939406,18632.469367326663,19292.15600011282
forecast_4100,2025-06-20 20:00:00,18515.562386004294,18444.220215432993,18972.074254418832
forecast_4101,2025-06-20 21:00:00,18315.399301447094,18762.001684083396,18802.55949649779
forecast_4102,2025-06-20 22:00:00,18045.447698927783,18630.142331515606,17998.285697107938
forecast_4103,2025-06-20 23:00:00,17991.480092074737,18432.327148834265,18181.294476463012
forecast_4104,2025-06-21 00:00:00,17959.45047010762,18423.380705238033,17729.51428668492
forecast_4105,2025-06-21 01:00:00,18223.285660848782,18566.933118496254,18803.386511077013
forecast_4106,2025-06-21 02:00:00,18497.979593686956,18062.753606917562,18687.82572484537
forecast_4107,2025-06-21 03:00:00,17701.611006878826,18736.322288082876,18464.830058735308
forecast_4108,2025-06-21 04:00:00,16014.668236061863,17723.693664576225,17672.532505990563
forecast_4109,2025-06-21 05:00:00,15327.412269346603,16830.79456215872,15457.025544639566
forecast_4110,2025-06-21 06:00:00,14949.754998290335,15692.990689366856,16285.157738026355
forecast_4111,2025-06-21 07:00:00,15518.840378198682,16362.697597576485,15779.737044645524
forecast_4112,2025-06-21 08:00:00,14472.307496137635,16119.220386929406,15542.512733660395
forecast_4113,2025-06-21 09:00:00,15059.331164126097,15951.56830855619,14673.715771602805
forecast_4114,2025-06-21 10:00:00,10814.488451016829,10854.24692548122,8319.564573968955
forecast_4115,2025-06-21 11:00:00,8576.978862420132,9431.767321789903,8830.319884364595
forecast_4116,2025-06-21 12:00:00,9429.12137218441,9863.815982579386,9012.363684973072
forecast_4117,2025-06-21 13:00:00,9973.797645090548,15359.264117364086,8617.762208617069
forecast_4118,2025-06-21 14:00:00,8336.283585536665,8761.072873190627,7771.613787727367
forecast_4119,2025-06-21 15:00:00,10706.11727592599,14493.23499556564,7998.04830367646
forecast_4120,2025-06-21 16:00:00,9982.320280026885,10876.812778194095,10721.326582866966
forecast_4121,2025-06-21 17:00:00,15641.840200613819,14299.715134781623,12294.73414431645
forecast_4122,2025-06-21 18:00:00,11497.946936248112,11654.897511706367,9991.865944007475
forecast_4123,2025-06-21 19:00:00,9610.538191131873,13442.205535803452,12808.095417455635
forecast_4124,2025-06-21 20:00:00,15040.45365534393,15703.05516093177,13217.84080887859
forecast_4125,2025-06-21 21:00:00,15543.395031269318,17674.45615007697,10772.319103891348
forecast_4126,2025-06-21 22:00:00,14221.81278783239,17927.613574706877,16594.737895524922
forecast_4127,2025-06-21 23:00:00,14589.74140354645,13827.478223397688,15790.93894173426
forecast_4128,2025-06-22 00:00:00,14519.317435825096,16955.689428083217,15800.01408747432
forecast_4129,2025-06-22 01:00:00,14400.746782740127,14886.193578884435,12460.74926023692
forecast_4130,2025-06-22 02:00:00,15434.603292147423,16167.10605788964,13319.894841712854
forecast_4131,2025-06-22 03:00:00,14103.35426796407,14494.299849022324,13451.764657417309
forecast_4132,2025-06-22 04:00:00,14631.671545212199,14101.937339097985,12622.438513570574
forecast_4133,2025-06-22 05:00:00,11600.469069905945,12868.34580425977,8947.37582135624
forecast_4134,2025-06-22 06:00:00,8617.848871172144,12895.793899937247,6168.289306595367
forecast_4135,2025-06-22 07:00:00,8768.036815534071,11089.376249282288,5770.850528179431
forecast_4136,2025-06-22 08:00:00,6797.34030477768,8774.151167298329,5106.761468985653
forecast_4137,2025-06-22 09:00:00,5282.325356254676,6142.4794433790985,3780.039461256823
forecast_4138,2025-06-22 10:00:00,5622.632676640471,5472.37026245679,4064.5449508144366
forecast_4139,2025-06-22 11:00:00,5274.214880314691,5363.117912293745,4514.084786972257
forecast_4140,2025-06-22 12:00:00,4367.640543148472,6551.80926969697,3470.641403453889
forecast_4141,2025-06-22 13:00:00,6921.246384862049,4270.051408291785,3164.18641699217
forecast_4142,2025-06-22 14:00:00,6014.256990532694,3892.2017089487863,4071.8829390678807
forecast_4143,2025-06-22 15:00:00,3571.4946807544857,3244.0083967686237,3568.29678782365
forecast_4144,2025-06-22 16:00:00,3517.887280438473,3381.274321882219,2588.303276545325
forecast_4145,2025-06-22 17:00:00,4082.184166951067,3542.625174598001,3188.42280906454
forecast_4146,2025-06-22 18:00:00,5414.387451981394,4637.880163923226,4486.72223453223
forecast_4147,2025-06-22 19:00:00,4834.101450930084,4139.240200261738,3788.8379652227877
forecast_4148,2025-06-22 20:00:00,4593.88868757787,5079.154894148916,4083.525558871002
forecast_4149,2025-06-22 21:00:00,6208.101032487014,7322.511790537064,4803.444984450715
forecast_4150,2025-06-22 22:00:00,6258.797864598834,7499.110461865062,4773.508418537896
forecast_4151,2025-06-22 23:00:00,6868.943138512397,8765.146384518812,5439.222200879783
forecast_4152,2025-06-23 00:00:00,5931.51579496824,7404.117727703083,5308.610574608859
forecast_4153,2025-06-23 01:00:00,5750.398102076191,7476.017344866923,4577.734519567619
forecast_4154,2025-06-23 02:00:00,5242.600879466128,5111.2762416600435,4242.795393209983
forecast_4155,2025-06-23 03:00:00,4848.302857720586,4837.719070978759,4094.8224651573014
forecast_4156,2025-06-23 04:00:00,5669.134886313764,4998.314189856068,3827.9239613339496
forecast_4157,2025-06-23 05:00:00,5297.876104989194,4433.440471468341,3861.371794720589
forecast_4158,2025-06-23 06:00:00,4343.749751154911,3760.038428406579,3282.480230199218
forecast_4159,2025-06-23 07:00:00,3549.3354461006115,3694.4875587972124,3671.202588537398
forecast_4160,2025-06-23 08:00:00,3172.651629133937,2977.639731404941,2713.548682851261
forecast_4161,2025-06-23 09:00:00,2978.1682753647938,3045.9230211766007,3049.7277554239226
forecast_4162,2025-06-23 10:00:00,3747.331084334371,3215.1169556260234,3435.935904485719
forecast_4163,2025-06-23 11:00:00,3113.205634454378,3739.9764928404393,3248.778971768621
forecast_4164,2025-06-23 12:00:00,3392.3862358879996,3817.4347513971734,3458.3835446952453
forecast_4165,2025-06-23 13:00:00,4104.57153692708,3837.006046991367,4065.266420744567
forecast_4166,2025-06-23 14:00:00,4070.2871843073226,3813.93752312313,3599.1344398386946
forecast_4167,2025-06-23 15:00:00,3395.385351431271,3802.4808429078494,2933.4389403585096
forecast_4168,2025-06-23 16:00:00,4395.731571413733,3679.51254996641,3443.744172945114
forecast_4169,2025-06-23 17:00:00,3601.5017350424787,3577.4577749728132,3245.709085435815
forecast_4170,2025-06-23 18:00:00,3735.094613196188,3231.2729939599476,3130.1707085777607
forecast_4171,2025-06-23 19:00:00,3678.183032886655,3295.6892989009707,3407.0045205045744
forecast_4172,2025-06-23 20:00:00,3037.729501508381,2613.1551623156934,3095.623732621212
forecast_4173,2025-06-23 21:00:00,2517.186563131807,2497.3783660082136,3025.7842005284465
forecast_4174,2025-06-23 22:00:00,2595.2891318603797,2981.219675613562,2995.0010480322608
forecast_4175,2025-06-23 23:00:00,2598.059551877466,3407.2088322040286,3099.2814686844263
forecast_4176,2025-06-24 00:00:00,2446.216520546196,3666.2009774769804,2655.924441393702
forecast_4177,2025-06-24 01:00:00,3664.711821176392,3447.2062058559986,3573.2161415554556
forecast_4178,2025-06-24 02:00:00,3547.573059980801,3867.275639098919,3583.538386944766
forecast_4179,2025-06-24 03:00:00,2896.5123329706103,3202.0196089627116,3178.8609624282717
forecast_4180,2025-06-24 04:00:00,2720.216631920574,2799.635234190674,3045.3114946765095
forecast_4181,2025-06-24 05:00:00,2930.1851842297456,3056.184902407836,2914.3634703090192
forecast_4182,2025-06-24 06:00:00,3118.755801351491,3281.3036987060755,3094.861635240462
forecast_4183,2025-06-24 07:00:00,3060.478551770721,3453.1710930130075,2989.8455762055855
forecast_4184,2025-06-24 08:00:00,3227.556010014776,3564.0788092653756,3375.035984240145
forecast_4185,2025-06-24 09:00:00,2829.763249172742,3523.852871408563,3958.542381421091
forecast_4186,2025-06-24 10:00:00,2356.1081643090447,3446.250397340008,4012.757408613593
forecast_4187,2025-06-24 11:00:00,3761.1819969428943,2569.738382208078,4011.315973602441
forecast_4188,2025-06-24 12:00:00,3397.5078641979794,2472.106031511384,3693.203657195896
forecast_4189,2025-06-24 13:00:00,3642.8380355600552,3358.3550123422415,3395.2577610807175
forecast_4190,2025-06-24 14:00:00,3582.5051929054043,2322.760711969322,4259.174304581283
forecast_4191,2025-06-24 15:00:00,3028.9936352338136,2777.8753434631626,3937.8834718958174
forecast_4192,2025-06-24 16:00:00,3216.0314680323336,3403.596002847741,4377.909828915075
forecast_4193,2025-06-24 17:00:00,3527.5516766837836,3254.7618423807985,4027.296330732691
forecast_4194,2025-06-24 18:00:00,3348.0232985511516,3528.943327620909,3572.6170111981783
forecast_4195,2025-06-24 19:00:00,4258.650002885184,4433.7651013615905,3372.510906655185
forecast_4196,2025-06-24 20:00:00,5883.251341374216,5972.496990622468,3538.40520139692
forecast_4197,2025-06-24 21:00:00,5364.534803509632,7399.829555700099,5001.728678607077
forecast_4198,2025-06-24 22:00:00,7503.2150575339165,7521.394024602773,3884.823391277305
forecast_4199,2025-06-24 23:00:00,7857.172470141424,7670.079393574853,5841.122246685786
forecast_4200,2025-06-25 00:00:00,8224.420544383333,9396.878510328468,4952.200334526402
forecast_4201,2025-06-25 01:00:00,4524.198613235735,6504.121415851903,3284.1142901006124
forecast_4202,2025-06-25 02:00:00,5040.180065008342,5758.041134260254,3925.2357564907984
forecast_4203,2025-06-25 03:00:00,4570.2653981604035,5069.077073198973,4042.782342061749
forecast_4204,2025-06-25 04:00:00,4792.296033314343,5556.165018863838,4433.816565091491
forecast_4205,2025-06-25 05:00:00,4577.245413902265,4435.138612792256,3988.28501006673
forecast_4206,2025-06-25 06:00:00,4487.160655867544,4215.048700172289,3358.5067629250684
forecast_4207,2025-06-25 07:00:00,4283.435850758749,3858.5370297887202,4027.8991402619495
forecast_4208,2025-06-25 08:00:00,4044.9110305843938,3977.2184792912412,3630.760830632845
forecast_4209,2025-06-25 09:00:00,3630.67526294307,3325.5971085271594,3905.3730699707744
forecast_4210,2025-06-25 10:00:00,3645.9562785276294,3686.1406517184973,3883.245634775547
forecast_4211,2025-06-25 11:00:00,2954.4034784628952,3546.639642391118,3371.5532565549315
forecast_4212,2025-06-25 12:00:00,2977.580550866719,3308.271311767557,4292.420736392454
forecast_4213,2025-06-25 13:00:00,3099.1264630081205,3189.081304687494,3580.4918733224654
forecast_4214,2025-06-25 14:00:00,2453.802823603681,2928.0889982901977,3162.688540475515
forecast_4215,2025-06-25 15:00:00,2751.3123464506725,2721.6709972243048,3737.0999564103804
forecast_4216,2025-06-25 16:00:00,2375.7021357625476,2360.354142892064,3538.3233199768483
forecast_4217,2025-06-25 17:00:00,2517.354480940739,3134.6198757649427,3014.353562090905
forecast_4218,2025-06-25 18:00:00,2876.7487246649766,3214.819580617667,3150.501813053463
forecast_4219,2025-06-25 19:00:00,3858.354630577886,4148.371204448712,3613.4621138218827
forecast_4220,2025-06-25 20:00:00,4447.299944534128,4241.040954106384,3693.057693298774
forecast_4221,2025-06-25 21:00:00,4760.424001468469,4918.854162038306,3864.367093761877
forecast_4222,2025-06-25 22:00:00,6844.3461907152105,7868.1098696763065,6795.599916611104
forecast_4223,2025-06-25 23:00:00,7702.687448803387,8555.828178841037,8887.51683847154
forecast_4224,2025-06-26 00:00:00,6553.457005386723,8633.169837968348,5830.5858978710485
forecast_4225,2025-06-26 01:00:00,11334.26985609206,13068.641345649135,11130.93841113875
forecast_4226,2025-06-26 02:00:00,10709.05102617893,11548.042586357198,10036.160974264598
forecast_4227,2025-06-26 03:00:00,11085.047291581863,11647.021700539679,10626.333154759111
forecast_4228,2025-06-26 04:00:00,11807.535708772086,12136.440584949105,12728.626123469414
forecast_4229,2025-06-26 05:00:00,13892.450789272027,12495.731807683547,13931.565758731294
forecast_4230,2025-06-26 06:00:00,12084.866255507493,12030.488536814331,10174.78760986309
forecast_4231,2025-06-26 07:00:00,11987.998362747856,10910.720097894107,9038.556709470264
forecast_4232,2025-06-26 08:00:00,14024.337280769038,12727.2265306935,11402.026863532974
forecast_4233,2025-06-26 09:00:00,13370.119008015083,13591.422783254702,10873.12800582001
forecast_4234,2025-06-26 10:00:00,9712.53857458361,9299.799409556483,7949.93315869354
forecast_4235,2025-06-26 11:00:00,7682.002600287579,7392.332536798896,6529.414474348104
forecast_4236,2025-06-26 12:00:00,6398.178422567895,7776.850660448244,6375.590612390225
forecast_4237,2025-06-26 13:00:00,7041.596341550596,7520.459269902723,6736.131516984677
forecast_4238,2025-06-26 14:00:00,5258.9906464293435,5808.621612710051,4726.044064975746
forecast_4239,2025-06-26 15:00:00,6599.013425123797,7066.602356115342,4394.0027592576225
forecast_4240,2025-06-26 16:00:00,5860.361545889478,5910.104167179481,4651.041160594921
forecast_4241,2025-06-26 17:00:00,5450.385560994458,6356.7004015251705,5495.582287134106
forecast_4242,2025-06-26 18:00:00,5495.525845560816,5688.82240706637,5533.909142511727
forecast_4243,2025-06-26 19:00:00,5753.52826909253,5763.037493770486,5490.086656486372
forecast_4244,2025-06-26 20:00:00,6107.922328042787,5448.841213373941,5443.445626432204
forecast_4245,2025-06-26 21:00:00,6160.542208946554,6777.261581369507,5521.628813604043
forecast_4246,2025-06-26 22:00:00,6420.399280256398,6495.424836709544,6086.096163321007
forecast_4247,2025-06-26 23:00:00,6573.120665447539,7974.492055239573,8079.650443600523
forecast_4248,2025-06-27 00:00:00,6719.231809958185,6144.8442879946315,8211.631438572682
forecast_4249,2025-06-27 01:00:00,6615.831454386433,6957.037724952255,4291.209058045824
forecast_4250,2025-06-27 02:00:00,4461.437749152545,4926.418320028266,4165.390914605243
forecast_4251,2025-06-27 03:00:00,5879.798803300283,6545.0708094433385,5940.785194245397
forecast_4252,2025-06-27 04:00:00,7624.090249638846,7573.795403634011,6359.046301278528
forecast_4253,2025-06-27 05:00:00,5456.349163933429,5154.131722736273,4895.9177771959
forecast_4254,2025-06-27 06:00:00,4590.302887516373,3999.373138126446,3452.537262575209
forecast_4255,2025-06-27 07:00:00,3700.985075342021,3538.7566658553105,3161.612311143597
forecast_4256,2025-06-27 08:00:00,4352.196879018757,3814.8587819197533,3317.947710879502
forecast_4257,2025-06-27 09:00:00,3487.4561189364963,3579.940677322603,2776.1511373737176
forecast_4258,2025-06-27 10:00:00,3269.0396003855253,3397.2293498668173,3628.915498532612
forecast_4259,2025-06-27 11:00:00,3264.284209380356,3732.4719462925077,2509.4506899071534
forecast_4260,2025-06-27 12:00:00,3614.7790825335014,3900.87567266033,4037.6873155281683
forecast_4261,2025-06-27 13:00:00,3223.7376753363687,3399.7102008803427,4203.353421120922
forecast_4262,2025-06-27 14:00:00,3432.4598834645176,3639.3225136550395,4038.0717711934194
forecast_4263,2025-06-27 15:00:00,3277.0866253077343,3357.1570382134164,4330.783357750876
forecast_4264,2025-06-27 16:00:00,3281.8378263841396,3126.9178626993435,4275.019551947896
forecast_4265,2025-06-27 17:00:00,3458.5780914325787,3245.327329607409,3665.9912249713398
forecast_4266,2025-06-27 18:00:00,3758.920861969342,3484.304998452209,3820.4801015258518
forecast_4267,2025-06-27 19:00:00,3446.4774172262664,3652.690775205583,3760.7757650398207
forecast_4268,2025-06-27 20:00:00,4090.0256675261357,4099.075189014911,3723.411753636519
forecast_4269,2025-06-27 21:00:00,5574.830696067783,7380.104481138457,5282.798404699931
forecast_4270,2025-06-27 22:00:00,6905.6790381486035,6259.253656021678,6871.052159283313
forecast_4271,2025-06-27 23:00:00,7165.667163976282,7416.404102076767,4615.061417812607
forecast_4272,2025-06-28 00:00:00,4559.788965717038,5950.469622414632,3585.122660659854
forecast_4273,2025-06-28 01:00:00,9724.112660185052,10074.224971051826,6749.47076272957
forecast_4274,2025-06-28 02:00:00,11190.003316364104,10894.91561862005,8803.361860445852
forecast_4275,2025-06-28 03:00:00,11666.631445272697,12979.355515447847,9960.416457055784
forecast_4276,2025-06-28 04:00:00,9566.044227818655,10720.05078013123,6941.255659452759
forecast_4277,2025-06-28 05:00:00,9535.50753008501,11962.067163822,9512.720341152057
forecast_4278,2025-06-28 06:00:00,11147.805864646465,12328.354393222526,6822.043390595304
forecast_4279,2025-06-28 07:00:00,13009.147321187618,11298.102306956614,9923.231198764766
forecast_4280,2025-06-28 08:00:00,7867.242103194048,9626.55809934692,5301.898070393146
forecast_4281,2025-06-28 09:00:00,6872.407702855501,7439.038362066628,6088.128453968187
forecast_4282,2025-06-28 10:00:00,4440.110557767896,4768.797133299416,4615.449036087613
forecast_4283,2025-06-28 11:00:00,3859.4769840157314,3427.351832493872,3102.1715623063974
forecast_4284,2025-06-28 12:00:00,3853.5554463872513,3550.920395537161,3685.4458585888506
forecast_4285,2025-06-28 13:00:00,3489.2556774703735,3344.2678877265757,2776.0824292013267
forecast_4286,2025-06-28 14:00:00,3555.110731730935,3281.524552786443,2600.916380619765
forecast_4287,2025-06-28 15:00:00,3797.0425990450067,4080.923784188677,3810.355856040256
forecast_4288,2025-06-28 16:00:00,3796.5595154469156,3836.2806806042045,3018.498075058051
forecast_4289,2025-06-28 17:00:00,3840.164857767341,3602.252012260528,3437.8350827085733
forecast_4290,2025-06-28 18:00:00,4077.757831707702,4015.8792551867346,3497.9375247121848
forecast_4291,2025-06-28 19:00:00,4525.6414012364385,5889.8801807729005,3766.9113388710216
forecast_4292,2025-06-28 20:00:00,5980.278658201755,6763.545221103239,4478.206760635003
forecast_4293,2025-06-28 21:00:00,6877.24615255148,10470.969623787028,7650.870360870142
forecast_4294,2025-06-28 22:00:00,9394.226382559127,13221.467121333415,7916.624661529124
forecast_4295,2025-06-28 23:00:00,11348.556404583529,14064.821230399251,12010.06856980593
forecast_4296,2025-06-29 00:00:00,14777.42773814915,15089.167707132312,9448.576660178922
forecast_4297,2025-06-29 01:00:00,11215.7131970144,12709.677519323644,8536.63868362032
forecast_4298,2025-06-29 02:00:00,12948.806203518207,13448.938348667481,10188.3904646007
forecast_4299,2025-06-29 03:00:00,14121.038288243368,14549.67238482585,13702.812425943832
forecast_4300,2025-06-29 04:00:00,15552.392556521623,13063.5912402713,12059.72723280045
forecast_4301,2025-06-29 05:00:00,15050.572244872126,14196.28690137192,12490.993316469896
forecast_4302,2025-06-29 06:00:00,15651.097647119937,13207.851908869554,12668.914348419104
forecast_4303,2025-06-29 07:00:00,12721.99845018051,10722.386519677053,9675.520444439799
forecast_4304,2025-06-29 08:00:00,13491.155729505019,10522.655894294863,8022.935150986161
forecast_4305,2025-06-29 09:00:00,12971.945591279702,9579.815000654055,6166.315055542078
forecast_4306,2025-06-29 10:00:00,5801.254610024891,4667.553600723209,4994.016567763648
forecast_4307,2025-06-29 11:00:00,4531.778436990526,4343.581487232914,3662.444259598372
forecast_4308,2025-06-29 12:00:00,4455.07820295421,3865.149801504702,3445.185509973711
forecast_4309,2025-06-29 13:00:00,3958.2420113003604,3618.9169210087293,3046.5803820202714
forecast_4310,2025-06-29 14:00:00,3486.863790577009,3241.7794105479406,3045.2003342361572
forecast_4311,2025-06-29 15:00:00,3015.6694827832653,3162.8952343300643,2857.9086954161094
forecast_4312,2025-06-29 16:00:00,3503.410859716681,3029.2867950773116,2501.2172144995993
forecast_4313,2025-06-29 17:00:00,3753.5318175468983,3205.6677590431177,3306.26619760911
forecast_4314,2025-06-29 18:00:00,4189.321830138413,3360.724720436236,3541.828846429242
forecast_4315,2025-06-29 19:00:00,4536.7023564705205,4214.431691426491,3666.2335989392463
forecast_4316,2025-06-29 20:00:00,6273.238458962551,6051.02732445988,5307.131283059836
forecast_4317,2025-06-29 21:00:00,8869.743131984007,9381.589423725618,5812.804433367097
forecast_4318,2025-06-29 22:00:00,13593.989822569549,14465.923335094729,10058.637866077906
forecast_4319,2025-06-29 23:00:00,15526.613971409446,15051.20280110152,14036.061217577024
forecast_4320,2025-06-30 00:00:00,17206.085747135316,13413.693315766244,11202.867313005641
forecast_4321,2025-06-30 01:00:00,14353.576151994374,12791.47985917599,9415.039052331227
forecast_4322,2025-06-30 02:00:00,14776.15535873646,12010.616308317187,10950.140962796679
forecast_4323,2025-06-30 03:00:00,15810.819854647956,12786.757953526416,11472.423367730195
forecast_4324,2025-06-30 04:00:00,16934.850476857315,12986.88138213,11457.674939395689
forecast_4325,2025-06-30 05:00:00,15915.912912906473,14382.751252193895,10669.171483736338
forecast_4326,2025-06-30 06:00:00,16588.971742541464,13718.89726071329,10519.298720333803
forecast_4327,2025-06-30 07:00:00,16351.8107751388,12096.433576961466,11312.05366477693
forecast_4328,2025-06-30 08:00:00,6892.188776602831,8315.103539312388,6367.152246566903
forecast_4329,2025-06-30 09:00:00,6448.242291421609,6853.6004589063095,4699.232792627698
forecast_4330,2025-06-30 10:00:00,5062.389416128327,4405.43586853943,3690.5818746659834
forecast_4331,2025-06-30 11:00:00,3981.9330283983622,4168.78532549302,3765.990084465876
forecast_4332,2025-06-30 12:00:00,3965.5875393098772,3990.4000123313854,3120.402226265965
forecast_4333,2025-06-30 13:00:00,3445.081689302476,3950.071874875022,3375.4578437801333
forecast_4334,2025-06-30 14:00:00,4663.974159603251,5091.682037257097,3867.8030305277184
forecast_4335,2025-06-30 15:00:00,5072.963713041857,5945.894599415617,4352.630720714637
forecast_4336,2025-06-30 16:00:00,7658.577279198322,8156.223667598505,5520.359413612134
forecast_4337,2025-06-30 17:00:00,6540.632778008488,7200.532572434901,5022.499825482554
forecast_4338,2025-06-30 18:00:00,8167.077317055172,6893.796549741489,4714.49336690664
forecast_4339,2025-06-30 19:00:00,10122.622260406271,7964.886824366662,5539.432043591876
forecast_4340,2025-06-30 20:00:00,10480.789471826767,9586.803345611312,7585.624756825168
forecast_4341,2025-06-30 21:00:00,11092.1981670884,9918.387910519798,8258.970839620191
forecast_4342,2025-06-30 22:00:00,12695.593429473474,14755.20763572504,11990.830246949776
forecast_4343,2025-06-30 23:00:00,14222.68000115482,15826.129832110448,15337.79497204613
forecast_4344,2025-07-01 00:00:00,14860.721413341651,16190.117048795733,12336.457402229773
forecast_4345,2025-07-01 01:00:00,14092.926777830351,13007.573306124737,10668.550095520952
forecast_4346,2025-07-01 02:00:00,11581.988517723128,13529.859772366028,9669.842217730638
forecast_4347,2025-07-01 03:00:00,11593.84379542589,13692.39779050811,10723.97421222794
forecast_4348,2025-07-01 04:00:00,14120.763901720304,12564.189213082253,10279.76636754548
forecast_4349,2025-07-01 05:00:00,14395.006248517937,13062.954595223177,10700.753375339402
forecast_4350,2025-07-01 06:00:00,14997.144212501627,12635.359381133641,9732.19798053077
forecast_4351,2025-07-01 07:00:00,15159.794342649295,11560.70678443326,11539.047063436536
forecast_4352,2025-07-01 08:00:00,11282.289163475127,9304.843028472991,6176.833967548417
forecast_4353,2025-07-01 09:00:00,9725.293415810063,8919.050960318433,6226.719647357614
forecast_4354,2025-07-01 10:00:00,8561.710496121414,8234.463677926247,6143.174628013927
forecast_4355,2025-07-01 11:00:00,8163.658492506572,7390.497595042183,5842.039626601673
forecast_4356,2025-07-01 12:00:00,5832.33537283277,5198.316925080668,4246.456623993044
forecast_4357,2025-07-01 13:00:00,6150.68272409314,5061.6008531758835,3731.7624873270497
forecast_4358,2025-07-01 14:00:00,6310.254509681851,4479.656886088687,3758.24572793292
forecast_4359,2025-07-01 15:00:00,4862.05561342664,4936.367466501972,4040.941236362569
forecast_4360,2025-07-01 16:00:00,6113.265582272303,4937.672456058225,4619.2861203511675
forecast_4361,2025-07-01 17:00:00,5487.301523686743,5973.074821946377,4579.561728451688
forecast_4362,2025-07-01 18:00:00,5505.185070355616,5177.380857896333,4408.739195612562
forecast_4363,2025-07-01 19:00:00,6714.483374223466,6687.172057897927,5256.659674276173
forecast_4364,2025-07-01 20:00:00,7332.079856604227,8496.908446385023,6451.381500405665
forecast_4365,2025-07-01 21:00:00,10632.024153283544,12889.050375975467,8182.2278381734295
forecast_4366,2025-07-01 22:00:00,14015.011917770507,14297.968985719337,13513.368978118375
forecast_4367,2025-07-01 23:00:00,15641.907017066882,16564.677307210524,15955.479137918492
forecast_4368,2025-07-02 00:00:00,18203.169454475414,17396.59141936549,17496.195662750448
forecast_4369,2025-07-02 01:00:00,17368.540363114655,15327.820670338933,16211.480972806767
forecast_4370,2025-07-02 02:00:00,17848.054695239036,16534.43340080438,17352.329615423634
forecast_4371,2025-07-02 03:00:00,17615.834777594155,17249.881871235848,17770.11282200456
forecast_4372,2025-07-02 04:00:00,18710.109712563743,18118.040356992766,17671.717668661044
forecast_4373,2025-07-02 05:00:00,19002.481940799753,17485.703711422575,17828.692791486923
forecast_4374,2025-07-02 06:00:00,18351.099616764455,17469.384515870897,16415.284689371165
forecast_4375,2025-07-02 07:00:00,17877.794711897488,18216.48252932342,18140.61671388737
forecast_4376,2025-07-02 08:00:00,15362.531580065972,13683.504852296535,13504.995366370615
forecast_4377,2025-07-02 09:00:00,13363.947589552818,12474.703569521687,11109.564651689996
forecast_4378,2025-07-02 10:00:00,11705.009379885727,9995.94498041114,9861.767510278118
forecast_4379,2025-07-02 11:00:00,9625.50039429547,7853.717764137466,7558.538409305221
forecast_4380,2025-07-02 12:00:00,6876.235495575482,7609.717557423664,6689.942380082033
forecast_4381,2025-07-02 13:00:00,7582.256039331732,6619.021540060369,6045.19371974798
forecast_4382,2025-07-02 14:00:00,7266.074579970428,5960.848740825434,5678.954609332671
forecast_4383,2025-07-02 15:00:00,6454.725325343392,5540.347838132069,5677.452174423986
forecast_4384,2025-07-02 16:00:00,5743.991385462399,4115.988003422272,3948.407125967012
forecast_4385,2025-07-02 17:00:00,4836.046296389557,4182.167759481949,3698.9397970303407
forecast_4386,2025-07-02 18:00:00,4402.006087226506,3926.3691597127686,3724.2041338488852
forecast_4387,2025-07-02 19:00:00,4847.874836585581,5488.762107422438,4780.617263717204
forecast_4388,2025-07-02 20:00:00,7946.691529190307,10954.343330917029,8122.925112773061
forecast_4389,2025-07-02 21:00:00,8750.09665957741,12660.43868802398,9854.500078884088
forecast_4390,2025-07-02 22:00:00,11768.010609319872,13505.354614926058,9234.917109997383
forecast_4391,2025-07-02 23:00:00,13551.183899208098,14286.399434720013,9127.8728586586
forecast_4392,2025-07-03 00:00:00,10994.783218497865,12184.519835113893,11055.988046200007
forecast_4393,2025-07-03 01:00:00,13664.180051390369,13297.17614405836,9456.470052183686
forecast_4394,2025-07-03 02:00:00,14162.382111752913,14401.173195381847,10089.610755058977
forecast_4395,2025-07-03 03:00:00,16324.50953804831,14514.429313205594,11106.290301201285
forecast_4396,2025-07-03 04:00:00,15395.611755507094,14884.876774972941,11358.60956771154
forecast_4397,2025-07-03 05:00:00,16168.152787482048,14806.064781540092,14430.857275397166
forecast_4398,2025-07-03 06:00:00,15656.290318476324,16062.693965792047,14806.91504706531
forecast_4399,2025-07-03 07:00:00,15559.875450058655,15681.686385139794,13820.699454118643
forecast_4400,2025-07-03 08:00:00,12353.140899311651,15693.656085191013,9461.860801952456
forecast_4401,2025-07-03 09:00:00,12254.169174147812,15295.902228930292,10523.57450822217
forecast_4402,2025-07-03 10:00:00,10740.103042439214,11232.901107100146,9336.350627748981
forecast_4403,2025-07-03 11:00:00,10133.588038702557,10989.321919670487,8145.975799996359
forecast_4404,2025-07-03 12:00:00,9209.464963750506,7816.464067517887,6926.218026056806
forecast_4405,2025-07-03 13:00:00,8753.0954204556,6279.380613406669,6376.901617892603
forecast_4406,2025-07-03 14:00:00,9291.915606112336,6590.597037415302,7304.233295040396
forecast_4407,2025-07-03 15:00:00,7439.239436348728,7219.845608297485,7557.672080857699
forecast_4408,2025-07-03 16:00:00,8937.942217975029,7029.734417104107,7998.829477422269
forecast_4409,2025-07-03 17:00:00,9742.984264667386,6343.696030982202,6942.483742008978
forecast_4410,2025-07-03 18:00:00,9330.926693697023,8032.681906225074,6517.321622408323
forecast_4411,2025-07-03 19:00:00,11839.531212117858,8611.54082663897,8387.922132536996
forecast_4412,2025-07-03 20:00:00,12434.076479760795,13434.510640714965,10184.253775178784
forecast_4413,2025-07-03 21:00:00,13724.369027907336,12815.152217660432,12525.75080844336
forecast_4414,2025-07-03 22:00:00,15407.977533366753,14664.581894505245,13011.012137544798
forecast_4415,2025-07-03 23:00:00,15286.275660389305,13661.0914474988,12798.076332025319
forecast_4416,2025-07-04 00:00:00,15640.08310890752,15089.288689458908,14033.884663123974
forecast_4417,2025-07-04 01:00:00,15890.47687370309,17398.38345572306,13438.81049110678
forecast_4418,2025-07-04 02:00:00,16662.11497197151,17774.773566696575,18251.484160506
forecast_4419,2025-07-04 03:00:00,16626.803115917635,17282.615260545463,16583.531682085257
forecast_4420,2025-07-04 04:00:00,16317.535585674443,17366.904277989735,17020.685487917133
forecast_4421,2025-07-04 05:00:00,18230.071580034357,18113.53931639211,17409.35922589568
forecast_4422,2025-07-04 06:00:00,19238.740516990965,18888.332007641344,17948.70513313891
forecast_4423,2025-07-04 07:00:00,19346.67189184598,17705.45288707401,18016.43929794156
forecast_4424,2025-07-04 08:00:00,19131.373038009555,17592.807749244937,18153.575445542476
forecast_4425,2025-07-04 09:00:00,18933.28526557088,17732.869860755487,18375.60511271309
forecast_4426,2025-07-04 10:00:00,17357.201954972395,16625.20801600541,17484.96748156963
forecast_4427,2025-07-04 11:00:00,17553.565904243416,15981.36582516024,17315.40862376876
forecast_4428,2025-07-04 12:00:00,16972.91816276191,15534.988834056174,16990.804276753348
forecast_4429,2025-07-04 13:00:00,14778.339566726328,16195.904293658139,15237.52323798769
forecast_4430,2025-07-04 14:00:00,14594.03234982923,14687.312881282152,12730.661380093603
forecast_4431,2025-07-04 15:00:00,14389.158588755132,17327.179249286746,14253.19583462578
forecast_4432,2025-07-04 16:00:00,15525.8079858223,17200.845013381433,14576.853930843426
forecast_4433,2025-07-04 17:00:00,14587.761120817995,15808.461471499993,16028.399769454072
forecast_4434,2025-07-04 18:00:00,16003.007790374233,17361.15905542322,16489.52324930521
forecast_4435,2025-07-04 19:00:00,17294.788962640512,17391.8667536027,16277.014244162036
forecast_4436,2025-07-04 20:00:00,18456.120944264356,18294.4849975022,18504.836915913744
forecast_4437,2025-07-04 21:00:00,17647.442853490127,18397.524900748864,17472.930451179032
forecast_4438,2025-07-04 22:00:00,18476.79222924366,17529.048413892757,18104.393339669175
forecast_4439,2025-07-04 23:00:00,19166.141279972027,18067.137452179442,18198.84519346222
forecast_4440,2025-07-05 00:00:00,19242.54750958944,17732.40649797028,18169.42841302789
forecast_4441,2025-07-05 01:00:00,16074.378121372623,17033.808299478565,17304.826782326953
forecast_4442,2025-07-05 02:00:00,16601.180898821483,17482.829882062557,17918.50765565691
forecast_4443,2025-07-05 03:00:00,15562.928873298475,17533.640517880976,16953.19999305728
forecast_4444,2025-07-05 04:00:00,17363.262808451105,17441.50390740875,17563.294404657852
forecast_4445,2025-07-05 05:00:00,17265.16269681169,17772.31228344017,18505.18332533668
forecast_4446,2025-07-05 06:00:00,18009.810226271155,18637.670739053865,18237.78597439269
forecast_4447,2025-07-05 07:00:00,15721.025765198354,16216.225311122998,18669.814274198896
forecast_4448,2025-07-05 08:00:00,13535.69877295371,15862.96591051413,12550.447351570218
forecast_4449,2025-07-05 09:00:00,11403.03882621551,13016.790898711251,11563.162371756638
forecast_4450,2025-07-05 10:00:00,13627.145953825553,12360.843350058147,13522.093942934229
forecast_4451,2025-07-05 11:00:00,13650.878294897195,12171.108589791,12378.684163461277
forecast_4452,2025-07-05 12:00:00,11681.182530675922,10869.002263104907,10314.847037671254
forecast_4453,2025-07-05 13:00:00,11565.387804225658,9590.807923709837,10405.116420600727
forecast_4454,2025-07-05 14:00:00,11861.966602114546,11494.6598523474,11313.863973821073
forecast_4455,2025-07-05 15:00:00,10851.85448388694,11040.123294981595,10585.21832545146
forecast_4456,2025-07-05 16:00:00,11689.840822290209,10240.41466304689,8157.859344733417
forecast_4457,2025-07-05 17:00:00,10494.769657670144,9829.80614788743,9818.988284057483
forecast_4458,2025-07-05 18:00:00,11054.364379676621,11838.192492650687,11769.549161027002
forecast_4459,2025-07-05 19:00:00,13554.010636127941,14547.231731122147,13778.919224305087
forecast_4460,2025-07-05 20:00:00,16828.047046693304,16968.59890907911,17972.441905549
forecast_4461,2025-07-05 21:00:00,18246.88513641637,17637.217689198416,17398.67539800145
forecast_4462,2025-07-05 22:00:00,17684.78209389795,18391.930457754494,16834.670004407577
forecast_4463,2025-07-05 23:00:00,17758.37137933984,17910.205706308567,17621.25180981234
forecast_4464,2025-07-06 00:00:00,16882.5864434693,17429.744252940916,17595.407260523203
forecast_4465,2025-07-06 01:00:00,17530.224538003535,18054.726725304838,17053.891095495983
forecast_4466,2025-07-06 02:00:00,19188.681748615418,18074.960396257196,17168.483304107318
forecast_4467,2025-07-06 03:00:00,19262.41662048287,18129.0565402594,18329.812924706333
forecast_4468,2025-07-06 04:00:00,19183.9229057797,17710.158656755568,18052.843042045213
forecast_4469,2025-07-06 05:00:00,19218.46401317747,18077.79082880746,17572.027667933886
forecast_4470,2025-07-06 06:00:00,17832.878722288096,18151.01556539628,17657.856476946366
forecast_4471,2025-07-06 07:00:00,17352.430648899608,17375.94702036432,17314.062799570547
forecast_4472,2025-07-06 08:00:00,15999.976580380959,17809.659620285463,17397.868078257994
forecast_4473,2025-07-06 09:00:00,13317.617334614066,15969.153928297244,11929.267771069824
forecast_4474,2025-07-06 10:00:00,11528.935832754893,14256.030809845326,10854.836739301458
forecast_4475,2025-07-06 11:00:00,10630.510935499433,11991.035681802103,9122.036332314789
forecast_4476,2025-07-06 12:00:00,8204.46412082879,8079.364138254074,7031.743968040095
forecast_4477,2025-07-06 13:00:00,5611.537021722455,5014.247717830173,4637.211124648784
forecast_4478,2025-07-06 14:00:00,4737.357688243999,4842.160918835996,4094.543475621305
forecast_4479,2025-07-06 15:00:00,4082.3156022625653,3895.621874602053,3303.0685058349327
forecast_4480,2025-07-06 16:00:00,4624.787588080142,3297.6743970686884,2908.2266675377473
forecast_4481,2025-07-06 17:00:00,4517.999195054503,4315.924331311648,3294.2353841621434
forecast_4482,2025-07-06 18:00:00,5094.68053180405,3975.0745830025235,3253.7891721632827
forecast_4483,2025-07-06 19:00:00,6219.9598213269655,4975.3052864358115,4007.6123696396353
forecast_4484,2025-07-06 20:00:00,9078.007815989353,8600.367918641126,6710.2815380239645
forecast_4485,2025-07-06 21:00:00,9872.604956343548,10352.686671165786,6714.60624786635
forecast_4486,2025-07-06 22:00:00,11590.777024020268,10991.334508207028,8583.614030052919
forecast_4487,2025-07-06 23:00:00,11229.066314621852,11056.457792506371,7622.676831460816
forecast_4488,2025-07-07 00:00:00,13620.316555474965,11398.82218977961,7669.073482498912
forecast_4489,2025-07-07 01:00:00,10936.723460851317,10124.870880029895,6611.656295294664
forecast_4490,2025-07-07 02:00:00,9631.269240937532,8884.456765599734,6243.892290010403
forecast_4491,2025-07-07 03:00:00,8914.444163378565,8274.174227463343,6452.6836759556445
forecast_4492,2025-07-07 04:00:00,9348.57921584688,9636.202630070136,4559.606229716007
forecast_4493,2025-07-07 05:00:00,5988.987026035154,4759.252811494758,3794.0877776117486
forecast_4494,2025-07-07 06:00:00,4722.03882672043,4750.901600742473,4402.482529758967
forecast_4495,2025-07-07 07:00:00,4370.643013100297,4013.5863258934087,4046.98402027211
forecast_4496,2025-07-07 08:00:00,3869.27250574359,3706.1521487276723,2590.7183375037575
forecast_4497,2025-07-07 09:00:00,2848.0125082015074,3250.3720733103396,2522.210309819759
forecast_4498,2025-07-07 10:00:00,2971.521367797778,2763.148623180992,2658.009529688018
forecast_4499,2025-07-07 11:00:00,3734.33189714342,3235.94162297977,2822.9255362007434
forecast_4500,2025-07-07 12:00:00,4080.896796830345,3883.6098196428693,3878.1762026895053
forecast_4501,2025-07-07 13:00:00,3879.109175628124,4219.55915756251,3387.087076493908
forecast_4502,2025-07-07 14:00:00,3614.3031579207036,3769.1137586984532,3365.869662493418
forecast_4503,2025-07-07 15:00:00,3668.7230470620716,3844.937887872943,3344.8579267634896
forecast_4504,2025-07-07 16:00:00,3204.8126001821693,3555.50658726757,3208.272985009221
forecast_4505,2025-07-07 17:00:00,3428.450101310198,3459.1870157877474,3276.5478669223926
forecast_4506,2025-07-07 18:00:00,3455.8223200884386,3363.2068894296312,3420.2724098512126
forecast_4507,2025-07-07 19:00:00,3097.1726613634573,2815.313510929971,3411.420773740916
forecast_4508,2025-07-07 20:00:00,3118.2183097093175,2826.2604004233544,3641.344831279992
forecast_4509,2025-07-07 21:00:00,2972.3993365198166,2748.1844759754777,3120.2952302748245
forecast_4510,2025-07-07 22:00:00,2760.568501803497,2543.1223332694153,3457.303159774491
forecast_4511,2025-07-07 23:00:00,2688.2294268643595,2708.207386592643,3011.789812258271
forecast_4512,2025-07-08 00:00:00,2714.2322306725514,3068.3506249557595,3090.296855500224
forecast_4513,2025-07-08 01:00:00,2413.8660305962685,3428.522813190878,3144.5559013803286
forecast_4514,2025-07-08 02:00:00,3035.6243537027763,4115.906203573943,3372.051722465213
forecast_4515,2025-07-08 03:00:00,2739.712259129007,2967.7427513661605,3356.3544254678
forecast_4516,2025-07-08 04:00:00,2970.092274212643,2828.4388386943715,3005.41587425031
forecast_4517,2025-07-08 05:00:00,2898.5294917163237,3070.0173488982746,3166.073415133161
forecast_4518,2025-07-08 06:00:00,2744.83389121679,2768.9453461856524,3237.892043231543
forecast_4519,2025-07-08 07:00:00,2876.06330565174,3624.7027509342306,3148.2178498775975
forecast_4520,2025-07-08 08:00:00,2904.762199785356,3649.04641676328,3132.854092447853
forecast_4521,2025-07-08 09:00:00,3263.265825357983,2924.179011682332,3075.7234278409287
forecast_4522,2025-07-08 10:00:00,3145.725871867413,2923.829031878247,3413.9561074995145
forecast_4523,2025-07-08 11:00:00,3296.742633972547,3577.552870874266,3070.8203920803535
forecast_4524,2025-07-08 12:00:00,3767.1173043701892,3405.252013663662,3214.556741292212
forecast_4525,2025-07-08 13:00:00,4074.3536415830667,3818.695532245619,3679.2534663800107
forecast_4526,2025-07-08 14:00:00,4424.559026577568,3382.8808832975196,3369.156327066568
forecast_4527,2025-07-08 15:00:00,3791.7149922108883,3584.0159068698185,3892.862418006307
forecast_4528,2025-07-08 16:00:00,3051.6938828737493,3505.4446774520475,3696.9118331008913
forecast_4529,2025-07-08 17:00:00,3087.577185799171,3308.193590740623,3701.6826138009064
forecast_4530,2025-07-08 18:00:00,2700.150475014284,3648.3961453499032,3541.7720359370214
forecast_4531,2025-07-08 19:00:00,3001.3571637721625,3401.1601727033194,3304.278983751875
forecast_4532,2025-07-08 20:00:00,2766.8913041749765,3033.598313370665,3334.0098232738715
forecast_4533,2025-07-08 21:00:00,2748.244548328081,2596.320264962773,2829.8771225459996
forecast_4534,2025-07-08 22:00:00,2962.230976328602,2341.3565290309884,2695.5558710823134
forecast_4535,2025-07-08 23:00:00,3578.346127112715,2939.979394565051,3191.878106235451
forecast_4536,2025-07-09 00:00:00,3626.311099288704,3716.204041984568,3674.4960700825686
forecast_4537,2025-07-09 01:00:00,2955.89477927778,2586.2248793103313,3547.263599451241
forecast_4538,2025-07-09 02:00:00,2841.9785971046895,2507.4114445344044,3562.4070037834863
forecast_4539,2025-07-09 03:00:00,2635.3922802776624,2464.3184017488306,3486.4623887098705
forecast_4540,2025-07-09 04:00:00,2797.9347810565505,2510.6124254692445,3141.119259614495
forecast_4541,2025-07-09 05:00:00,2909.7432412959524,2494.0563352194204,2932.194510467719
forecast_4542,2025-07-09 06:00:00,2580.7956845836625,2560.0860411206636,3017.3712319506676
forecast_4543,2025-07-09 07:00:00,2360.979265149491,2869.3844793130097,3086.11125079243
forecast_4544,2025-07-09 08:00:00,2369.273525356076,2169.6639302930844,3257.697662201481
forecast_4545,2025-07-09 09:00:00,2527.176826109323,2601.4535594955696,3399.817761844036
forecast_4546,2025-07-09 10:00:00,3729.6816968238836,3359.5978082005067,3704.6490381793783
forecast_4547,2025-07-09 11:00:00,2853.3113525686344,3504.0398513839345,3914.146404095335
forecast_4548,2025-07-09 12:00:00,3363.673315514019,3744.1149498641207,4035.2526397751435
forecast_4549,2025-07-09 13:00:00,4086.164524130514,3971.642890706473,4020.872504296442
forecast_4550,2025-07-09 14:00:00,4016.080359418918,4147.585594203731,4057.7752720774074
forecast_4551,2025-07-09 15:00:00,4388.4085786874175,3844.8075315226497,4225.150627988829
forecast_4552,2025-07-09 16:00:00,3927.193532056137,4005.3343647720367,4263.688697597283
forecast_4553,2025-07-09 17:00:00,4033.816587009714,4190.800143114124,4543.6838315139175
forecast_4554,2025-07-09 18:00:00,3112.53234492392,4217.129487058015,4383.012270699192
forecast_4555,2025-07-09 19:00:00,3570.5978883388216,4135.881068832912,3453.53280449847
forecast_4556,2025-07-09 20:00:00,3271.0637621265746,2915.475043500868,3224.098951482152
forecast_4557,2025-07-09 21:00:00,3396.350236359893,3376.4947708232007,2922.399527137666
forecast_4558,2025-07-09 22:00:00,3745.719851305495,3563.7897233833514,2963.8863542622767
forecast_4559,2025-07-09 23:00:00,3856.120126296735,4251.35322105535,3132.914201772599
forecast_4560,2025-07-10 00:00:00,3719.5361231853344,3596.897808174548,3082.407499890087
forecast_4561,2025-07-10 01:00:00,3760.7501447280583,3842.0276394063444,3262.131706487572
forecast_4562,2025-07-10 02:00:00,3753.763914127539,3591.220237172794,2879.939824446601
forecast_4563,2025-07-10 03:00:00,3720.82545218407,3746.604009371527,3626.483581389479
forecast_4564,2025-07-10 04:00:00,3705.3404557636327,3855.9788578276343,3857.594209244018
forecast_4565,2025-07-10 05:00:00,4416.423454289666,4408.9873082362365,2711.6331755145447
forecast_4566,2025-07-10 06:00:00,4215.007485654699,4863.529175906866,2832.086353091114
forecast_4567,2025-07-10 07:00:00,4619.1787906387,5071.6031280579755,3391.4491699773153
forecast_4568,2025-07-10 08:00:00,4765.624087481484,5603.968513870125,3055.6511728275113
forecast_4569,2025-07-10 09:00:00,4291.646549008689,6186.2826019491895,3926.2727374455326
forecast_4570,2025-07-10 10:00:00,4002.1813839808624,4293.135542789044,3214.6904159891856
forecast_4571,2025-07-10 11:00:00,3937.1178484941684,4433.422725897681,3239.820231915732
forecast_4572,2025-07-10 12:00:00,3751.691501115801,3813.701509137971,2965.5535009889827
forecast_4573,2025-07-10 13:00:00,3139.9731262467512,3573.1169683697544,2900.903560724703
forecast_4574,2025-07-10 14:00:00,3581.687601971106,3503.713683184693,2957.9029982829256
forecast_4575,2025-07-10 15:00:00,3726.1837069263925,3626.773059591437,3377.627507267538
forecast_4576,2025-07-10 16:00:00,3417.31695113845,2907.2503002903763,3073.3794334903496
forecast_4577,2025-07-10 17:00:00,3441.7171660498816,2955.132862655524,3344.5156054807
forecast_4578,2025-07-10 18:00:00,3705.6841945690744,3637.31359329623,2832.018127754985
forecast_4579,2025-07-10 19:00:00,3970.051482443845,4653.695647959061,2997.19460991847
forecast_4580,2025-07-10 20:00:00,4306.850401171354,5044.71092388756,3657.006248224091
forecast_4581,2025-07-10 21:00:00,4936.499352591504,6857.684995524479,3981.626172353623
forecast_4582,2025-07-10 22:00:00,6644.55525298908,8217.278730783952,5561.45435151379
forecast_4583,2025-07-10 23:00:00,6559.657338567445,8241.760081624487,5492.348602721201
forecast_4584,2025-07-11 00:00:00,6426.528114955589,9309.96968979494,5631.9310119952515
forecast_4585,2025-07-11 01:00:00,6892.116541209687,8682.614535727573,5273.255533241604
forecast_4586,2025-07-11 02:00:00,7028.619244407817,8626.531722919764,4748.803134885944
forecast_4587,2025-07-11 03:00:00,6622.957897306044,8378.611496397814,4545.749933890596
forecast_4588,2025-07-11 04:00:00,6539.0593989268655,8136.500324415193,4877.483324133882
forecast_4589,2025-07-11 05:00:00,6823.6157244938895,8828.70703056292,5536.100973864767
forecast_4590,2025-07-11 06:00:00,7315.266237741084,9185.084647627205,5849.34961500742
forecast_4591,2025-07-11 07:00:00,6718.218161487923,9423.786447485623,5703.818474445465
forecast_4592,2025-07-11 08:00:00,7311.210380584301,9183.204185206025,6411.86099563139
forecast_4593,2025-07-11 09:00:00,6377.623268622442,7877.053538703501,5313.958024515538
forecast_4594,2025-07-11 10:00:00,4606.776965104609,5472.521066130629,3784.6106302463327
forecast_4595,2025-07-11 11:00:00,4492.655688853822,4874.102547399017,3618.900083296897
forecast_4596,2025-07-11 12:00:00,3880.523665570896,5628.953963721101,4076.8400136402943
forecast_4597,2025-07-11 13:00:00,4137.078904308507,5077.994387464445,4248.068776617804
forecast_4598,2025-07-11 14:00:00,4136.5754863793145,4451.181615106044,3294.733732660599
forecast_4599,2025-07-11 15:00:00,3565.5716472692125,3440.2095116673763,2660.7025690710843
forecast_4600,2025-07-11 16:00:00,3261.524088871385,2589.6821889816897,2548.0014808053015
forecast_4601,2025-07-11 17:00:00,3152.4477765175316,2695.882006768532,3118.4314161891357
forecast_4602,2025-07-11 18:00:00,3529.061500555807,3852.9472074765577,2266.688272759906
forecast_4603,2025-07-11 19:00:00,4440.701262493707,4924.593500900948,2934.543312539547
forecast_4604,2025-07-11 20:00:00,5016.279775200672,6032.726968564872,3449.538022116091
forecast_4605,2025-07-11 21:00:00,5942.038566972402,6979.4620630597865,4384.658652044731
forecast_4606,2025-07-11 22:00:00,6132.162005512314,7622.106356214801,4451.841962961158
forecast_4607,2025-07-11 23:00:00,6478.551796325283,7130.898360745948,4152.668997102962
forecast_4608,2025-07-12 00:00:00,6468.948706459539,7216.015032549547,4240.593963174893
forecast_4609,2025-07-12 01:00:00,6540.49890225504,7844.509849861634,3751.8033355149714
forecast_4610,2025-07-12 02:00:00,4777.410453791791,6562.9342056182395,3068.358669652423
forecast_4611,2025-07-12 03:00:00,4886.966721868339,5126.1893953222325,2833.948182660721
forecast_4612,2025-07-12 04:00:00,4673.773743640777,4888.315723944256,2878.88594056753
forecast_4613,2025-07-12 05:00:00,4561.8847095344445,4663.6159174329505,3256.224090325262
forecast_4614,2025-07-12 06:00:00,4197.041464595967,4164.835986896,3055.259683638543
forecast_4615,2025-07-12 07:00:00,3700.7987588171427,3208.1704789706555,2908.05645873929
forecast_4616,2025-07-12 08:00:00,3595.767591332124,2987.0405952384813,3845.4046963697238
forecast_4617,2025-07-12 09:00:00,3048.649174256031,3148.912354785165,3611.2045663674326
forecast_4618,2025-07-12 10:00:00,3342.496350947349,3751.1197102365754,3803.709023127654
forecast_4619,2025-07-12 11:00:00,3791.6804639119446,3782.0822264920644,3758.554326449177
forecast_4620,2025-07-12 12:00:00,3427.8109614070268,3792.988212691206,4042.9588488893246
forecast_4621,2025-07-12 13:00:00,3819.5462486590454,3235.9214033215276,4137.350889622379
forecast_4622,2025-07-12 14:00:00,3996.4248738565616,3476.388364387643,3652.2705339196496
forecast_4623,2025-07-12 15:00:00,3925.355884649398,3271.1176718977595,4111.073988646853
forecast_4624,2025-07-12 16:00:00,3854.218845625501,3109.516051404744,3992.77643381475
forecast_4625,2025-07-12 17:00:00,3138.0470797642733,3325.7104670728586,3673.529983847197
forecast_4626,2025-07-12 18:00:00,3054.1701641534337,3255.699257882138,3748.4107328588343
forecast_4627,2025-07-12 19:00:00,3053.6276084776546,3092.9879638778716,3419.7537323414936
forecast_4628,2025-07-12 20:00:00,3617.1932761298763,2970.7812660608543,3845.0121248665437
forecast_4629,2025-07-12 21:00:00,3674.405324388922,4243.466031419219,3986.8601540715345
forecast_4630,2025-07-12 22:00:00,4033.1448985745587,3581.6359945986037,2730.091938891484
forecast_4631,2025-07-12 23:00:00,3394.3266940242556,3324.3853662401443,2653.5322081403733
forecast_4632,2025-07-13 00:00:00,3095.840377680723,3105.2711539389884,3087.3094071198416
forecast_4633,2025-07-13 01:00:00,4187.980699830114,3708.5606331761187,3284.7009300876202
forecast_4634,2025-07-13 02:00:00,4188.032097659463,3949.3896382537855,2961.4205784425085
forecast_4635,2025-07-13 03:00:00,3393.714826546015,3752.8430191424227,2346.157836206184
forecast_4636,2025-07-13 04:00:00,3536.736277599802,3923.508017571285,3597.286375677447
forecast_4637,2025-07-13 05:00:00,3040.750182116928,3516.084225799328,3352.4919727477672
forecast_4638,2025-07-13 06:00:00,3237.945543895449,3728.6219245584807,3563.628424644779
forecast_4639,2025-07-13 07:00:00,2999.6363651133797,3794.0469802618027,3210.7134492833447
forecast_4640,2025-07-13 08:00:00,2746.8834123997576,3624.7745174978595,2884.415635127625
forecast_4641,2025-07-13 09:00:00,3140.1282467925266,3286.673660772801,2398.0822421707653
forecast_4642,2025-07-13 10:00:00,3466.336791349315,3575.4303551230764,3649.1231601392738
forecast_4643,2025-07-13 11:00:00,3569.6034733298457,3487.971414080727,3624.2318237123636
forecast_4644,2025-07-13 12:00:00,2843.8944847266566,3099.484010616218,3448.6214371362375
forecast_4645,2025-07-13 13:00:00,3901.087469210748,3804.8343151117115,3648.310380755774
forecast_4646,2025-07-13 14:00:00,3899.782318874426,3838.961456944411,3854.275767755117
forecast_4647,2025-07-13 15:00:00,3260.58865657665,3244.3040307490974,4183.724325651689
forecast_4648,2025-07-13 16:00:00,3923.810968195783,3692.9584510291147,3914.3940998474263
forecast_4649,2025-07-13 17:00:00,2435.2646701030662,3711.6244627644555,3414.7602328277617
forecast_4650,2025-07-13 18:00:00,2803.549893240185,3191.0765596316437,2664.31291166065
forecast_4651,2025-07-13 19:00:00,3742.4196120894053,3563.4123826992786,3623.5569266301777
forecast_4652,2025-07-13 20:00:00,4075.100723556183,4096.9697244175695,3133.0916833597657
forecast_4653,2025-07-13 21:00:00,3841.2307109003964,3746.0417730464815,3635.855238704663
forecast_4654,2025-07-13 22:00:00,3136.559347826382,3675.173739861205,2846.583656096605
forecast_4655,2025-07-13 23:00:00,4092.322785168505,5154.076018184461,5177.657109212311
forecast_4656,2025-07-14 00:00:00,4136.654456086322,5155.772311143671,4718.153673161312
forecast_4657,2025-07-14 01:00:00,3779.420724977561,3574.6036497015893,4109.330040018016
forecast_4658,2025-07-14 02:00:00,4445.310349199241,5255.5777079534455,4279.6809550678045
forecast_4659,2025-07-14 03:00:00,4593.221180758068,4515.584838458378,6082.129600908683
forecast_4660,2025-07-14 04:00:00,4755.820841911,6288.952855230363,4884.402060725961
forecast_4661,2025-07-14 05:00:00,5988.467775141079,5897.995923090714,3833.619237286754
forecast_4662,2025-07-14 06:00:00,5672.7246328201445,6361.2115670458,4145.366968840313
forecast_4663,2025-07-14 07:00:00,5851.634348930579,6336.793245606752,4466.2897793413995
forecast_4664,2025-07-14 08:00:00,6108.526944777665,5065.411158213429,4960.616545189604
forecast_4665,2025-07-14 09:00:00,5854.487051875435,4761.619843630797,4387.425449364768
forecast_4666,2025-07-14 10:00:00,4689.994442130164,3842.9831250282596,3487.0398810628776
forecast_4667,2025-07-14 11:00:00,5383.973266412237,4907.332092841257,3772.0998236277283
forecast_4668,2025-07-14 12:00:00,4890.827974631317,4352.388974138929,3623.4173995269575
forecast_4669,2025-07-14 13:00:00,4503.4790111906295,4735.192787787207,4208.065655216566
forecast_4670,2025-07-14 14:00:00,4301.729591098551,4560.702136000844,4123.856761777305
forecast_4671,2025-07-14 15:00:00,5038.430307847245,4698.260881358445,3436.9546248436345
forecast_4672,2025-07-14 16:00:00,6390.0186509535115,5465.236858650617,4752.5727693115205
forecast_4673,2025-07-14 17:00:00,6152.872028914732,7498.654533047899,3871.820016202223
forecast_4674,2025-07-14 18:00:00,5495.887133140202,6093.806708041124,3810.0781861322225
forecast_4675,2025-07-14 19:00:00,6381.359339728229,5764.151594608544,5308.8305443314575
forecast_4676,2025-07-14 20:00:00,7532.078305163924,5853.389785910981,4013.9385129675984
forecast_4677,2025-07-14 21:00:00,7497.513534309193,6986.707354759216,4485.409470607166
forecast_4678,2025-07-14 22:00:00,7420.7213178427655,6223.096092480541,4810.362112787202
forecast_4679,2025-07-14 23:00:00,8331.121206815971,7260.3599709720775,4960.87111164506
forecast_4680,2025-07-15 00:00:00,8485.329582409257,7569.7746669386015,5361.705040921934
forecast_4681,2025-07-15 01:00:00,12550.39178779356,12279.500918860382,10952.65544641587
forecast_4682,2025-07-15 02:00:00,10867.753092144392,11887.468492078062,9864.412526757435
forecast_4683,2025-07-15 03:00:00,10725.14673328555,10487.393156074582,10331.031014347078
forecast_4684,2025-07-15 04:00:00,10055.774715248523,12642.315515899076,9617.123730992216
forecast_4685,2025-07-15 05:00:00,10716.420511422486,9629.657135785887,7261.769133632694
forecast_4686,2025-07-15 06:00:00,9646.345035528475,10455.74895041207,8604.711650096438
forecast_4687,2025-07-15 07:00:00,10394.646764409206,9789.35041996722,7659.724645343984
forecast_4688,2025-07-15 08:00:00,7922.387054134911,6349.387696586868,5787.799774375281
forecast_4689,2025-07-15 09:00:00,9760.864185492446,9263.386120782456,7154.596559532434
forecast_4690,2025-07-15 10:00:00,6034.930287282093,6903.69511437214,5007.997629257653
forecast_4691,2025-07-15 11:00:00,3896.897082031499,4623.858099929215,3864.669916212459
forecast_4692,2025-07-15 12:00:00,3462.627898115199,4352.345809763891,3878.3604144875885
forecast_4693,2025-07-15 13:00:00,3750.087761984545,4173.559198636631,3764.1659310037735
forecast_4694,2025-07-15 14:00:00,3517.3194660705317,4195.870980394113,4417.471740839683
forecast_4695,2025-07-15 15:00:00,4930.745106208223,6030.678630032339,4085.5076129435215
forecast_4696,2025-07-15 16:00:00,4355.502482195406,4794.116774420792,3975.744460395409
forecast_4697,2025-07-15 17:00:00,4289.513340503116,5165.67363490633,3797.344013921338
forecast_4698,2025-07-15 18:00:00,4039.8585450684914,4334.797602645741,3961.9215914774527
forecast_4699,2025-07-15 19:00:00,3009.17480650896,5638.010470988288,4070.0839806162166
forecast_4700,2025-07-15 20:00:00,3807.9374807508584,6737.823703520612,3475.918600683983
forecast_4701,2025-07-15 21:00:00,5500.773956963569,7589.676184923984,4229.518947674989
forecast_4702,2025-07-15 22:00:00,5621.6720090658555,7317.804684382892,3890.805892847067
forecast_4703,2025-07-15 23:00:00,6425.498079044176,8407.225349441385,3530.515444103055
forecast_4704,2025-07-16 00:00:00,7078.9998774182595,9174.986681702108,5328.54424616589
forecast_4705,2025-07-16 01:00:00,12471.932406622776,13819.588751135523,10636.026554727096
forecast_4706,2025-07-16 02:00:00,13219.00333714691,13755.252942312109,11133.258585291274
forecast_4707,2025-07-16 03:00:00,13876.640220435818,14687.604468062415,13789.057053869765
forecast_4708,2025-07-16 04:00:00,15759.621866755937,14946.243786947633,13935.44013448487
forecast_4709,2025-07-16 05:00:00,13896.562798009612,15541.885903396438,14934.89717781602
forecast_4710,2025-07-16 06:00:00,13716.438329282093,14408.08004983273,10905.131254010468
forecast_4711,2025-07-16 07:00:00,14667.273169607866,11939.861845156607,10376.77684048793
forecast_4712,2025-07-16 08:00:00,13288.657819239996,10903.282547381008,9342.37884638466
forecast_4713,2025-07-16 09:00:00,8809.096331832123,8406.902537593196,6034.012866623878
forecast_4714,2025-07-16 10:00:00,8401.892212437866,7107.032016571476,5990.2925547255245
forecast_4715,2025-07-16 11:00:00,5666.4431951239485,7274.297400134401,5104.245637382699
forecast_4716,2025-07-16 12:00:00,4942.257424219803,6932.443868674292,4987.790132234789
forecast_4717,2025-07-16 13:00:00,5094.187256668659,7706.8590919224225,4108.226902835619
forecast_4718,2025-07-16 14:00:00,5695.272464656023,7110.9688323883765,4201.89697171328
forecast_4719,2025-07-16 15:00:00,3856.269693872089,5151.767294455225,3840.966393813024
forecast_4720,2025-07-16 16:00:00,4498.944648742707,5895.051516906223,3771.156722723211
forecast_4721,2025-07-16 17:00:00,4257.189875315631,5649.990550561066,3968.7003016242857
forecast_4722,2025-07-16 18:00:00,5931.91861239498,8010.585036703664,4258.72567936431
forecast_4723,2025-07-16 19:00:00,5468.897402945733,8716.799462147592,5021.025967508345
forecast_4724,2025-07-16 20:00:00,4872.918161213764,6156.457140395432,4138.046186630352
forecast_4725,2025-07-16 21:00:00,8293.558751764285,8890.94604189025,5913.462924477189
forecast_4726,2025-07-16 22:00:00,7367.06906196953,12185.907717399326,7681.097624792054
forecast_4727,2025-07-16 23:00:00,10097.30238079,15027.572181695074,6429.435951684591
forecast_4728,2025-07-17 00:00:00,8014.765843831645,13505.136517297062,8914.048092103953
forecast_4729,2025-07-17 01:00:00,12835.952231556561,13993.245135620611,11382.543965286612
forecast_4730,2025-07-17 02:00:00,13931.594118473136,15687.613551792218,11995.151079223118
forecast_4731,2025-07-17 03:00:00,13500.829349521775,14511.019886702057,13359.256534405604
forecast_4732,2025-07-17 04:00:00,12027.418179456698,13281.529013394493,14383.669515795096
forecast_4733,2025-07-17 05:00:00,10791.413579429267,16479.97230281919,10899.273858202363
forecast_4734,2025-07-17 06:00:00,9941.42165794685,16135.327987047976,9046.053469843253
forecast_4735,2025-07-17 07:00:00,12190.9334512731,14333.924651439196,11890.741373013641
forecast_4736,2025-07-17 08:00:00,12188.275710963897,14688.009240360756,12292.062122468307
forecast_4737,2025-07-17 09:00:00,13142.546027572702,15521.018421774292,11791.14291112787
forecast_4738,2025-07-17 10:00:00,12774.37304978167,14120.052015075571,10921.63905063679
forecast_4739,2025-07-17 11:00:00,9203.591747892753,13830.44962112172,10212.620106254248
forecast_4740,2025-07-17 12:00:00,10280.286767790942,12099.463267644189,8185.455844841119
forecast_4741,2025-07-17 13:00:00,10890.150205885167,13137.452612252324,10027.435882414147
forecast_4742,2025-07-17 14:00:00,12128.14450088417,14271.77552483654,11022.10952853996
forecast_4743,2025-07-17 15:00:00,12711.326607689887,13543.659919022546,9342.202441453212
forecast_4744,2025-07-17 16:00:00,10680.960611616198,10936.448886511422,6814.522813328089
forecast_4745,2025-07-17 17:00:00,8803.178373186975,10649.269004680133,5096.801380358109
forecast_4746,2025-07-17 18:00:00,8455.930584351183,10246.672165677666,5367.249516360779
forecast_4747,2025-07-17 19:00:00,8174.656178197048,10280.608776275121,6327.496083962037
forecast_4748,2025-07-17 20:00:00,8789.94625659099,10665.900933289948,5971.848625409344
forecast_4749,2025-07-17 21:00:00,10221.007445955787,14029.33577200818,8856.81601695355
forecast_4750,2025-07-17 22:00:00,8125.905581057819,13228.507451712243,8791.790089530805
forecast_4751,2025-07-17 23:00:00,9987.364918704896,13443.763106639784,8216.765866373524
forecast_4752,2025-07-18 00:00:00,10420.688573160904,15275.574671560993,6809.063555309755
forecast_4753,2025-07-18 01:00:00,12829.665371545596,17504.235671178947,12216.174696572516
forecast_4754,2025-07-18 02:00:00,10803.54393018026,15158.341355505681,7077.789368644808
forecast_4755,2025-07-18 03:00:00,11891.566296885934,15932.806755327721,9042.482806198585
forecast_4756,2025-07-18 04:00:00,11371.920435454142,14091.696219047502,8833.147011040239
forecast_4757,2025-07-18 05:00:00,10093.83055001177,13780.996766788585,8487.253439194952
forecast_4758,2025-07-18 06:00:00,8428.489394196953,11354.274800150055,7980.062052869799
forecast_4759,2025-07-18 07:00:00,10148.335119411135,14900.616282389028,6475.140266388061
forecast_4760,2025-07-18 08:00:00,10017.069290004405,11156.958477983013,7571.596881837315
forecast_4761,2025-07-18 09:00:00,7638.61357612834,10607.325468118393,5388.198902579474
forecast_4762,2025-07-18 10:00:00,9644.910409636102,11539.642706090854,7299.776051968048
forecast_4763,2025-07-18 11:00:00,5776.829724508533,10858.401465855586,4083.2926835016533
forecast_4764,2025-07-18 12:00:00,3481.0288615622203,6776.870217639459,4646.210725427121
forecast_4765,2025-07-18 13:00:00,3233.0905089975163,3707.468978888826,3214.321060753445
forecast_4766,2025-07-18 14:00:00,3595.2119106835476,4698.195775276449,4028.4623866166053
forecast_4767,2025-07-18 15:00:00,4333.545206439711,7070.9249760032835,4714.301483489251
forecast_4768,2025-07-18 16:00:00,3734.233805891714,4563.907610805754,3906.6169988163947
forecast_4769,2025-07-18 17:00:00,7573.469423281641,10754.213769125086,4371.9243003975735
forecast_4770,2025-07-18 18:00:00,6070.657492435905,10072.348921643383,5840.94198562936
forecast_4771,2025-07-18 19:00:00,6588.90712362129,10511.713911658433,6111.843223314212
forecast_4772,2025-07-18 20:00:00,9030.519565544306,11706.454154613268,5589.827436900069
forecast_4773,2025-07-18 21:00:00,10637.945718021754,10305.919621568022,6328.639868631376
forecast_4774,2025-07-18 22:00:00,9525.730534703584,11438.393331302163,6569.232825877263
forecast_4775,2025-07-18 23:00:00,8529.625475371959,11892.436456506483,6397.672516349569
forecast_4776,2025-07-19 00:00:00,6598.732266319873,13510.650884631026,6568.195569907951
forecast_4777,2025-07-19 01:00:00,7206.729368919208,8981.326440248786,5229.115742091748
forecast_4778,2025-07-19 02:00:00,5764.9848347452835,7671.830885103309,3932.205933606003
forecast_4779,2025-07-19 03:00:00,4943.863719940082,9028.752364002765,4010.486378597556
forecast_4780,2025-07-19 04:00:00,4826.729663859286,8701.032145583984,3560.3245923215113
forecast_4781,2025-07-19 05:00:00,5110.0205027207685,7559.489601074995,3962.4645175705427
forecast_4782,2025-07-19 06:00:00,5335.255007850774,6527.76287107122,4479.924630903869
forecast_4783,2025-07-19 07:00:00,5300.364666147921,5911.186172178974,3849.8198413380574
forecast_4784,2025-07-19 08:00:00,5765.525106720456,6443.524880369832,5057.948169212025
forecast_4785,2025-07-19 09:00:00,6158.771641168495,7017.235017145756,5306.272716795515
forecast_4786,2025-07-19 10:00:00,4812.2353553961375,9019.514614899854,6124.730687376834
forecast_4787,2025-07-19 11:00:00,6191.0319802723225,11747.390136766682,5386.910295778815
forecast_4788,2025-07-19 12:00:00,8184.482284177538,11495.526146506641,6382.505287443981
forecast_4789,2025-07-19 13:00:00,8228.132237903057,10446.997014778559,5483.789694823419
forecast_4790,2025-07-19 14:00:00,6688.3835700493955,12705.48182244349,7398.982596234112
forecast_4791,2025-07-19 15:00:00,11164.654749573067,13220.502154493894,6385.010312152606
forecast_4792,2025-07-19 16:00:00,8402.232168308243,13335.636804157582,9991.93196182551
forecast_4793,2025-07-19 17:00:00,11290.607980817886,12770.458657572355,10833.979845965767
forecast_4794,2025-07-19 18:00:00,10865.156935207942,12225.958028150535,8791.488211869537
forecast_4795,2025-07-19 19:00:00,10151.83059637546,11632.38976708414,9040.232045113824
forecast_4796,2025-07-19 20:00:00,13244.709596518062,14890.392781848657,8513.975178363902
forecast_4797,2025-07-19 21:00:00,11921.450359848492,13759.46293182354,11084.57291894906
forecast_4798,2025-07-19 22:00:00,12054.92060961928,14494.911556873514,9793.065329874562
forecast_4799,2025-07-19 23:00:00,11390.284477698366,15292.39906909005,9306.523890087594
forecast_4800,2025-07-20 00:00:00,9770.986894870235,13233.362235964441,10181.5780661014
forecast_4801,2025-07-20 01:00:00,13856.661885031619,15960.049075927927,13440.251666173754
forecast_4802,2025-07-20 02:00:00,13593.218790580186,15372.073699826082,13349.639581657952
forecast_4803,2025-07-20 03:00:00,12368.667957130905,15185.805223666373,13986.259441598524
forecast_4804,2025-07-20 04:00:00,13986.775715507165,15527.50499427306,11484.449101004706
forecast_4805,2025-07-20 05:00:00,14156.78751063947,15279.886248737368,14438.44650579157
forecast_4806,2025-07-20 06:00:00,12248.124591700513,14040.152925402881,10741.866995531569
forecast_4807,2025-07-20 07:00:00,11964.08876951836,12676.46352513366,9632.353716505477
forecast_4808,2025-07-20 08:00:00,10642.747457676134,11166.260156318538,8282.538201855536
forecast_4809,2025-07-20 09:00:00,8969.90110356706,10198.020676203916,7720.214412162736
forecast_4810,2025-07-20 10:00:00,10101.843668499352,9022.084820175005,7081.172440979135
forecast_4811,2025-07-20 11:00:00,6626.696163653492,6802.234819569228,6394.728101115437
forecast_4812,2025-07-20 12:00:00,6540.2309385571825,6200.185518951804,6076.548855858814
forecast_4813,2025-07-20 13:00:00,5692.15797294232,6703.967324899726,5846.414884579498
forecast_4814,2025-07-20 14:00:00,4224.300449685041,5513.202605908503,5171.889971754532
forecast_4815,2025-07-20 15:00:00,4076.771589844388,5184.474576173172,5052.02818380104
forecast_4816,2025-07-20 16:00:00,4277.4939230873415,5900.468885944025,4614.892722215756
forecast_4817,2025-07-20 17:00:00,4288.738354045494,4824.302990892114,3935.8465425515083
forecast_4818,2025-07-20 18:00:00,3791.743555587256,4154.917866774007,3230.042049949954
forecast_4819,2025-07-20 19:00:00,5739.748094558747,5988.352715287174,3737.3774307415224
forecast_4820,2025-07-20 20:00:00,6567.67159670652,7589.601150144749,5552.003276588336
forecast_4821,2025-07-20 21:00:00,8163.253344691853,11882.921543023567,6611.194649537884
forecast_4822,2025-07-20 22:00:00,10204.344924520841,13279.32951610834,9813.343460654445
forecast_4823,2025-07-20 23:00:00,11435.205070999236,13098.244694104353,8361.790827343668
forecast_4824,2025-07-21 00:00:00,11692.16985018456,13647.186531490815,10275.064477092363
forecast_4825,2025-07-21 01:00:00,12973.334181446438,13800.215897959395,10542.917663843946
forecast_4826,2025-07-21 02:00:00,13360.737652893442,12839.723588436831,10092.120681102313
forecast_4827,2025-07-21 03:00:00,13675.044916995092,12316.561994270269,9639.59605964677
forecast_4828,2025-07-21 04:00:00,12309.701084662123,14048.30623855025,8651.800769352538
forecast_4829,2025-07-21 05:00:00,11894.726947548987,11485.699311901848,8588.018895340854
forecast_4830,2025-07-21 06:00:00,13260.354971364473,12532.002079457658,8440.213713800516
forecast_4831,2025-07-21 07:00:00,15046.880797553084,14558.551066451595,10626.971593541815
forecast_4832,2025-07-21 08:00:00,13102.039298247057,11578.30370023334,7711.186536093668
forecast_4833,2025-07-21 09:00:00,11974.983086174792,8982.455164760258,8031.435277988976
forecast_4834,2025-07-21 10:00:00,8315.543649489904,6865.402704701842,7161.513898357266
forecast_4835,2025-07-21 11:00:00,7104.82885304574,6459.349156493573,5561.93478828241
forecast_4836,2025-07-21 12:00:00,5944.699293589433,4743.103048085396,5081.846262542034
forecast_4837,2025-07-21 13:00:00,5605.707887197062,5484.479977739853,5554.769459590199
forecast_4838,2025-07-21 14:00:00,6533.529315072766,5445.849329023552,4913.812325512004
forecast_4839,2025-07-21 15:00:00,4846.494472134451,4278.25687018377,4888.548468843308
forecast_4840,2025-07-21 16:00:00,4152.741747334463,5045.425957374935,4209.588283096069
forecast_4841,2025-07-21 17:00:00,4323.221288318504,7124.724812999937,3763.569095793233
forecast_4842,2025-07-21 18:00:00,4788.425534118598,5301.824449531849,4351.949613436328
forecast_4843,2025-07-21 19:00:00,7343.7401471726835,7074.204803433768,6349.016293277157
forecast_4844,2025-07-21 20:00:00,12296.801149704143,12835.319516523114,12894.761732309677
forecast_4845,2025-07-21 21:00:00,14196.138596067121,14352.95743796652,10546.877739858619
forecast_4846,2025-07-21 22:00:00,15720.708552902011,14960.669468203041,12499.59782743381
forecast_4847,2025-07-21 23:00:00,16528.25378088478,15385.483496225386,14266.006164502232
forecast_4848,2025-07-22 00:00:00,16145.183855890047,14662.065975928803,12417.080367885817
forecast_4849,2025-07-22 01:00:00,16553.06417265575,16737.85597410681,13679.49106142498
forecast_4850,2025-07-22 02:00:00,16997.51906201237,17157.64730613098,16284.300083201457
forecast_4851,2025-07-22 03:00:00,16390.031499166056,15640.69882182472,13833.724403865086
forecast_4852,2025-07-22 04:00:00,15378.748059689211,14633.978786320897,12867.891265395727
forecast_4853,2025-07-22 05:00:00,15161.345708509249,15028.076815003385,14493.523881130553
forecast_4854,2025-07-22 06:00:00,16451.55657563162,15986.255876533567,13301.827310921102
forecast_4855,2025-07-22 07:00:00,16812.621356235424,16690.62626975109,13033.01338195122
forecast_4856,2025-07-22 08:00:00,14549.557774664752,15203.12990175523,11286.236163513568
forecast_4857,2025-07-22 09:00:00,12859.618426587904,10228.295598537288,8931.884605793522
forecast_4858,2025-07-22 10:00:00,6060.001581874497,6060.062980773407,5544.868998475107
forecast_4859,2025-07-22 11:00:00,5186.452389002655,4018.397498275088,4188.7670706880945
forecast_4860,2025-07-22 12:00:00,3817.002946187109,3529.995243630853,3190.300541115116
forecast_4861,2025-07-22 13:00:00,3694.0106177479865,3835.590796753381,3835.9115218364914
forecast_4862,2025-07-22 14:00:00,3017.9199339797533,3170.0353500206256,2813.4813377199544
forecast_4863,2025-07-22 15:00:00,3691.819333304922,3273.380630148494,3987.5787694027813
forecast_4864,2025-07-22 16:00:00,3595.4225526003866,3510.807820004262,3284.530322346201
forecast_4865,2025-07-22 17:00:00,3064.0467828614,3715.3751193090184,3385.82013283551
forecast_4866,2025-07-22 18:00:00,3521.1544479023764,2847.3022434974278,2360.3482886214497
forecast_4867,2025-07-22 19:00:00,4079.4843769745607,3607.8334393218274,3312.7443048469668
forecast_4868,2025-07-22 20:00:00,4282.1938505946655,4723.273613042989,4565.038408354275
forecast_4869,2025-07-22 21:00:00,5392.8014360652805,6869.325932304757,4989.003867006502
forecast_4870,2025-07-22 22:00:00,7418.995886678293,9056.861242091314,5335.354216232923
forecast_4871,2025-07-22 23:00:00,8434.02891191276,12296.70980753145,5891.25624343217
forecast_4872,2025-07-23 00:00:00,8269.674240345645,12541.66651300055,7037.719722868696
forecast_4873,2025-07-23 01:00:00,8431.853107346054,10729.1490582703,6835.573947821507
forecast_4874,2025-07-23 02:00:00,9418.259932655868,10316.393445934309,7634.342298594423
forecast_4875,2025-07-23 03:00:00,11340.3685829155,10893.282857213848,6673.1484653926045
forecast_4876,2025-07-23 04:00:00,10134.705970379058,11395.602927816493,6798.065273741989
forecast_4877,2025-07-23 05:00:00,9054.668140048532,9566.446009128342,5519.584174905429
forecast_4878,2025-07-23 06:00:00,8146.199941800092,6807.022884236348,4873.000058810442
forecast_4879,2025-07-23 07:00:00,6023.439435185886,5892.264034544628,4592.295580164546
forecast_4880,2025-07-23 08:00:00,5346.0583863699385,4250.621641536732,3983.790834270071
forecast_4881,2025-07-23 09:00:00,4072.2665982728868,2984.6227250570146,3492.979053971594
forecast_4882,2025-07-23 10:00:00,3452.171883315572,4087.189589246196,3393.962007730302
forecast_4883,2025-07-23 11:00:00,2979.925297952703,3710.787804535592,3864.8976102018637
forecast_4884,2025-07-23 12:00:00,4001.911814911119,3823.486007996022,3999.2883309161307
forecast_4885,2025-07-23 13:00:00,4054.663983244098,4104.136037559904,3789.440076021929
forecast_4886,2025-07-23 14:00:00,4255.943546568344,3750.0439206758165,3824.6607872399863
forecast_4887,2025-07-23 15:00:00,3558.8298646145363,2519.475915889693,4110.8746474765185
forecast_4888,2025-07-23 16:00:00,3944.6926615469706,3269.5310747983285,2724.2665293480763
forecast_4889,2025-07-23 17:00:00,3434.375352996797,3338.0946891486547,3556.8362991836343
forecast_4890,2025-07-23 18:00:00,4410.450868069748,3367.4420248421357,2916.18900685153
forecast_4891,2025-07-23 19:00:00,4214.25119435042,3933.991206237943,3597.7984893397434
forecast_4892,2025-07-23 20:00:00,4078.1730321820755,3850.9405508977075,3094.625217110353
forecast_4893,2025-07-23 21:00:00,3207.071765834697,4025.411726730797,3333.538051015374
forecast_4894,2025-07-23 22:00:00,4796.720655238669,4860.111963475485,3621.4220945396683
forecast_4895,2025-07-23 23:00:00,6558.61242854912,6008.379387105595,4574.1291292768865
forecast_4896,2025-07-24 00:00:00,6341.1832731269305,7362.369793897536,4792.408649706146
forecast_4897,2025-07-24 01:00:00,4743.544638900309,6285.4240593894765,3401.3354092086774
forecast_4898,2025-07-24 02:00:00,7006.2844580411775,8563.898102896976,5167.081053030465
forecast_4899,2025-07-24 03:00:00,9284.110888858686,8979.15297573616,5522.170692264781
forecast_4900,2025-07-24 04:00:00,10661.742383117538,9500.56001217512,7208.38139703638
forecast_4901,2025-07-24 05:00:00,7762.922689247047,8749.637641570374,5531.920120651018
forecast_4902,2025-07-24 06:00:00,6286.630816588632,6868.9117265141,4774.304125252649
forecast_4903,2025-07-24 07:00:00,4642.879892568786,4644.642055894469,3749.9368024931
forecast_4904,2025-07-24 08:00:00,4094.2684603281787,3682.3320099615958,3391.2608340772163
forecast_4905,2025-07-24 09:00:00,3790.6624303390768,3932.249932805062,3242.6434303365545
forecast_4906,2025-07-24 10:00:00,3345.2701532874644,3474.8558212535654,3815.7277250694833
forecast_4907,2025-07-24 11:00:00,3929.836433768037,2724.2389763100887,3465.186089986977
forecast_4908,2025-07-24 12:00:00,4203.777952345656,3676.107679063043,2934.8748623183137
forecast_4909,2025-07-24 13:00:00,3701.103800112698,3498.80041208261,3553.641960426715
forecast_4910,2025-07-24 14:00:00,3893.0348006662553,3225.834849537823,3401.0789363101067
forecast_4911,2025-07-24 15:00:00,4303.4483310702735,4013.3585484536816,3992.9786658347807
forecast_4912,2025-07-24 16:00:00,4548.061478719155,3915.220580227422,4273.637364059814
forecast_4913,2025-07-24 17:00:00,3893.108187485492,3733.986294048196,3326.719392344153
forecast_4914,2025-07-24 18:00:00,4334.311352484258,3769.545371739221,3915.4681529505224
forecast_4915,2025-07-24 19:00:00,3648.7419689642375,3560.6889305678274,3524.0512895391157
forecast_4916,2025-07-24 20:00:00,3678.9376485641724,3128.7359137199496,3240.914958563415
forecast_4917,2025-07-24 21:00:00,4115.2013290535,4178.007359865673,3791.9790397052307
forecast_4918,2025-07-24 22:00:00,3884.724398123974,3859.473192854481,3946.182681447659
forecast_4919,2025-07-24 23:00:00,3044.1838379567566,4065.3219320175353,4444.586485748248
forecast_4920,2025-07-25 00:00:00,2955.5631261228364,3440.0248890650973,3696.472904005592
forecast_4921,2025-07-25 01:00:00,3991.589639766328,4209.5727452825995,4538.174903509361
forecast_4922,2025-07-25 02:00:00,4219.429204793672,4337.205474463322,3808.7334683776
forecast_4923,2025-07-25 03:00:00,3658.616959953677,3757.4134503261294,3652.0296585541264
forecast_4924,2025-07-25 04:00:00,4092.703669841797,3987.40537280328,3511.9033772877333
forecast_4925,2025-07-25 05:00:00,4496.702815144005,4104.731810315077,3891.0383968182637
forecast_4926,2025-07-25 06:00:00,4444.730771653665,4349.880019623528,3571.054408539168
forecast_4927,2025-07-25 07:00:00,4354.628584077211,4041.1129368043303,3640.935394996932
forecast_4928,2025-07-25 08:00:00,4372.527962763972,3647.468688382443,3093.7145871154476
forecast_4929,2025-07-25 09:00:00,3607.0484048126173,4141.426111197101,3614.3413335275945
forecast_4930,2025-07-25 10:00:00,3746.549828947152,3697.210417996421,3347.3671490806337
forecast_4931,2025-07-25 11:00:00,4091.38706574539,3726.321938851288,3498.5354075540126
forecast_4932,2025-07-25 12:00:00,3941.232947596306,3327.213352160641,3831.229203089037
forecast_4933,2025-07-25 13:00:00,3773.9458165154765,3123.0695892520007,3687.477299943418
forecast_4934,2025-07-25 14:00:00,4155.022769064199,3376.1016735641006,3759.3515280489955
forecast_4935,2025-07-25 15:00:00,4390.920433897541,4159.463659463236,4121.521442603182
forecast_4936,2025-07-25 16:00:00,4723.1543591212285,3802.2609173922447,4562.643946088096
forecast_4937,2025-07-25 17:00:00,4659.878267197502,3946.4628784441375,4282.073090908238
forecast_4938,2025-07-25 18:00:00,4566.158570782249,3777.763843629552,4663.084903365946
forecast_4939,2025-07-25 19:00:00,4256.710899547874,3842.4931396733746,4820.975375392095
forecast_4940,2025-07-25 20:00:00,3963.4394672653384,3201.582826821067,4433.5358465194895
forecast_4941,2025-07-25 21:00:00,3484.33455839062,3076.386815646364,2909.1697359977607
forecast_4942,2025-07-25 22:00:00,4554.518586640006,3456.577578946714,2973.5226950471633
forecast_4943,2025-07-25 23:00:00,4568.254340568314,4012.245138510219,2978.067782032249
forecast_4944,2025-07-26 00:00:00,4872.29973642583,4426.472075030368,3321.155088120988
forecast_4945,2025-07-26 01:00:00,9250.834093919248,7414.065522422994,5321.601937377651
forecast_4946,2025-07-26 02:00:00,9162.046537834925,6927.685234313888,5630.6706959938065
forecast_4947,2025-07-26 03:00:00,6557.377015572129,6044.917725182697,4494.363011272177
forecast_4948,2025-07-26 04:00:00,5288.628505477065,5247.574693867228,3852.59314531319
forecast_4949,2025-07-26 05:00:00,4309.022983937288,4039.3289454165783,3186.7001465667117
forecast_4950,2025-07-26 06:00:00,3953.280875315015,3880.322797066612,2432.6165814525284
forecast_4951,2025-07-26 07:00:00,4558.152497028179,4037.3423110613053,3482.055116512648
forecast_4952,2025-07-26 08:00:00,4168.512589605643,4110.5360625613,4015.644772574016
forecast_4953,2025-07-26 09:00:00,3836.6444105139244,3628.1714607310646,3983.7955613945196
forecast_4954,2025-07-26 10:00:00,4070.158841187451,3588.9429724265565,3789.194646060977
forecast_4955,2025-07-26 11:00:00,4045.090559098974,3450.2691668004454,3507.04274246007
forecast_4956,2025-07-26 12:00:00,3877.3162410693976,3704.604086002859,3461.368786252
forecast_4957,2025-07-26 13:00:00,4123.7439742087645,3387.587958066528,3665.5889657642674
forecast_4958,2025-07-26 14:00:00,4422.543000508507,3102.620183553751,3654.6413556124708
forecast_4959,2025-07-26 15:00:00,4119.715155453521,3119.633453797571,3742.3644998798227
forecast_4960,2025-07-26 16:00:00,4438.330149292861,4333.4823346839,3721.3096607619364
forecast_4961,2025-07-26 17:00:00,4409.605661341551,3805.3744268146793,3974.2077771535514
forecast_4962,2025-07-26 18:00:00,4270.976579591134,3869.481535512825,3275.908289298772
forecast_4963,2025-07-26 19:00:00,4090.1427519382214,3728.481227806319,4230.986487384419
forecast_4964,2025-07-26 20:00:00,4278.786326028205,3513.4287118231387,3875.4987623231054
forecast_4965,2025-07-26 21:00:00,3328.2916601774377,3466.3218777525617,3835.88057341904
forecast_4966,2025-07-26 22:00:00,3211.3736750417625,3208.0019601708636,3129.1618924360946
forecast_4967,2025-07-26 23:00:00,4444.579255336466,5478.789254357938,3370.426302430511
forecast_4968,2025-07-27 00:00:00,7146.55770269698,6767.396004231655,4166.410122849059
forecast_4969,2025-07-27 01:00:00,8437.102569602579,9293.722085900466,7153.697504886014
forecast_4970,2025-07-27 02:00:00,8045.34754848756,8405.480412329927,6252.496236511384
forecast_4971,2025-07-27 03:00:00,6064.061435452696,6558.367474462293,5077.118761738794
forecast_4972,2025-07-27 04:00:00,6159.550995765857,6474.385736781519,4991.363760303486
forecast_4973,2025-07-27 05:00:00,5812.076395959434,4959.407592911417,4082.4359657182363
forecast_4974,2025-07-27 06:00:00,5047.319451670785,4570.9662213462225,3554.922818160937
forecast_4975,2025-07-27 07:00:00,4961.117430070684,4336.512150275845,3063.5639264926435
forecast_4976,2025-07-27 08:00:00,4662.575406924992,4609.716011881261,4556.468204661105
forecast_4977,2025-07-27 09:00:00,4133.961215668134,4012.894434313186,4086.7184305956835
forecast_4978,2025-07-27 10:00:00,4171.134277281729,3620.5038188992894,3936.828886233895
forecast_4979,2025-07-27 11:00:00,4316.124617280109,3902.2857777481554,3442.4285465813164
forecast_4980,2025-07-27 12:00:00,4369.993963088438,3986.7191558571076,4201.809801593466
forecast_4981,2025-07-27 13:00:00,5066.602419523688,4206.572661989065,4290.021898460694
forecast_4982,2025-07-27 14:00:00,5042.563272766068,4244.552569227348,4322.144558804741
forecast_4983,2025-07-27 15:00:00,4210.36564747593,3937.3304637594783,4312.415394808592
forecast_4984,2025-07-27 16:00:00,4090.9220315166845,3506.669475287782,2707.709237429255
forecast_4985,2025-07-27 17:00:00,3662.4552563881284,3186.340485384153,3848.188911940874
forecast_4986,2025-07-27 18:00:00,3875.3007064023495,3874.860827207187,2775.3568971305567
forecast_4987,2025-07-27 19:00:00,4385.794208047544,4160.527411764158,3634.864286418506
forecast_4988,2025-07-27 20:00:00,4977.249139328391,4718.111296073833,3552.7672306566196
forecast_4989,2025-07-27 21:00:00,4767.699757472298,5005.541560875649,3545.480128375652
forecast_4990,2025-07-27 22:00:00,7044.912227599255,6555.154132856516,5064.380364106506
forecast_4991,2025-07-27 23:00:00,8182.254005104937,7850.63077516803,5790.734974483905
forecast_4992,2025-07-28 00:00:00,7749.940776864976,8085.775849160951,7741.830898632824
forecast_4993,2025-07-28 01:00:00,8255.729040595093,10116.396407150869,7583.234244159571
forecast_4994,2025-07-28 02:00:00,9977.848539279215,9259.4023490279,7658.852828517188
forecast_4995,2025-07-28 03:00:00,10686.563510147284,9442.520328053446,7673.834300463275
forecast_4996,2025-07-28 04:00:00,11129.104369642486,8600.536992682148,6611.967572683347
forecast_4997,2025-07-28 05:00:00,10566.373975815148,9479.577823391466,6465.727167115139
forecast_4998,2025-07-28 06:00:00,7050.767896661273,7975.6262913621085,6026.650777253085
forecast_4999,2025-07-28 07:00:00,6580.43746899529,5524.532367989511,4248.854908800211
forecast_5000,2025-07-28 08:00:00,4541.797386857533,4233.65074204606,3715.723247594065
forecast_5001,2025-07-28 09:00:00,3721.002423841265,3561.543897653758,3119.8518041328775
forecast_5002,2025-07-28 10:00:00,3663.3884465818333,3521.0354931296024,3172.0637858732744
forecast_5003,2025-07-28 11:00:00,2735.545236224255,3546.059729548806,2892.9846759670168
forecast_5004,2025-07-28 12:00:00,3914.973276775964,3232.415148924773,3436.598580290379
forecast_5005,2025-07-28 13:00:00,4639.890440440537,3856.0700931046913,4252.782129949284
forecast_5006,2025-07-28 14:00:00,4464.30975231417,3247.7811729144305,4621.309293123368
forecast_5007,2025-07-28 15:00:00,3671.539911814649,3666.866328951081,3989.6970163918595
forecast_5008,2025-07-28 16:00:00,5065.452680600279,4435.748993316932,4251.937037337249
forecast_5009,2025-07-28 17:00:00,4454.792606047124,4440.737417138906,3888.5956223373714
forecast_5010,2025-07-28 18:00:00,3483.0026495353977,3889.2047624246065,3589.833574525293
forecast_5011,2025-07-28 19:00:00,3702.1478904940686,4146.541263848325,3891.9042574367386
forecast_5012,2025-07-28 20:00:00,3718.3176706369145,4021.2773606532774,3816.7446870629947
forecast_5013,2025-07-28 21:00:00,4112.892447468104,4361.651179197726,4207.596442970482
forecast_5014,2025-07-28 22:00:00,3665.857650618261,4388.479977174769,4178.626843859441
forecast_5015,2025-07-28 23:00:00,3489.7829177239505,3715.204672910223,3791.7368788281747
forecast_5016,2025-07-29 00:00:00,3426.8887676186714,4009.915207614185,3966.2246979549163
forecast_5017,2025-07-29 01:00:00,3786.195628174587,3167.1240884397316,4541.894202660888
forecast_5018,2025-07-29 02:00:00,3827.5159708310366,3614.506223173191,4453.288675148986
forecast_5019,2025-07-29 03:00:00,3449.4813623685354,4090.292353787795,4449.567756043986
forecast_5020,2025-07-29 04:00:00,3372.7057242484557,3456.541695005986,3969.765887341321
forecast_5021,2025-07-29 05:00:00,3137.307694014344,3723.906168675662,3944.9740159842167
forecast_5022,2025-07-29 06:00:00,3470.0344959892295,3927.374542198393,4167.432098417798
forecast_5023,2025-07-29 07:00:00,3470.118533375329,3946.5292819356505,3685.4516673655726
forecast_5024,2025-07-29 08:00:00,3907.5982928174576,3101.350395161352,3494.1106169490295
forecast_5025,2025-07-29 09:00:00,3214.7479337365057,2601.056666295665,3144.0353878635656
forecast_5026,2025-07-29 10:00:00,3944.4040484574293,3887.1582155803885,3023.31951440543
forecast_5027,2025-07-29 11:00:00,3170.0303169651415,3159.0493481796066,3034.5701270897403
forecast_5028,2025-07-29 12:00:00,3483.938549824824,3647.43301144398,3360.8725046135096
forecast_5029,2025-07-29 13:00:00,3895.6044265385426,3933.014661139289,3899.3961242713813
forecast_5030,2025-07-29 14:00:00,3618.5881360809994,3672.2329892818116,3709.1944113048194
forecast_5031,2025-07-29 15:00:00,3609.4765001251053,3872.563481256231,2756.257053049725
forecast_5032,2025-07-29 16:00:00,3436.931665517579,3492.9506980053843,3674.7880762096465
forecast_5033,2025-07-29 17:00:00,3289.6116263899603,3063.56102439344,3095.846407627086
forecast_5034,2025-07-29 18:00:00,3565.900617800791,3212.4698483274296,2957.4905233139334
forecast_5035,2025-07-29 19:00:00,3957.3047645195893,3295.9958519774036,3097.9981275233567
forecast_5036,2025-07-29 20:00:00,3481.990609819608,3892.698260305798,3632.080279371461
forecast_5037,2025-07-29 21:00:00,4292.209873061677,3814.9732945210126,3723.601266810652
forecast_5038,2025-07-29 22:00:00,3808.760846508918,3422.7370388694835,3774.4383126322127
forecast_5039,2025-07-29 23:00:00,3784.734819141711,3668.7231783889665,4266.846874846891
forecast_5040,2025-07-30 00:00:00,3992.942045880331,3529.162656692447,4191.487010065025
forecast_5041,2025-07-30 01:00:00,3688.3484177849778,3805.801205097031,4232.543494402211
forecast_5042,2025-07-30 02:00:00,3737.217042255006,3551.822302374505,3867.3597145672684
forecast_5043,2025-07-30 03:00:00,3420.0028254313183,3517.4591314685617,3375.80652487758
forecast_5044,2025-07-30 04:00:00,3466.6169910350523,3732.3826666409186,3803.9763911374157
forecast_5045,2025-07-30 05:00:00,3435.0654475563715,3343.651846958503,3799.881215213508
forecast_5046,2025-07-30 06:00:00,3343.9699062115824,3210.0953787424746,3402.884313067223
forecast_5047,2025-07-30 07:00:00,3676.8583973956243,3488.941594186719,3774.415430206549
forecast_5048,2025-07-30 08:00:00,3212.773225102999,2756.4459252384845,2826.2023023927004
forecast_5049,2025-07-30 09:00:00,3064.3784005666193,3068.5169707211753,3184.1320351341287
forecast_5050,2025-07-30 10:00:00,3283.432188717787,3470.5682142176647,3795.5249756136022
forecast_5051,2025-07-30 11:00:00,3643.7321299351697,3450.01207930735,3006.215964891262
forecast_5052,2025-07-30 12:00:00,3476.82788917149,3411.3642903798464,3028.834051735565
forecast_5053,2025-07-30 13:00:00,3726.4409564981975,3730.6260358163518,3504.3306571179646
forecast_5054,2025-07-30 14:00:00,3830.25487882612,3625.833475198542,3765.2385588540774
forecast_5055,2025-07-30 15:00:00,4038.0010272567038,4150.741900377404,3757.1266756066652
forecast_5056,2025-07-30 16:00:00,4180.600527117954,3184.9755697601504,3425.945065572106
forecast_5057,2025-07-30 17:00:00,3283.670199585297,3231.6431354656143,3575.0420596546383
forecast_5058,2025-07-30 18:00:00,3328.9708371534516,3126.489767076953,3401.35416451708
forecast_5059,2025-07-30 19:00:00,3083.660892896688,2955.75233008051,3106.9203593711045
forecast_5060,2025-07-30 20:00:00,3056.614662288782,2858.9139175902783,2558.93581115125
forecast_5061,2025-07-30 21:00:00,2693.0579292624084,2723.7320623541555,2727.2520981744956
forecast_5062,2025-07-30 22:00:00,3806.036014100386,2807.2085645537936,2627.204967778297
forecast_5063,2025-07-30 23:00:00,4186.182535428734,3963.7354509520555,3641.29973585107
forecast_5064,2025-07-31 00:00:00,4087.0818073094033,3832.1999747213026,3897.7280189410585
forecast_5065,2025-07-31 01:00:00,4161.31491265091,3678.240710038291,3553.9572203483435
forecast_5066,2025-07-31 02:00:00,4555.545280451653,3398.515404260284,3428.9361314868925
forecast_5067,2025-07-31 03:00:00,4879.403219893208,4866.244909590257,3592.3085208266316
forecast_5068,2025-07-31 04:00:00,4478.997196678439,5099.209593843266,2837.991969870663
forecast_5069,2025-07-31 05:00:00,3362.7844853674387,3264.688724045545,2402.617418704512
forecast_5070,2025-07-31 06:00:00,3645.737984421045,3285.768503869577,4120.40463164989
forecast_5071,2025-07-31 07:00:00,3636.172852667426,4569.386317817276,4330.585287606852
forecast_5072,2025-07-31 08:00:00,3773.226523736693,3982.981294324148,3449.8870443783053
forecast_5073,2025-07-31 09:00:00,3369.4014253244322,3540.219784056422,3602.214719305831
forecast_5074,2025-07-31 10:00:00,3850.1000459443394,3649.506355409313,3759.746430102803
forecast_5075,2025-07-31 11:00:00,4019.6429547065604,3731.4465663577957,3873.894546004316
forecast_5076,2025-07-31 12:00:00,3964.9408532714215,3574.8929629807963,4116.297550990275
forecast_5077,2025-07-31 13:00:00,4765.344861701265,4031.2391310324374,4415.9742550138435
forecast_5078,2025-07-31 14:00:00,4315.723051612301,3783.8722930371323,3912.318037273368
forecast_5079,2025-07-31 15:00:00,4364.573485205797,3746.336103259332,3555.360692346795
forecast_5080,2025-07-31 16:00:00,4291.828844558104,3845.9676146708125,3741.178455932809
forecast_5081,2025-07-31 17:00:00,4127.439955899982,3949.2795149838516,3832.546124976534
forecast_5082,2025-07-31 18:00:00,3504.0287040784415,3138.75410111989,3015.1639149584107
forecast_5083,2025-07-31 19:00:00,3848.499591674803,3654.807827552564,2876.0678992423523
forecast_5084,2025-07-31 20:00:00,3725.0048633028046,4087.656421991761,3167.228205621629
forecast_5085,2025-07-31 21:00:00,3791.8859897027005,4350.444860309157,3261.8595197483764
forecast_5086,2025-07-31 22:00:00,3896.923602834832,4166.061716526237,3694.3402465194163
forecast_5087,2025-07-31 23:00:00,3660.733258688593,3838.7166260721315,3789.8858290587405
forecast_5088,2025-08-01 00:00:00,3279.018133911041,3312.787159461278,3638.871577073589
forecast_5089,2025-08-01 01:00:00,3298.8366058036436,3144.8162449160154,3850.5364913103417
forecast_5090,2025-08-01 02:00:00,2885.284582225547,3559.268544332608,3534.482600794485
forecast_5091,2025-08-01 03:00:00,3642.3136889959183,3746.7421336835523,3489.054180393221
forecast_5092,2025-08-01 04:00:00,3602.657727328309,3679.0049986859567,3639.121025897206
forecast_5093,2025-08-01 05:00:00,3563.6359317226734,3888.0407499740345,3322.727210295314
forecast_5094,2025-08-01 06:00:00,2685.146955439558,3276.194866261857,2800.128212522811
forecast_5095,2025-08-01 07:00:00,3004.2509030523615,3829.342813794106,3105.8510650337703
forecast_5096,2025-08-01 08:00:00,3190.204684064175,4061.2894267815077,3320.7263931607895
forecast_5097,2025-08-01 09:00:00,2868.6301250922206,3379.345690476149,2878.9504771371303
forecast_5098,2025-08-01 10:00:00,2990.9668187504853,4109.195639185781,3258.1332363661463
forecast_5099,2025-08-01 11:00:00,3709.6054331582764,3754.211567426285,3579.885096742066
forecast_5100,2025-08-01 12:00:00,3999.5068249223386,3929.597923044186,3304.3440390933233
forecast_5101,2025-08-01 13:00:00,3803.5465896325413,3839.2361897029086,4088.998172849934
forecast_5102,2025-08-01 14:00:00,4069.261058578105,3734.1876111407873,4237.856106765901
forecast_5103,2025-08-01 15:00:00,3941.7784088256994,3730.6935514770994,4104.1962047023535
forecast_5104,2025-08-01 16:00:00,3888.6666645740197,3580.163186586098,3815.323242981756
forecast_5105,2025-08-01 17:00:00,3397.1664273775823,3513.236630120273,3355.865142305861
forecast_5106,2025-08-01 18:00:00,3808.9272303777248,3748.7791195259156,3670.1524760361845
forecast_5107,2025-08-01 19:00:00,3291.2304166317444,3548.3185923335177,3333.9752880686824
forecast_5108,2025-08-01 20:00:00,2969.5819055073316,3207.4581225598326,3284.4032535691485
forecast_5109,2025-08-01 21:00:00,3099.463511802201,3280.8643920155337,3413.2562136726237
forecast_5110,2025-08-01 22:00:00,3541.866950461097,3885.3090967147155,3663.5068890737266
forecast_5111,2025-08-01 23:00:00,2890.581808332356,3874.94250366515,3514.5195724575387
forecast_5112,2025-08-02 00:00:00,3477.796293377589,4035.2924564553623,3377.1734297570374
forecast_5113,2025-08-02 01:00:00,4499.473042662862,4173.686462982605,3313.046599072838
forecast_5114,2025-08-02 02:00:00,5083.750104629093,5319.771422986054,3531.3242700613746
forecast_5115,2025-08-02 03:00:00,5941.363464321832,5551.710149025603,3815.1777714540995
forecast_5116,2025-08-02 04:00:00,6328.142992761951,6504.588093209629,4982.935492107552
forecast_5117,2025-08-02 05:00:00,7308.657235949062,8143.887379128377,5165.213466545929
forecast_5118,2025-08-02 06:00:00,9189.1792831238,9411.624660296206,6269.039808901864
forecast_5119,2025-08-02 07:00:00,8748.121455715353,8798.613627320563,6327.987665849604
forecast_5120,2025-08-02 08:00:00,7195.343037444635,6275.431690588102,4243.479038943192
forecast_5121,2025-08-02 09:00:00,5647.45589047891,5047.574056926765,3150.3681334619314
forecast_5122,2025-08-02 10:00:00,4006.4349196459507,3707.0427267910645,3267.284824676907
forecast_5123,2025-08-02 11:00:00,3461.8183677235766,3525.1841347020923,3398.0083707187414
forecast_5124,2025-08-02 12:00:00,3748.1754270302645,3825.4769772598656,3758.2164445529625
forecast_5125,2025-08-02 13:00:00,3492.3034464886487,3518.456120944487,3723.8314481747466
forecast_5126,2025-08-02 14:00:00,3956.9441337779544,4129.946349524349,4546.01389218023
forecast_5127,2025-08-02 15:00:00,3964.610860533326,4170.294645051336,4204.954301089267
forecast_5128,2025-08-02 16:00:00,4354.952759341198,4147.53969235426,4161.884960475418
forecast_5129,2025-08-02 17:00:00,3950.6812729858866,3509.0803786807505,4529.45203619575
forecast_5130,2025-08-02 18:00:00,3391.5787092642436,2891.9191687959087,2961.0889728526904
forecast_5131,2025-08-02 19:00:00,3663.0180451921874,3895.5261138123956,3712.949286827701
forecast_5132,2025-08-02 20:00:00,4201.787864197602,4221.187265886867,3449.654313455194
forecast_5133,2025-08-02 21:00:00,4100.1008637274845,4480.059991866874,3380.643085357651
forecast_5134,2025-08-02 22:00:00,3582.150809670185,3919.1857836589575,3104.9551339607365
forecast_5135,2025-08-02 23:00:00,3373.242872239422,3281.6683539859664,2774.8282850096384
forecast_5136,2025-08-03 00:00:00,3760.868675725791,3577.549332429689,3545.5230277516303
forecast_5137,2025-08-03 01:00:00,4034.539159456991,4714.307842649985,3183.9980758555116
forecast_5138,2025-08-03 02:00:00,3858.2753983414136,4326.784120145902,3617.6288436853038
forecast_5139,2025-08-03 03:00:00,4699.290804484468,3938.058293242075,3622.140248244941
forecast_5140,2025-08-03 04:00:00,3509.8541406719164,4048.6431401692007,3465.8556791635892
forecast_5141,2025-08-03 05:00:00,3333.310342029608,3503.234147211431,3692.0507752186604
forecast_5142,2025-08-03 06:00:00,3070.925558905798,3396.9912877919705,3576.4203073774243
forecast_5143,2025-08-03 07:00:00,3357.44734852706,3747.642232210232,3278.3661206248853
forecast_5144,2025-08-03 08:00:00,3747.5442315888095,3785.836003172293,3408.836822747877
forecast_5145,2025-08-03 09:00:00,3433.0175628323045,3803.336269271813,3899.6482350703654
forecast_5146,2025-08-03 10:00:00,3489.696236603946,3195.4844356958865,3768.9967522731085
forecast_5147,2025-08-03 11:00:00,3653.441574400079,4459.286625473449,3939.686901305645
forecast_5148,2025-08-03 12:00:00,3811.023626088529,3945.6920491975097,3934.3715441895188
forecast_5149,2025-08-03 13:00:00,3488.0592511855825,3643.0777563975435,4011.5903346710447
forecast_5150,2025-08-03 14:00:00,4164.165196576117,3651.6861452402372,3594.2290479183557
forecast_5151,2025-08-03 15:00:00,4166.681401600076,3790.8191987152977,3568.8100002508536
forecast_5152,2025-08-03 16:00:00,4485.953600147732,3640.285063026394,3413.8761148418553
forecast_5153,2025-08-03 17:00:00,3365.335255734382,3295.0182000380746,2477.9095071408155
forecast_5154,2025-08-03 18:00:00,4012.517138873578,4228.904910432935,2436.5917506356795
forecast_5155,2025-08-03 19:00:00,4491.837402534383,7796.694603378639,4100.808920576889
forecast_5156,2025-08-03 20:00:00,4934.395704061654,7134.48846106459,5001.863297321169
forecast_5157,2025-08-03 21:00:00,4830.985727657604,6078.2674039523245,4800.1230341045775
forecast_5158,2025-08-03 22:00:00,5316.636019623936,8272.394383014444,6128.788424331899
forecast_5159,2025-08-03 23:00:00,6183.264952033052,12031.392650122867,4389.376031135383
forecast_5160,2025-08-04 00:00:00,5565.374813452277,9034.19471577043,7337.467533216863
forecast_5161,2025-08-04 01:00:00,4810.417557049791,5934.428522427167,4856.179676633274
forecast_5162,2025-08-04 02:00:00,6666.894998458411,7944.895162538851,5137.1644747990185
forecast_5163,2025-08-04 03:00:00,5937.139393499726,9428.147587739106,6405.322962670255
forecast_5164,2025-08-04 04:00:00,7128.24938515604,10319.319519641216,7405.023667452134
forecast_5165,2025-08-04 05:00:00,9015.570141100183,11735.24773116814,10196.653231071497
forecast_5166,2025-08-04 06:00:00,6814.159719872047,9432.955024500434,8139.3309825472
forecast_5167,2025-08-04 07:00:00,8667.684360625066,10676.455337044743,8648.960719970326
forecast_5168,2025-08-04 08:00:00,8026.705056458203,9352.895326165264,7393.759913467569
forecast_5169,2025-08-04 09:00:00,8747.429072331335,10161.294082628086,6847.391513548394
forecast_5170,2025-08-04 10:00:00,8716.044390600171,9321.722916722592,6174.633659655923
forecast_5171,2025-08-04 11:00:00,6934.91912294892,10565.70227984698,5732.868135301277
forecast_5172,2025-08-04 12:00:00,6289.660049110346,8864.428509807385,5618.500933695575
forecast_5173,2025-08-04 13:00:00,6973.590770958024,7255.217276916542,4759.598671065953
forecast_5174,2025-08-04 14:00:00,3886.807794022516,5181.825961649902,3515.0030029803115
forecast_5175,2025-08-04 15:00:00,4851.311044706689,3883.3983029519923,3675.9554151361463
forecast_5176,2025-08-04 16:00:00,4755.443408096626,4443.388617087234,3761.079531814344
forecast_5177,2025-08-04 17:00:00,4216.213401410585,4312.2449071084975,3815.0235982336353
forecast_5178,2025-08-04 18:00:00,5272.504767671493,5258.809295417491,3549.958868149836
forecast_5179,2025-08-04 19:00:00,6856.466136108569,5901.426711342618,3800.7795854135434
forecast_5180,2025-08-04 20:00:00,5544.903608825175,5631.8321893028415,3410.0068869281704
forecast_5181,2025-08-04 21:00:00,9786.937610443674,7394.3705512477,4659.717498772171
forecast_5182,2025-08-04 22:00:00,9421.026033790513,8589.65994646373,5386.908969628632
forecast_5183,2025-08-04 23:00:00,11532.42103900752,11921.967813063404,7171.814598221091
forecast_5184,2025-08-05 00:00:00,13712.864680431014,11404.85145940444,8048.690809564517
forecast_5185,2025-08-05 01:00:00,6051.414783907633,5981.646589999111,4102.891429085901
forecast_5186,2025-08-05 02:00:00,5421.921129641131,5614.824319279334,4422.238583881306
forecast_5187,2025-08-05 03:00:00,5522.812315777877,5506.335560040712,3635.72741798285
forecast_5188,2025-08-05 04:00:00,4999.511718609547,4832.186333733594,3676.469741111602
forecast_5189,2025-08-05 05:00:00,4153.476423004463,3606.0572679121105,2916.6932016462933
forecast_5190,2025-08-05 06:00:00,3899.769755293935,3787.211300941892,3200.0422033161967
forecast_5191,2025-08-05 07:00:00,4095.0328188382223,3962.069289375335,3151.406071273262
forecast_5192,2025-08-05 08:00:00,3705.325160396174,3582.0869952648877,3209.8256207609393
forecast_5193,2025-08-05 09:00:00,3548.6404689820497,3589.739490171207,2606.0356635984263
forecast_5194,2025-08-05 10:00:00,3708.855076190421,3477.178542299326,2783.4496775002094
forecast_5195,2025-08-05 11:00:00,3728.6074161918464,3639.1346301016792,2582.1365582055396
forecast_5196,2025-08-05 12:00:00,4159.710948854329,3497.0164558279334,2870.0421834440076
forecast_5197,2025-08-05 13:00:00,3840.3608199168348,3727.462621080812,3857.1568146812942
forecast_5198,2025-08-05 14:00:00,5419.680703264318,5859.993918934999,4745.925953267872
forecast_5199,2025-08-05 15:00:00,6984.348054203494,7441.25248773951,5763.281249171969
forecast_5200,2025-08-05 16:00:00,7229.725368386405,6040.490803081955,6247.9109273404865
forecast_5201,2025-08-05 17:00:00,7383.040723190617,6452.876812755899,5696.22330814443
forecast_5202,2025-08-05 18:00:00,6408.143759904433,6466.797114405529,4090.100582500567
forecast_5203,2025-08-05 19:00:00,5871.895384075106,5780.440241762899,3854.8543685630966
forecast_5204,2025-08-05 20:00:00,7550.477978964447,8379.013729471615,6012.742634336935
forecast_5205,2025-08-05 21:00:00,9322.773605441933,10055.838400800687,6562.789325163213
forecast_5206,2025-08-05 22:00:00,10259.495295237206,10393.044109970624,7840.598766932293
forecast_5207,2025-08-05 23:00:00,10714.51510716381,12366.363156157995,7931.952257289289
forecast_5208,2025-08-06 00:00:00,8497.398947387808,10793.599443177269,7435.022564071487
forecast_5209,2025-08-06 01:00:00,12820.818896083507,13742.418299986119,12202.413063000758
forecast_5210,2025-08-06 02:00:00,13441.489275776084,13557.114918547752,13077.259520026191
forecast_5211,2025-08-06 03:00:00,14083.520574957862,13453.557140173449,12614.428125654249
forecast_5212,2025-08-06 04:00:00,12304.012895560698,16155.099436303743,12293.242318536299
forecast_5213,2025-08-06 05:00:00,13913.110021405259,15068.554807441842,13913.530814071657
forecast_5214,2025-08-06 06:00:00,14403.440951565412,15863.213381615382,14874.61440505593
forecast_5215,2025-08-06 07:00:00,15753.139002466658,16980.49887593816,15653.106216553644
forecast_5216,2025-08-06 08:00:00,15759.163978426366,15888.027484909784,15252.04191853892
forecast_5217,2025-08-06 09:00:00,15893.180024009936,16792.53008685752,17553.299518803356
forecast_5218,2025-08-06 10:00:00,16887.683482868157,17245.104566458234,17798.661591313532
forecast_5219,2025-08-06 11:00:00,15769.336471747934,16437.4267024522,16348.642525133284
forecast_5220,2025-08-06 12:00:00,15894.747166287969,16986.636945883703,16337.914647186191
forecast_5221,2025-08-06 13:00:00,16387.985577438696,17702.235582250738,17675.823757301674
forecast_5222,2025-08-06 14:00:00,16211.534757063568,17883.99887168763,17968.211240442906
forecast_5223,2025-08-06 15:00:00,15815.597635739465,17632.640555335944,16482.468300481734
forecast_5224,2025-08-06 16:00:00,16928.23593738307,16239.581616620593,17092.631460174263
forecast_5225,2025-08-06 17:00:00,17021.815070413664,16684.77457559842,16454.190364512062
forecast_5226,2025-08-06 18:00:00,16127.125206063305,17831.177626397348,16984.309123168434
forecast_5227,2025-08-06 19:00:00,17075.1394774502,17650.544633664955,17691.714953039525
forecast_5228,2025-08-06 20:00:00,16859.512540170614,16548.516898235415,17108.855651137106
forecast_5229,2025-08-06 21:00:00,16765.90096506952,17429.968889382893,17280.5218097577
forecast_5230,2025-08-06 22:00:00,17658.12656409438,17088.953577863274,17775.615278419595
forecast_5231,2025-08-06 23:00:00,16790.247501994752,17217.95112150875,18161.46627022926
forecast_5232,2025-08-07 00:00:00,15570.12025500676,17697.98211761783,16915.736130550267
forecast_5233,2025-08-07 01:00:00,16053.888477356204,16778.783852197623,16759.67101866859
forecast_5234,2025-08-07 02:00:00,17129.678719733554,16597.41326009625,16656.68016286867
forecast_5235,2025-08-07 03:00:00,16576.70141434502,16577.434065825266,16801.3655871653
forecast_5236,2025-08-07 04:00:00,16653.007114931024,17004.62767075022,17036.834208199925
forecast_5237,2025-08-07 05:00:00,16817.115974502463,17528.100813875353,17326.816791473753
forecast_5238,2025-08-07 06:00:00,15923.29872189438,17343.388018120208,17280.757918908952
forecast_5239,2025-08-07 07:00:00,13948.885737017019,15744.48184012148,12772.176924645979
forecast_5240,2025-08-07 08:00:00,11437.19450428158,13313.023157148404,9938.855167585605
forecast_5241,2025-08-07 09:00:00,7598.63800752243,8235.18020338858,5962.112568279305
forecast_5242,2025-08-07 10:00:00,6483.853267138773,6202.740378959251,5152.19575579985
forecast_5243,2025-08-07 11:00:00,4319.635430994711,3944.284663459944,4517.26807390123
forecast_5244,2025-08-07 12:00:00,3846.740195869656,3379.8250487391897,3842.3975996526488
forecast_5245,2025-08-07 13:00:00,3517.2072273852623,3137.380064755915,3638.976620178756
forecast_5246,2025-08-07 14:00:00,3840.3345138954596,3524.132856013087,4341.428857496483
forecast_5247,2025-08-07 15:00:00,5405.30793731461,3398.557173602483,3865.016780990862
forecast_5248,2025-08-07 16:00:00,4017.578710052211,3590.1777649039177,3956.5685668027736
forecast_5249,2025-08-07 17:00:00,3372.333185449249,3918.9132435479546,3148.5360449057753
forecast_5250,2025-08-07 18:00:00,3732.58746934801,3820.0687777224084,3451.510686588367
forecast_5251,2025-08-07 19:00:00,3593.010725480997,3276.4144458047294,3557.6361338997376
forecast_5252,2025-08-07 20:00:00,3438.445735712827,3854.5403139972937,3059.3690169676943
forecast_5253,2025-08-07 21:00:00,4519.397587173469,5571.985783689533,4423.552500352645
forecast_5254,2025-08-07 22:00:00,7360.769847681886,7090.36310052137,4794.467033879576
forecast_5255,2025-08-07 23:00:00,7645.583344131966,8883.472960229752,6094.823140366524
forecast_5256,2025-08-08 00:00:00,7928.354626391681,8797.708798160455,6579.577806187285
forecast_5257,2025-08-08 01:00:00,6592.51285689956,6458.634733539596,5532.383534825392
forecast_5258,2025-08-08 02:00:00,6147.923396805925,6771.522139254658,4945.196616987684
forecast_5259,2025-08-08 03:00:00,5475.798709175507,6148.573015370244,4996.456944613072
forecast_5260,2025-08-08 04:00:00,4845.680569502795,5898.26121485407,4899.750952029665
forecast_5261,2025-08-08 05:00:00,4291.169645284632,4655.12728334975,4281.105951027464
forecast_5262,2025-08-08 06:00:00,4135.622269004028,4828.924281219799,3580.041973668595
forecast_5263,2025-08-08 07:00:00,4030.7158346718516,4212.074331326666,3537.521622599417
forecast_5264,2025-08-08 08:00:00,4162.465632547428,4056.3610379281117,3389.8553621211677
forecast_5265,2025-08-08 09:00:00,3291.6262692836326,3038.868099110069,3639.0714568868534
forecast_5266,2025-08-08 10:00:00,3648.5195692769157,3342.7224563246923,2928.44338945961
forecast_5267,2025-08-08 11:00:00,2905.0543340776294,3636.241132839732,3274.2669455817963
forecast_5268,2025-08-08 12:00:00,3820.127453862385,3870.5514576854885,3562.3949076065637
forecast_5269,2025-08-08 13:00:00,4155.902341746201,3646.2990470685763,3873.9731257861795
forecast_5270,2025-08-08 14:00:00,3352.156219310686,3812.3069309548628,3763.4483318776065
forecast_5271,2025-08-08 15:00:00,4149.898592442291,3849.2702699070915,4134.197164950841
forecast_5272,2025-08-08 16:00:00,3011.551501369178,3459.981379322093,3377.6654212808003
forecast_5273,2025-08-08 17:00:00,3288.772718487501,2957.344775478216,3299.7544271471215
forecast_5274,2025-08-08 18:00:00,3240.1477488345636,3105.091571224436,3163.8499405715115
forecast_5275,2025-08-08 19:00:00,3157.930332488263,3421.9876105813437,3162.5942944793583
forecast_5276,2025-08-08 20:00:00,3680.5428367632912,4069.8947815002653,3395.8687499774796
forecast_5277,2025-08-08 21:00:00,3276.844791153651,3942.0780396617906,3587.3787838577364
forecast_5278,2025-08-08 22:00:00,4108.381469186144,4593.033937174577,3727.297736704459
forecast_5279,2025-08-08 23:00:00,3575.4638244300136,4788.475023345907,3406.6832971357544
forecast_5280,2025-08-09 00:00:00,4143.892542908008,5775.855954838896,3379.993452387411
forecast_5281,2025-08-09 01:00:00,3625.1484391542463,3665.6527218031533,4676.829811285234
forecast_5282,2025-08-09 02:00:00,3431.907889886118,3720.598350508243,3223.624811690922
forecast_5283,2025-08-09 03:00:00,3806.6727349408234,3779.915129881311,3420.7864898373327
forecast_5284,2025-08-09 04:00:00,4457.527668927223,3822.176688405384,2953.3680112128854
forecast_5285,2025-08-09 05:00:00,4044.0681331625174,4580.836344817634,3192.476721109584
forecast_5286,2025-08-09 06:00:00,3963.959430111928,3718.0633384356347,3401.7764226539175
forecast_5287,2025-08-09 07:00:00,4285.909473389859,4040.8452099568212,3911.9470784273435
forecast_5288,2025-08-09 08:00:00,3802.0850289894797,4193.156935619581,3199.9522541370366
forecast_5289,2025-08-09 09:00:00,3750.0218588222665,4310.268041556692,3624.692470069126
forecast_5290,2025-08-09 10:00:00,3823.282746544027,4719.572236123438,3352.4716975058072
forecast_5291,2025-08-09 11:00:00,4498.214558992796,4462.05071577705,3436.646336943498
forecast_5292,2025-08-09 12:00:00,3770.624994290505,4236.692855679572,3688.2262172295177
forecast_5293,2025-08-09 13:00:00,3823.4200417361562,4052.4687636795493,3606.9454081496237
forecast_5294,2025-08-09 14:00:00,4125.644613307655,4224.4172158701285,3973.8474421441483
forecast_5295,2025-08-09 15:00:00,3599.127316313289,3807.7883436797056,4267.374659245672
forecast_5296,2025-08-09 16:00:00,3707.1070133069843,3232.6867694527045,3874.8475767017835
forecast_5297,2025-08-09 17:00:00,3901.570760824934,3633.375212988753,4249.369374016995
forecast_5298,2025-08-09 18:00:00,3778.389889798585,3247.4483517464128,3960.2478738182235
forecast_5299,2025-08-09 19:00:00,3456.5306101918713,4284.115679295368,4970.236976972918
forecast_5300,2025-08-09 20:00:00,3355.07923954676,4295.886449521748,4102.036229748531
forecast_5301,2025-08-09 21:00:00,3961.2028647676875,3862.963164646405,4034.678373254077
forecast_5302,2025-08-09 22:00:00,4003.182053159696,3221.1277789278947,3064.376776152478
forecast_5303,2025-08-09 23:00:00,4066.474059223449,3790.46964698411,4273.074986313155
forecast_5304,2025-08-10 00:00:00,3675.990848724496,3888.3119329403826,3732.5097592336315
forecast_5305,2025-08-10 01:00:00,3712.268856633774,3130.8468166770954,3858.667276701757
forecast_5306,2025-08-10 02:00:00,3794.7511964505347,3711.471899261307,3401.444192908595
forecast_5307,2025-08-10 03:00:00,3233.9343003700706,3241.646008153545,3217.7233097310504
forecast_5308,2025-08-10 04:00:00,3209.8156634141096,2876.697694009661,3183.0895468639374
forecast_5309,2025-08-10 05:00:00,3255.8520725226153,3108.5758575640675,3079.562676340248
forecast_5310,2025-08-10 06:00:00,3387.365783498056,3344.0956368307116,3191.438642272027
forecast_5311,2025-08-10 07:00:00,2675.32848681844,2944.3041037060357,3139.1962555755254
forecast_5312,2025-08-10 08:00:00,2349.5058164203215,2963.8522850843888,3099.107705149928
forecast_5313,2025-08-10 09:00:00,2601.7444187249102,3428.0749269530993,3305.004975698143
forecast_5314,2025-08-10 10:00:00,3040.2809510970483,3409.2577832111447,3534.6424295507545
forecast_5315,2025-08-10 11:00:00,3474.397015156216,3947.678436962966,3708.5585394110926
forecast_5316,2025-08-10 12:00:00,3687.6914319094385,3702.133564798491,3166.15523055238
forecast_5317,2025-08-10 13:00:00,3649.8953105616533,3969.664025531454,3743.6447946454564
forecast_5318,2025-08-10 14:00:00,3963.954429409736,4059.51250549644,4057.0652598230263
forecast_5319,2025-08-10 15:00:00,4041.9263509545817,3911.696908641913,3638.3528571617217
forecast_5320,2025-08-10 16:00:00,3352.8820316894125,3902.033583214683,3180.943308592079
forecast_5321,2025-08-10 17:00:00,3370.6333767481087,3191.7265851268007,3729.2976158814763
forecast_5322,2025-08-10 18:00:00,2812.1015195648115,3836.892896585303,3348.5781603825853
forecast_5323,2025-08-10 19:00:00,3312.62522820698,4036.415595084115,3295.5317298480045
forecast_5324,2025-08-10 20:00:00,3063.1999431500935,4036.773353500259,3484.441088495292
forecast_5325,2025-08-10 21:00:00,3048.908964476571,3432.4109483146094,3300.3684516678727
forecast_5326,2025-08-10 22:00:00,3451.90199074822,3264.553132659383,3635.102790689805
forecast_5327,2025-08-10 23:00:00,3666.435931502298,3966.9262301643075,3428.6791932640963
forecast_5328,2025-08-11 00:00:00,3590.6524003178442,3426.939105057314,3588.5738304465667
forecast_5329,2025-08-11 01:00:00,3316.3063243283086,3475.4355360386003,3564.0290554606345
forecast_5330,2025-08-11 02:00:00,3762.4114260753904,3773.5428948734534,3579.9508802699047
forecast_5331,2025-08-11 03:00:00,3307.6093639196333,3700.5433412355005,3146.9379664128883
forecast_5332,2025-08-11 04:00:00,3424.866086333767,3736.465453882575,3183.996941966515
forecast_5333,2025-08-11 05:00:00,3375.108221548031,3197.3330708848525,3072.1612772057724
forecast_5334,2025-08-11 06:00:00,3036.990698528003,3678.0685743006106,3469.5028195952236
forecast_5335,2025-08-11 07:00:00,3439.689829584203,3724.2858317115697,3737.893634540787
forecast_5336,2025-08-11 08:00:00,3285.0258887988366,3561.8929532806105,3353.3352921346595
forecast_5337,2025-08-11 09:00:00,3107.9548752389237,3324.2082908581133,3232.511585514
forecast_5338,2025-08-11 10:00:00,3060.7961022878612,3131.3749507806815,3329.512049865223
forecast_5339,2025-08-11 11:00:00,3337.6313231402637,3511.9294563067115,3438.8208291169335
forecast_5340,2025-08-11 12:00:00,3422.9070733513145,3209.1725524160374,3418.8817929367797
forecast_5341,2025-08-11 13:00:00,3376.585008412827,3613.0726864529224,3223.953799186611
forecast_5342,2025-08-11 14:00:00,2914.006611656544,3164.7273733464276,3564.0071585400224
forecast_5343,2025-08-11 15:00:00,4338.805314676575,4137.654881404356,4020.7316677470985
forecast_5344,2025-08-11 16:00:00,3599.4790504861435,3525.763082644798,3626.103269185078
forecast_5345,2025-08-11 17:00:00,4377.272417425166,3667.615630728611,3978.796101185825
forecast_5346,2025-08-11 18:00:00,3833.5735878601995,3681.9427093870063,2962.9578419299314
forecast_5347,2025-08-11 19:00:00,4118.713771756183,4065.037083309698,3670.5362418851328
forecast_5348,2025-08-11 20:00:00,3546.0166232375896,3860.8066509504506,3497.8321362002143
forecast_5349,2025-08-11 21:00:00,4220.569956469219,3911.9939732026496,4300.680407786055
forecast_5350,2025-08-11 22:00:00,3824.695310112652,4189.569226130619,3370.1989104140075
forecast_5351,2025-08-11 23:00:00,3568.4609591762264,3002.176649340737,3291.1775038267033
forecast_5352,2025-08-12 00:00:00,3600.851311873911,3213.3051247924705,3566.006845684174
forecast_5353,2025-08-12 01:00:00,3211.526085835895,3305.830864518088,3282.3148641437083
forecast_5354,2025-08-12 02:00:00,3253.8602190084093,3107.49242042214,3581.56758352182
forecast_5355,2025-08-12 03:00:00,4471.200609637301,4213.954862422677,3140.9705998607587
forecast_5356,2025-08-12 04:00:00,4033.4808563928996,4070.358071235604,3163.5480106171076
forecast_5357,2025-08-12 05:00:00,3485.232794283384,3403.1376664351137,3538.8254567490976
forecast_5358,2025-08-12 06:00:00,3586.7246696182406,3533.5360692779245,3220.190046002588
forecast_5359,2025-08-12 07:00:00,3595.448620832201,3521.6606555415046,3108.8958746397666
forecast_5360,2025-08-12 08:00:00,2583.0110662489524,3528.692000040306,3145.8756518027403
forecast_5361,2025-08-12 09:00:00,2932.801729543691,2836.864326055888,3093.253499958476
forecast_5362,2025-08-12 10:00:00,3147.983240300699,3320.5602392358946,3343.8461940506927
forecast_5363,2025-08-12 11:00:00,3540.4775496526804,3046.119064821867,3712.070740484705
forecast_5364,2025-08-12 12:00:00,3418.6158853732636,3031.111202525819,3527.981974598043
forecast_5365,2025-08-12 13:00:00,3402.059597721024,3412.69086726995,3245.3527668286974
forecast_5366,2025-08-12 14:00:00,3631.9536436672006,3790.198576032143,3965.0702404836484
forecast_5367,2025-08-12 15:00:00,3547.901056795613,3970.389278867008,3929.0102352146178
forecast_5368,2025-08-12 16:00:00,4211.8573909721745,4080.9959369905714,3811.402346535327
forecast_5369,2025-08-12 17:00:00,3991.765182178755,4140.665152230086,4151.504080054431
forecast_5370,2025-08-12 18:00:00,3678.7722415224243,4591.016059728449,4340.02055276088
forecast_5371,2025-08-12 19:00:00,3304.1182542292545,3544.7524130063075,4034.8169437406705
forecast_5372,2025-08-12 20:00:00,3720.3102802771054,3557.570062452002,3896.9273323774414
forecast_5373,2025-08-12 21:00:00,3605.9400113589136,3481.082499239677,3521.6283753360367
forecast_5374,2025-08-12 22:00:00,4748.162729852114,5070.311429438237,4533.071359594556
forecast_5375,2025-08-12 23:00:00,4096.25258195977,4783.548775603365,4354.1011485215495
forecast_5376,2025-08-13 00:00:00,4798.420134949803,5971.976010273039,4179.320159799048
forecast_5377,2025-08-13 01:00:00,3252.0799477925752,3648.8614865506265,3184.2547816520014
forecast_5378,2025-08-13 02:00:00,4202.164792257325,4065.8917298331316,3363.667953693244
forecast_5379,2025-08-13 03:00:00,3770.0689999563992,3606.1698629808025,3071.4912843426337
forecast_5380,2025-08-13 04:00:00,4683.59828913025,4458.654281415502,3663.804121803865
forecast_5381,2025-08-13 05:00:00,4428.949877040535,4414.990041494019,4038.517097518144
forecast_5382,2025-08-13 06:00:00,4687.637903899291,6832.371829965677,4510.352820365459
forecast_5383,2025-08-13 07:00:00,5087.5617151171355,7636.3808938643,5111.446155769195
forecast_5384,2025-08-13 08:00:00,5634.026969448195,8064.63142218237,5616.04128197504
forecast_5385,2025-08-13 09:00:00,6323.108535012312,8538.919580242764,6116.444399932676
forecast_5386,2025-08-13 10:00:00,9777.247539533164,9624.327018854987,7054.818142490672
forecast_5387,2025-08-13 11:00:00,6891.5198011564235,9018.773461466219,6039.896840515388
forecast_5388,2025-08-13 12:00:00,6609.691475042494,10049.101070164766,6754.480091098818
forecast_5389,2025-08-13 13:00:00,6910.689572527525,8812.823070100687,5800.5116541165235
forecast_5390,2025-08-13 14:00:00,5688.067200393754,11453.641623629046,6957.916641416812
forecast_5391,2025-08-13 15:00:00,8375.908604939548,12239.459640238983,6607.3667229576595
forecast_5392,2025-08-13 16:00:00,6810.691506893961,9022.20331830484,7947.9365491857525
forecast_5393,2025-08-13 17:00:00,6270.4067837178745,9204.376768179769,7654.692998457394
forecast_5394,2025-08-13 18:00:00,9001.690522604435,15251.693751128127,10123.171246961516
forecast_5395,2025-08-13 19:00:00,10211.219870317698,14806.480851709377,10660.733422632935
forecast_5396,2025-08-13 20:00:00,14725.905489944467,14869.591832268725,16064.682566837631
forecast_5397,2025-08-13 21:00:00,17982.238094995926,17778.229599609043,17939.051847312836
forecast_5398,2025-08-13 22:00:00,18309.67753209249,18643.885501380882,19171.357386209886
forecast_5399,2025-08-13 23:00:00,18772.02730190102,18962.544255946857,18832.073354209668
forecast_5400,2025-08-14 00:00:00,18761.352913279698,18789.586311163686,18863.451400189755
forecast_5401,2025-08-14 01:00:00,18910.53974487692,18810.182659615406,18857.92650888919
forecast_5402,2025-08-14 02:00:00,18799.955888680848,18697.10128842985,18965.31398272995
forecast_5403,2025-08-14 03:00:00,18109.635867453948,18131.279892933526,18561.05808086166
forecast_5404,2025-08-14 04:00:00,15384.607931697157,16815.153931133278,16788.7305260036
forecast_5405,2025-08-14 05:00:00,15441.620430554283,17184.444901083407,16568.365081569144
forecast_5406,2025-08-14 06:00:00,14549.913280693143,16488.844367069007,17704.524307347492
forecast_5407,2025-08-14 07:00:00,13198.78388861405,15510.67813342398,12946.391791846336
forecast_5408,2025-08-14 08:00:00,11934.232497936538,15213.270524499496,14507.009588445831
forecast_5409,2025-08-14 09:00:00,13551.882143368255,15742.495721103774,14534.404659386219
forecast_5410,2025-08-14 10:00:00,13229.507407994826,13890.712083502538,12405.710525973414
forecast_5411,2025-08-14 11:00:00,10895.003856810321,9799.531963290452,10160.319326262243
forecast_5412,2025-08-14 12:00:00,8265.719582608603,9499.307161322906,8189.002929358279
forecast_5413,2025-08-14 13:00:00,7517.198562637364,9670.221070441898,7071.073864022865
forecast_5414,2025-08-14 14:00:00,9327.887569143284,11369.96845974352,8234.55358235134
forecast_5415,2025-08-14 15:00:00,9804.826504695155,9615.22270712412,9048.240844087502
forecast_5416,2025-08-14 16:00:00,12488.880966509036,11399.070361219514,12170.271302868225
forecast_5417,2025-08-14 17:00:00,13730.847451139427,11924.59231341465,11433.229012629039
forecast_5418,2025-08-14 18:00:00,11610.509613113392,11447.007865792135,11262.27379209412
forecast_5419,2025-08-14 19:00:00,11153.867631819054,10751.756947593434,11829.837519767905
forecast_5420,2025-08-14 20:00:00,14169.108622810514,13965.427582362838,12682.17061097415
forecast_5421,2025-08-14 21:00:00,13924.429268364747,14441.18734705226,12501.060642703342
forecast_5422,2025-08-14 22:00:00,16047.570168007562,15850.16743905445,15125.056989847517
forecast_5423,2025-08-14 23:00:00,15969.805238475092,16068.444728433722,14730.027697844598
forecast_5424,2025-08-15 00:00:00,14815.989147250944,14738.290077246384,12711.12127307985
forecast_5425,2025-08-15 01:00:00,12661.758082408347,14017.16885462428,11068.632872126407
forecast_5426,2025-08-15 02:00:00,11414.208573850501,13437.772801138446,9075.569254289823
forecast_5427,2025-08-15 03:00:00,10863.149021621359,13730.62821718934,8734.258216815586
forecast_5428,2025-08-15 04:00:00,11126.760564691585,13597.974424178505,9053.277391042278
forecast_5429,2025-08-15 05:00:00,9478.163808355634,15754.638428518805,8301.900273178031
forecast_5430,2025-08-15 06:00:00,8632.384969907725,11596.58524456939,7636.471858647461
forecast_5431,2025-08-15 07:00:00,7114.3706295961265,8951.094450664108,4807.280006576571
forecast_5432,2025-08-15 08:00:00,7651.685145480723,6781.784186155844,4027.8778442011367
forecast_5433,2025-08-15 09:00:00,3676.6475032315766,3320.4873499835358,3430.150660349889
forecast_5434,2025-08-15 10:00:00,3549.826485433204,3684.103416532252,3245.6085538258376
forecast_5435,2025-08-15 11:00:00,3133.287276930806,3169.38575608876,3560.9182775812965
forecast_5436,2025-08-15 12:00:00,3952.134320491331,3319.438140211655,3943.6142274637064
forecast_5437,2025-08-15 13:00:00,3642.173611629742,3930.878286888105,4366.398912618712
forecast_5438,2025-08-15 14:00:00,2977.014783260162,3477.7556311024045,4142.879906021643
forecast_5439,2025-08-15 15:00:00,3177.4029193133542,2924.885038643157,3605.593143307372
forecast_5440,2025-08-15 16:00:00,3902.142416505913,3876.48668075198,4154.60351090791
forecast_5441,2025-08-15 17:00:00,3862.4143679812764,3324.3650634955343,4017.72358909159
forecast_5442,2025-08-15 18:00:00,4014.6443014775846,3353.282926676332,3597.5168700745335
forecast_5443,2025-08-15 19:00:00,3421.3299745809677,3667.0243947215704,3314.7595471351206
forecast_5444,2025-08-15 20:00:00,4293.559890052896,4090.8606399257096,3194.646052961762
forecast_5445,2025-08-15 21:00:00,5001.139144418874,5835.312771994296,4487.101777952485
forecast_5446,2025-08-15 22:00:00,7004.540442545963,7223.028161546631,5184.247046983118
forecast_5447,2025-08-15 23:00:00,6399.569861124931,7304.911170545659,4806.577084185575
forecast_5448,2025-08-16 00:00:00,8181.55980031502,9543.37647936588,5538.9343223691885
forecast_5449,2025-08-16 01:00:00,11222.265485151624,10864.016198120986,8672.725071600642
forecast_5450,2025-08-16 02:00:00,11646.642878015158,12542.878712652348,10326.468523796444
forecast_5451,2025-08-16 03:00:00,12312.010864677797,13050.21276340092,9993.991517908944
forecast_5452,2025-08-16 04:00:00,11672.707844259032,13950.308038587498,9381.774963018433
forecast_5453,2025-08-16 05:00:00,11360.184939470779,12499.744036898677,8674.11644017097
forecast_5454,2025-08-16 06:00:00,10112.302414156979,14795.21400830583,8566.799485588564
forecast_5455,2025-08-16 07:00:00,10599.620942001251,11248.656619649042,8583.212415775648
forecast_5456,2025-08-16 08:00:00,8225.911829292267,10149.83105459518,6600.5494366744415
forecast_5457,2025-08-16 09:00:00,8784.375455694315,8119.23134623552,5077.837232136315
forecast_5458,2025-08-16 10:00:00,5476.702166117664,4662.427588127668,3217.976501524074
forecast_5459,2025-08-16 11:00:00,6548.151040759533,4505.617043940642,3861.786430405724
forecast_5460,2025-08-16 12:00:00,5876.2144340276745,3567.6663256497814,3774.467890835403
forecast_5461,2025-08-16 13:00:00,5835.712992440623,4469.75082585025,4592.3152634380285
forecast_5462,2025-08-16 14:00:00,8991.956395841731,8774.146738501006,7155.566800866535
forecast_5463,2025-08-16 15:00:00,8566.704935437127,5798.5380454165115,5495.705978919724
forecast_5464,2025-08-16 16:00:00,7822.381376676532,5729.344943804348,6665.877337980221
forecast_5465,2025-08-16 17:00:00,8270.806929518616,7355.663168226171,7575.540356054529
forecast_5466,2025-08-16 18:00:00,10744.464962354441,8668.278340931209,9791.13572450076
forecast_5467,2025-08-16 19:00:00,12587.292270941833,10198.1587929997,10484.545452347022
forecast_5468,2025-08-16 20:00:00,13771.28391042425,11923.094181751238,12029.524357235088
forecast_5469,2025-08-16 21:00:00,15866.93152025131,15758.022561318414,14706.73332791572
forecast_5470,2025-08-16 22:00:00,17521.747127974,17082.338539954988,16950.20602896271
forecast_5471,2025-08-16 23:00:00,18515.038081321487,17661.818471611463,17384.216630779727
forecast_5472,2025-08-17 00:00:00,18696.25651280837,17454.326012256293,16923.426344565374
forecast_5473,2025-08-17 01:00:00,18801.953525594945,18560.204816199945,16815.581194902203
forecast_5474,2025-08-17 02:00:00,19092.4377780663,18247.268303377765,16847.55791573873
forecast_5475,2025-08-17 03:00:00,18558.268384630166,17420.486455604183,16295.904815589525
forecast_5476,2025-08-17 04:00:00,19417.148729972414,18573.15442227026,17172.441154521744
forecast_5477,2025-08-17 05:00:00,20015.26361353233,19014.07545317345,17630.350269466202
forecast_5478,2025-08-17 06:00:00,19256.650429754056,18457.417881114856,17498.813848804824
forecast_5479,2025-08-17 07:00:00,16250.057712252532,16880.18885999994,13746.936223613142
forecast_5480,2025-08-17 08:00:00,14676.932967204892,17245.35665224857,13233.355756843008
forecast_5481,2025-08-17 09:00:00,10805.549725492257,13576.239685660852,9614.83781518765
forecast_5482,2025-08-17 10:00:00,7164.808997372541,8612.42641346569,6228.406801367969
forecast_5483,2025-08-17 11:00:00,5037.256624776107,6835.640585725912,4925.370773753131
forecast_5484,2025-08-17 12:00:00,4974.942382753076,4126.656730154422,3562.5959118940236
forecast_5485,2025-08-17 13:00:00,4244.801660878623,3609.8837629193235,3711.7543822568564
forecast_5486,2025-08-17 14:00:00,4682.273288785871,3618.9725431077354,2992.481432348019
forecast_5487,2025-08-17 15:00:00,4296.186476374984,3757.0175225689604,3235.2030611841956
forecast_5488,2025-08-17 16:00:00,4506.377153228994,4361.56494957634,3564.6155033037003
forecast_5489,2025-08-17 17:00:00,3695.4617399785584,3920.7619371249875,3374.2649887943785
forecast_5490,2025-08-17 18:00:00,4084.0653864191936,3422.563568537716,2820.3718750828602
forecast_5491,2025-08-17 19:00:00,5748.511667373003,4145.4541709678515,3366.7687363075584
forecast_5492,2025-08-17 20:00:00,5334.054677332979,6541.766887041941,4674.284563076697
forecast_5493,2025-08-17 21:00:00,5673.127088996973,7316.4289094034675,5626.262430702991
forecast_5494,2025-08-17 22:00:00,7145.277781101062,7282.326873594196,5320.953345480533
forecast_5495,2025-08-17 23:00:00,6026.241057829659,5673.85535109757,4399.477833181922
forecast_5496,2025-08-18 00:00:00,7843.63936328997,9657.407791936854,5400.206984434091
forecast_5497,2025-08-18 01:00:00,10413.979342115535,9838.606785048933,6290.791974528422
forecast_5498,2025-08-18 02:00:00,9734.982547413463,8722.818488168228,5596.442598392196
forecast_5499,2025-08-18 03:00:00,10311.342222655405,10019.123834161235,6576.236517928318
forecast_5500,2025-08-18 04:00:00,8916.818068271143,9432.645292425135,6465.47062512999
forecast_5501,2025-08-18 05:00:00,9948.128504719,10430.087832708352,6637.846178913001
forecast_5502,2025-08-18 06:00:00,12110.327537394563,10129.062183060323,8319.9543767393
forecast_5503,2025-08-18 07:00:00,13051.837446476491,10633.488122679155,7956.604446344068
forecast_5504,2025-08-18 08:00:00,13350.369042694858,12471.89921479678,9280.30647269333
forecast_5505,2025-08-18 09:00:00,11045.026945122365,10505.462392457035,7976.258745717746
forecast_5506,2025-08-18 10:00:00,8903.768624663719,7698.456550937595,5730.4331367172135
forecast_5507,2025-08-18 11:00:00,6836.64271388883,6993.587476211366,5228.571851172936
forecast_5508,2025-08-18 12:00:00,7037.061153672887,6907.54963443268,5285.531918475119
forecast_5509,2025-08-18 13:00:00,5556.214327542224,4270.011848637819,4114.3866349769705
forecast_5510,2025-08-18 14:00:00,6410.212825070073,5031.302834896335,3739.03085669299
forecast_5511,2025-08-18 15:00:00,6057.9891083174625,5898.462823434611,4632.198504764606
forecast_5512,2025-08-18 16:00:00,5467.808166014975,4780.977327721315,4585.142568902592
forecast_5513,2025-08-18 17:00:00,6273.03208480403,4845.354470491329,3204.193448266604
forecast_5514,2025-08-18 18:00:00,8169.779599729205,6640.533628329464,5479.604180122118
forecast_5515,2025-08-18 19:00:00,8236.718429441555,8913.740283058985,7400.107435069104
forecast_5516,2025-08-18 20:00:00,15063.07766289376,15008.65414249689,11061.533872504368
forecast_5517,2025-08-18 21:00:00,12952.195497848243,14207.568447563992,11518.500547485002
forecast_5518,2025-08-18 22:00:00,11969.825297202644,12941.550203899651,10518.58489494813
forecast_5519,2025-08-18 23:00:00,14413.406548712788,13913.764611524686,13083.715577485493
forecast_5520,2025-08-19 00:00:00,16852.364236959824,16410.256511847845,15512.96023935432
forecast_5521,2025-08-19 01:00:00,15469.419456889444,16706.367959444564,17156.066300478284
forecast_5522,2025-08-19 02:00:00,16505.970047736606,16836.25550771141,14150.855662402357
forecast_5523,2025-08-19 03:00:00,15771.375990193908,16719.633718888075,15309.835599944741
forecast_5524,2025-08-19 04:00:00,15338.285844449156,15958.676667282161,15894.60359374313
forecast_5525,2025-08-19 05:00:00,16157.141323652522,17393.68911167811,16028.694224333078
forecast_5526,2025-08-19 06:00:00,16054.743491592648,17252.97010182885,15914.45817276457
forecast_5527,2025-08-19 07:00:00,16100.602128487433,18072.049967179115,15312.208577305302
forecast_5528,2025-08-19 08:00:00,17044.88154396492,16540.68791361442,16512.178271121527
forecast_5529,2025-08-19 09:00:00,15421.657177097859,17907.50662916631,16408.14558064232
forecast_5530,2025-08-19 10:00:00,13390.857890906755,16236.278452425075,13439.980938634102
forecast_5531,2025-08-19 11:00:00,12572.386573012767,17223.214808970362,10828.924129694004
forecast_5532,2025-08-19 12:00:00,12467.423585300161,15425.857777555037,11259.832017832592
forecast_5533,2025-08-19 13:00:00,12542.799272728003,12092.214779862512,11445.543641928765
forecast_5534,2025-08-19 14:00:00,10302.583382602326,9650.904264092205,9612.36847419743
forecast_5535,2025-08-19 15:00:00,10316.496514277604,8642.454121768229,8596.431686694434
forecast_5536,2025-08-19 16:00:00,9521.04758788306,9715.933883011925,9234.290224373282
forecast_5537,2025-08-19 17:00:00,10393.261130160814,9472.82506422292,10065.198487066551
forecast_5538,2025-08-19 18:00:00,11026.427524196637,10782.003293349522,10243.785667538285
forecast_5539,2025-08-19 19:00:00,12913.245780605544,12248.680067671525,11310.187159031728
forecast_5540,2025-08-19 20:00:00,15107.153367866034,15447.549523602354,13868.989704979633
forecast_5541,2025-08-19 21:00:00,15950.231803449058,15700.270550043644,14086.645940398732
forecast_5542,2025-08-19 22:00:00,16727.768801737373,17201.342101894643,15421.534315887924
forecast_5543,2025-08-19 23:00:00,17041.189513355457,18481.857221496455,16066.493466182663
forecast_5544,2025-08-20 00:00:00,17924.80572743793,18044.883198880765,18251.043524401884
forecast_5545,2025-08-20 01:00:00,18036.35841039772,18590.650957450795,18759.318185605352
forecast_5546,2025-08-20 02:00:00,18744.835572736996,18421.425741606654,18656.709584263164
forecast_5547,2025-08-20 03:00:00,18832.210106154278,18022.051722801578,18889.273360804964
forecast_5548,2025-08-20 04:00:00,18860.90186472107,18158.544357228067,19099.310035548755
forecast_5549,2025-08-20 05:00:00,18957.909337286037,17915.58564152656,18870.50489318083
forecast_5550,2025-08-20 06:00:00,17817.603397711595,17001.213186223602,17277.398769931857
forecast_5551,2025-08-20 07:00:00,17664.908061839076,16148.096499592944,15878.023730543255
forecast_5552,2025-08-20 08:00:00,15795.20176766739,16472.382077234775,13196.373287632347
forecast_5553,2025-08-20 09:00:00,12581.284526171481,12923.137174356192,10252.387778842336
forecast_5554,2025-08-20 10:00:00,11463.800182939014,14206.453514040959,7853.811638619516
forecast_5555,2025-08-20 11:00:00,10694.292983497102,7998.496293322858,6826.135552163062
forecast_5556,2025-08-20 12:00:00,8989.50810675279,6297.810045350963,5711.535060260271
forecast_5557,2025-08-20 13:00:00,5567.285475095943,4785.937728699933,3946.701618758329
forecast_5558,2025-08-20 14:00:00,4259.044506510531,2811.2935717640453,3636.9391866283
forecast_5559,2025-08-20 15:00:00,3852.9057230767885,3866.3150628489557,3244.1400487253777
forecast_5560,2025-08-20 16:00:00,5271.546145108768,4046.5269299545366,3512.6474232523756
forecast_5561,2025-08-20 17:00:00,4892.092930933488,4780.624602072476,3224.056325852231
forecast_5562,2025-08-20 18:00:00,5150.1088189874845,4143.678467586631,3462.5359334888135
forecast_5563,2025-08-20 19:00:00,4971.4234731224615,5079.805499632665,3546.1054619628035
forecast_5564,2025-08-20 20:00:00,6828.572702936033,6635.661527452716,4939.474691389204
forecast_5565,2025-08-20 21:00:00,5756.896893517256,6292.343375204289,4964.158064680964
forecast_5566,2025-08-20 22:00:00,10469.572016068483,11999.470412632523,8871.571354664546
forecast_5567,2025-08-20 23:00:00,13754.951988015298,14449.320854992468,10294.89450885956
forecast_5568,2025-08-21 00:00:00,15719.826093756692,15813.33041623443,10848.596804939296
forecast_5569,2025-08-21 01:00:00,11473.117707463154,13095.115623895812,10168.950555551673
forecast_5570,2025-08-21 02:00:00,14183.965871106588,14733.730080906718,12628.5931494588
forecast_5571,2025-08-21 03:00:00,15418.723652892502,15580.196241405267,12130.013466688175
forecast_5572,2025-08-21 04:00:00,14572.939866702114,14439.707377505052,12557.946439544972
forecast_5573,2025-08-21 05:00:00,14024.54078400365,14343.066900393096,11691.831717609177
forecast_5574,2025-08-21 06:00:00,12469.299300225355,12632.106617892909,9956.777030746476
forecast_5575,2025-08-21 07:00:00,9991.724132663388,9551.05682748932,6734.221217283442
forecast_5576,2025-08-21 08:00:00,6651.789176206534,6722.80055398439,4029.5328181849436
forecast_5577,2025-08-21 09:00:00,5100.592052434542,3916.4209436844585,3155.8188912261858
forecast_5578,2025-08-21 10:00:00,3536.0299049252208,3041.64626464495,4130.39319211112
forecast_5579,2025-08-21 11:00:00,2902.4687877999304,3027.695658074993,3953.510236163181
forecast_5580,2025-08-21 12:00:00,4318.665397417859,3374.367734660505,3891.3107854700393
forecast_5581,2025-08-21 13:00:00,3715.1886592497385,4166.9955341122995,3990.903308302818
forecast_5582,2025-08-21 14:00:00,3578.5618040483064,4278.622545934386,3794.0826965441374
forecast_5583,2025-08-21 15:00:00,4392.575641759305,3818.1785045176625,3556.675066083657
forecast_5584,2025-08-21 16:00:00,4184.57491464347,3899.5764630275216,4014.753754893895
forecast_5585,2025-08-21 17:00:00,3682.5691187931507,3944.4158910525985,4069.553513172721
forecast_5586,2025-08-21 18:00:00,4099.032822670816,3103.566395677155,3516.723481491991
forecast_5587,2025-08-21 19:00:00,4147.799040816552,3921.711414383838,3426.161614554987
forecast_5588,2025-08-21 20:00:00,3755.1004353743892,4250.311216795601,3119.7245453551895
forecast_5589,2025-08-21 21:00:00,3976.4039572598062,3958.315164739162,3654.699663354352
forecast_5590,2025-08-21 22:00:00,3539.820923631123,3801.196086290256,3439.649086901345
forecast_5591,2025-08-21 23:00:00,3869.087258928224,2984.0678276548406,3152.362648248768
forecast_5592,2025-08-22 00:00:00,3434.374844771067,3882.734379653943,2747.610916766264
forecast_5593,2025-08-22 01:00:00,3761.6947673434615,4043.48777401003,3878.8200169788433
forecast_5594,2025-08-22 02:00:00,4126.150656655805,3855.3787833026245,3233.758949079017
forecast_5595,2025-08-22 03:00:00,4049.459515671506,3951.5661101382357,3094.946814790269
forecast_5596,2025-08-22 04:00:00,5751.921988930552,5650.902929105721,3920.957673308188
forecast_5597,2025-08-22 05:00:00,7223.834822746715,6672.634461261246,4277.304536005508
forecast_5598,2025-08-22 06:00:00,9681.565220551252,9215.583049746567,6432.590876324257
forecast_5599,2025-08-22 07:00:00,9565.000388065358,9198.246669120046,7151.425092162784
forecast_5600,2025-08-22 08:00:00,11212.16202514277,8581.074757864244,5549.323725842608
forecast_5601,2025-08-22 09:00:00,7753.6400863663,6796.576625594003,4638.840266407958
forecast_5602,2025-08-22 10:00:00,4944.517189254193,3534.1146038375405,2894.1042935586884
forecast_5603,2025-08-22 11:00:00,4182.62142584526,3114.12091290872,3151.03864403757
forecast_5604,2025-08-22 12:00:00,3563.1959625527206,3116.872902796374,3477.264462126039
forecast_5605,2025-08-22 13:00:00,3023.467328365147,3722.8391142285955,2966.6064044398045
forecast_5606,2025-08-22 14:00:00,2577.3376865387145,2743.3994027702806,3471.2201169651917
forecast_5607,2025-08-22 15:00:00,2501.69288665327,2571.5716060649443,2570.29054054036
forecast_5608,2025-08-22 16:00:00,3503.1963351901254,2608.655810625371,2719.2643508585425
forecast_5609,2025-08-22 17:00:00,4332.497227229449,4066.6847000758253,3035.3713603825963
forecast_5610,2025-08-22 18:00:00,4148.396035522528,3684.875560803573,3637.65108061731
forecast_5611,2025-08-22 19:00:00,7136.212744440619,6706.614771293613,5630.3624533327675
forecast_5612,2025-08-22 20:00:00,10820.487642607834,9799.279816658389,6687.940291548334
forecast_5613,2025-08-22 21:00:00,13022.128626984197,11700.915990343738,10028.879951704914
forecast_5614,2025-08-22 22:00:00,16625.369877106004,15372.876552462169,12299.87340110256
forecast_5615,2025-08-22 23:00:00,16635.58718676862,15901.689518354146,12206.615353859353
forecast_5616,2025-08-23 00:00:00,17136.538589347947,16651.369311277726,13923.334563512572
forecast_5617,2025-08-23 01:00:00,15964.145539788235,14744.525585653984,13984.803689186487
forecast_5618,2025-08-23 02:00:00,15639.809678845253,15042.373362864508,13170.962861387847
forecast_5619,2025-08-23 03:00:00,16478.093084014028,14345.011944665897,12018.839360155207
forecast_5620,2025-08-23 04:00:00,14418.638586560552,13983.235815493657,11070.830278773707
forecast_5621,2025-08-23 05:00:00,13522.058163219754,13819.313248352475,9617.611838101691
forecast_5622,2025-08-23 06:00:00,10220.009173043858,10806.353677130233,7855.3692907229415
forecast_5623,2025-08-23 07:00:00,8998.71050819337,8396.372628934332,5038.923279128303
forecast_5624,2025-08-23 08:00:00,6498.338609363435,4736.6510656368155,3357.1456167280885
forecast_5625,2025-08-23 09:00:00,3814.1016653859124,4063.6428903705737,3457.3319481692533
forecast_5626,2025-08-23 10:00:00,3308.3871033881687,3080.0093311652226,3122.4633565818804
forecast_5627,2025-08-23 11:00:00,3756.552691768151,2801.568336949108,3066.120662499403
forecast_5628,2025-08-23 12:00:00,4079.726763045399,3149.428803708903,3583.579556285412
forecast_5629,2025-08-23 13:00:00,4292.994794325074,4677.336698422754,4097.731226503897
forecast_5630,2025-08-23 14:00:00,4395.920260356948,3864.8084052291706,4022.7567298550985
forecast_5631,2025-08-23 15:00:00,4704.022642591259,4590.52810543174,4164.645331482768
forecast_5632,2025-08-23 16:00:00,4443.162438572033,3582.962630945477,4011.9271606151697
forecast_5633,2025-08-23 17:00:00,3603.9347910160773,3518.455217406388,4161.935838759511
forecast_5634,2025-08-23 18:00:00,3957.294857423907,3812.540716128867,3660.4777517207976
forecast_5635,2025-08-23 19:00:00,4413.37640047625,4379.375282306754,3190.5843034201876
forecast_5636,2025-08-23 20:00:00,4266.350436236222,4404.777345155725,3428.427953100989
forecast_5637,2025-08-23 21:00:00,4437.237681489504,4395.667619998347,3632.183482725867
forecast_5638,2025-08-23 22:00:00,4520.067883990656,3840.445610790691,4033.316933367841
forecast_5639,2025-08-23 23:00:00,3935.603761984068,3715.9750169558806,3291.258158176786
forecast_5640,2025-08-24 00:00:00,3685.141124429527,3523.9231631545495,3193.952183452748
forecast_5641,2025-08-24 01:00:00,3612.94625412722,4442.58322160607,3937.0750479406847
forecast_5642,2025-08-24 02:00:00,3518.737806604852,3942.9644093881157,3790.1730796168868
forecast_5643,2025-08-24 03:00:00,3307.499252829213,3638.1625351053012,3290.402073855127
forecast_5644,2025-08-24 04:00:00,3331.776817943356,3492.5555011479437,3379.8074109014105
forecast_5645,2025-08-24 05:00:00,3368.8456605846177,3648.5480058341245,3444.649508677185
forecast_5646,2025-08-24 06:00:00,3554.652574663907,3622.3869841283367,3792.2714437196582
forecast_5647,2025-08-24 07:00:00,3979.025012168897,3785.0065522780565,3845.070084586785
forecast_5648,2025-08-24 08:00:00,3730.020200476589,3786.378110931242,3936.743247837505
forecast_5649,2025-08-24 09:00:00,3929.780583499669,3443.1332866881917,3769.415849478165
forecast_5650,2025-08-24 10:00:00,3745.497902538629,3765.8949737774838,2916.0958240692335
forecast_5651,2025-08-24 11:00:00,3603.149943741342,3751.5839074093537,3481.572895762619
forecast_5652,2025-08-24 12:00:00,3480.3120697880463,3711.9304905383815,3794.7286560044417
forecast_5653,2025-08-24 13:00:00,3718.6755695392685,3879.983128968046,3968.009932267049
forecast_5654,2025-08-24 14:00:00,4183.5295999371165,4233.8141118507865,4217.219626662877
forecast_5655,2025-08-24 15:00:00,3989.0033416313604,4323.314775202412,4113.597478116043
forecast_5656,2025-08-24 16:00:00,3520.390793232036,2951.455064202851,3771.174715546561
forecast_5657,2025-08-24 17:00:00,4105.4523990625,3661.108771375184,3836.1068886901385
forecast_5658,2025-08-24 18:00:00,3594.9857800237905,3063.0614704921295,2938.4442794619636
forecast_5659,2025-08-24 19:00:00,3673.217707266373,3876.274968994254,2490.3498385203907
forecast_5660,2025-08-24 20:00:00,3845.0921255176436,3645.4520709955946,3176.246855370205
forecast_5661,2025-08-24 21:00:00,4270.7700084187,3532.557686710848,2701.335281223616
forecast_5662,2025-08-24 22:00:00,3877.11393110507,3376.453528069872,2540.531273587959
forecast_5663,2025-08-24 23:00:00,3822.5108422337016,3576.7288645671288,2741.9167548357627
forecast_5664,2025-08-25 00:00:00,3271.065166873724,3339.4876486991134,3159.5872082517935
forecast_5665,2025-08-25 01:00:00,4449.670220876926,4586.847965857929,4069.3392519802865
forecast_5666,2025-08-25 02:00:00,4036.8681667991373,3985.800933232547,4458.382422985022
forecast_5667,2025-08-25 03:00:00,3736.150756600231,3924.4011150264846,2717.511361546068
forecast_5668,2025-08-25 04:00:00,2745.6619989829733,3540.9237704733796,2508.841762474337
forecast_5669,2025-08-25 05:00:00,3165.2374015646064,3441.0568553365683,3672.7188270883726
forecast_5670,2025-08-25 06:00:00,3776.3462714402303,3438.177232298468,3215.598577897238
forecast_5671,2025-08-25 07:00:00,4441.601826343227,4208.871345075164,3767.6371108675594
forecast_5672,2025-08-25 08:00:00,4187.239758336604,3838.5669170565116,2998.0048500373578
forecast_5673,2025-08-25 09:00:00,3763.730420351072,3543.241495461642,2816.5557325996647
forecast_5674,2025-08-25 10:00:00,3279.295552829639,3211.922584974453,2439.424701896584
forecast_5675,2025-08-25 11:00:00,3036.9208488312656,3572.835758852832,3594.6947879685918
forecast_5676,2025-08-25 12:00:00,3746.978680082971,4568.774279357396,4132.366498674859
forecast_5677,2025-08-25 13:00:00,3501.062068768448,3206.72050778289,3356.2849724124817
forecast_5678,2025-08-25 14:00:00,3930.0542427708515,3328.671640732573,3698.5162317779377
forecast_5679,2025-08-25 15:00:00,4061.314825216628,4489.908662459933,4308.248335748391
forecast_5680,2025-08-25 16:00:00,3721.9780967099005,3827.4179806739794,4115.293334750618
forecast_5681,2025-08-25 17:00:00,4186.519893496534,3508.6311975872127,3310.9810574505345
forecast_5682,2025-08-25 18:00:00,4534.440611067081,4108.811504188152,3939.8460665535654
forecast_5683,2025-08-25 19:00:00,6495.5395147711915,7969.927625359918,5734.897555324839
forecast_5684,2025-08-25 20:00:00,8681.600280535098,11416.27060198582,7775.741657843645
forecast_5685,2025-08-25 21:00:00,10464.448292105948,12703.061705818947,11884.226438571794
forecast_5686,2025-08-25 22:00:00,13839.467976578995,13443.72061474076,12571.434300091301
forecast_5687,2025-08-25 23:00:00,14918.995207623857,15158.629795071602,14332.767006050024
forecast_5688,2025-08-26 00:00:00,14949.430989089167,15417.674380793711,14845.855444626803
forecast_5689,2025-08-26 01:00:00,15327.566271330337,16697.253608642397,14369.193095431927
forecast_5690,2025-08-26 02:00:00,15156.860182592201,16765.756012809004,16360.184959711358
forecast_5691,2025-08-26 03:00:00,15021.6463371424,16850.78504155561,16551.0617377464
forecast_5692,2025-08-26 04:00:00,14897.507569702266,17348.29666272847,17203.282068211178
forecast_5693,2025-08-26 05:00:00,17371.165774625275,17105.133418737365,16678.617538452956
forecast_5694,2025-08-26 06:00:00,17138.424731199222,16824.6985651032,16438.63897075346
forecast_5695,2025-08-26 07:00:00,15306.604930002615,17065.593455568924,15240.411337153942
forecast_5696,2025-08-26 08:00:00,12889.333855687675,13755.216387807117,14413.804888797738
forecast_5697,2025-08-26 09:00:00,12227.560515878213,15218.200369976666,13964.561438587052
forecast_5698,2025-08-26 10:00:00,12487.987277854918,14023.814392337054,13749.43594528434
forecast_5699,2025-08-26 11:00:00,13010.444665929537,15606.480777581046,14715.754400097065
forecast_5700,2025-08-26 12:00:00,10809.433879079103,14088.096429597877,12253.15821801909
forecast_5701,2025-08-26 13:00:00,11362.713692416106,14524.742563358737,13981.261642485426
forecast_5702,2025-08-26 14:00:00,14881.56158232411,16287.75684937997,15242.142529412331
forecast_5703,2025-08-26 15:00:00,13033.322119001186,14992.093144778471,15356.46078339238
forecast_5704,2025-08-26 16:00:00,12750.530863555427,14641.39382199492,14180.134072761075
forecast_5705,2025-08-26 17:00:00,11787.165536451947,14507.862084569884,12408.469296262909
forecast_5706,2025-08-26 18:00:00,13156.898085352579,12675.11511544388,11035.266927145101
forecast_5707,2025-08-26 19:00:00,11589.426431933976,10288.81551607942,10392.873970371798
forecast_5708,2025-08-26 20:00:00,9654.832896912565,11543.92969616432,8333.05263365586
forecast_5709,2025-08-26 21:00:00,11655.493399513945,10594.954895950847,9175.439898400711
forecast_5710,2025-08-26 22:00:00,13736.66239785895,14123.494771122732,9844.405388559608
forecast_5711,2025-08-26 23:00:00,13894.152733282552,15912.333487786535,8818.775652587201
forecast_5712,2025-08-27 00:00:00,11057.091168343564,14040.597754239197,8671.51540090135
forecast_5713,2025-08-27 01:00:00,10320.982774651478,10255.678470425622,7703.857781329077
forecast_5714,2025-08-27 02:00:00,10700.77538560656,9848.969243946918,5491.007744799613
forecast_5715,2025-08-27 03:00:00,6581.314073214331,6948.006033816914,4561.2396926410465
forecast_5716,2025-08-27 04:00:00,5714.910757474471,5429.514916638119,3756.0922512820744
forecast_5717,2025-08-27 05:00:00,4110.371772037868,4197.645253797251,2897.934506465719
forecast_5718,2025-08-27 06:00:00,3938.3640643872723,4320.0023126626,3293.840424133734
forecast_5719,2025-08-27 07:00:00,3257.353646906127,3535.4589528634824,2958.7274139197516
forecast_5720,2025-08-27 08:00:00,3521.817880153252,3042.0508128981646,3233.1118145078335
forecast_5721,2025-08-27 09:00:00,3054.831675111981,3001.0469884046006,2915.5158852544646
forecast_5722,2025-08-27 10:00:00,3538.422760177779,3454.4181114646726,2718.2651815306026
forecast_5723,2025-08-27 11:00:00,3519.9961388845763,3983.3449262285044,3422.3826627105054
forecast_5724,2025-08-27 12:00:00,3819.279470046723,3966.5263700299274,3714.181510966335
forecast_5725,2025-08-27 13:00:00,3967.139233127198,3680.2144594396277,3780.8997517922435
forecast_5726,2025-08-27 14:00:00,3697.1312647807285,2828.0432806849817,3466.761648519824
forecast_5727,2025-08-27 15:00:00,3561.282844300022,3837.7072030494182,3931.8301771415
forecast_5728,2025-08-27 16:00:00,3585.7625871482946,4182.732033921666,4282.750386630449
forecast_5729,2025-08-27 17:00:00,3129.7737896755048,4036.1256392313317,4263.8513944959195
forecast_5730,2025-08-27 18:00:00,3265.5232839838473,3888.8536216343846,3926.36262435151
forecast_5731,2025-08-27 19:00:00,3611.019476089166,3951.7635496228513,4186.222264776825
forecast_5732,2025-08-27 20:00:00,2967.8962505048876,2552.223887354776,3867.346747513815
forecast_5733,2025-08-27 21:00:00,2738.921542231641,3627.3319743880234,3908.8007130183596
forecast_5734,2025-08-27 22:00:00,2478.230190903792,3200.341913298549,3682.403378247454
forecast_5735,2025-08-27 23:00:00,2760.193323027591,3858.561313902823,3748.860389252046
forecast_5736,2025-08-28 00:00:00,3490.8835787158005,3869.248672090356,3897.254016455659
forecast_5737,2025-08-28 01:00:00,3008.093993892736,3772.875510583489,3627.924911634307
forecast_5738,2025-08-28 02:00:00,3511.0264156541334,3755.6204060704504,3515.533597495036
forecast_5739,2025-08-28 03:00:00,3927.2004680591267,3977.841537533823,3381.181091290193
forecast_5740,2025-08-28 04:00:00,4331.437052256059,4503.232176346217,3349.6676280253805
forecast_5741,2025-08-28 05:00:00,3729.7474434495844,3781.5767603749846,3102.9192052294106
forecast_5742,2025-08-28 06:00:00,4765.427422067369,4639.9137944069025,3753.593882744505
forecast_5743,2025-08-28 07:00:00,4167.049147097773,3926.173318936394,3247.4659199405337
forecast_5744,2025-08-28 08:00:00,4288.828264176658,4494.0279497476895,3949.603285484444
forecast_5745,2025-08-28 09:00:00,4095.6900578493883,4031.048630404587,3935.049333600233
forecast_5746,2025-08-28 10:00:00,3698.6283759555486,3296.9013565492683,3325.3055803954276
forecast_5747,2025-08-28 11:00:00,3537.6943174789953,3637.576828007185,3676.6240554042415
forecast_5748,2025-08-28 12:00:00,3396.3183041993993,3568.940284513358,3237.4328576884245
forecast_5749,2025-08-28 13:00:00,3498.3920690396885,3191.7365805875097,2736.969387286583
forecast_5750,2025-08-28 14:00:00,3684.1578064366254,3882.3959128352885,3186.280590710762
forecast_5751,2025-08-28 15:00:00,3871.7064381734003,3716.972512892517,3394.56181631368
forecast_5752,2025-08-28 16:00:00,3912.600875240464,4409.4134917015745,3597.7918283524937
forecast_5753,2025-08-28 17:00:00,4632.862647651459,4404.602856516306,4428.5883982611995
forecast_5754,2025-08-28 18:00:00,4418.646897810553,5233.12800296858,4089.407372478607
forecast_5755,2025-08-28 19:00:00,5445.020223066421,5353.093585046531,4957.427939689896
forecast_5756,2025-08-28 20:00:00,8514.360791980696,10462.137688043207,6325.743593631738
forecast_5757,2025-08-28 21:00:00,9303.746217228978,11635.868450583219,7029.732715203846
forecast_5758,2025-08-28 22:00:00,11293.768643381898,15425.463010239224,12330.538223086747
forecast_5759,2025-08-28 23:00:00,14776.96083082879,16414.41693175003,12953.061660286065
forecast_5760,2025-08-29 00:00:00,16556.84927026984,17547.52773915664,14650.004621655627
forecast_5761,2025-08-29 01:00:00,17263.37622760128,17668.208700552772,18047.91599260241
forecast_5762,2025-08-29 02:00:00,18036.265141933516,17607.28861725912,18393.74206174121
forecast_5763,2025-08-29 03:00:00,18635.18400165923,18116.940554937726,18503.891332811287
forecast_5764,2025-08-29 04:00:00,18004.350676846265,17842.909329392514,18868.512352977817
forecast_5765,2025-08-29 05:00:00,17995.85931863828,18682.270260326382,18945.93184477538
forecast_5766,2025-08-29 06:00:00,18702.850923770493,18129.753488085327,19563.874339951086
forecast_5767,2025-08-29 07:00:00,19059.3646216716,18174.163577869018,19372.812148168498
forecast_5768,2025-08-29 08:00:00,17676.51475549184,18195.770542506216,18518.73977998631
forecast_5769,2025-08-29 09:00:00,16968.38100994107,17973.758721549213,16809.121822693636
forecast_5770,2025-08-29 10:00:00,16320.308504048906,17696.511005973887,14544.724932887346
forecast_5771,2025-08-29 11:00:00,15418.192704271743,16997.758757794367,13706.611428604157
forecast_5772,2025-08-29 12:00:00,13247.670689852694,12278.440743574001,12463.878060945828
forecast_5773,2025-08-29 13:00:00,12218.10448587148,11213.53792460116,12170.992910616098
forecast_5774,2025-08-29 14:00:00,11747.721110486822,11376.983065981862,11975.386529418545
forecast_5775,2025-08-29 15:00:00,11841.428995249405,11063.76195030468,11242.82419561891
forecast_5776,2025-08-29 16:00:00,10941.415919007191,10571.795402184498,11075.826435817366
forecast_5777,2025-08-29 17:00:00,11636.059992575896,10988.402059974153,10700.883052462981
forecast_5778,2025-08-29 18:00:00,12362.10774825167,10459.834234273785,11163.31670890104
forecast_5779,2025-08-29 19:00:00,13916.788542822822,11718.768154837586,11569.815577368654
forecast_5780,2025-08-29 20:00:00,14928.225991156969,13784.274934607254,13070.024532211204
forecast_5781,2025-08-29 21:00:00,14822.581965080673,13340.983679504134,14137.818488795416
forecast_5782,2025-08-29 22:00:00,16589.229852543533,16042.764518011603,16120.478935239993
forecast_5783,2025-08-29 23:00:00,17288.03311636069,17003.974193296875,16388.42360554864
forecast_5784,2025-08-30 00:00:00,16733.939891028444,16682.80165426227,14601.723209800273
forecast_5785,2025-08-30 01:00:00,17033.114267554833,15166.41050895071,15363.336978826208
forecast_5786,2025-08-30 02:00:00,15282.443604285025,14570.281077587046,11692.551306359508
forecast_5787,2025-08-30 03:00:00,13437.541857892007,15185.040608664223,11433.61488863787
forecast_5788,2025-08-30 04:00:00,13926.366841505474,14400.451812725134,9978.846835914046
forecast_5789,2025-08-30 05:00:00,12666.729298310733,12691.489288521381,9222.318978469495
forecast_5790,2025-08-30 06:00:00,9240.453330647928,10893.526781789637,7357.188117507525
forecast_5791,2025-08-30 07:00:00,11006.02867044465,9815.513629698755,6759.6487322825205
forecast_5792,2025-08-30 08:00:00,9758.016172712432,8358.837710519325,7022.450218479074
forecast_5793,2025-08-30 09:00:00,7133.652534848788,4395.855058750789,3947.6162897466684
forecast_5794,2025-08-30 10:00:00,4162.354080980862,3935.8119761377425,3163.4054266324224
forecast_5795,2025-08-30 11:00:00,3553.3898251057312,3512.977713463458,3593.8689576378306
forecast_5796,2025-08-30 12:00:00,3134.9287190566447,2734.8494297351094,2705.2880463955926
forecast_5797,2025-08-30 13:00:00,2941.620056355382,3192.1703294158556,2483.119363604004
forecast_5798,2025-08-30 14:00:00,3245.066853852998,2981.4806702257347,2999.5549389539724
forecast_5799,2025-08-30 15:00:00,3279.1936647121793,3212.9211045994016,3908.9371830092005
forecast_5800,2025-08-30 16:00:00,3903.412650091139,3989.479380309603,4051.9478917927217
forecast_5801,2025-08-30 17:00:00,2913.0056089383047,2637.666540242913,2767.4777626336418
forecast_5802,2025-08-30 18:00:00,2745.2777292099195,3040.2451941464446,3506.9580007637223
forecast_5803,2025-08-30 19:00:00,2963.261846771745,4170.96530763855,2466.333203264406
forecast_5804,2025-08-30 20:00:00,3390.5723000322546,3790.694651002862,3393.351594256631
forecast_5805,2025-08-30 21:00:00,5947.099313419794,4544.669802233642,3395.1245884104355
forecast_5806,2025-08-30 22:00:00,6654.512422571843,5502.928850788913,3824.1054762026015
forecast_5807,2025-08-30 23:00:00,6508.321507095518,5648.287930907548,3364.5804076369936
forecast_5808,2025-08-31 00:00:00,6695.686513592036,6509.323813007335,4782.269743576485
forecast_5809,2025-08-31 01:00:00,6394.264895581951,8530.941639786653,4464.810462994789
forecast_5810,2025-08-31 02:00:00,8368.712693227524,8485.812072022207,5270.467525033062
forecast_5811,2025-08-31 03:00:00,6723.120950754843,8937.499560801654,5486.634857953544
forecast_5812,2025-08-31 04:00:00,5958.493332310458,6933.805114398393,4250.45890600206
forecast_5813,2025-08-31 05:00:00,4446.6064616,4755.391944857123,3523.265995930183
forecast_5814,2025-08-31 06:00:00,4077.985197654058,4332.942696936692,3312.0553238528214
forecast_5815,2025-08-31 07:00:00,4235.753036210475,4172.44912987807,3506.5009501574978
forecast_5816,2025-08-31 08:00:00,4013.467781514439,3989.095130825118,3756.697833190281
forecast_5817,2025-08-31 09:00:00,3287.766388666465,3490.812157038494,3403.3279821626784
forecast_5818,2025-08-31 10:00:00,3417.09995096282,3376.312456301444,2901.0092278239754
forecast_5819,2025-08-31 11:00:00,3150.9665547447494,3357.6870003387653,3361.2723273376896
forecast_5820,2025-08-31 12:00:00,2514.7940160995136,3157.3603493843166,2395.966596822021
forecast_5821,2025-08-31 13:00:00,4182.164324516848,2610.290166689693,3585.833014000349
forecast_5822,2025-08-31 14:00:00,4151.2705984775375,3131.0638949928284,2714.230743164498
forecast_5823,2025-08-31 15:00:00,4224.784109273398,3816.321028863169,2100.0
forecast_5824,2025-08-31 16:00:00,3521.1975123322823,4340.293502070184,3367.8585333769875
forecast_5825,2025-08-31 17:00:00,3076.8444757384405,4381.0921620428335,2528.837158717172
forecast_5826,2025-08-31 18:00:00,3066.679817260644,5719.758160282174,2537.0277900808896
forecast_5827,2025-08-31 19:00:00,5662.197785803535,8190.263195053663,5351.382841339374
forecast_5828,2025-08-31 20:00:00,6096.823301761845,10365.810137782015,5765.0779191645115
forecast_5829,2025-08-31 21:00:00,8263.958320473845,9612.444791449572,5950.647791909735
forecast_5830,2025-08-31 22:00:00,9084.166063421728,12276.710518049122,7182.523601509952
forecast_5831,2025-08-31 23:00:00,9630.935955149072,12444.428897663394,8810.47343777165
forecast_5832,2025-09-01 00:00:00,9756.768203686079,13050.42800368126,8590.547885417636
forecast_5833,2025-09-01 01:00:00,12867.765415625223,14456.978484769728,10729.604096715724
forecast_5834,2025-09-01 02:00:00,11299.895931811585,13335.683485429769,10259.524567306653
forecast_5835,2025-09-01 03:00:00,12470.683740487118,15196.365297655413,9957.814250476622
forecast_5836,2025-09-01 04:00:00,14169.609151835943,15800.82280206124,13295.078676572846
forecast_5837,2025-09-01 05:00:00,11473.951852093429,16261.573434931526,11955.738031803581
forecast_5838,2025-09-01 06:00:00,14108.842119669505,15208.858198859336,10364.33390380663
forecast_5839,2025-09-01 07:00:00,10606.814990055911,12457.048074041993,7094.797692850477
forecast_5840,2025-09-01 08:00:00,9750.400525018691,11488.452098168174,6976.288362217614
forecast_5841,2025-09-01 09:00:00,8102.24599528659,9684.475090953909,4934.955647302527
forecast_5842,2025-09-01 10:00:00,5963.861527453857,7630.129474767771,5378.654045879518
forecast_5843,2025-09-01 11:00:00,4282.006609477214,7766.583857751036,5280.27407926204
forecast_5844,2025-09-01 12:00:00,4555.200029873296,7526.5900473134525,6298.655312582374
forecast_5845,2025-09-01 13:00:00,5183.542265600897,8479.016491759452,4231.663188189598
forecast_5846,2025-09-01 14:00:00,4641.7381232774205,7285.677907652606,6324.098333124147
forecast_5847,2025-09-01 15:00:00,5567.648012360859,7625.5953465638195,5270.89734241349
forecast_5848,2025-09-01 16:00:00,6706.977729993346,8825.498273228024,6484.05042371991
forecast_5849,2025-09-01 17:00:00,6925.718728469645,9180.39352561249,7906.248756006208
forecast_5850,2025-09-01 18:00:00,8134.386323778445,9799.273166341158,8053.021774061169
forecast_5851,2025-09-01 19:00:00,9292.042819235317,8534.921522257706,6039.438557099301
forecast_5852,2025-09-01 20:00:00,9639.515570582877,9516.813345385925,5486.253386144257
forecast_5853,2025-09-01 21:00:00,10356.614117241548,9018.707012330235,5521.575008373604
forecast_5854,2025-09-01 22:00:00,8749.553442048698,10862.734152409193,7094.965260226578
forecast_5855,2025-09-01 23:00:00,9613.31540512449,12406.907862802438,8457.280866901761
forecast_5856,2025-09-02 00:00:00,9264.205663081035,13608.780236203189,6468.712705143584
forecast_5857,2025-09-02 01:00:00,10251.22573834731,12803.204384467102,9400.386882221668
forecast_5858,2025-09-02 02:00:00,10455.0910403028,11205.031853218588,8280.801453903001
forecast_5859,2025-09-02 03:00:00,10869.397958248543,10423.645421862257,8845.301997037874
forecast_5860,2025-09-02 04:00:00,9975.812157268334,10659.543053003303,7958.309020297461
forecast_5861,2025-09-02 05:00:00,7882.710840386515,8735.288018483145,6224.364817690446
forecast_5862,2025-09-02 06:00:00,6540.946008080416,8406.388675064994,5099.7006758224825
forecast_5863,2025-09-02 07:00:00,6690.566994818332,5888.630707487973,4448.790946319887
forecast_5864,2025-09-02 08:00:00,5593.745263097437,6552.222870379306,4250.884233830186
forecast_5865,2025-09-02 09:00:00,4649.1063121471625,4469.08623903753,3347.992194213432
forecast_5866,2025-09-02 10:00:00,4083.1057993170284,4086.270823504693,3269.531460730777
forecast_5867,2025-09-02 11:00:00,3949.6230599796563,3587.5847848662493,3066.261299121948
forecast_5868,2025-09-02 12:00:00,3169.820564471652,2938.6478410168575,3137.9825191936716
forecast_5869,2025-09-02 13:00:00,3371.01748967478,2979.4185042517333,3731.305861888948
forecast_5870,2025-09-02 14:00:00,3329.582134541172,5004.000707136993,3886.0621920503236
forecast_5871,2025-09-02 15:00:00,3495.0163311801416,3291.445139015608,2841.1402020700307
forecast_5872,2025-09-02 16:00:00,2844.8262670005543,3518.1031154367574,3117.597803314239
forecast_5873,2025-09-02 17:00:00,2981.389810088457,3095.4483768358314,3227.994021671875
forecast_5874,2025-09-02 18:00:00,3227.5726867583317,3755.6341164568857,3647.1002570934893
forecast_5875,2025-09-02 19:00:00,3478.9960893428133,3712.442563503199,3438.0068301658084
forecast_5876,2025-09-02 20:00:00,3490.107973376672,3412.4226182985967,3517.9180640747345
forecast_5877,2025-09-02 21:00:00,3025.6098268220253,4047.297142858103,3830.765702960505
forecast_5878,2025-09-02 22:00:00,3584.5962568974,3706.215728422073,3364.411201244181
forecast_5879,2025-09-02 23:00:00,3665.5282992845473,3757.2686831079586,3513.52341714662
forecast_5880,2025-09-03 00:00:00,3734.095013765487,3738.2509043956034,3733.0520723495424
forecast_5881,2025-09-03 01:00:00,3370.2620998697516,3989.4132495490467,4255.42552445786
forecast_5882,2025-09-03 02:00:00,3402.444525251978,4171.509935026008,3705.511139021198
forecast_5883,2025-09-03 03:00:00,3692.6862047127975,3599.7239727465817,3266.793836548869
forecast_5884,2025-09-03 04:00:00,3417.428509079555,3561.9582298329965,3818.1179621769006
forecast_5885,2025-09-03 05:00:00,3970.103320675259,3545.6039224940446,2715.0196286337587
forecast_5886,2025-09-03 06:00:00,3700.556310835565,3646.6165198229874,3644.1612010509625
forecast_5887,2025-09-03 07:00:00,3831.5163297635017,3508.660448855862,3509.276620984907
forecast_5888,2025-09-03 08:00:00,2927.44873257798,3119.7409368116028,2930.3688951519666
forecast_5889,2025-09-03 09:00:00,3361.4589943438023,3054.1585955677947,2941.171845494349
forecast_5890,2025-09-03 10:00:00,2746.5096714565448,3020.0286747255714,3091.462988930414
forecast_5891,2025-09-03 11:00:00,3605.7669172052147,3210.1097381477584,3624.1675497149536
forecast_5892,2025-09-03 12:00:00,3706.8429134527596,3750.424051436047,2982.1112881663466
forecast_5893,2025-09-03 13:00:00,3785.6074753143193,3818.898860024926,3920.6573718038203
forecast_5894,2025-09-03 14:00:00,3894.577247190733,3865.078690684436,4143.328547456773
forecast_5895,2025-09-03 15:00:00,3838.262084548136,3742.6712254018134,3651.6599678712255
forecast_5896,2025-09-03 16:00:00,3691.443782443607,3972.111602817494,3737.089775304825
forecast_5897,2025-09-03 17:00:00,3193.2169408259797,3417.1387524302727,3773.7146669808226
forecast_5898,2025-09-03 18:00:00,3349.5266909726834,3381.1298394841688,3735.811208455182
forecast_5899,2025-09-03 19:00:00,3090.3170910411486,3331.0932069502314,3423.3295365168888
forecast_5900,2025-09-03 20:00:00,3726.0711307237025,3211.6407001771813,3540.6244524241674
forecast_5901,2025-09-03 21:00:00,2886.5105221562044,2860.0360947462104,3256.055757894293
forecast_5902,2025-09-03 22:00:00,3176.5595601329715,3300.461355968846,3673.287426047462
forecast_5903,2025-09-03 23:00:00,3167.5314631676974,3475.4581610912446,3658.1061590826953
forecast_5904,2025-09-04 00:00:00,2805.847760456039,3709.932796544609,4010.426803447621
forecast_5905,2025-09-04 01:00:00,2728.411863797369,2864.74541064146,3727.6060455467646
forecast_5906,2025-09-04 02:00:00,2903.458364177664,3524.237999435493,3589.3659948910085
forecast_5907,2025-09-04 03:00:00,3026.447048747456,2993.00964393135,3587.333465391177
forecast_5908,2025-09-04 04:00:00,2344.2942006743287,3056.0818009462355,3400.4349424467414
forecast_5909,2025-09-04 05:00:00,2792.3873547212925,3188.5386953650086,3681.236600570217
forecast_5910,2025-09-04 06:00:00,2160.0,3232.6948718876138,3242.0515381788223
forecast_5911,2025-09-04 07:00:00,2650.0513404870867,2632.538127115846,3178.890158636743
forecast_5912,2025-09-04 08:00:00,2992.1890021530694,2994.7253767646903,3812.6293651211195
forecast_5913,2025-09-04 09:00:00,2998.0030352820277,3159.264393669362,3891.2101868103814
forecast_5914,2025-09-04 10:00:00,3055.919874247128,3223.526036016051,4159.632467478654
forecast_5915,2025-09-04 11:00:00,2924.264273092236,3040.618265181706,3784.357837151302
forecast_5916,2025-09-04 12:00:00,3327.1175776496675,3402.2962509367153,3657.1004462460915
forecast_5917,2025-09-04 13:00:00,3011.367512997166,2618.9801857766533,4116.409770731911
forecast_5918,2025-09-04 14:00:00,3461.5530005973087,3624.328301344299,3881.1980553369185
forecast_5919,2025-09-04 15:00:00,3563.331745228993,2665.556532342427,3629.622673739809
forecast_5920,2025-09-04 16:00:00,2970.8819040685858,2567.0120325563526,3585.153696725568
forecast_5921,2025-09-04 17:00:00,2804.5050127609347,2477.4556858527762,3881.5616168416655
forecast_5922,2025-09-04 18:00:00,3178.2187224375293,2581.3045232317904,3538.056948124897
forecast_5923,2025-09-04 19:00:00,3005.756500683341,2536.542796830866,2929.271937253907
forecast_5924,2025-09-04 20:00:00,2611.9529409282254,2694.3460781814024,3071.6351032871617
forecast_5925,2025-09-04 21:00:00,2651.612673700914,2944.466034159237,2638.3362435942495
forecast_5926,2025-09-04 22:00:00,2836.2839363311946,3380.7000779352384,2719.7800703981047
forecast_5927,2025-09-04 23:00:00,2712.9542996567275,3626.0514948002724,2751.344706137196
forecast_5928,2025-09-05 00:00:00,2801.2924478178134,3851.330532334021,3226.772049862696
forecast_5929,2025-09-05 01:00:00,3271.780570887005,3223.00780629355,2830.740825651726
forecast_5930,2025-09-05 02:00:00,2901.0887290149954,2594.0413122749487,2924.6246830408777
forecast_5931,2025-09-05 03:00:00,3193.3278467257946,3072.3294397529894,2797.084303708156
forecast_5932,2025-09-05 04:00:00,2824.7912591635018,2904.6274153652653,2278.3706814406005
forecast_5933,2025-09-05 05:00:00,2913.00204311682,3293.9556807100803,2300.899275193953
forecast_5934,2025-09-05 06:00:00,2779.7149848342247,3285.7652345590636,2414.9540067086164
forecast_5935,2025-09-05 07:00:00,2302.951088339981,2950.196906243961,2758.161890569207
forecast_5936,2025-09-05 08:00:00,2888.6249918247618,2590.519684200506,3401.723924166882
forecast_5937,2025-09-05 09:00:00,2776.615607834642,3437.641834208208,3158.4728399631686
forecast_5938,2025-09-05 10:00:00,2984.201086301925,2934.4449869846985,2994.8056745176305
forecast_5939,2025-09-05 11:00:00,3222.9232888497254,2740.7869122525403,2931.3407164662904
forecast_5940,2025-09-05 12:00:00,3125.5972218425286,2705.220422644418,2903.635930484003
forecast_5941,2025-09-05 13:00:00,3204.8984903577775,3559.5870946638124,3365.138047444394
forecast_5942,2025-09-05 14:00:00,4066.104671339246,2773.8575673471087,3308.453663779037
forecast_5943,2025-09-05 15:00:00,4394.996903800531,3615.1386645502653,3368.7856709435446
forecast_5944,2025-09-05 16:00:00,3641.3376993698644,2818.6184349572914,3123.0202311053454
forecast_5945,2025-09-05 17:00:00,3071.604905378783,2908.91303816791,3313.232365387251
forecast_5946,2025-09-05 18:00:00,3292.657579591126,2906.391176346761,3161.471544419909
forecast_5947,2025-09-05 19:00:00,3170.2650428108764,3402.835555734972,2485.713260635527
forecast_5948,2025-09-05 20:00:00,3372.5893315364438,3363.2466434152193,2628.033582813623
forecast_5949,2025-09-05 21:00:00,3870.828030013322,4105.14772368143,3353.0166646126495
forecast_5950,2025-09-05 22:00:00,4827.877768698031,5165.024562785918,4264.1364015231065
forecast_5951,2025-09-05 23:00:00,5240.6294439059175,7204.251970127387,4912.203744821942
forecast_5952,2025-09-06 00:00:00,6277.331738640372,8055.27660164491,4798.380315544347
forecast_5953,2025-09-06 01:00:00,9712.420272238984,9984.385116098187,6514.85205824662
forecast_5954,2025-09-06 02:00:00,11375.903051153777,12290.349085637023,7728.963235603167
forecast_5955,2025-09-06 03:00:00,12258.267799896152,12793.906167892424,10767.709952204152
forecast_5956,2025-09-06 04:00:00,13908.372458258553,14799.064228889423,9675.793301430189
forecast_5957,2025-09-06 05:00:00,14695.745737249596,15187.106548112166,12134.988417706629
forecast_5958,2025-09-06 06:00:00,15507.174588350003,14998.475719320159,14899.383775294578
forecast_5959,2025-09-06 07:00:00,16456.867136567445,17195.74303955828,16478.59307189167
forecast_5960,2025-09-06 08:00:00,15002.439602954099,14249.03298048108,13730.394657482022
forecast_5961,2025-09-06 09:00:00,13644.416675934917,14142.32683209512,13184.993523243349
forecast_5962,2025-09-06 10:00:00,11457.776381299906,10511.132097517066,11464.989696756207
forecast_5963,2025-09-06 11:00:00,11679.921730477326,10793.321745937172,10555.537893671966
forecast_5964,2025-09-06 12:00:00,11381.861819758737,9890.775477876143,11174.32087276686
forecast_5965,2025-09-06 13:00:00,12220.169108908949,12438.305110175634,12248.188278892156
forecast_5966,2025-09-06 14:00:00,12743.849678330931,14873.28491419366,14265.758451041655
forecast_5967,2025-09-06 15:00:00,14353.578424406625,14668.021353704364,15334.013822122977
forecast_5968,2025-09-06 16:00:00,15196.763899861244,16986.209182518858,16265.954223155204
forecast_5969,2025-09-06 17:00:00,13120.604729721113,15558.559603676116,15482.795316418013
forecast_5970,2025-09-06 18:00:00,12208.236948813343,14215.854962014977,14652.618275696042
forecast_5971,2025-09-06 19:00:00,13807.265184023763,17229.44984183456,18008.580092585133
forecast_5972,2025-09-06 20:00:00,14375.246111787543,15402.078548335288,16810.11078714217
forecast_5973,2025-09-06 21:00:00,14492.171958016412,17859.524131660233,17650.126517636214
forecast_5974,2025-09-06 22:00:00,16103.37532651769,18051.454134771884,17097.429954144365
forecast_5975,2025-09-06 23:00:00,15936.051945438656,18454.462299524446,18530.941563689044
forecast_5976,2025-09-07 00:00:00,15900.530224770184,19124.872201853465,18057.69573620357
forecast_5977,2025-09-07 01:00:00,17964.42036261807,18668.351163915642,18865.260051676953
forecast_5978,2025-09-07 02:00:00,17603.940898686782,18785.13281649834,18780.905706393154
forecast_5979,2025-09-07 03:00:00,16746.61373648367,17708.91825960567,18032.970448130418
forecast_5980,2025-09-07 04:00:00,15976.463474791819,14933.08620255888,16262.800510195873
forecast_5981,2025-09-07 05:00:00,15042.05324357041,13940.144975789333,13954.012809059655
forecast_5982,2025-09-07 06:00:00,13159.143881125385,13179.92758391292,12302.917480529748
forecast_5983,2025-09-07 07:00:00,12776.190669434978,12198.501427338444,12009.916500900657
forecast_5984,2025-09-07 08:00:00,13148.558512684498,12553.921561659594,12007.836564021027
forecast_5985,2025-09-07 09:00:00,12668.058461287863,9725.719166775349,8680.419331974183
forecast_5986,2025-09-07 10:00:00,10233.81138446377,9015.434917960954,7358.652128252176
forecast_5987,2025-09-07 11:00:00,7457.437942957466,7885.162775687811,6015.134286712266
forecast_5988,2025-09-07 12:00:00,5293.427308464993,5570.186392311063,3989.6168428160877
forecast_5989,2025-09-07 13:00:00,3270.3329905662513,3702.659245177554,3240.384599909227
forecast_5990,2025-09-07 14:00:00,2733.7708299515994,3452.8580752809257,2595.073811337469
forecast_5991,2025-09-07 15:00:00,4178.302095152568,4845.308636399699,3761.8276852280737
forecast_5992,2025-09-07 16:00:00,6109.029213214711,7605.443165710698,5265.260720420434
forecast_5993,2025-09-07 17:00:00,7029.961410043728,8317.66971850553,5820.467009235624
forecast_5994,2025-09-07 18:00:00,8977.418680149403,9463.96027536477,5245.193481953698
forecast_5995,2025-09-07 19:00:00,8644.08464015949,9468.692480070342,6895.89579531406
forecast_5996,2025-09-07 20:00:00,13177.378986803076,11813.348024269675,9335.306667780807
forecast_5997,2025-09-07 21:00:00,12666.901394294133,12848.47631914814,8947.164727622401
forecast_5998,2025-09-07 22:00:00,13117.920122278605,14071.97964636145,9590.921860350372
forecast_5999,2025-09-07 23:00:00,12908.638742321325,13751.454612529293,10827.999210435446
forecast_6000,2025-09-08 00:00:00,15662.794480313109,17145.037683927825,10919.470675186383
forecast_6001,2025-09-08 01:00:00,13008.695323050644,11606.882696284192,6351.303877519455
forecast_6002,2025-09-08 02:00:00,9134.999261044228,9082.464716340524,5308.848964054083
forecast_6003,2025-09-08 03:00:00,7071.622605744416,7548.2051906089155,6111.19865088461
forecast_6004,2025-09-08 04:00:00,6294.652848693488,5136.947989630293,3760.2105468611435
forecast_6005,2025-09-08 05:00:00,4795.417992107351,3935.91465758507,3450.2325936152897
forecast_6006,2025-09-08 06:00:00,3704.0914796332463,3953.0007011348307,3204.8130949136503
forecast_6007,2025-09-08 07:00:00,3500.4422665596676,3283.107790391916,2430.2816657392023
forecast_6008,2025-09-08 08:00:00,3681.2707060535345,3587.1089271055216,3717.6558600657736
forecast_6009,2025-09-08 09:00:00,2868.473930867046,3382.7622806442914,2882.180341892861
forecast_6010,2025-09-08 10:00:00,3232.3399166091094,2778.1338124110566,3592.592413636426
forecast_6011,2025-09-08 11:00:00,3664.171716383088,3545.5720133906425,3473.8952694797144
forecast_6012,2025-09-08 12:00:00,3895.6712624101197,3831.770478688357,3694.092783434414
forecast_6013,2025-09-08 13:00:00,3394.273745112636,3734.835948287329,4601.510409064016
forecast_6014,2025-09-08 14:00:00,3902.531710434745,4012.861762920874,4672.1069093818915
forecast_6015,2025-09-08 15:00:00,3825.9477963996715,3712.1911385348303,4031.841426875193
forecast_6016,2025-09-08 16:00:00,3742.486353166225,3837.041739790991,3406.997721443172
forecast_6017,2025-09-08 17:00:00,3946.684949331585,3233.7243017561846,3699.8633793382605
forecast_6018,2025-09-08 18:00:00,3506.8723218534587,3657.4789444416774,3261.4874038791086
forecast_6019,2025-09-08 19:00:00,3714.800858437963,4002.7511628904463,3627.4961693387863
forecast_6020,2025-09-08 20:00:00,3430.9472482019864,3798.4496428218613,4153.079368652065
forecast_6021,2025-09-08 21:00:00,2931.665723440367,3583.302908046304,3433.60308578159
forecast_6022,2025-09-08 22:00:00,2897.482663255539,3656.3986311287103,3132.4552199595596
forecast_6023,2025-09-08 23:00:00,3242.4373835420124,3711.6959524038175,3241.9378739119097
forecast_6024,2025-09-09 00:00:00,3569.2587055102185,3096.9704851223046,3790.7945350878094
forecast_6025,2025-09-09 01:00:00,3323.9740049628426,3864.8082504953777,3877.2849247893932
forecast_6026,2025-09-09 02:00:00,3320.0933974835584,3595.4780178248643,3502.6952466198986
forecast_6027,2025-09-09 03:00:00,3618.740845615679,3580.304412795676,3620.45448690588
forecast_6028,2025-09-09 04:00:00,3154.256620997693,3593.8385982382315,3550.500455185407
forecast_6029,2025-09-09 05:00:00,3669.194632976884,4026.7060479767097,3553.6514368815283
forecast_6030,2025-09-09 06:00:00,3562.9389658320556,3976.3821495032503,3426.3944666281604
forecast_6031,2025-09-09 07:00:00,3758.768735184055,4048.8212197899893,3486.4183526284514
forecast_6032,2025-09-09 08:00:00,3435.203809938426,2848.437087560877,2846.1184238407177
forecast_6033,2025-09-09 09:00:00,3564.051194398483,3358.5767793039404,4275.573135651439
forecast_6034,2025-09-09 10:00:00,3549.9023169051097,3835.288234556754,2465.871511326903
forecast_6035,2025-09-09 11:00:00,3110.192700009701,3370.977762209303,3141.3706351705378
forecast_6036,2025-09-09 12:00:00,2510.46752917813,3471.656625155524,4166.302357762713
forecast_6037,2025-09-09 13:00:00,3106.7650508124934,3166.0739516342096,4094.288358784257
forecast_6038,2025-09-09 14:00:00,3780.9636424825694,3760.561614398847,3666.6826208985867
forecast_6039,2025-09-09 15:00:00,3090.309019239555,3149.09976390407,2927.9955485763285
forecast_6040,2025-09-09 16:00:00,3059.1142575783338,3164.750445833226,3182.1515172771624
forecast_6041,2025-09-09 17:00:00,2848.9727135239186,2589.9318216302286,3530.5925100502777
forecast_6042,2025-09-09 18:00:00,3346.4740517900623,2934.533793381688,2581.858995925044
forecast_6043,2025-09-09 19:00:00,2762.5260596259277,2805.5250807915345,3078.1063099813114
forecast_6044,2025-09-09 20:00:00,3094.7345830681256,2998.1692271618726,2732.5909048352273
forecast_6045,2025-09-09 21:00:00,3598.892546879632,3399.5274885706217,3570.549398348804
forecast_6046,2025-09-09 22:00:00,3509.569342243257,3146.8195690291655,2563.3422023569915
forecast_6047,2025-09-09 23:00:00,3319.8865247850686,3043.2038752727944,2542.8509703437126
forecast_6048,2025-09-10 00:00:00,3437.400274612297,2969.0153830189274,2944.5018404144053
forecast_6049,2025-09-10 01:00:00,3986.1926576220276,3099.9745940444545,3010.807630427679
forecast_6050,2025-09-10 02:00:00,3443.0497705777843,3099.884302638249,2816.8323331060897
forecast_6051,2025-09-10 03:00:00,3718.4958934707765,3579.9549573497834,3092.2407377774653
forecast_6052,2025-09-10 04:00:00,3559.917715414221,3467.3180972473438,3143.8967922401575
forecast_6053,2025-09-10 05:00:00,3666.4947057591535,3433.015623570665,2747.3048284268903
forecast_6054,2025-09-10 06:00:00,3528.19196057529,3349.246166444909,2997.4784053026765
forecast_6055,2025-09-10 07:00:00,3409.7234093260513,3643.703127728463,2968.474471225466
forecast_6056,2025-09-10 08:00:00,3089.004135613377,3717.056814614461,3261.2961838801575
forecast_6057,2025-09-10 09:00:00,2873.988256265451,3386.134314334839,2643.8539031801924
forecast_6058,2025-09-10 10:00:00,2761.352270216567,2910.9102125342556,3282.429622608166
forecast_6059,2025-09-10 11:00:00,3706.601202833096,3095.131329234813,3040.8662016075823
forecast_6060,2025-09-10 12:00:00,3707.4401816450736,3081.147660736212,3423.6467822600757
forecast_6061,2025-09-10 13:00:00,3838.775074924559,3193.861392952648,3228.6967870253156
forecast_6062,2025-09-10 14:00:00,3554.3845840182507,3105.656690916168,2989.8265414204875
forecast_6063,2025-09-10 15:00:00,3826.366014697597,2693.210361611427,2878.4873091310756
forecast_6064,2025-09-10 16:00:00,3691.034372242447,3211.8572138917934,3694.642654446645
forecast_6065,2025-09-10 17:00:00,3772.7944344999596,2871.1460474859778,3486.5956567456433
forecast_6066,2025-09-10 18:00:00,4231.144384396222,2535.909442288171,4119.919318200666
forecast_6067,2025-09-10 19:00:00,3261.8634066393465,3266.1041133345198,3227.9828818819324
forecast_6068,2025-09-10 20:00:00,3341.7454816255704,3012.9097196798534,2906.7656626137473
forecast_6069,2025-09-10 21:00:00,3529.6214434094272,3055.5015991914765,2925.535698592812
forecast_6070,2025-09-10 22:00:00,3746.9305329004005,3280.126689616344,2445.204835513406
forecast_6071,2025-09-10 23:00:00,3466.668683927048,3582.26657100812,2199.926760039726
forecast_6072,2025-09-11 00:00:00,3553.558753327751,3871.720518248166,2586.6610582445624
forecast_6073,2025-09-11 01:00:00,3424.9876257283104,3049.2073355976972,3947.64000722109
forecast_6074,2025-09-11 02:00:00,3267.3808485665354,3274.710295131916,4258.1075371919815
forecast_6075,2025-09-11 03:00:00,2938.1437942583952,3403.9537937091104,3930.9795505172374
forecast_6076,2025-09-11 04:00:00,3339.271960207172,3358.2839193284244,3558.565982836133
forecast_6077,2025-09-11 05:00:00,3783.6166844210466,3905.6942480968833,3297.831771920245
forecast_6078,2025-09-11 06:00:00,4257.800088654163,4166.103232992416,3018.0629588414813
forecast_6079,2025-09-11 07:00:00,4567.316738305025,5541.4791181056735,3770.2021319513588
forecast_6080,2025-09-11 08:00:00,3249.570771575286,4358.56808240033,3188.0775036784203
forecast_6081,2025-09-11 09:00:00,3272.278141878875,3759.285558977007,3026.2378261566546
forecast_6082,2025-09-11 10:00:00,2317.423178659848,2625.757102461655,2191.1945121659714
forecast_6083,2025-09-11 11:00:00,3066.545281929117,2885.8803762205835,2382.9345066390642
forecast_6084,2025-09-11 12:00:00,3252.4543564745377,3425.985562256656,2189.124569658198
forecast_6085,2025-09-11 13:00:00,3225.839238077201,3488.237302424021,2658.462570510307
forecast_6086,2025-09-11 14:00:00,3451.114306895943,3519.451794830299,2640.4826998961285
forecast_6087,2025-09-11 15:00:00,3143.282491659142,3202.8109662948327,2656.618645847188
forecast_6088,2025-09-11 16:00:00,3311.6756104114593,2614.991657174953,3439.796241636362
forecast_6089,2025-09-11 17:00:00,3119.2714663890924,3402.671226064707,2857.3219066360084
forecast_6090,2025-09-11 18:00:00,2826.6849203287343,3618.5988449896886,3302.845722304867
forecast_6091,2025-09-11 19:00:00,3909.576577984146,4517.116890900302,3487.1260404203135
forecast_6092,2025-09-11 20:00:00,4358.018621902554,5775.454820303142,3492.7878298598853
forecast_6093,2025-09-11 21:00:00,4304.976031592363,5562.50180818599,3409.007509913585
forecast_6094,2025-09-11 22:00:00,6350.024417787701,7459.023353365133,4707.746068785467
forecast_6095,2025-09-11 23:00:00,6703.134212863929,7884.61779543613,5095.194152798606
forecast_6096,2025-09-12 00:00:00,5977.521292387062,8032.326985970432,4170.4999301079115
forecast_6097,2025-09-12 01:00:00,5481.435056500058,6522.930056492935,3578.19430433419
forecast_6098,2025-09-12 02:00:00,5716.891805138314,5794.914288409659,4076.799534312643
forecast_6099,2025-09-12 03:00:00,3804.7071267528654,4533.256688203271,3509.2247034029597
forecast_6100,2025-09-12 04:00:00,3743.9182405657484,4465.074179742634,2381.8308328229828
forecast_6101,2025-09-12 05:00:00,3714.5665877982497,4150.798033743943,2588.8533919194515
forecast_6102,2025-09-12 06:00:00,3159.74077326094,3620.73398800249,3358.0108370923995
forecast_6103,2025-09-12 07:00:00,3894.360794778924,3947.7560313841495,3014.3368011919333
forecast_6104,2025-09-12 08:00:00,3788.87486341672,3496.4910474298886,2981.054040164424
forecast_6105,2025-09-12 09:00:00,3698.64523403244,3695.3150763846625,3050.7825528589215
forecast_6106,2025-09-12 10:00:00,2532.7785681368077,3211.549792679829,2140.5155810332712
forecast_6107,2025-09-12 11:00:00,2979.4955119162787,4068.741598429172,3235.8766795620586
forecast_6108,2025-09-12 12:00:00,3691.353961093937,4406.585520731032,3598.6434958956543
forecast_6109,2025-09-12 13:00:00,3664.2461757972333,4446.827281942864,4369.252254286057
forecast_6110,2025-09-12 14:00:00,3797.4699447264147,3887.208041843318,4356.203561240276
forecast_6111,2025-09-12 15:00:00,2523.9653447394635,3102.9394864872334,3860.0260045592686
forecast_6112,2025-09-12 16:00:00,3297.964618849211,3001.1553232960778,3838.431265111969
forecast_6113,2025-09-12 17:00:00,3163.0728083920585,3594.6380142838193,3856.6256557431566
forecast_6114,2025-09-12 18:00:00,3471.8569363316183,3800.1108858445414,3581.5611065229973
forecast_6115,2025-09-12 19:00:00,3694.232078016019,3573.5146344306127,3058.2209915273397
forecast_6116,2025-09-12 20:00:00,3449.4736321979467,4190.229599337659,3575.4853771543126
forecast_6117,2025-09-12 21:00:00,4604.672879187535,4687.149555952346,3547.5034033824336
forecast_6118,2025-09-12 22:00:00,5194.730178849612,6288.381968265394,3504.6908056782086
forecast_6119,2025-09-12 23:00:00,6398.080772202143,7289.51005552809,4790.8491916002795
forecast_6120,2025-09-13 00:00:00,6084.979395869583,7633.346910855506,4911.827154620312
forecast_6121,2025-09-13 01:00:00,4694.285185877747,5404.73066314672,3425.0942327459256
forecast_6122,2025-09-13 02:00:00,5558.939882509923,6499.34374441653,4060.4280717378147
forecast_6123,2025-09-13 03:00:00,6222.046371055615,9185.517001029195,6014.212752274212
forecast_6124,2025-09-13 04:00:00,8417.905234893013,10191.713233596263,6086.994037977235
forecast_6125,2025-09-13 05:00:00,10377.244307679812,11992.785079000863,8556.913025686637
forecast_6126,2025-09-13 06:00:00,11757.571970244384,13290.116850926544,9715.087418335796
forecast_6127,2025-09-13 07:00:00,13478.300770063986,14228.346708581084,11614.039522208175
forecast_6128,2025-09-13 08:00:00,18350.709396076927,18783.302769661284,17071.009137769448
forecast_6129,2025-09-13 09:00:00,16671.880087311023,18523.846710546488,17524.39178601364
forecast_6130,2025-09-13 10:00:00,13587.741875674266,17622.855725735797,16636.132149646764
forecast_6131,2025-09-13 11:00:00,9613.801042356357,11477.790255878059,9460.036787008135
forecast_6132,2025-09-13 12:00:00,6781.183165199315,8293.137507732752,6574.703931090473
forecast_6133,2025-09-13 13:00:00,4254.426553164252,5003.809408051748,4189.100757419814
forecast_6134,2025-09-13 14:00:00,4192.409693479476,5483.748961639564,4239.302008436108
forecast_6135,2025-09-13 15:00:00,3829.7849635077364,5222.068224877824,3390.019602506497
forecast_6136,2025-09-13 16:00:00,3477.008446345043,3902.7851979768993,3192.9735250248978
forecast_6137,2025-09-13 17:00:00,3669.9855568330186,3908.5632337239804,2881.736970492835
forecast_6138,2025-09-13 18:00:00,3992.158387094183,3732.8178212208372,3447.395228654749
forecast_6139,2025-09-13 19:00:00,3667.5903308061474,3744.701225315251,4001.383396462831
forecast_6140,2025-09-13 20:00:00,3626.8837204669317,3821.6168203509715,4092.243943606968
forecast_6141,2025-09-13 21:00:00,3924.415027325781,4267.50607221373,3291.558437075343
forecast_6142,2025-09-13 22:00:00,3877.1156497540032,3946.171987040424,4062.6943189113667
forecast_6143,2025-09-13 23:00:00,3450.4855177990876,3450.8708886680874,4226.667392328694
forecast_6144,2025-09-14 00:00:00,3520.517402837309,3429.4600848308237,4411.594937838557
forecast_6145,2025-09-14 01:00:00,3564.8155388480104,3505.7902945692363,4283.2840410046065
forecast_6146,2025-09-14 02:00:00,2807.075691507499,3229.7830718462146,4056.4454994708876
forecast_6147,2025-09-14 03:00:00,3563.704643126967,3564.5499912402242,3960.925710743872
forecast_6148,2025-09-14 04:00:00,3662.4205555523345,3363.1932808613383,3889.013056421122
forecast_6149,2025-09-14 05:00:00,3534.4571053573645,3610.187955978199,3679.7962255379207
forecast_6150,2025-09-14 06:00:00,3249.143861740001,3423.469285124797,3458.83061380017
forecast_6151,2025-09-14 07:00:00,3166.4559444529696,3988.384347563103,3628.5975485436793
forecast_6152,2025-09-14 08:00:00,3530.3999495805388,3403.312039070142,2598.371520408308
forecast_6153,2025-09-14 09:00:00,3457.4004022317295,3714.7766363116984,2339.151979827195
forecast_6154,2025-09-14 10:00:00,3068.422012726315,3180.4059285083545,3126.5364726478406
forecast_6155,2025-09-14 11:00:00,2803.9371613483854,3496.730395760134,2755.6205107151372
forecast_6156,2025-09-14 12:00:00,3193.6907517291747,3263.5232840398435,2226.25489368493
forecast_6157,2025-09-14 13:00:00,3133.7890502978885,3470.7622747331707,3436.198225610315
forecast_6158,2025-09-14 14:00:00,3485.47770847189,3202.8893730200302,3577.71764583143
forecast_6159,2025-09-14 15:00:00,3402.586197962748,3342.144056484982,3374.3523333880107
forecast_6160,2025-09-14 16:00:00,3427.6102876295745,3317.345358979187,3110.5209868446027
forecast_6161,2025-09-14 17:00:00,3644.1302509531197,3664.9420987838657,3068.9027798924476
forecast_6162,2025-09-14 18:00:00,5573.4971435167945,4907.034740279416,4107.576062354197
forecast_6163,2025-09-14 19:00:00,6363.922901488935,8567.406595934834,6277.609660051533
forecast_6164,2025-09-14 20:00:00,11935.977227530024,10728.39313896311,7918.591584356653
forecast_6165,2025-09-14 21:00:00,15749.827614420637,14508.080838224252,8727.4626033979
forecast_6166,2025-09-14 22:00:00,17124.643166306992,15168.252032007586,12533.651291634085
forecast_6167,2025-09-14 23:00:00,18496.148082426047,17592.07526374712,14002.54799492241
forecast_6168,2025-09-15 00:00:00,18395.333872070718,16835.4146871731,15181.133799231575
forecast_6169,2025-09-15 01:00:00,16006.319211309548,14444.738363759367,10701.072105198034
forecast_6170,2025-09-15 02:00:00,14003.061697483461,14479.57662669275,10015.221716432936
forecast_6171,2025-09-15 03:00:00,12767.489409580314,12048.586443173586,8190.332232382803
forecast_6172,2025-09-15 04:00:00,16604.47051996496,11508.211814202734,9006.830064198202
forecast_6173,2025-09-15 05:00:00,16065.300128137771,13220.788329164356,9104.960640293568
forecast_6174,2025-09-15 06:00:00,7277.6989378534645,11077.803273454787,5011.348623214593
forecast_6175,2025-09-15 07:00:00,7205.800993714956,4725.339153161074,4343.419521386092
forecast_6176,2025-09-15 08:00:00,4598.062346518772,3976.697755982743,3735.8544806074233
forecast_6177,2025-09-15 09:00:00,4073.30539490606,3623.5656844574187,3097.3650695373153
forecast_6178,2025-09-15 10:00:00,3335.145082798811,3635.0851907306715,3766.6247899685623
forecast_6179,2025-09-15 11:00:00,3492.82746281641,3257.2508753083835,3505.29092053984
forecast_6180,2025-09-15 12:00:00,3802.969262935816,3911.659832044307,4073.8967446404154
forecast_6181,2025-09-15 13:00:00,2877.716905178505,3810.9350589167925,4038.338260214492
forecast_6182,2025-09-15 14:00:00,3761.5019265206647,4058.568721160165,3540.79626157608
forecast_6183,2025-09-15 15:00:00,3954.0596400002532,4167.626327575544,4167.087234423899
forecast_6184,2025-09-15 16:00:00,3445.26535442734,3733.664305845602,3764.1566077730213
forecast_6185,2025-09-15 17:00:00,3632.8030656142814,3372.5436628504526,3454.035593488879
forecast_6186,2025-09-15 18:00:00,4724.3239953423745,4100.227544894209,4220.361450252669
forecast_6187,2025-09-15 19:00:00,6006.078696115829,4737.064184133287,4308.996448217717
forecast_6188,2025-09-15 20:00:00,7936.933553039281,6609.364794112565,5004.4110730327775
forecast_6189,2025-09-15 21:00:00,6340.118087819514,5907.269989764931,4641.235462955462
forecast_6190,2025-09-15 22:00:00,5043.44354193351,4376.957291718597,3987.2476345245955
forecast_6191,2025-09-15 23:00:00,4066.4307223392043,4529.387857594107,3384.825334664694
forecast_6192,2025-09-16 00:00:00,4183.825190496378,4312.370025707188,4249.950301547399
forecast_6193,2025-09-16 01:00:00,9488.663322805849,8721.868101387416,6040.390181010132
forecast_6194,2025-09-16 02:00:00,9879.28719174897,10392.799017829964,6673.23026912337
forecast_6195,2025-09-16 03:00:00,11082.079708192185,10585.12922953187,6817.028552304747
forecast_6196,2025-09-16 04:00:00,13011.900448377157,13178.203950113799,9603.034253040887
forecast_6197,2025-09-16 05:00:00,14121.944288546065,14557.821136419505,9394.145020033242
forecast_6198,2025-09-16 06:00:00,13177.002670418131,13968.966912025868,11425.370215373561
forecast_6199,2025-09-16 07:00:00,12292.360447277046,11715.754583376895,8565.58430185973
forecast_6200,2025-09-16 08:00:00,9590.483079716061,9926.035977959613,6666.879948729523
forecast_6201,2025-09-16 09:00:00,9044.31667438518,8089.32292197133,4783.157999027694
forecast_6202,2025-09-16 10:00:00,7082.16314674405,6699.443911102834,5682.7224386408125
forecast_6203,2025-09-16 11:00:00,4770.32868359941,6089.520900089099,4759.026767982019
forecast_6204,2025-09-16 12:00:00,5616.860883830515,5845.4134320907115,5087.498429975386
forecast_6205,2025-09-16 13:00:00,7079.345924292607,7344.726097297597,5673.898459390595
forecast_6206,2025-09-16 14:00:00,6043.02769830194,6071.24463828041,4802.2819820099
forecast_6207,2025-09-16 15:00:00,7874.367042766978,6684.604456110477,5654.695079055417
forecast_6208,2025-09-16 16:00:00,8901.709503894455,6353.120603907535,6100.855601847727
forecast_6209,2025-09-16 17:00:00,6921.586332905923,7365.601269107895,6972.3553650923395
forecast_6210,2025-09-16 18:00:00,7138.529230985245,8445.983912568838,6942.853741975528
forecast_6211,2025-09-16 19:00:00,9090.34382776108,11722.325432768239,10100.890193730698
forecast_6212,2025-09-16 20:00:00,9571.131823120606,11964.543919472513,10665.044362909815
forecast_6213,2025-09-16 21:00:00,11611.881316473968,12372.371755373255,8624.875313125463
forecast_6214,2025-09-16 22:00:00,12029.289891430586,13030.58778468599,9747.630994273371
forecast_6215,2025-09-16 23:00:00,10062.554522985838,15036.716798745245,12259.14678750139
forecast_6216,2025-09-17 00:00:00,8569.820175574272,16692.232262372185,11355.981311894326
forecast_6217,2025-09-17 01:00:00,16148.678306831005,17490.327898438158,16724.232529157754
forecast_6218,2025-09-17 02:00:00,16269.711012634649,17755.838267952808,18426.777590349182
forecast_6219,2025-09-17 03:00:00,16766.241916094874,18458.599228431765,18807.797980558615
forecast_6220,2025-09-17 04:00:00,18498.67018011567,18720.080397864014,18846.18650942844
forecast_6221,2025-09-17 05:00:00,18508.310239223014,17921.840153221903,18562.636927323074
forecast_6222,2025-09-17 06:00:00,17910.20490911233,17922.762931654877,17631.519305046357
forecast_6223,2025-09-17 07:00:00,14662.415230879125,15685.733236605089,14900.51220147013
forecast_6224,2025-09-17 08:00:00,9113.894921496012,10102.44053348723,7084.757656472667
forecast_6225,2025-09-17 09:00:00,5835.983666180604,6920.817437269704,5499.570229559109
forecast_6226,2025-09-17 10:00:00,4042.505775888484,4497.074707164909,3860.7908789911594
forecast_6227,2025-09-17 11:00:00,4734.202804603629,5960.016119277298,4162.3829258736105
forecast_6228,2025-09-17 12:00:00,3591.6626906241877,4860.980787272332,3244.8080415201325
forecast_6229,2025-09-17 13:00:00,3493.9140101686426,5392.995268990661,3897.6086240359764
forecast_6230,2025-09-17 14:00:00,4854.439721006666,5074.841680049815,5242.6039767902475
forecast_6231,2025-09-17 15:00:00,7309.433298396795,6721.6503900420275,7129.293409997141
forecast_6232,2025-09-17 16:00:00,4834.680909941947,5265.336432041323,3831.7977135825718
forecast_6233,2025-09-17 17:00:00,4518.502165551989,5949.835804855043,4055.733782148422
forecast_6234,2025-09-17 18:00:00,3654.9642931453886,4530.268370505253,3624.7680401654948
forecast_6235,2025-09-17 19:00:00,3430.632487170696,4228.0897687272745,2990.624407016491
forecast_6236,2025-09-17 20:00:00,3519.7905556628084,3467.238198372021,3891.34228604852
forecast_6237,2025-09-17 21:00:00,2687.5319942896253,2962.01774928032,3047.892106625727
forecast_6238,2025-09-17 22:00:00,2851.6424432754657,3378.1863335076805,3613.617587915751
forecast_6239,2025-09-17 23:00:00,2568.3881388456766,3471.684935923189,3048.8584813891234
forecast_6240,2025-09-18 00:00:00,3788.1669001339915,3540.972023763559,3951.883766997516
forecast_6241,2025-09-18 01:00:00,2951.4779994101027,3869.3317011985246,3466.4513974596653
forecast_6242,2025-09-18 02:00:00,2992.600551166599,3874.6170412005526,3647.1092107060485
forecast_6243,2025-09-18 03:00:00,2489.0345378321176,2738.235420428593,3206.8337934352494
forecast_6244,2025-09-18 04:00:00,2277.390303173705,2642.3457176433835,2858.0618380368132
forecast_6245,2025-09-18 05:00:00,3382.3869264583413,3286.1279623061737,2376.5660411207045
forecast_6246,2025-09-18 06:00:00,3493.9080652584585,3683.4848916048372,3275.6309691250717
forecast_6247,2025-09-18 07:00:00,4152.506918481458,5753.793741215604,3879.0759110958875
forecast_6248,2025-09-18 08:00:00,4148.517243373684,4679.019142776035,3466.1710653971204
forecast_6249,2025-09-18 09:00:00,3849.695662164697,4878.657834905444,3440.7282848653595
forecast_6250,2025-09-18 10:00:00,3363.9666773352337,4474.26435827525,2992.1269858536957
forecast_6251,2025-09-18 11:00:00,3490.135968646655,4008.4220263171765,2785.2552178814844
forecast_6252,2025-09-18 12:00:00,2892.652070007184,4261.536258340384,2621.9794352501467
forecast_6253,2025-09-18 13:00:00,3273.861688818961,4147.048383917174,2926.163171403395
forecast_6254,2025-09-18 14:00:00,3198.4189542846366,3634.493691107989,2269.674122602534
forecast_6255,2025-09-18 15:00:00,3287.9813538016156,3703.6848451309015,2695.401439842204
forecast_6256,2025-09-18 16:00:00,2294.7189421899056,3167.4223249126303,3053.1227634784955
forecast_6257,2025-09-18 17:00:00,3201.2523363036644,3628.498735818123,2919.6191864798043
forecast_6258,2025-09-18 18:00:00,2726.335962064582,3967.4567145729256,2948.2680951725315
forecast_6259,2025-09-18 19:00:00,2700.8613503554116,3841.698725839608,3249.562456645181
forecast_6260,2025-09-18 20:00:00,3010.918937412049,3858.938908704297,3155.130767587063
forecast_6261,2025-09-18 21:00:00,2679.2212226856777,4008.3391839520446,3253.6298313820375
forecast_6262,2025-09-18 22:00:00,3089.3994316678086,3634.3322190515546,3406.8933688172615
forecast_6263,2025-09-18 23:00:00,2971.7863882391594,3495.6656588809433,3085.938552705963
forecast_6264,2025-09-19 00:00:00,2874.5509332111833,3458.3899505290133,3570.0019665507893
forecast_6265,2025-09-19 01:00:00,2666.7236633565367,3631.0231127592865,2797.5430458020537
forecast_6266,2025-09-19 02:00:00,2521.6313754483226,3280.0362004060903,2937.084659307506
forecast_6267,2025-09-19 03:00:00,2445.173643592454,3403.771013145689,2512.9136548987326
forecast_6268,2025-09-19 04:00:00,2892.8320906891618,2948.8204897422434,2609.4777646104667
forecast_6269,2025-09-19 05:00:00,2925.0769581853365,2937.9067508908342,2625.2243320177977
forecast_6270,2025-09-19 06:00:00,2750.2362265646993,2991.6988600293585,3013.2873242445885
forecast_6271,2025-09-19 07:00:00,2687.133407343726,3128.8543211937404,3207.592609896473
forecast_6272,2025-09-19 08:00:00,2796.779787288514,2843.9070873006303,3572.647387927402
forecast_6273,2025-09-19 09:00:00,3127.2227612301226,3633.798157924095,3407.6658441773816
forecast_6274,2025-09-19 10:00:00,3163.058099160791,3447.5555314213,3823.413385272009
forecast_6275,2025-09-19 11:00:00,3418.0147170942537,3611.5606134287736,3810.906431186014
forecast_6276,2025-09-19 12:00:00,3525.862632583804,3707.929641841595,3804.0187077621595
forecast_6277,2025-09-19 13:00:00,3280.6473205067405,3569.697343570402,4012.9191688993096
forecast_6278,2025-09-19 14:00:00,3192.6969916181615,3096.673755867748,3613.7296427337496
forecast_6279,2025-09-19 15:00:00,3505.8328456913223,3319.7971946397192,3587.735870209114
forecast_6280,2025-09-19 16:00:00,3573.1389359801537,3532.193417943313,3535.810887985408
forecast_6281,2025-09-19 17:00:00,2612.7848394304297,2726.180842355126,3042.628338649565
forecast_6282,2025-09-19 18:00:00,3048.162934618182,3404.3237395814376,3869.7249316261823
forecast_6283,2025-09-19 19:00:00,2985.8841940217235,4135.89464245204,3420.4722881675143
forecast_6284,2025-09-19 20:00:00,2496.6227487003903,3574.151720576213,3627.583360061492
forecast_6285,2025-09-19 21:00:00,3255.263696299554,3557.788939917315,4283.650051115539
forecast_6286,2025-09-19 22:00:00,4216.580010668193,4520.986548473671,3196.835530975924
forecast_6287,2025-09-19 23:00:00,4673.327952957046,5072.2323027132,3559.216093687348
forecast_6288,2025-09-20 00:00:00,5026.494622049156,6189.239305623414,4138.839915572854
forecast_6289,2025-09-20 01:00:00,7806.740985296877,7713.132523825168,3978.049429736086
forecast_6290,2025-09-20 02:00:00,10708.947900829551,8601.28037108415,5436.035932074519
forecast_6291,2025-09-20 03:00:00,6773.072797041787,7092.056454932656,3377.621519033749
forecast_6292,2025-09-20 04:00:00,5956.737591981154,5788.390644879286,4935.307251110361
forecast_6293,2025-09-20 05:00:00,5948.910742627671,6376.558978508972,6890.8942644580075
forecast_6294,2025-09-20 06:00:00,6769.144594901481,6708.702878159065,5003.336843835922
forecast_6295,2025-09-20 07:00:00,7666.461591429007,8204.6268703826,5364.724252024556
forecast_6296,2025-09-20 08:00:00,6062.400077556449,6080.051052222859,3966.947371954982
forecast_6297,2025-09-20 09:00:00,3778.6371000919253,3494.334318234758,3307.3657092430326
forecast_6298,2025-09-20 10:00:00,3700.526557642753,3479.483335559701,4801.655212622193
forecast_6299,2025-09-20 11:00:00,3713.022009682368,3797.2624507178534,2911.8268222820466
forecast_6300,2025-09-20 12:00:00,3702.9720747481247,3349.6419270083707,3391.993364274375
forecast_6301,2025-09-20 13:00:00,4330.282072026887,3987.22225899415,3052.4080504440212
forecast_6302,2025-09-20 14:00:00,3669.787170960407,3593.9289205676837,3465.150917682644
forecast_6303,2025-09-20 15:00:00,3711.6135210810007,3825.050178984753,2962.7497119224045
forecast_6304,2025-09-20 16:00:00,2896.843885542791,3521.2217091597877,3046.6597811472475
forecast_6305,2025-09-20 17:00:00,3284.7878579766293,3114.999159002977,2987.4044677491024
forecast_6306,2025-09-20 18:00:00,3366.682210647106,3005.8369651708695,2918.2631576224676
forecast_6307,2025-09-20 19:00:00,3584.3727376183347,3412.437443191321,3129.6433963344666
forecast_6308,2025-09-20 20:00:00,3830.8157007338655,4091.795289304461,3566.589662035958
forecast_6309,2025-09-20 21:00:00,3993.6208930848506,3582.514609662688,3854.277907773183
forecast_6310,2025-09-20 22:00:00,4088.7966299422696,4143.167534378401,3515.5791463231
forecast_6311,2025-09-20 23:00:00,3432.66932153823,4281.484901976712,3842.5789049432037
forecast_6312,2025-09-21 00:00:00,3850.734606045903,3408.535788763635,3967.1805078638336
forecast_6313,2025-09-21 01:00:00,5010.867097134289,5100.324130062278,4134.795718447825
forecast_6314,2025-09-21 02:00:00,4526.217129441213,5411.769763895697,4360.233892754792
forecast_6315,2025-09-21 03:00:00,4507.939959606334,4631.589009578709,4024.6967191242675
forecast_6316,2025-09-21 04:00:00,3981.378109949114,4130.883925473191,3618.5013074942417
forecast_6317,2025-09-21 05:00:00,4173.15526440091,3802.392287246873,3603.051653802569
forecast_6318,2025-09-21 06:00:00,4194.85791682778,5122.4012652383635,3813.974200998095
forecast_6319,2025-09-21 07:00:00,4784.815290749453,5986.201713833027,4003.593270887855
forecast_6320,2025-09-21 08:00:00,4280.872701756698,6407.975711682237,3648.3802996674144
forecast_6321,2025-09-21 09:00:00,3860.0321788518704,4174.378454324935,3048.0586903016483
forecast_6322,2025-09-21 10:00:00,3533.9913774994334,4068.8634921196954,3183.1096628889745
forecast_6323,2025-09-21 11:00:00,2980.453131150841,3122.5919710882185,2872.0216838399747
forecast_6324,2025-09-21 12:00:00,3370.283362084254,3472.8738826750805,2629.606850250069
forecast_6325,2025-09-21 13:00:00,3918.492700827338,3955.384300402286,3166.2596415911325
forecast_6326,2025-09-21 14:00:00,3605.1199900059955,3772.591239126585,2447.4052550315214
forecast_6327,2025-09-21 15:00:00,2726.3533294488384,2833.2131527425495,2912.1548609613847
forecast_6328,2025-09-21 16:00:00,3170.9346785595017,4125.522228457152,3169.374562471174
forecast_6329,2025-09-21 17:00:00,3256.475443592103,3668.47256488638,3455.666686399045
forecast_6330,2025-09-21 18:00:00,2672.5532627267803,3653.6899796062294,3641.1096445392577
forecast_6331,2025-09-21 19:00:00,3464.3700432764476,4472.895248911895,3054.00570376607
forecast_6332,2025-09-21 20:00:00,3282.4955471083454,4445.835345100801,2917.2090272642595
forecast_6333,2025-09-21 21:00:00,3499.0345720695514,4869.14711510497,3763.7864493345555
forecast_6334,2025-09-21 22:00:00,3947.9560519409088,5725.317553678521,3774.8069727990664
forecast_6335,2025-09-21 23:00:00,4936.161190391791,6803.906202513184,4336.664987842732
forecast_6336,2025-09-22 00:00:00,5764.621486753542,7345.374474008003,4599.386874066327
forecast_6337,2025-09-22 01:00:00,5051.782542064512,6347.222578450408,4209.503579226492
forecast_6338,2025-09-22 02:00:00,5481.680092536121,7358.2769610009855,4609.409046827388
forecast_6339,2025-09-22 03:00:00,5858.348729894807,7949.952265031715,4742.9903480155435
forecast_6340,2025-09-22 04:00:00,5762.776661312407,6909.997240307068,4181.838156428996
forecast_6341,2025-09-22 05:00:00,5743.139907937548,7376.83215037355,4405.679632867435
forecast_6342,2025-09-22 06:00:00,4796.3167816424975,6331.521041674919,4212.633944940691
forecast_6343,2025-09-22 07:00:00,4778.206557439344,5784.447494091796,4130.138321798861
forecast_6344,2025-09-22 08:00:00,5104.473892868942,5689.48602299901,4361.869044746038
forecast_6345,2025-09-22 09:00:00,4892.251047072936,5476.896679302072,3850.671990173847
forecast_6346,2025-09-22 10:00:00,4577.573967594903,6501.347999784,3831.633137112391
forecast_6347,2025-09-22 11:00:00,3766.469565139855,4681.675054291637,2829.8659884243507
forecast_6348,2025-09-22 12:00:00,3390.910321942309,3775.278117387658,2979.8992046486005
forecast_6349,2025-09-22 13:00:00,3250.7264244729513,3999.8539562520486,3754.3500184701625
forecast_6350,2025-09-22 14:00:00,3465.644031254706,4253.21346449645,3137.703224200187
forecast_6351,2025-09-22 15:00:00,3573.085266673501,3822.0241043811734,2612.829610053771
forecast_6352,2025-09-22 16:00:00,3694.9109602319286,4066.4707395784635,2915.5463870793656
forecast_6353,2025-09-22 17:00:00,3529.943701497037,3810.2622776177336,2891.1634480819084
forecast_6354,2025-09-22 18:00:00,3700.3783438319406,3244.3210352971355,3930.2434158575375
forecast_6355,2025-09-22 19:00:00,3913.8575433286883,3535.0623755857055,4213.859280356801
forecast_6356,2025-09-22 20:00:00,3213.166333764416,3772.1095690815273,3954.0297577924803
forecast_6357,2025-09-22 21:00:00,3628.303911314539,3817.4040217132906,3698.189414617579
forecast_6358,2025-09-22 22:00:00,3445.748815233089,4015.7342573106116,3722.375180019152
forecast_6359,2025-09-22 23:00:00,3822.8378734211374,4218.189995142335,3643.8923397129365
forecast_6360,2025-09-23 00:00:00,3875.604208499005,4286.820715454491,3894.1532404686527
forecast_6361,2025-09-23 01:00:00,2969.406998063294,2957.3175630922915,3435.464453758829
forecast_6362,2025-09-23 02:00:00,2766.779779744442,3232.259525018904,3837.685001796479
forecast_6363,2025-09-23 03:00:00,2830.710622787106,2863.6642647655426,3616.908698054918
forecast_6364,2025-09-23 04:00:00,2735.826503971789,3331.949417023631,3502.000849978054
forecast_6365,2025-09-23 05:00:00,2338.129960772419,3512.921649991491,2915.2986158377475
forecast_6366,2025-09-23 06:00:00,2816.0949620356832,3463.8060921355236,3029.2335844353593
forecast_6367,2025-09-23 07:00:00,3196.913077140134,3679.4623628669215,2948.775919794595
forecast_6368,2025-09-23 08:00:00,3691.6641789466344,3557.752797234267,3206.5148898999364
forecast_6369,2025-09-23 09:00:00,3391.7710667949204,3673.7462634607564,3347.682237051859
forecast_6370,2025-09-23 10:00:00,3059.69341955138,2980.35300944383,3915.838699119159
forecast_6371,2025-09-23 11:00:00,3329.54345542755,3073.1672150388654,3606.06010690363
forecast_6372,2025-09-23 12:00:00,3319.8815093370513,3132.8368209975506,3693.8158474587926
forecast_6373,2025-09-23 13:00:00,3190.3178029816636,2850.696759202039,3695.9286404733766
forecast_6374,2025-09-23 14:00:00,3810.524464150657,2986.51948850989,3627.096398547524
forecast_6375,2025-09-23 15:00:00,3535.7250886038114,3224.515752783242,3426.854768746055
forecast_6376,2025-09-23 16:00:00,3344.110495243928,3816.124157900263,3685.577134699043
forecast_6377,2025-09-23 17:00:00,3879.009311961704,3908.992322157108,4062.2838873746005
forecast_6378,2025-09-23 18:00:00,4002.321980313345,3644.419872352509,4373.352505784615
forecast_6379,2025-09-23 19:00:00,3494.9714921387576,4334.194962734824,4325.245593232896
forecast_6380,2025-09-23 20:00:00,4017.848641158356,3259.706234099461,4190.773901508848
forecast_6381,2025-09-23 21:00:00,3596.953389278593,3712.731232808162,4128.3729026063675
forecast_6382,2025-09-23 22:00:00,3233.1050563698996,3029.1834720995735,3294.8973440751865
forecast_6383,2025-09-23 23:00:00,3202.9840919676594,2673.645030074203,3436.388116791507
forecast_6384,2025-09-24 00:00:00,3104.0084697344473,2897.6486317515073,3065.0013595270707
forecast_6385,2025-09-24 01:00:00,3429.283015700344,2935.7368012977963,3710.857475163639
forecast_6386,2025-09-24 02:00:00,3941.2919915440493,3389.2671865734324,2925.584446138034
forecast_6387,2025-09-24 03:00:00,4547.2502175799955,4773.086452254382,2969.1248678380107
forecast_6388,2025-09-24 04:00:00,5066.473865892114,5616.293879806201,3612.6897217251635
forecast_6389,2025-09-24 05:00:00,6212.243328579693,7468.838905369598,4574.314740108591
forecast_6390,2025-09-24 06:00:00,6571.243301374917,6429.419598072205,5093.088859862884
forecast_6391,2025-09-24 07:00:00,7068.856149266003,5517.308007383786,4852.652263491633
forecast_6392,2025-09-24 08:00:00,5942.729302952888,4531.883250913473,3821.8178447668147
forecast_6393,2025-09-24 09:00:00,5191.364525830679,6025.558175728029,3903.5892314265457
forecast_6394,2025-09-24 10:00:00,5125.710898345112,6577.141610090662,4068.1614823290556
forecast_6395,2025-09-24 11:00:00,6963.983652254501,7213.969108158876,4999.174423277267
forecast_6396,2025-09-24 12:00:00,8141.527885218065,12062.649868713159,7737.027997733129
forecast_6397,2025-09-24 13:00:00,9428.081657272565,13060.547390070411,8522.288446133442
forecast_6398,2025-09-24 14:00:00,10348.046485172827,13965.042837514624,11452.856732495342
forecast_6399,2025-09-24 15:00:00,9702.682502034488,11852.217570199924,10317.79131792037
forecast_6400,2025-09-24 16:00:00,9921.11709545232,11930.614114635813,7948.041352025287
forecast_6401,2025-09-24 17:00:00,7961.957052495123,9620.384760031555,6606.243239105092
forecast_6402,2025-09-24 18:00:00,9123.899368463426,13180.318408373023,7263.443411433255
forecast_6403,2025-09-24 19:00:00,9377.399961014426,14773.575834886871,8742.323459060244
forecast_6404,2025-09-24 20:00:00,11238.184712669685,12601.673600593613,10428.619098494013
forecast_6405,2025-09-24 21:00:00,15932.345818857426,14514.218910604473,13016.990299432831
forecast_6406,2025-09-24 22:00:00,15632.099781392571,17273.559379217753,15749.890472159117
forecast_6407,2025-09-24 23:00:00,15535.224507346915,16598.130622336306,16033.854576160626
forecast_6408,2025-09-25 00:00:00,14891.597794650994,17166.6147898673,16005.901473320931
forecast_6409,2025-09-25 01:00:00,14378.507177400974,17494.034613536944,17123.587490742117
forecast_6410,2025-09-25 02:00:00,14903.467443574162,17811.276922727306,17676.32567972091
forecast_6411,2025-09-25 03:00:00,15642.718081893914,17571.18095498885,16969.88956639976
forecast_6412,2025-09-25 04:00:00,16456.32534843191,14861.017479509577,15842.604172767557
forecast_6413,2025-09-25 05:00:00,15123.740850040016,15771.253161386605,14837.44722606403
forecast_6414,2025-09-25 06:00:00,15716.437336445597,16400.851873473417,14664.841739116297
forecast_6415,2025-09-25 07:00:00,15061.068476812345,16142.54161444612,15417.135428220821
forecast_6416,2025-09-25 08:00:00,15261.284877153857,14862.755088510165,13303.227239973286
forecast_6417,2025-09-25 09:00:00,14680.530815490109,15641.881866707892,13556.385044325034
forecast_6418,2025-09-25 10:00:00,13709.219630258254,14810.433467838797,13046.098864944457
forecast_6419,2025-09-25 11:00:00,12144.753148486112,14216.437937551957,12475.340207356046
forecast_6420,2025-09-25 12:00:00,12039.791225354085,14862.444492871884,13044.612967150786
forecast_6421,2025-09-25 13:00:00,13449.29961784752,16704.635447423156,14336.110534989139
forecast_6422,2025-09-25 14:00:00,13750.118761151885,17981.36541810588,14996.972958136628
forecast_6423,2025-09-25 15:00:00,13614.936195414877,14717.509092553508,12970.131827620953
forecast_6424,2025-09-25 16:00:00,14977.2334322084,17387.27816552625,12686.476731510757
forecast_6425,2025-09-25 17:00:00,14487.82105682441,15291.512270670202,12841.021536826049
forecast_6426,2025-09-25 18:00:00,15033.758402334335,13556.991804694691,12804.907423380695
forecast_6427,2025-09-25 19:00:00,15159.709425342135,14734.71010527545,15626.908462665351
forecast_6428,2025-09-25 20:00:00,15096.827473219653,15196.271181943404,14737.026349839343
forecast_6429,2025-09-25 21:00:00,17256.724296284207,15748.771977949284,16081.154445193622
forecast_6430,2025-09-25 22:00:00,16365.031133099092,17899.671337071257,15467.611332793034
forecast_6431,2025-09-25 23:00:00,17909.934213849214,17937.653081571112,15811.745389628684
forecast_6432,2025-09-26 00:00:00,16269.991150393638,17518.40318665354,14872.886689604366
forecast_6433,2025-09-26 01:00:00,16665.920521848355,12119.55495587851,8263.979884853823
forecast_6434,2025-09-26 02:00:00,10760.07855713596,10497.961269028892,8949.867003529116
forecast_6435,2025-09-26 03:00:00,14724.511280862642,8551.198113235741,6852.991871803881
forecast_6436,2025-09-26 04:00:00,7918.057502048672,7452.132047771822,6216.319158150804
forecast_6437,2025-09-26 05:00:00,4418.807032913441,4150.973788938771,4682.314020777665
forecast_6438,2025-09-26 06:00:00,3809.383313060565,3604.696651892798,3606.808704547347
forecast_6439,2025-09-26 07:00:00,3411.990728173615,3120.380131174972,3055.0127993727783
forecast_6440,2025-09-26 08:00:00,3971.1549125720103,3574.7323525402894,3268.7581310259693
forecast_6441,2025-09-26 09:00:00,3050.2188246384485,3252.974840886103,3008.186432181935
forecast_6442,2025-09-26 10:00:00,3547.956567789504,3217.0139232445117,3176.749548014664
forecast_6443,2025-09-26 11:00:00,3004.827889927825,2829.508205627406,2919.1177416004216
forecast_6444,2025-09-26 12:00:00,2983.796981924228,2843.366178498438,3340.2225205459154
forecast_6445,2025-09-26 13:00:00,3629.8589802620404,3055.9935448417737,3665.9827921117653
forecast_6446,2025-09-26 14:00:00,4494.339591378676,3730.679191659634,3983.8842581194885
forecast_6447,2025-09-26 15:00:00,4444.451523480771,3444.2008579395024,3796.3706631997416
forecast_6448,2025-09-26 16:00:00,3814.784401395395,3112.2112597075884,3157.2525226744788
forecast_6449,2025-09-26 17:00:00,3035.834935065496,3152.287456202364,3256.3146770832973
forecast_6450,2025-09-26 18:00:00,4117.019263886775,3283.552838752944,3734.141793379661
forecast_6451,2025-09-26 19:00:00,3343.2013842018832,3210.8335929879763,3472.6311906463757
forecast_6452,2025-09-26 20:00:00,3105.1719389924638,2883.017834050839,3145.7084991261254
forecast_6453,2025-09-26 21:00:00,2842.3495080879356,3136.794302589967,3146.620472512347
forecast_6454,2025-09-26 22:00:00,3120.0180036494176,3028.0174743661582,3024.7852351390593
forecast_6455,2025-09-26 23:00:00,2897.8012247375477,2524.213177992772,3228.0277937265528
forecast_6456,2025-09-27 00:00:00,2824.5377135230037,2831.2035705218555,2540.4452425952827
forecast_6457,2025-09-27 01:00:00,3053.6537005622195,3397.6965598167767,3197.6561536419676
forecast_6458,2025-09-27 02:00:00,2953.984173935055,3389.6462461246088,3204.8778782958634
forecast_6459,2025-09-27 03:00:00,2837.5772943622987,2702.04030317901,2763.630156306541
forecast_6460,2025-09-27 04:00:00,2890.807002374504,3381.742084622132,3112.0782165652513
forecast_6461,2025-09-27 05:00:00,2456.6206036429244,3030.1085057337577,3254.976712224924
forecast_6462,2025-09-27 06:00:00,2618.850740437439,2976.5194454573984,3449.2927800512975
forecast_6463,2025-09-27 07:00:00,2863.8311430439526,3338.3810957512615,2940.727154389065
forecast_6464,2025-09-27 08:00:00,2623.668974863329,2605.3575196839865,3821.2051155392382
forecast_6465,2025-09-27 09:00:00,2463.223674894214,2968.523193569588,3853.5290291346273
forecast_6466,2025-09-27 10:00:00,2711.2763512179417,2738.9829206982135,3346.007410671509
forecast_6467,2025-09-27 11:00:00,3216.3074548480126,2993.03066664569,3263.5588969154114
forecast_6468,2025-09-27 12:00:00,2766.426976152001,3709.0652279008445,3605.4134062327635
forecast_6469,2025-09-27 13:00:00,3485.5916081590913,3661.401504631099,3654.9740868125227
forecast_6470,2025-09-27 14:00:00,3776.8869933134147,3099.901030596776,3448.8014112002047
forecast_6471,2025-09-27 15:00:00,3576.0350449801904,3335.3081331632166,3493.441462915486
forecast_6472,2025-09-27 16:00:00,3448.0297339701933,2842.0098154509537,3094.514126306058
forecast_6473,2025-09-27 17:00:00,3932.1923196044454,3588.1690152367987,4306.312085663556
forecast_6474,2025-09-27 18:00:00,3589.5652477888716,3081.664779152932,4437.959466181732
forecast_6475,2025-09-27 19:00:00,3517.329942588063,3139.830711690642,4127.3070982119025
forecast_6476,2025-09-27 20:00:00,3580.23444136216,3427.3689796947156,2775.9209079679895
forecast_6477,2025-09-27 21:00:00,3651.3835058566133,3057.231114953742,2478.1716576155695
forecast_6478,2025-09-27 22:00:00,3751.656934351639,3168.8644716713493,2728.751469451828
forecast_6479,2025-09-27 23:00:00,3911.2992931174877,3278.238259731438,2971.5827051478077
forecast_6480,2025-09-28 00:00:00,3602.4396134266667,3880.1175207739493,3096.550828981561
forecast_6481,2025-09-28 01:00:00,4474.3082030361,5261.740919354875,3709.8926769514715
forecast_6482,2025-09-28 02:00:00,4917.403124271619,5864.983521908146,3897.3009219260794
forecast_6483,2025-09-28 03:00:00,4651.490788165765,6277.212078259523,3664.50639006865
forecast_6484,2025-09-28 04:00:00,4635.818190890965,6244.113388244297,3557.2318104257133
forecast_6485,2025-09-28 05:00:00,4441.415937754956,4522.588359950592,2747.476307890867
forecast_6486,2025-09-28 06:00:00,4461.854998400798,5982.862744311051,3525.6578777007862
forecast_6487,2025-09-28 07:00:00,5189.103859854149,3343.058704591498,3330.5260463643667
forecast_6488,2025-09-28 08:00:00,5196.13708497332,4283.1202509101295,3892.5552200551856
forecast_6489,2025-09-28 09:00:00,3389.1863976471677,3879.406864605781,3290.213041444755
forecast_6490,2025-09-28 10:00:00,3942.632835700454,3901.312893943221,3950.066372194962
forecast_6491,2025-09-28 11:00:00,4635.306051291705,4357.420576171265,4477.733771047704
forecast_6492,2025-09-28 12:00:00,4569.364503014443,4681.734761949312,4411.884896974683
forecast_6493,2025-09-28 13:00:00,3592.1179206698316,4515.5567449314485,3511.7514938180298
forecast_6494,2025-09-28 14:00:00,4983.28652564,5409.735655337158,4763.246462291002
forecast_6495,2025-09-28 15:00:00,5245.117674509882,5897.380879463993,4412.87783635392
forecast_6496,2025-09-28 16:00:00,5331.377677016101,5234.456407479369,4436.72372983871
forecast_6497,2025-09-28 17:00:00,7237.472493948596,6055.311949332638,4511.801474515201
forecast_6498,2025-09-28 18:00:00,4446.435379539118,4224.920955058654,3550.3487729238336
forecast_6499,2025-09-28 19:00:00,5494.684461416115,5854.054598445522,4466.366786981942
forecast_6500,2025-09-28 20:00:00,4704.455590098319,4964.794296598098,4097.937404877883
forecast_6501,2025-09-28 21:00:00,5003.99924528877,5890.108059628002,4259.138900630412
forecast_6502,2025-09-28 22:00:00,4387.138882663155,5624.889731668054,4448.838341454566
forecast_6503,2025-09-28 23:00:00,3715.1767513338827,5065.866121765482,3917.1356403603777
forecast_6504,2025-09-29 00:00:00,4279.455992951468,4559.054758539881,3828.1776056941917
forecast_6505,2025-09-29 01:00:00,4203.338409423389,4046.128208044014,3520.624619969379
forecast_6506,2025-09-29 02:00:00,4062.490312660523,4066.376028808254,4129.711053841813
forecast_6507,2025-09-29 03:00:00,3832.1107322931616,3287.6957772931796,3543.657223395931
forecast_6508,2025-09-29 04:00:00,4324.282638094921,3687.9387331406015,3550.1405475778447
forecast_6509,2025-09-29 05:00:00,3607.5520208246976,3310.5781093863993,3393.468117173417
forecast_6510,2025-09-29 06:00:00,3822.4741785631377,3352.610528450458,3010.297988681905
forecast_6511,2025-09-29 07:00:00,3808.4193454113315,3978.499955845972,3565.2278738907926
forecast_6512,2025-09-29 08:00:00,3738.4930309064735,3764.633671804136,3552.999511254233
forecast_6513,2025-09-29 09:00:00,3289.1468289503578,3428.1529574999463,3644.329850449323
forecast_6514,2025-09-29 10:00:00,3018.29138945444,3373.8188247408984,3254.069349557826
forecast_6515,2025-09-29 11:00:00,2856.102438510698,3147.306542538689,3412.553513729875
forecast_6516,2025-09-29 12:00:00,2899.522205151892,3230.682246100997,3477.295314627674
forecast_6517,2025-09-29 13:00:00,3395.723302514797,3769.9586112098805,3448.788308948947
forecast_6518,2025-09-29 14:00:00,3769.412620058927,3697.609333387818,3495.200767723707
forecast_6519,2025-09-29 15:00:00,3501.682184116783,3746.2950462005106,3905.984805120419
forecast_6520,2025-09-29 16:00:00,3513.4982232853067,3174.762196710897,3632.9162128902803
forecast_6521,2025-09-29 17:00:00,3201.538885768878,3134.995573215777,3400.749675107817
forecast_6522,2025-09-29 18:00:00,2944.7683878416856,2978.1619699821817,3613.7676253565355
forecast_6523,2025-09-29 19:00:00,2724.555716409326,3117.6701417689073,3378.559662101393
forecast_6524,2025-09-29 20:00:00,2986.8594042782115,2966.95331251855,3545.1524792134505
forecast_6525,2025-09-29 21:00:00,3050.2419187193077,3328.1247169795197,3359.921324474857
forecast_6526,2025-09-29 22:00:00,4118.905104566937,4276.270731432131,3859.1273823419233
forecast_6527,2025-09-29 23:00:00,4483.405358212969,5118.998442947223,3782.749309579532
forecast_6528,2025-09-30 00:00:00,3772.729410099956,4261.197100719872,3342.896716009348
forecast_6529,2025-09-30 01:00:00,4323.371089343881,4479.946210562361,3937.535474848255
forecast_6530,2025-09-30 02:00:00,4193.894446475328,3934.9965160065963,2841.599868282309
forecast_6531,2025-09-30 03:00:00,3825.945742366546,3805.633964460523,2878.051163174014
forecast_6532,2025-09-30 04:00:00,4423.818195746895,4225.4827573979,3598.437057596537
forecast_6533,2025-09-30 05:00:00,3833.941400765691,3915.6866546358483,3269.3099003017305
forecast_6534,2025-09-30 06:00:00,3877.421781709112,3928.933411754437,3431.7379946465426
forecast_6535,2025-09-30 07:00:00,4115.663331171469,3385.366214225969,3466.0910605807685
forecast_6536,2025-09-30 08:00:00,3688.1345191265664,2765.160485780577,4165.371012664848
forecast_6537,2025-09-30 09:00:00,3655.0655269755107,2424.9450171943945,2988.2579260641905
forecast_6538,2025-09-30 10:00:00,3318.447823513637,3022.074051007566,3620.028646768633
forecast_6539,2025-09-30 11:00:00,3360.996278097164,3577.1183589538723,3927.8142353670255
forecast_6540,2025-09-30 12:00:00,2664.6022588284645,3414.879460098777,3311.580526778842
forecast_6541,2025-09-30 13:00:00,2393.602149048198,3376.9996226680278,4125.411786758347
forecast_6542,2025-09-30 14:00:00,2950.8660816136253,3040.295824535885,3637.1965119920264
forecast_6543,2025-09-30 15:00:00,2867.2660450304243,2749.385466112305,3729.3945974825024
forecast_6544,2025-09-30 16:00:00,3259.114141396287,3101.9620560486046,3824.399900423884
forecast_6545,2025-09-30 17:00:00,3772.4299134119196,2647.933558354927,3905.088004231262
forecast_6546,2025-09-30 18:00:00,3663.0840546011004,3341.875636566472,2753.9090361878543
forecast_6547,2025-09-30 19:00:00,4414.148367982918,3969.4140033597077,2897.361666860022
forecast_6548,2025-09-30 20:00:00,4679.930599367232,5314.431953793226,3791.63554217766
forecast_6549,2025-09-30 21:00:00,5877.634093241744,7512.522008542941,4228.191703258008
forecast_6550,2025-09-30 22:00:00,6820.379519665925,7859.528049943527,5434.8524860960315
forecast_6551,2025-09-30 23:00:00,6230.020565679112,7882.477650216961,6302.029538824068
forecast_6552,2025-10-01 00:00:00,6505.935849204878,10548.46996114673,5781.034863420854
forecast_6553,2025-10-01 01:00:00,7651.761351391809,8902.65830451616,5458.595437518757
forecast_6554,2025-10-01 02:00:00,8873.102690322943,9791.258303687577,6048.005685403125
forecast_6555,2025-10-01 03:00:00,9212.362551499957,10175.538034499168,6321.215589217244
forecast_6556,2025-10-01 04:00:00,9929.263740799102,10261.192019444634,5841.906254613853
forecast_6557,2025-10-01 05:00:00,8650.800413534655,9001.690245858917,5605.295002752237
forecast_6558,2025-10-01 06:00:00,8369.808799644932,9016.935875086354,6170.697396178661
forecast_6559,2025-10-01 07:00:00,7897.186922873008,7669.250830794108,6006.319667120453
forecast_6560,2025-10-01 08:00:00,4285.295072945059,4110.615630259252,3040.828231464759
forecast_6561,2025-10-01 09:00:00,3878.8831815989056,4016.3870712247485,3652.342979204536
forecast_6562,2025-10-01 10:00:00,3190.967005734577,3403.5404205794825,4337.616633991274
forecast_6563,2025-10-01 11:00:00,3573.363396247085,3785.4403450723175,4027.1434804573933
forecast_6564,2025-10-01 12:00:00,3689.0684530775043,3886.270079408044,3121.7830364215674
forecast_6565,2025-10-01 13:00:00,3219.4721308090684,3012.6251485363605,3149.2610156643304
forecast_6566,2025-10-01 14:00:00,3314.1124406634895,2987.0373176138164,3775.8171945547065
forecast_6567,2025-10-01 15:00:00,3337.930990437641,2875.230026371081,3990.152988034675
forecast_6568,2025-10-01 16:00:00,3987.8351089629114,3723.0149374770867,4299.486566257671
forecast_6569,2025-10-01 17:00:00,3697.3297683151277,3425.727987179917,4244.142985993469
forecast_6570,2025-10-01 18:00:00,3720.939267113564,3671.3019448850478,2904.81093286122
forecast_6571,2025-10-01 19:00:00,5630.285944295394,6448.336483785012,4038.5327423593426
forecast_6572,2025-10-01 20:00:00,8769.270078819141,9636.101508827742,5563.276962587997
forecast_6573,2025-10-01 21:00:00,8281.512008252119,8280.263598308398,5231.893095516799
forecast_6574,2025-10-01 22:00:00,6840.218976819409,6294.802709250803,4917.868928409822
forecast_6575,2025-10-01 23:00:00,6083.735547719078,6286.587405568983,4119.710077517228
forecast_6576,2025-10-02 00:00:00,5807.002271477705,5562.9837911495915,4511.711566880906
forecast_6577,2025-10-02 01:00:00,6904.48193313596,9474.049034810534,5391.439799278427
forecast_6578,2025-10-02 02:00:00,6803.0294891329,7688.292614942727,4897.8955657644165
forecast_6579,2025-10-02 03:00:00,5061.6729355992165,6202.559905366082,2652.811433098916
forecast_6580,2025-10-02 04:00:00,4190.528154987093,4545.093009168457,3099.9315761354183
forecast_6581,2025-10-02 05:00:00,3885.3329804832283,3901.392278663203,3718.256150424754
forecast_6582,2025-10-02 06:00:00,3642.067741260905,3990.0916686952714,4495.5426630873935
forecast_6583,2025-10-02 07:00:00,3740.9106276200387,3898.925873062264,4316.863409146638
forecast_6584,2025-10-02 08:00:00,3933.1700354991735,4129.274764336752,3944.8290154960855
forecast_6585,2025-10-02 09:00:00,3256.1694618914994,3870.2501920589702,4128.756964307598
forecast_6586,2025-10-02 10:00:00,3051.8346681162457,3207.3627763026366,3393.4517090363834
forecast_6587,2025-10-02 11:00:00,3534.076575639031,2935.5199030809995,3228.0187332144915
forecast_6588,2025-10-02 12:00:00,3933.636980285397,3500.362001782269,3182.09863352147
forecast_6589,2025-10-02 13:00:00,3655.724419886039,3887.3595232232356,3287.7038584163706
forecast_6590,2025-10-02 14:00:00,3827.926058817544,3173.0679717820194,3374.9957481195997
forecast_6591,2025-10-02 15:00:00,3274.105032118707,3135.9363089234785,3094.3073682391723
forecast_6592,2025-10-02 16:00:00,3267.416412249254,3388.655544412266,3120.879959060624
forecast_6593,2025-10-02 17:00:00,3666.6862268595323,3536.1979773181165,3470.9153703575344
forecast_6594,2025-10-02 18:00:00,3728.2026209775736,4371.25753405627,3609.3333018821045
forecast_6595,2025-10-02 19:00:00,3719.370727027548,2782.6684351901968,3282.285211746902
forecast_6596,2025-10-02 20:00:00,3535.242888630341,3103.81769065345,3604.088309953636
forecast_6597,2025-10-02 21:00:00,3253.8002529660384,3017.3436180291023,3553.634371246485
forecast_6598,2025-10-02 22:00:00,3819.683464514731,3341.687781127871,3796.0180664757677
forecast_6599,2025-10-02 23:00:00,3741.4144943625533,3105.5209076943947,3356.3969698156207
forecast_6600,2025-10-03 00:00:00,3950.4128600519043,3965.1713743636383,3378.332102105068
forecast_6601,2025-10-03 01:00:00,3728.6562743867726,3025.118224582422,3488.450515429947
forecast_6602,2025-10-03 02:00:00,3373.12545241733,3522.1338954368466,3535.5541661944094
forecast_6603,2025-10-03 03:00:00,3973.136005390669,3906.157122684779,3281.272100422906
forecast_6604,2025-10-03 04:00:00,3151.694776911133,3193.1844089421716,3341.840629458111
forecast_6605,2025-10-03 05:00:00,2969.3166395777716,3628.2967327820998,3011.377951887369
forecast_6606,2025-10-03 06:00:00,3170.405284691573,3985.0830208112584,2857.1301050401858
forecast_6607,2025-10-03 07:00:00,3267.741410370781,3954.2532245167044,2803.3974441076366
forecast_6608,2025-10-03 08:00:00,3260.9541063180286,4456.20353315186,2895.7950625140784
forecast_6609,2025-10-03 09:00:00,3670.3387448389512,4926.037127917674,3618.4377792975006
forecast_6610,2025-10-03 10:00:00,3274.4201151350394,4469.415908689107,3633.5769676741293
forecast_6611,2025-10-03 11:00:00,4314.594406331963,4383.184192106735,3437.176487373714
forecast_6612,2025-10-03 12:00:00,5025.978832973167,5116.531103388146,4200.042696620456
forecast_6613,2025-10-03 13:00:00,4117.840377247232,4607.28947400258,3723.0558399333963
forecast_6614,2025-10-03 14:00:00,3775.825124134001,3866.541080936145,3408.6435388768045
forecast_6615,2025-10-03 15:00:00,3406.9303236303967,3832.631360861381,3518.3081440842643
forecast_6616,2025-10-03 16:00:00,4120.635188147694,4551.511354499631,3880.6166330278825
forecast_6617,2025-10-03 17:00:00,4163.742114715971,4825.053867113956,4537.848686140822
forecast_6618,2025-10-03 18:00:00,4739.43303887493,4638.305335421424,3709.668108437229
forecast_6619,2025-10-03 19:00:00,5185.243978048271,6833.323913882013,3666.143505125591
forecast_6620,2025-10-03 20:00:00,6116.922197008171,6694.130337653971,3805.757589338543
forecast_6621,2025-10-03 21:00:00,5598.500159305507,5731.723853024044,4365.605303080987
forecast_6622,2025-10-03 22:00:00,6209.983314689598,5718.041103969112,4012.9018818446634
forecast_6623,2025-10-03 23:00:00,5640.584891904063,4907.16028890673,3135.733473658107
forecast_6624,2025-10-04 00:00:00,3264.740825110337,3495.8993506266397,3203.824336637184
forecast_6625,2025-10-04 01:00:00,4046.847526378438,3798.082001071562,3419.8769360565757
forecast_6626,2025-10-04 02:00:00,4202.813511272852,3774.805610064581,3655.124249077946
forecast_6627,2025-10-04 03:00:00,3568.538423913739,4071.8367452993443,3352.3128340246712
forecast_6628,2025-10-04 04:00:00,3532.360122386083,4115.341328963508,3598.287991167802
forecast_6629,2025-10-04 05:00:00,3975.0777094356804,4108.7972088965,4426.678886445248
forecast_6630,2025-10-04 06:00:00,3608.280851208178,3486.374726037772,3858.574708591199
forecast_6631,2025-10-04 07:00:00,3629.8496044157105,3624.075398358683,3949.8207629045605
forecast_6632,2025-10-04 08:00:00,3673.042403067967,3709.2734700596716,4195.079168542281
forecast_6633,2025-10-04 09:00:00,3666.436604246378,3220.0078978414003,3321.0541376641186
forecast_6634,2025-10-04 10:00:00,3051.3789027788257,2643.9412430843818,3135.487177368506
forecast_6635,2025-10-04 11:00:00,2953.09184943674,2837.229865439901,3412.6736894383203
forecast_6636,2025-10-04 12:00:00,3601.4394551154746,2925.302556236071,3814.7597035303993
forecast_6637,2025-10-04 13:00:00,3267.471241082382,2879.1147934893133,3674.20656466595
forecast_6638,2025-10-04 14:00:00,2841.342719202641,2729.9360882172705,2987.158806734815
forecast_6639,2025-10-04 15:00:00,3439.3482326008198,2651.6384918460185,3309.0082268881597
forecast_6640,2025-10-04 16:00:00,2814.1690599988233,2606.238042277155,3186.0553853633705
forecast_6641,2025-10-04 17:00:00,3119.2111392373745,2662.6824067809985,3100.9948697882014
forecast_6642,2025-10-04 18:00:00,2778.636834117842,2550.9852192078606,2971.9197956424186
forecast_6643,2025-10-04 19:00:00,2494.419460411583,2947.013087317274,2780.723447245256
forecast_6644,2025-10-04 20:00:00,2765.8930912996047,2810.4416667027117,2588.6836817858866
forecast_6645,2025-10-04 21:00:00,2970.631620001904,2827.9205769427854,3127.0335762412083
forecast_6646,2025-10-04 22:00:00,2635.8672849871004,3398.751959941841,3450.3337791181534
forecast_6647,2025-10-04 23:00:00,2525.2599979904326,3664.040964361712,2892.044131844963
forecast_6648,2025-10-05 00:00:00,3340.4441266831536,3815.3345911992533,3848.8694755667098
forecast_6649,2025-10-05 01:00:00,2878.4574794486452,3920.589414272121,3807.062870735228
forecast_6650,2025-10-05 02:00:00,2904.5252045281213,2683.793057713213,3743.9785310455254
forecast_6651,2025-10-05 03:00:00,2945.4631305534954,3497.208043460959,3057.9915661991786
forecast_6652,2025-10-05 04:00:00,3193.964067022101,2937.703323761447,2986.33646655848
forecast_6653,2025-10-05 05:00:00,3554.96968813918,2739.1151348188205,3164.553802467133
forecast_6654,2025-10-05 06:00:00,3256.7140571025375,3135.295620470357,3186.6214959330773
forecast_6655,2025-10-05 07:00:00,3359.332080551758,3182.3673207877137,3216.291493232315
forecast_6656,2025-10-05 08:00:00,3725.9972619453633,3573.345164854318,3383.711429924197
forecast_6657,2025-10-05 09:00:00,3173.743928602317,3030.9577041468565,3788.235138115787
forecast_6658,2025-10-05 10:00:00,3612.0536794345007,3554.4976564937715,3638.8867476808236
forecast_6659,2025-10-05 11:00:00,3083.6603774737077,3137.0731554589674,3149.754744239234
forecast_6660,2025-10-05 12:00:00,3172.3463034752012,3127.372072533938,3280.170658142332
forecast_6661,2025-10-05 13:00:00,3123.0331105168207,3079.1518245092875,3236.907223514714
forecast_6662,2025-10-05 14:00:00,3337.2119750937873,3150.275352644212,3267.03053856907
forecast_6663,2025-10-05 15:00:00,3052.1038564678847,3816.1950990367604,3603.528531475864
forecast_6664,2025-10-05 16:00:00,3057.988014194023,2884.6518563917098,3267.4078317393287
forecast_6665,2025-10-05 17:00:00,2851.5315541789723,3257.274737480838,3393.6388183199097
forecast_6666,2025-10-05 18:00:00,2911.845333739221,3328.7608142427057,3125.096376315092
forecast_6667,2025-10-05 19:00:00,2908.2349241568763,3384.098673826066,2964.1383617215547
forecast_6668,2025-10-05 20:00:00,3211.957715585543,3942.238333159051,3377.198904318395
forecast_6669,2025-10-05 21:00:00,2899.4670500947395,3456.4159358590605,3010.250448661586
forecast_6670,2025-10-05 22:00:00,2719.7529553988857,2808.6877727356855,3564.8339112192707
forecast_6671,2025-10-05 23:00:00,3091.017235828738,3385.291013554737,3051.6187760740113
forecast_6672,2025-10-06 00:00:00,3352.067933865951,3650.280654760419,3419.3998916877654
forecast_6673,2025-10-06 01:00:00,2778.9182855901304,3392.606207180499,3882.1296872758244
forecast_6674,2025-10-06 02:00:00,2677.417778595363,3625.3072257288704,3795.726353368256
forecast_6675,2025-10-06 03:00:00,3473.4418671682374,4074.9571752761376,3459.148087017029
forecast_6676,2025-10-06 04:00:00,4077.9921123062686,4278.936696991033,3609.214719379438
forecast_6677,2025-10-06 05:00:00,3714.6538831922862,5113.574686319084,3581.828604389123
forecast_6678,2025-10-06 06:00:00,4536.281002319478,6468.831199633011,4310.610802486953
forecast_6679,2025-10-06 07:00:00,6315.373339774804,7624.632639670665,6112.341254692302
forecast_6680,2025-10-06 08:00:00,9863.301085709463,11083.695704297304,8332.911809944544
forecast_6681,2025-10-06 09:00:00,8838.001519080832,11750.61780688045,7591.342546626471
forecast_6682,2025-10-06 10:00:00,7606.592689174597,8734.746186821334,6253.9130277826325
forecast_6683,2025-10-06 11:00:00,7904.955751956845,9316.851503808677,5737.3153453617715
forecast_6684,2025-10-06 12:00:00,5863.035918920855,7468.787673874281,5041.113705242475
forecast_6685,2025-10-06 13:00:00,4854.78410253095,5939.328612731701,4172.408129628405
forecast_6686,2025-10-06 14:00:00,4198.106105085073,4947.802742672842,3635.376229580498
forecast_6687,2025-10-06 15:00:00,4589.949804549021,4318.0965206009805,3558.9004955426785
forecast_6688,2025-10-06 16:00:00,4608.58634978505,4478.985762470069,3556.5155000937993
forecast_6689,2025-10-06 17:00:00,5642.742014540955,6216.391987316441,4126.45016127001
forecast_6690,2025-10-06 18:00:00,10716.894033658953,12106.871620837184,5928.9036441902435
forecast_6691,2025-10-06 19:00:00,11303.072385149022,12848.758551202322,6911.036117335532
forecast_6692,2025-10-06 20:00:00,13145.915349743516,14595.437913519563,7563.916798975434
forecast_6693,2025-10-06 21:00:00,13471.04633250639,15769.97347083329,9328.807361487598
forecast_6694,2025-10-06 22:00:00,14324.12705807107,16959.84734022178,10973.739686357776
forecast_6695,2025-10-06 23:00:00,12626.789890425236,16345.589736223303,12157.314902047608
forecast_6696,2025-10-07 00:00:00,13335.520926237063,16909.81699777035,12568.870614559613
forecast_6697,2025-10-07 01:00:00,9801.993228719812,13869.965485710974,9616.502460384605
forecast_6698,2025-10-07 02:00:00,9506.075634243942,11953.058622977187,9204.329608365693
forecast_6699,2025-10-07 03:00:00,8730.702034123822,11129.410169046336,6983.439793090145
forecast_6700,2025-10-07 04:00:00,8563.33125999262,10310.538383102961,6649.270470060642
forecast_6701,2025-10-07 05:00:00,8121.449147557821,11013.269134600847,6212.904154095144
forecast_6702,2025-10-07 06:00:00,9523.093880474678,11569.246950063922,7649.485535715936
forecast_6703,2025-10-07 07:00:00,8318.442690878637,11235.908522485359,8366.385995918828
forecast_6704,2025-10-07 08:00:00,7069.76060648098,9632.923136643123,6398.963812393804
forecast_6705,2025-10-07 09:00:00,6844.020867222036,8765.481651221158,6123.383579691715
forecast_6706,2025-10-07 10:00:00,5354.382854562217,8002.108151588616,5150.3877488368325
forecast_6707,2025-10-07 11:00:00,4779.7858979369175,5727.604418732129,4406.425532083396
forecast_6708,2025-10-07 12:00:00,4201.996920324479,4657.347905796874,3874.173226162962
forecast_6709,2025-10-07 13:00:00,4282.461325747807,4404.625244513145,4674.65404775287
forecast_6710,2025-10-07 14:00:00,4208.7688485995695,3797.7658884509765,3809.918754380071
forecast_6711,2025-10-07 15:00:00,3983.885818884376,3998.4022562446953,3377.601866073025
forecast_6712,2025-10-07 16:00:00,4189.482727229015,3939.127627927669,3705.0239550721017
forecast_6713,2025-10-07 17:00:00,3790.5840731987264,3610.478985914937,4323.106581961369
forecast_6714,2025-10-07 18:00:00,3605.7323414717575,3727.5871787246233,3624.242151603779
forecast_6715,2025-10-07 19:00:00,2700.793131112556,3762.9325408263194,3672.93368055302
forecast_6716,2025-10-07 20:00:00,3218.8524859236786,3799.9998341761348,3426.5870915070045
forecast_6717,2025-10-07 21:00:00,3780.4230893089134,3865.0732701698553,3983.0310705979523
forecast_6718,2025-10-07 22:00:00,3492.1359119882636,4125.195531516152,4253.993221945735
forecast_6719,2025-10-07 23:00:00,3637.8589574159,3938.9880712487916,4460.891010596262
forecast_6720,2025-10-08 00:00:00,4141.303015032156,3908.5710626072637,3835.478798330011
forecast_6721,2025-10-08 01:00:00,4035.4264655172647,4241.79041680067,4815.843831643136
forecast_6722,2025-10-08 02:00:00,4049.570409466775,4182.188272334957,3867.1362986902277
forecast_6723,2025-10-08 03:00:00,3523.0878654337466,3755.105353857076,4015.6823290300326
forecast_6724,2025-10-08 04:00:00,3698.4290170141485,3691.7195563996643,4059.672057852848
forecast_6725,2025-10-08 05:00:00,3376.086873735602,3807.010935961989,3803.336094725192
forecast_6726,2025-10-08 06:00:00,3049.352811779626,3585.009885334623,3939.5889232515683
forecast_6727,2025-10-08 07:00:00,2783.602052374602,2842.679645445326,3152.1071913690607
forecast_6728,2025-10-08 08:00:00,3045.6062953409473,3011.771349823195,2728.4165218304884
forecast_6729,2025-10-08 09:00:00,2740.933037359231,2610.093854521225,3429.018039949444
forecast_6730,2025-10-08 10:00:00,3162.6458641919394,3066.9702656174645,3332.335934566251
forecast_6731,2025-10-08 11:00:00,3167.477134412655,3125.0250600046866,2996.241011539352
forecast_6732,2025-10-08 12:00:00,3105.679379400254,3179.6154454482357,3068.640664663225
forecast_6733,2025-10-08 13:00:00,2861.2227223898763,2930.6109051598696,3051.1123107319545
forecast_6734,2025-10-08 14:00:00,2992.699111732612,2952.0669570062837,3266.280253223443
forecast_6735,2025-10-08 15:00:00,3049.5342399932147,2944.95915093703,2912.133294438611
forecast_6736,2025-10-08 16:00:00,3002.846592983621,2407.7788781473746,3105.9997628591536
forecast_6737,2025-10-08 17:00:00,2929.385758840534,2737.7915872572694,3047.668961940968
forecast_6738,2025-10-08 18:00:00,2650.959547810129,2871.4814023945128,3020.1813247804166
forecast_6739,2025-10-08 19:00:00,2352.822937072604,3183.445575420435,2645.2446896595984
forecast_6740,2025-10-08 20:00:00,3028.072933487725,3266.707622820889,3400.6084066222265
forecast_6741,2025-10-08 21:00:00,3111.9731586715084,4047.763138536383,3241.170394260912
forecast_6742,2025-10-08 22:00:00,3830.769168132561,6254.738082775492,4083.173669941273
forecast_6743,2025-10-08 23:00:00,3878.457572137145,6399.141280141361,4228.204529108897
forecast_6744,2025-10-09 00:00:00,5273.282102709179,6886.640922784144,5270.812109588626
forecast_6745,2025-10-09 01:00:00,4612.220915431983,7486.8958980328625,4763.454644558946
forecast_6746,2025-10-09 02:00:00,5998.220802567843,8828.987904620917,5364.723481783416
forecast_6747,2025-10-09 03:00:00,4677.9485061987325,7197.281227777426,4680.939988571288
forecast_6748,2025-10-09 04:00:00,4750.076824951992,7525.520423546456,4992.674050914403
forecast_6749,2025-10-09 05:00:00,5126.109328884247,8195.709595186883,5131.493287378043
forecast_6750,2025-10-09 06:00:00,5496.024101963948,8306.091550225992,4846.9448039696645
forecast_6751,2025-10-09 07:00:00,5601.643429031821,7554.6769343992655,4870.287393375874
forecast_6752,2025-10-09 08:00:00,4394.694978516418,6481.3646719593025,3930.2276499079053
forecast_6753,2025-10-09 09:00:00,4204.318830431236,6749.243826936044,3831.6652779414762
forecast_6754,2025-10-09 10:00:00,3716.008823812171,5233.244654937065,3498.205871308752
forecast_6755,2025-10-09 11:00:00,2601.090089983737,4136.793884056764,3465.662637407584
forecast_6756,2025-10-09 12:00:00,2741.781128099604,3374.0182259868907,3798.661664958428
forecast_6757,2025-10-09 13:00:00,2740.4681109681906,3294.718652933855,3406.2232528086074
forecast_6758,2025-10-09 14:00:00,2715.6928018341896,2801.8429171447983,3272.2667552679222
forecast_6759,2025-10-09 15:00:00,2576.817571372142,2417.524874837261,3338.5458228579023
forecast_6760,2025-10-09 16:00:00,2815.5886155261533,2904.0549692984673,3607.6423706727173
forecast_6761,2025-10-09 17:00:00,3195.965125161244,3343.046314610475,3861.9293863418634
forecast_6762,2025-10-09 18:00:00,3201.5877538586383,3139.7520786670784,3597.9420266974366
forecast_6763,2025-10-09 19:00:00,3721.943585526141,3256.3359681337483,3833.4628608767925
forecast_6764,2025-10-09 20:00:00,3255.3612269817177,3187.684968687454,3614.6747469297766
forecast_6765,2025-10-09 21:00:00,3428.021210839519,3910.272252733638,3939.3336405670007
forecast_6766,2025-10-09 22:00:00,2602.5915378252785,3582.5898530814748,4083.0253199729736
forecast_6767,2025-10-09 23:00:00,2691.8140402067147,3582.6321808328667,3916.0807663167443
forecast_6768,2025-10-10 00:00:00,3898.6394306853826,4071.0530510355193,4513.373148628697
forecast_6769,2025-10-10 01:00:00,2703.115897469857,3322.214630949353,3522.6882520614245
forecast_6770,2025-10-10 02:00:00,3300.8050457961926,3128.6802766290243,3839.3804729772583
forecast_6771,2025-10-10 03:00:00,3106.411816839451,2826.759268319884,4069.6017160547476
forecast_6772,2025-10-10 04:00:00,3042.341251180225,2804.6692039884524,3793.8798529180185
forecast_6773,2025-10-10 05:00:00,2902.9076851505165,2996.307866090029,3168.120324720995
forecast_6774,2025-10-10 06:00:00,2653.7893330543357,3776.1657568583123,3510.0182420206015
forecast_6775,2025-10-10 07:00:00,2920.7971873861325,3741.578162128534,3713.5059307953265
forecast_6776,2025-10-10 08:00:00,3375.7554435209095,3527.2791215956754,3444.141752122885
forecast_6777,2025-10-10 09:00:00,2745.932288810803,3254.9862368555573,3867.826738016055
forecast_6778,2025-10-10 10:00:00,3401.169668095984,3666.3109404473435,4391.552009048483
forecast_6779,2025-10-10 11:00:00,3616.5584239161954,3819.9159043281807,4436.084041340003
forecast_6780,2025-10-10 12:00:00,3543.242902254614,3762.01818504075,4322.381313201165
forecast_6781,2025-10-10 13:00:00,3416.367065593047,3715.1493927359115,3669.2619174103784
forecast_6782,2025-10-10 14:00:00,3322.916791873441,4635.158967668209,4199.369102996918
forecast_6783,2025-10-10 15:00:00,3880.606829495653,4566.060602505871,4445.688933935715
forecast_6784,2025-10-10 16:00:00,4039.5403541378873,4088.0596188861355,4375.280207468344
forecast_6785,2025-10-10 17:00:00,3392.5062164826304,3964.1392147950123,4558.119999823697
forecast_6786,2025-10-10 18:00:00,3365.666323375666,3860.1052483297804,4628.895730379125
forecast_6787,2025-10-10 19:00:00,2622.4051018065056,3806.8532202721335,4686.959361996428
forecast_6788,2025-10-10 20:00:00,3583.5496046593307,4191.41706339007,4899.825150751341
forecast_6789,2025-10-10 21:00:00,4490.144625902404,3721.7487267376287,3838.4117238647514
forecast_6790,2025-10-10 22:00:00,4212.296414210887,3810.3535815738533,3362.053363743938
forecast_6791,2025-10-10 23:00:00,4037.0306316260944,3995.28154244054,3420.986858703577
forecast_6792,2025-10-11 00:00:00,3606.1178106049992,4982.344618413123,3743.0652727466595
forecast_6793,2025-10-11 01:00:00,5191.261701219679,6214.161606635123,3825.52685233403
forecast_6794,2025-10-11 02:00:00,6629.891313648959,6499.818867759395,4249.496193044337
forecast_6795,2025-10-11 03:00:00,7255.4695164606865,7683.230638726968,4811.602616587763
forecast_6796,2025-10-11 04:00:00,8489.113748585054,10147.063675833917,7453.592453613927
forecast_6797,2025-10-11 05:00:00,9972.010436370183,11954.766156728128,8838.105838650901
forecast_6798,2025-10-11 06:00:00,10324.206358683728,12019.560142738694,8077.945912260978
forecast_6799,2025-10-11 07:00:00,10797.962169215472,11603.664470169877,7887.859806487402
forecast_6800,2025-10-11 08:00:00,10656.761865121816,12628.369797502963,9055.611080593873
forecast_6801,2025-10-11 09:00:00,10713.12861611887,11927.916170135955,8334.780072254383
forecast_6802,2025-10-11 10:00:00,9652.194637459957,9220.597193141122,6641.673572743914
forecast_6803,2025-10-11 11:00:00,9307.151933575817,9592.29302902142,6162.103292394607
forecast_6804,2025-10-11 12:00:00,9975.460971608414,11106.437516348851,8097.350858648154
forecast_6805,2025-10-11 13:00:00,10981.210780852021,10676.580651613878,8568.027298558816
forecast_6806,2025-10-11 14:00:00,9385.585704615483,10044.184122713106,9170.432185988291
forecast_6807,2025-10-11 15:00:00,10241.839696708383,10082.224922927608,9200.94942641496
forecast_6808,2025-10-11 16:00:00,12183.641661597754,10676.080559109972,9606.171482233887
forecast_6809,2025-10-11 17:00:00,11475.290161326202,9516.78871243042,9728.19672937028
forecast_6810,2025-10-11 18:00:00,12623.310410285485,10533.544769986449,9943.924878205724
forecast_6811,2025-10-11 19:00:00,13566.624654203113,15558.099851603896,12059.120782911947
forecast_6812,2025-10-11 20:00:00,11884.153375899885,15684.407739758055,12843.48888889888
forecast_6813,2025-10-11 21:00:00,15163.168374779407,15685.546063736276,12697.758580585089
forecast_6814,2025-10-11 22:00:00,12472.098044267665,12698.056785004286,13233.058869104627
forecast_6815,2025-10-11 23:00:00,14185.543168210419,12760.341422426049,9886.191317671453
forecast_6816,2025-10-12 00:00:00,14256.915226859754,11269.130347259574,8510.768099406714
forecast_6817,2025-10-12 01:00:00,16106.833077715848,16622.575254165946,10666.456393781402
forecast_6818,2025-10-12 02:00:00,9907.521653057796,14813.495389387048,9444.90656189168
forecast_6819,2025-10-12 03:00:00,9036.588943643394,8612.580858784622,6060.852497058419
forecast_6820,2025-10-12 04:00:00,6447.545324646767,5729.846244606417,3195.732262667191
forecast_6821,2025-10-12 05:00:00,6440.731417065605,6343.4410780279395,4056.613186787539
forecast_6822,2025-10-12 06:00:00,3422.8779684257393,2791.5830566154586,3359.386734081022
forecast_6823,2025-10-12 07:00:00,3559.3796547763836,3328.358847127576,3396.897726995438
forecast_6824,2025-10-12 08:00:00,3300.2767650339674,3647.588523324918,3702.7675361607853
forecast_6825,2025-10-12 09:00:00,3979.5156518159056,3637.1350052804405,2995.8964371133343
forecast_6826,2025-10-12 10:00:00,4274.66970159702,5385.217625614869,3268.4357098063656
forecast_6827,2025-10-12 11:00:00,4810.109156943746,5893.531862508634,4199.25548033876
forecast_6828,2025-10-12 12:00:00,4525.8581744894145,7103.568242617687,4070.1560606284443
forecast_6829,2025-10-12 13:00:00,5403.278971226515,5894.998114930592,3926.036347625831
forecast_6830,2025-10-12 14:00:00,6379.894982457258,8265.88080779656,4985.693029659626
forecast_6831,2025-10-12 15:00:00,5662.92769235963,7323.793808645268,5234.486407826265
forecast_6832,2025-10-12 16:00:00,5604.1798801159,6127.923806280265,4455.1774947105305
forecast_6833,2025-10-12 17:00:00,5562.223301747659,7531.556251391411,4787.160099654257
forecast_6834,2025-10-12 18:00:00,5182.507036642077,6865.665577646084,5305.450342279462
forecast_6835,2025-10-12 19:00:00,5677.68717739145,8598.864011253405,5442.529019094919
forecast_6836,2025-10-12 20:00:00,6674.692792282983,8894.097309923298,6195.836401751371
forecast_6837,2025-10-12 21:00:00,5801.27344759814,6810.782368014677,6003.761783716254
forecast_6838,2025-10-12 22:00:00,3777.7898187094197,5305.24191697899,4088.881209525217
forecast_6839,2025-10-12 23:00:00,3913.7323215090278,4946.951431782049,3725.7175910226993
forecast_6840,2025-10-13 00:00:00,3400.4623796339724,4216.449818481942,3364.5696015389844
forecast_6841,2025-10-13 01:00:00,3251.8053138788287,3926.0530930600808,3634.934987669256
forecast_6842,2025-10-13 02:00:00,3010.501365280439,3775.100362224944,4061.3166699872027
forecast_6843,2025-10-13 03:00:00,2728.0010930217386,3388.639272556139,4526.68605549586
forecast_6844,2025-10-13 04:00:00,2932.9830087998557,3496.7188958167835,4570.906799152343
forecast_6845,2025-10-13 05:00:00,3516.857344528022,3968.0925947705236,3251.587856173791
forecast_6846,2025-10-13 06:00:00,3862.274607056489,3996.030169021091,3934.790734536915
forecast_6847,2025-10-13 07:00:00,4045.549321187673,4779.745129258328,3978.7285581104984
forecast_6848,2025-10-13 08:00:00,3896.3387508459728,4964.881158709567,4149.204970150652
forecast_6849,2025-10-13 09:00:00,3742.8664618095286,4888.607611499656,3804.1696378080896
forecast_6850,2025-10-13 10:00:00,3954.457635158476,5221.421016835645,3820.672837853341
forecast_6851,2025-10-13 11:00:00,3690.8565569590983,5048.405070998209,3998.268988946182
forecast_6852,2025-10-13 12:00:00,3606.1363802629644,4994.910252657312,3405.2882678521605
forecast_6853,2025-10-13 13:00:00,3035.625803360681,4329.187049677518,2963.985813765148
forecast_6854,2025-10-13 14:00:00,3320.847999638901,4298.35019431039,3432.08800549122
forecast_6855,2025-10-13 15:00:00,4328.844654758796,5781.209075633453,3773.283520752865
forecast_6856,2025-10-13 16:00:00,4378.074999234229,4532.510450363649,3730.4613090223825
forecast_6857,2025-10-13 17:00:00,4866.792764625289,4333.590292354584,4260.5850380720185
forecast_6858,2025-10-13 18:00:00,4230.672335477812,4951.702795299166,3556.065912189484
forecast_6859,2025-10-13 19:00:00,4560.578788513274,5095.91963281285,3631.625443525106
forecast_6860,2025-10-13 20:00:00,4043.4044956493926,5310.705042397706,3500.336188474711
forecast_6861,2025-10-13 21:00:00,6494.879467426868,7847.472636019366,4797.963247980616
forecast_6862,2025-10-13 22:00:00,5581.18694811685,8363.822668760087,4424.45831388864
forecast_6863,2025-10-13 23:00:00,4316.705679519676,6076.045077928893,3649.175201710267
forecast_6864,2025-10-14 00:00:00,4206.5655254069425,6133.901764758605,3248.9884975174264
forecast_6865,2025-10-14 01:00:00,7598.337180807753,7780.457436028481,5562.789568303999
forecast_6866,2025-10-14 02:00:00,6889.671229628907,7732.019673882707,6251.264892998012
forecast_6867,2025-10-14 03:00:00,6567.929911780363,8761.339959981715,4746.236202918732
forecast_6868,2025-10-14 04:00:00,5747.487714484662,7257.073173344298,3105.0714473252933
forecast_6869,2025-10-14 05:00:00,5282.345864213068,6697.515082340516,4163.373563553812
forecast_6870,2025-10-14 06:00:00,5035.788522477545,7273.299092915418,3542.059960684492
forecast_6871,2025-10-14 07:00:00,4785.3277977568505,6591.109815266142,3438.3497694563894
forecast_6872,2025-10-14 08:00:00,5367.623299482786,6053.47935367197,3896.954894158604
forecast_6873,2025-10-14 09:00:00,5461.145441426745,6900.577671614985,4390.41667147477
forecast_6874,2025-10-14 10:00:00,5756.506135413399,7583.2853209319055,4620.6348913361635
forecast_6875,2025-10-14 11:00:00,5065.491408466157,7475.251123482285,4064.837461520775
forecast_6876,2025-10-14 12:00:00,4890.054940844503,6178.448167137198,4285.855219415973
forecast_6877,2025-10-14 13:00:00,4241.508391000091,6081.843481965073,3609.7640526289556
forecast_6878,2025-10-14 14:00:00,4330.147911818819,6871.359598550251,4119.4402772313015
forecast_6879,2025-10-14 15:00:00,4144.014063045895,5731.432269268575,3680.9818349355096
forecast_6880,2025-10-14 16:00:00,3491.2671307032247,4823.186929595682,2930.9056459037624
forecast_6881,2025-10-14 17:00:00,4621.439935950013,5276.7860149723565,3942.6638364524665
forecast_6882,2025-10-14 18:00:00,4080.6306674831417,5087.440410681852,3384.0818260089736
forecast_6883,2025-10-14 19:00:00,3528.8416266359013,4681.139008907933,2889.458332279554
forecast_6884,2025-10-14 20:00:00,4071.052707800631,6362.86929124124,3465.2145079503252
forecast_6885,2025-10-14 21:00:00,4187.053925484381,5168.069607064432,3609.3467307447168
forecast_6886,2025-10-14 22:00:00,4259.252186341392,5235.026900617479,3188.37953561958
forecast_6887,2025-10-14 23:00:00,4486.96665915439,5416.192756258441,3126.4950070042714
forecast_6888,2025-10-15 00:00:00,4470.977782882965,4866.203753792304,3498.270771065351
forecast_6889,2025-10-15 01:00:00,3518.792934739246,5231.194041645484,3044.4483858175195
forecast_6890,2025-10-15 02:00:00,3520.017909060737,4236.619499048211,3493.085358419422
forecast_6891,2025-10-15 03:00:00,3841.146109676294,4414.13329590518,3204.616526726881
forecast_6892,2025-10-15 04:00:00,3701.0235764034496,4026.4053085130727,3072.5177081590127
forecast_6893,2025-10-15 05:00:00,3160.882935240798,3565.1695776196057,2774.9903489366134
forecast_6894,2025-10-15 06:00:00,3710.6290810223086,3884.948445889317,3374.9478488560453
forecast_6895,2025-10-15 07:00:00,3530.5282441179343,3540.809662859979,3071.0501890719584
forecast_6896,2025-10-15 08:00:00,2896.7761582381727,3208.150595908296,2675.920705678601
forecast_6897,2025-10-15 09:00:00,2564.8348333215413,2965.8243191890006,2741.5773156304494
forecast_6898,2025-10-15 10:00:00,2245.508756662841,2515.268975553798,2751.2346690065024
forecast_6899,2025-10-15 11:00:00,2858.5889531743023,2743.221336282425,3865.7261532732755
forecast_6900,2025-10-15 12:00:00,3617.1457779349,2994.4764234733243,4094.7872087307487
forecast_6901,2025-10-15 13:00:00,3370.1847040246494,3069.851923241667,3973.013393519102
forecast_6902,2025-10-15 14:00:00,3379.867450675977,3099.2514345016825,4083.5578285285724
forecast_6903,2025-10-15 15:00:00,3491.0780453675075,3567.2529003017,3927.0909852415953
forecast_6904,2025-10-15 16:00:00,2980.5223004155296,3277.1259717632215,3925.0828827799455
forecast_6905,2025-10-15 17:00:00,3050.6160023174243,3345.658617953492,3561.550441925511
forecast_6906,2025-10-15 18:00:00,3402.8495179107326,2285.0859287607727,3614.3234572693646
forecast_6907,2025-10-15 19:00:00,3366.889649713355,3313.5286728219885,3786.4917694592114
forecast_6908,2025-10-15 20:00:00,3771.9233646107937,3904.0026653079817,3806.907565884435
forecast_6909,2025-10-15 21:00:00,2982.8200965540286,3618.6260997617123,3512.839580555
forecast_6910,2025-10-15 22:00:00,3964.5667117725284,4484.9647403874515,3042.7645780356515
forecast_6911,2025-10-15 23:00:00,4240.155763891331,4867.593157120811,3834.5965974876563
forecast_6912,2025-10-16 00:00:00,4264.186780290994,4043.2143297184393,3607.196440007627
forecast_6913,2025-10-16 01:00:00,4170.952528580087,4367.984059328583,4262.3035042660285
forecast_6914,2025-10-16 02:00:00,4540.192475777632,4310.556113953393,3520.779929470676
forecast_6915,2025-10-16 03:00:00,4029.6142760117114,4725.562898280647,3655.51526203114
forecast_6916,2025-10-16 04:00:00,3929.603778290883,3721.9278799148756,4654.056241763537
forecast_6917,2025-10-16 05:00:00,3946.192795531699,5577.554365080193,3792.865735158655
forecast_6918,2025-10-16 06:00:00,3809.944643324503,4816.42172605912,3743.6529137648176
forecast_6919,2025-10-16 07:00:00,4307.0267051961155,4824.003402493918,3817.231089490233
forecast_6920,2025-10-16 08:00:00,4251.744230046611,5010.848467298058,3372.2134740341653
forecast_6921,2025-10-16 09:00:00,4632.61955157882,5706.783006006414,3280.2572917652906
forecast_6922,2025-10-16 10:00:00,4756.055981086822,4782.814517683107,4088.826029928563
forecast_6923,2025-10-16 11:00:00,5074.859382403314,5015.873658849715,4598.266628818712
forecast_6924,2025-10-16 12:00:00,4563.893402715652,5739.33111669477,4465.879678344803
forecast_6925,2025-10-16 13:00:00,4263.270309396327,5242.628398532333,4023.165477060284
forecast_6926,2025-10-16 14:00:00,4199.852639399351,4958.536033155394,3933.0824916522156
forecast_6927,2025-10-16 15:00:00,3925.5948958476797,3953.426738114167,3226.401060823161
forecast_6928,2025-10-16 16:00:00,3706.314749604377,3622.3798526845926,3096.9282488469903
forecast_6929,2025-10-16 17:00:00,3895.5960487173497,3579.368852351729,3395.60926826803
forecast_6930,2025-10-16 18:00:00,3922.166662474257,3760.8228028453923,3217.44666549389
forecast_6931,2025-10-16 19:00:00,3754.528445577469,4074.645056472699,2914.2614109467772
forecast_6932,2025-10-16 20:00:00,3814.170288609373,4450.7891357090475,2899.377804928094
forecast_6933,2025-10-16 21:00:00,4005.8706390649004,4640.034761354918,2943.497414175616
forecast_6934,2025-10-16 22:00:00,4021.514666458959,4467.123268738839,3217.286719256208
forecast_6935,2025-10-16 23:00:00,4054.1231378786906,4609.255270990214,3375.9473202112736
forecast_6936,2025-10-17 00:00:00,3711.036064422235,3965.7925995622873,3118.937262080565
forecast_6937,2025-10-17 01:00:00,4417.455935678432,4791.602075881397,3595.789344597967
forecast_6938,2025-10-17 02:00:00,3992.2503297222233,4338.324714277756,2761.8813818105696
forecast_6939,2025-10-17 03:00:00,3755.742591516727,4031.3831168206693,3274.351865077995
forecast_6940,2025-10-17 04:00:00,3638.1888896042633,3863.126197186812,3946.0411667556205
forecast_6941,2025-10-17 05:00:00,3119.5901325280915,3270.3864691187896,3593.7083834930127
forecast_6942,2025-10-17 06:00:00,3406.197553530477,3599.85125983526,3833.3223869128788
forecast_6943,2025-10-17 07:00:00,3043.9252451714765,3794.0752227783028,3554.0831100790674
forecast_6944,2025-10-17 08:00:00,2447.4941355893275,3018.6114870367956,3582.39123064703
forecast_6945,2025-10-17 09:00:00,3113.653160163281,3688.1713104664914,4296.50664224373
forecast_6946,2025-10-17 10:00:00,3139.6980353164513,3058.506640926073,4070.8152728896002
forecast_6947,2025-10-17 11:00:00,3143.6306665990496,3060.9737543380747,3924.3176434872544
forecast_6948,2025-10-17 12:00:00,2948.9052423841795,2750.1238110332956,3400.760327227583
forecast_6949,2025-10-17 13:00:00,3229.410808575994,2955.009597267069,3371.8935510309198
forecast_6950,2025-10-17 14:00:00,2857.1733416442994,2393.299810748962,3619.170437535651
forecast_6951,2025-10-17 15:00:00,3364.7854748646264,3307.390483123092,4197.210967325502
forecast_6952,2025-10-17 16:00:00,3286.4514010340718,2812.72908466819,4135.44757912218
forecast_6953,2025-10-17 17:00:00,3525.704804095872,3501.4132959071635,4157.679417450834
forecast_6954,2025-10-17 18:00:00,3592.6812251732613,3398.6572341465203,4520.101678472228
forecast_6955,2025-10-17 19:00:00,3732.0450916186633,3048.5686659662188,3762.399601892226
forecast_6956,2025-10-17 20:00:00,3536.1148196858862,2720.76672583647,3206.1238506252053
forecast_6957,2025-10-17 21:00:00,6743.293256780701,4694.848863605913,2523.4158051508643
forecast_6958,2025-10-17 22:00:00,5748.080908368507,6771.161442858461,3830.6102081794297
forecast_6959,2025-10-17 23:00:00,6397.688897894667,7123.464422423706,3420.020893804271
forecast_6960,2025-10-18 00:00:00,4789.741165763277,6564.619833785176,2663.528897611557
forecast_6961,2025-10-18 01:00:00,3628.993519783724,3321.0041462249374,3163.164587142377
forecast_6962,2025-10-18 02:00:00,4489.177124073964,4753.643496282408,4258.399799200288
forecast_6963,2025-10-18 03:00:00,4254.6385950873555,5385.253997815494,4896.4544039852235
forecast_6964,2025-10-18 04:00:00,4700.405999422143,5665.731121725383,5530.310844604008
forecast_6965,2025-10-18 05:00:00,3763.232113934185,4713.079560168031,3883.047008029833
forecast_6966,2025-10-18 06:00:00,3799.814920397309,3595.045763026095,3290.180206249034
forecast_6967,2025-10-18 07:00:00,3009.238043139751,2867.5481380310507,3181.4079855858076
forecast_6968,2025-10-18 08:00:00,3414.837823752543,3442.6959667313795,4129.71304986413
forecast_6969,2025-10-18 09:00:00,3824.9939260677816,3486.7985877125243,4346.388912896522
forecast_6970,2025-10-18 10:00:00,3223.9228714341334,3131.278494634422,3564.063281569238
forecast_6971,2025-10-18 11:00:00,3462.9209757528524,2743.709784651365,3286.1024397891338
forecast_6972,2025-10-18 12:00:00,3273.388294896449,2963.249797904237,3459.2849450002573
forecast_6973,2025-10-18 13:00:00,3705.0182753279414,2924.7286679395033,3466.5079739013768
forecast_6974,2025-10-18 14:00:00,3845.952925878598,4398.529368898785,4446.726949041791
forecast_6975,2025-10-18 15:00:00,4458.234152769852,4577.1403276607525,4073.4146036020766
forecast_6976,2025-10-18 16:00:00,4098.901691612964,3998.2324643813126,3629.1262494841076
forecast_6977,2025-10-18 17:00:00,3648.7220446301203,3748.059377027595,2920.830096811132
forecast_6978,2025-10-18 18:00:00,2765.454222329668,2468.7730760544437,3476.2835106028706
forecast_6979,2025-10-18 19:00:00,2902.4315532124997,2766.1202116224063,2860.1045828147344
forecast_6980,2025-10-18 20:00:00,2522.389241106217,2765.882909263846,2838.979516422167
forecast_6981,2025-10-18 21:00:00,2735.661749078039,2339.2911765533145,3657.836154820338
forecast_6982,2025-10-18 22:00:00,2517.1240532162246,2790.8027461202932,3277.4775729570893
forecast_6983,2025-10-18 23:00:00,2292.803700684816,3039.515130827386,3097.7629525585894
forecast_6984,2025-10-19 00:00:00,3446.011563215061,3418.876219452079,2981.958596648
forecast_6985,2025-10-19 01:00:00,2991.7591061586695,3153.6816798187638,3903.6991714495593
forecast_6986,2025-10-19 02:00:00,3013.439150601761,3452.449805257752,3628.3445539199734
forecast_6987,2025-10-19 03:00:00,3406.94053191,3380.5702691849037,3499.8204926522662
forecast_6988,2025-10-19 04:00:00,3170.586856122278,3163.1453905559856,3854.78285297378
forecast_6989,2025-10-19 05:00:00,3499.0109236443923,3117.3208270701994,3694.8629121204162
forecast_6990,2025-10-19 06:00:00,3315.8570641701126,3318.4400219558015,3721.687437447497
forecast_6991,2025-10-19 07:00:00,3143.545944544937,3366.938421940054,3724.974784765462
forecast_6992,2025-10-19 08:00:00,2815.4099313993474,3067.888266644528,3161.5669315705663
forecast_6993,2025-10-19 09:00:00,2769.786581485574,2888.695136290012,3099.431560364239
forecast_6994,2025-10-19 10:00:00,2332.7765806596353,3250.0200381804575,2861.1284109005496
forecast_6995,2025-10-19 11:00:00,3550.9506604486032,3108.317578335255,3416.58043204334
forecast_6996,2025-10-19 12:00:00,3251.6065971110274,2696.5473654849393,2775.1213339927294
forecast_6997,2025-10-19 13:00:00,3277.0660587239786,3753.432482280445,3696.9894615488115
forecast_6998,2025-10-19 14:00:00,3209.39976103758,3794.624927944817,3928.391901440253
forecast_6999,2025-10-19 15:00:00,4692.027428618173,4622.069318459607,4068.0438183956107
forecast_7000,2025-10-19 16:00:00,6182.109297789625,5300.017960423506,3922.0512124313555
forecast_7001,2025-10-19 17:00:00,7057.5823140195025,4280.354486672232,4132.302326070491
forecast_7002,2025-10-19 18:00:00,6371.032770016411,4877.868160321274,3998.8224324043235
forecast_7003,2025-10-19 19:00:00,6069.859467460632,5510.385408843145,3606.792643865144
forecast_7004,2025-10-19 20:00:00,6433.310853773253,8385.319282654473,3436.635703993825
forecast_7005,2025-10-19 21:00:00,4346.241622649276,3991.000059103344,3194.1464648266046
forecast_7006,2025-10-19 22:00:00,3831.118334886982,3904.2494061814455,3534.866858086422
forecast_7007,2025-10-19 23:00:00,3689.65491200884,4070.499361162209,3438.3259990231827
forecast_7008,2025-10-20 00:00:00,3356.574883330828,3918.0883226234223,3498.5774539941012
forecast_7009,2025-10-20 01:00:00,2907.866203490507,3612.8854676358415,3349.5027998294368
forecast_7010,2025-10-20 02:00:00,2272.020407952014,3273.9496193178957,3942.175017017355
forecast_7011,2025-10-20 03:00:00,2426.566196768066,2850.2845734163952,3477.1675084205062
forecast_7012,2025-10-20 04:00:00,2953.5918832022826,2615.3414588499068,3381.4708148691693
forecast_7013,2025-10-20 05:00:00,3264.7947557966145,2987.5895371662973,3049.660565343281
forecast_7014,2025-10-20 06:00:00,3665.8900738692896,3425.6494250661153,3695.8863077962196
forecast_7015,2025-10-20 07:00:00,3203.9667420322094,3414.528500571997,3477.141444881451
forecast_7016,2025-10-20 08:00:00,2733.337023202926,2943.2183738463573,2482.6373306728997
forecast_7017,2025-10-20 09:00:00,3700.165808673552,3812.156038073561,2503.660948341905
forecast_7018,2025-10-20 10:00:00,2910.9658536158045,3852.2842926966628,2437.0702037532374
forecast_7019,2025-10-20 11:00:00,2795.16307745816,3343.254270893306,2711.700159541982
forecast_7020,2025-10-20 12:00:00,2904.592926167072,3747.7400700124813,2402.866440315588
forecast_7021,2025-10-20 13:00:00,2643.919262625582,2753.8450619886607,2524.7843370848254
forecast_7022,2025-10-20 14:00:00,3086.074107646552,3071.7959910810923,3569.297533149504
forecast_7023,2025-10-20 15:00:00,3147.969213337542,3141.853752571842,3522.0299162613605
forecast_7024,2025-10-20 16:00:00,2795.894418822884,3048.2497594589827,3679.483551149805
forecast_7025,2025-10-20 17:00:00,3194.556541100138,3450.98884281179,3901.086956566155
forecast_7026,2025-10-20 18:00:00,2926.8352783274213,3274.3165010166076,3731.193857579569
forecast_7027,2025-10-20 19:00:00,2856.6447009979265,3554.1169246850204,3788.7432988022847
forecast_7028,2025-10-20 20:00:00,3171.6671761768685,3391.4690720740796,3874.9996616395388
forecast_7029,2025-10-20 21:00:00,3426.044119226901,3195.462895650612,3480.622243239207
forecast_7030,2025-10-20 22:00:00,2844.108363030602,2734.604697618608,3190.4463014975736
forecast_7031,2025-10-20 23:00:00,3526.927638118403,3197.379344103052,3249.460230101482
forecast_7032,2025-10-21 00:00:00,2874.185027936689,3531.540731352116,3854.9827284335397
forecast_7033,2025-10-21 01:00:00,3724.9928891069126,4464.152772040232,3811.9649964498885
forecast_7034,2025-10-21 02:00:00,3440.426079747074,3922.9057680108253,3494.633320504966
forecast_7035,2025-10-21 03:00:00,3676.063674836913,3559.5287728538283,2853.280064108815
forecast_7036,2025-10-21 04:00:00,3422.123861073098,3730.74054797092,2779.7799484896677
forecast_7037,2025-10-21 05:00:00,3301.065257725874,3182.7873665448124,3152.1144058238083
forecast_7038,2025-10-21 06:00:00,3422.2421958519135,3654.821961390795,3187.4380197980863
forecast_7039,2025-10-21 07:00:00,3213.5995077574075,3413.0773491633086,3000.084570131299
forecast_7040,2025-10-21 08:00:00,3787.0433517010106,3692.4687015638465,2834.5130088738597
forecast_7041,2025-10-21 09:00:00,3551.6183751247127,3897.7824638015327,3182.8788271624276
forecast_7042,2025-10-21 10:00:00,3294.033369772809,4131.129509852282,4036.173712101723
forecast_7043,2025-10-21 11:00:00,4358.213038135082,3863.0260473373637,4181.314461402944
forecast_7044,2025-10-21 12:00:00,4317.1046766645995,4306.490340073908,3978.0056654690416
forecast_7045,2025-10-21 13:00:00,4146.112707990155,3885.5916656507325,4612.887441387872
forecast_7046,2025-10-21 14:00:00,4084.0684911063727,3724.629035836891,3769.902961352609
forecast_7047,2025-10-21 15:00:00,3029.091205500015,3673.284694095624,2748.553121804376
forecast_7048,2025-10-21 16:00:00,2521.2375874560666,3262.2268472645505,3160.3799400941407
forecast_7049,2025-10-21 17:00:00,3505.0419891804813,3851.171609449386,3561.16076090602
forecast_7050,2025-10-21 18:00:00,3387.813725079872,3884.539177208465,3259.755628483177
forecast_7051,2025-10-21 19:00:00,2988.665352908238,3501.255511430125,2761.286675838495
forecast_7052,2025-10-21 20:00:00,3936.90966378668,4098.600114319602,2734.2752992134374
forecast_7053,2025-10-21 21:00:00,4022.0430227255774,3910.5584147202817,3556.6973531286176
forecast_7054,2025-10-21 22:00:00,3287.902188129616,3278.296534085009,2826.0742246877107
forecast_7055,2025-10-21 23:00:00,3274.5208102416314,3830.578468847396,3165.760459798562
forecast_7056,2025-10-22 00:00:00,3029.891872695053,3551.1886928149306,3504.7038685589937
forecast_7057,2025-10-22 01:00:00,3220.3868076951494,3417.4640353764844,3754.328618353986
forecast_7058,2025-10-22 02:00:00,3595.621373249167,3106.9322789431717,3540.54462863251
forecast_7059,2025-10-22 03:00:00,3632.8482040716863,3360.469673272556,2851.3325162327465
forecast_7060,2025-10-22 04:00:00,2814.1211826300723,3272.040380899364,3091.639097018548
forecast_7061,2025-10-22 05:00:00,2782.1345606938658,3574.76829560073,2714.784201124337
forecast_7062,2025-10-22 06:00:00,2771.6991286057714,3390.0442639383,2904.149531136086
forecast_7063,2025-10-22 07:00:00,2794.0251006846647,3206.7778926196465,2697.885557493742
forecast_7064,2025-10-22 08:00:00,3026.571706041737,3466.1688946019754,2648.70224706811
forecast_7065,2025-10-22 09:00:00,3188.7878778377967,3749.5417857072225,2714.243687429248
forecast_7066,2025-10-22 10:00:00,2218.867311134016,2757.821149411201,2401.386210162163
forecast_7067,2025-10-22 11:00:00,2694.452626057143,3030.9348977574973,2518.8572368619875
forecast_7068,2025-10-22 12:00:00,3204.95749709731,3532.445767401697,3945.1408158596414
forecast_7069,2025-10-22 13:00:00,3348.7466502574703,2660.75317602702,3960.4264304499293
forecast_7070,2025-10-22 14:00:00,3459.7354124734866,2432.5372903829766,4483.711490074584
forecast_7071,2025-10-22 15:00:00,3372.6242013255496,3795.081406444927,4589.8841818183955
forecast_7072,2025-10-22 16:00:00,3264.228141235797,3380.8885523738154,4370.285730158863
forecast_7073,2025-10-22 17:00:00,2904.4251707636404,3469.7534187977585,3822.3036168754065
forecast_7074,2025-10-22 18:00:00,3049.343860684993,3521.178520116395,4236.14880720208
forecast_7075,2025-10-22 19:00:00,3242.2621910821126,3154.2538748027173,3675.518486634146
forecast_7076,2025-10-22 20:00:00,2404.230100608194,2980.344364713696,3388.9237753132948
forecast_7077,2025-10-22 21:00:00,2247.825001572645,2852.0191839671083,3486.436295756449
forecast_7078,2025-10-22 22:00:00,2697.1601259625095,3066.1228595298735,3530.8526648773804
forecast_7079,2025-10-22 23:00:00,3121.27063538269,3086.1336501159312,4030.0510838702385
forecast_7080,2025-10-23 00:00:00,3185.596136761387,3331.553124106761,3587.1569159935634
forecast_7081,2025-10-23 01:00:00,2906.509674631014,3484.93276924497,3771.224495144049
forecast_7082,2025-10-23 02:00:00,3221.0156063643253,3542.386131381967,3124.877647730271
forecast_7083,2025-10-23 03:00:00,3048.0389510087566,2902.9031717936514,3475.368346664095
forecast_7084,2025-10-23 04:00:00,3266.2825098669473,3289.524112285991,3641.491264856003
forecast_7085,2025-10-23 05:00:00,3137.797725731425,3446.25661726167,3666.6480597172667
forecast_7086,2025-10-23 06:00:00,3113.3158174852547,3401.5601416427926,3461.1518927610055
forecast_7087,2025-10-23 07:00:00,3019.8473517760276,3225.786818655979,3714.9273110256463
forecast_7088,2025-10-23 08:00:00,2757.1080739308018,3898.4281629435936,3862.8849475020666
forecast_7089,2025-10-23 09:00:00,2819.1051315810837,3858.212753833993,3472.5110816176207
forecast_7090,2025-10-23 10:00:00,2927.1224718117546,4068.8387098318613,3602.976159753761
forecast_7091,2025-10-23 11:00:00,3264.033905992996,3909.080757774507,3248.1298127825785
forecast_7092,2025-10-23 12:00:00,2883.083687399561,3404.973211104105,3600.283503651138
forecast_7093,2025-10-23 13:00:00,2597.026857158795,3497.264602333047,3499.2913466314285
forecast_7094,2025-10-23 14:00:00,3927.3662636057743,3532.117342132401,3734.945495019896
forecast_7095,2025-10-23 15:00:00,3003.7602412324372,2692.9647677243147,3738.913402768906
forecast_7096,2025-10-23 16:00:00,3168.460637092133,3516.626148268674,3046.5745753664223
forecast_7097,2025-10-23 17:00:00,3261.2036554694478,3173.8299717600303,3516.2068332963945
forecast_7098,2025-10-23 18:00:00,3113.0084817073935,3187.4452674481618,3154.507184137506
forecast_7099,2025-10-23 19:00:00,2739.9966995382683,3023.920450377021,3650.559266239678
forecast_7100,2025-10-23 20:00:00,2987.465882327048,3554.437653863511,3805.9969941381696
forecast_7101,2025-10-23 21:00:00,2707.053398339879,3122.115315617878,3623.536684266169
forecast_7102,2025-10-23 22:00:00,2951.7880052944793,4120.537987444467,3238.698133552437
forecast_7103,2025-10-23 23:00:00,3486.2832912429913,3259.807825230695,3485.3483848537844
forecast_7104,2025-10-24 00:00:00,3340.077958436201,3441.80997489224,3795.841995903238
forecast_7105,2025-10-24 01:00:00,3051.6263622934257,3514.2804238086273,3965.4728459787193
forecast_7106,2025-10-24 02:00:00,3509.7702064081486,3257.6301391763345,3792.1041050511067
forecast_7107,2025-10-24 03:00:00,3620.890309239307,3218.662673994314,2595.587954228127
forecast_7108,2025-10-24 04:00:00,3489.6513740344653,3155.4924859277285,2911.7744815885985
forecast_7109,2025-10-24 05:00:00,3081.246563291588,3044.335871842916,3426.497286355625
forecast_7110,2025-10-24 06:00:00,3907.4094244370413,3992.841842115019,2960.211252855228
forecast_7111,2025-10-24 07:00:00,3836.7965594761304,3556.908763528454,2842.3314324925777
forecast_7112,2025-10-24 08:00:00,3694.302421165553,4174.7151944540665,3814.352397943292
forecast_7113,2025-10-24 09:00:00,3230.2779024713327,4439.440262091677,4160.413088784212
forecast_7114,2025-10-24 10:00:00,3819.8242025380932,4308.640668085288,3935.1267343477703
forecast_7115,2025-10-24 11:00:00,3960.9653797383944,4323.925541418197,3975.8642790411604
forecast_7116,2025-10-24 12:00:00,3703.602642082658,3505.337375740895,3059.8673309643837
forecast_7117,2025-10-24 13:00:00,3800.520675705648,3982.1687995223465,3712.5950092884386
forecast_7118,2025-10-24 14:00:00,3383.750653761077,2610.154921071071,4265.512075472787
forecast_7119,2025-10-24 15:00:00,3173.9876336828447,3529.7674326729502,4317.360945926873
forecast_7120,2025-10-24 16:00:00,3484.3957527680304,4156.655861439433,4244.840315808893
forecast_7121,2025-10-24 17:00:00,3325.9135822320927,4282.575138447204,4283.560108938926
forecast_7122,2025-10-24 18:00:00,3475.346253588761,3652.79536096027,4132.981268236624
forecast_7123,2025-10-24 19:00:00,3287.631529512748,2542.6921607611926,3887.3029658668265
forecast_7124,2025-10-24 20:00:00,3860.161621944032,2797.495506830524,3724.9088349807434
forecast_7125,2025-10-24 21:00:00,3823.476224932363,3277.56465647949,3699.2056310497146
forecast_7126,2025-10-24 22:00:00,5430.886632165535,4057.8464419268266,3434.6090507555064
forecast_7127,2025-10-24 23:00:00,3631.193682413066,3848.1641972441075,3141.749797707065
forecast_7128,2025-10-25 00:00:00,3714.357432064695,3674.894449069839,3664.249866161913
forecast_7129,2025-10-25 01:00:00,4011.565189059147,3082.623088601414,2886.0265248834153
forecast_7130,2025-10-25 02:00:00,3932.6659536275247,3435.3045707833235,3063.261236746504
forecast_7131,2025-10-25 03:00:00,3377.697253697399,4858.531770214529,2755.467266407848
forecast_7132,2025-10-25 04:00:00,4371.067365977413,4453.238240997017,2870.0234053587333
forecast_7133,2025-10-25 05:00:00,4268.309302826279,4660.345960717014,2906.9058338753453
forecast_7134,2025-10-25 06:00:00,3709.2948742446056,3956.5799189859704,2651.562662564774
forecast_7135,2025-10-25 07:00:00,3389.7033079143926,4629.517838141022,3226.21770573808
forecast_7136,2025-10-25 08:00:00,3607.985053046307,3691.8024315430857,3631.588838268757
forecast_7137,2025-10-25 09:00:00,3579.7324193153777,4108.701239797292,3084.1586200570428
forecast_7138,2025-10-25 10:00:00,3772.2292387379657,3467.468065285553,3664.987317716248
forecast_7139,2025-10-25 11:00:00,3681.826601275933,2744.3072417216404,3471.1737486912393
forecast_7140,2025-10-25 12:00:00,3701.011474116519,2805.5013203349836,3271.193726950806
forecast_7141,2025-10-25 13:00:00,3324.460518974607,2994.412412837107,3334.986843863446
forecast_7142,2025-10-25 14:00:00,3124.958731789707,2848.74996077968,3265.616870869814
forecast_7143,2025-10-25 15:00:00,3518.134058521073,3114.280553762562,3347.8860064068303
forecast_7144,2025-10-25 16:00:00,4255.1383982874995,3786.456838117976,3972.2050054418924
forecast_7145,2025-10-25 17:00:00,3067.7281977007224,3527.8966045806974,3497.1507646679447
forecast_7146,2025-10-25 18:00:00,3763.832799649944,3254.1805927915434,3391.750256632862
forecast_7147,2025-10-25 19:00:00,3482.551941055125,3444.5529528875027,2645.551076153133
forecast_7148,2025-10-25 20:00:00,3890.8156244219526,3372.3617102831795,2620.784112423074
forecast_7149,2025-10-25 21:00:00,3777.5175344508657,3605.681034286824,2692.164903525818
forecast_7150,2025-10-25 22:00:00,3873.594494209296,3643.2408902930415,2892.804682895737
forecast_7151,2025-10-25 23:00:00,4447.1367623222395,4029.4304105292754,3060.3390646008284
forecast_7152,2025-10-26 00:00:00,4466.127428491862,4360.139853749775,3285.1339709377844
forecast_7153,2025-10-26 01:00:00,3215.1267500471836,2886.1205027513242,3064.98579381947
forecast_7154,2025-10-26 02:00:00,3492.688516760109,3354.97325492321,3350.574719284383
forecast_7155,2025-10-26 03:00:00,3463.149241521256,3248.236046009141,2945.165273921966
forecast_7156,2025-10-26 04:00:00,3650.5998010958847,3555.795189235909,3661.9921449249405
forecast_7157,2025-10-26 05:00:00,3499.612467908054,3305.7701636798643,3323.4202779552174
forecast_7158,2025-10-26 06:00:00,3439.047296413305,3491.8505862973057,2989.417273300929
forecast_7159,2025-10-26 07:00:00,3761.77036564596,3786.1354873585688,2826.8134570128414
forecast_7160,2025-10-26 08:00:00,3946.8071043504474,3746.4920732293294,3628.098543484687
forecast_7161,2025-10-26 09:00:00,3618.3486390515486,3383.1405788461607,3177.055122356998
forecast_7162,2025-10-26 10:00:00,3468.5349916807554,3527.6292337400005,3076.6110222650714
forecast_7163,2025-10-26 11:00:00,3097.9054252472574,2522.634547230106,3937.2737566883634
forecast_7164,2025-10-26 12:00:00,3695.6153942769606,4020.2595482452034,3755.8105383826555
forecast_7165,2025-10-26 13:00:00,3235.494336748851,3612.969510255667,4167.732961775524
forecast_7166,2025-10-26 14:00:00,3990.7342066192696,3417.733639715086,2413.445055157376
forecast_7167,2025-10-26 15:00:00,4522.386239838812,3848.042320960321,3441.4604740635828
forecast_7168,2025-10-26 16:00:00,5019.740351868303,4484.050681295208,3279.6937402565163
forecast_7169,2025-10-26 17:00:00,5721.289693552432,4869.054358680444,3686.712264879896
forecast_7170,2025-10-26 18:00:00,5592.778000556801,4555.233256670425,4434.852864410743
forecast_7171,2025-10-26 19:00:00,6223.912117822597,7227.263647351198,5879.101814342253
forecast_7172,2025-10-26 20:00:00,7177.550409505173,10181.766166228013,6123.156955433721
forecast_7173,2025-10-26 21:00:00,10828.599383494065,13494.723519038314,9737.31484869815
forecast_7174,2025-10-26 22:00:00,14658.542732599251,16259.510432125091,14098.651667758239
forecast_7175,2025-10-26 23:00:00,14786.206809009384,16994.78297534083,13482.237446990557
forecast_7176,2025-10-27 00:00:00,14377.812888917411,17126.194904366108,14479.0594730438
forecast_7177,2025-10-27 01:00:00,16067.306182366015,16714.234229039925,15084.228547740327
forecast_7178,2025-10-27 02:00:00,17663.723559708556,18016.378594371898,17717.580374337176
forecast_7179,2025-10-27 03:00:00,17660.597589432997,18659.23546082673,18811.430974089766
forecast_7180,2025-10-27 04:00:00,17431.00932595244,18686.91517537003,17704.073815684682
forecast_7181,2025-10-27 05:00:00,16359.802421973242,17864.549362738788,17123.85071801182
forecast_7182,2025-10-27 06:00:00,13562.024764805523,14622.875402492658,13542.753777329046
forecast_7183,2025-10-27 07:00:00,13112.523243864913,16429.511952173256,12886.882756046612
forecast_7184,2025-10-27 08:00:00,13034.229311044879,17186.01056834266,11448.258909898404
forecast_7185,2025-10-27 09:00:00,11435.51538505301,15003.64452689228,11529.026610049312
forecast_7186,2025-10-27 10:00:00,11601.51106838125,13464.921561488249,10977.71443250719
forecast_7187,2025-10-27 11:00:00,11340.000546912339,12418.672315380536,9888.71341537671
forecast_7188,2025-10-27 12:00:00,11582.763873504253,11940.935456462388,9549.802672683674
forecast_7189,2025-10-27 13:00:00,12095.391651391315,11295.530336994041,9448.54057474866
forecast_7190,2025-10-27 14:00:00,13080.164815365035,13714.493941799528,9680.05898239753
forecast_7191,2025-10-27 15:00:00,13675.907784898467,12212.197957595688,10066.211529622007
forecast_7192,2025-10-27 16:00:00,13861.372242782323,13159.106078513918,10678.231104190903
forecast_7193,2025-10-27 17:00:00,14383.792649370318,14033.29542799494,12568.274028907721
forecast_7194,2025-10-27 18:00:00,13734.54462414928,12559.202440107978,10316.008310125937
forecast_7195,2025-10-27 19:00:00,13878.145296323753,12545.471095276198,10410.19674240092
forecast_7196,2025-10-27 20:00:00,13073.298830119731,11929.940071662975,10553.89315959197
forecast_7197,2025-10-27 21:00:00,13015.531615878035,12097.197869651665,10529.74449865184
forecast_7198,2025-10-27 22:00:00,12635.514233683192,13565.985079136037,11046.120882519905
forecast_7199,2025-10-27 23:00:00,12133.969565935884,11705.601125967958,9455.298287826114
forecast_7200,2025-10-28 00:00:00,11408.244534564308,10958.742502934032,8369.482015476038
forecast_7201,2025-10-28 01:00:00,14036.12614043722,11519.862600489207,12655.684707435821
forecast_7202,2025-10-28 02:00:00,11763.524065889886,12354.746011159577,11085.279191314798
forecast_7203,2025-10-28 03:00:00,11715.963914563323,13473.357929362877,13193.86146233302
forecast_7204,2025-10-28 04:00:00,13562.289763634057,15250.448899329276,12646.665326160819
forecast_7205,2025-10-28 05:00:00,10773.811173736402,14927.482770417691,8388.290592252302
forecast_7206,2025-10-28 06:00:00,10037.816387343546,13322.796948080188,8385.572694380142
forecast_7207,2025-10-28 07:00:00,10159.145994112385,12003.941313387328,7415.042710039982
forecast_7208,2025-10-28 08:00:00,9524.76400767149,11196.524376709827,6314.733283642841
forecast_7209,2025-10-28 09:00:00,6160.5162749813,5299.545197885647,4185.401668797287
forecast_7210,2025-10-28 10:00:00,4257.887987258741,3739.4032876564024,3040.7222454527237
forecast_7211,2025-10-28 11:00:00,3508.82366951117,3162.1158110410465,3319.6998132619715
forecast_7212,2025-10-28 12:00:00,3964.822863583139,3178.1764054314517,3142.2047720228584
forecast_7213,2025-10-28 13:00:00,4385.452111479874,3308.659986055201,3063.161614605388
forecast_7214,2025-10-28 14:00:00,5127.701878851364,3552.2040182592486,3267.0521441959568
forecast_7215,2025-10-28 15:00:00,4719.557585272976,3398.2795530232615,2986.943484830942
forecast_7216,2025-10-28 16:00:00,4406.655578622544,2930.9087732484995,3025.515348775744
forecast_7217,2025-10-28 17:00:00,4481.139484966319,3419.0759434705515,3317.689602746154
forecast_7218,2025-10-28 18:00:00,5014.007028027664,5405.705567108299,3863.6277383548845
forecast_7219,2025-10-28 19:00:00,5909.106041989581,7749.157558916823,4415.242418326019
forecast_7220,2025-10-28 20:00:00,7301.752940609475,10692.646752242112,7063.61059464294
forecast_7221,2025-10-28 21:00:00,7802.890823819333,10478.962239332306,7460.384120098422
forecast_7222,2025-10-28 22:00:00,8366.05361315805,10921.811461201183,6060.835008865014
forecast_7223,2025-10-28 23:00:00,9496.295093931652,9453.249443610319,5551.04521978436
forecast_7224,2025-10-29 00:00:00,8996.870576968638,9438.84812429271,7407.274014898948
forecast_7225,2025-10-29 01:00:00,7811.740925618729,5625.29979854241,3483.649799330411
forecast_7226,2025-10-29 02:00:00,6963.646947655702,4053.730607462503,3591.388647328705
forecast_7227,2025-10-29 03:00:00,6910.75611581881,4000.6212481277844,3660.3421885791067
forecast_7228,2025-10-29 04:00:00,7597.508234537164,4072.1043614200853,3777.2606780923543
forecast_7229,2025-10-29 05:00:00,4932.790764699071,4825.056549206183,3262.084792914987
forecast_7230,2025-10-29 06:00:00,4188.048194465824,3853.2516984200065,3659.3015048878037
forecast_7231,2025-10-29 07:00:00,3981.9500742331534,3381.9448449476895,2810.0385714625563
forecast_7232,2025-10-29 08:00:00,3949.3058795193456,3488.9256364293874,2564.2546204311516
forecast_7233,2025-10-29 09:00:00,3521.818036917436,3665.741401392801,2902.56243692095
forecast_7234,2025-10-29 10:00:00,3899.165961336542,4193.655821264358,3554.2559264012853
forecast_7235,2025-10-29 11:00:00,3651.32255543084,4344.728780795238,3469.8005184366284
forecast_7236,2025-10-29 12:00:00,3806.460433620496,3797.529629264791,3698.313891447306
forecast_7237,2025-10-29 13:00:00,3928.4299671155486,3998.638609948027,3752.826785272195
forecast_7238,2025-10-29 14:00:00,4139.9041316134135,3765.968336784019,3483.581614006867
forecast_7239,2025-10-29 15:00:00,4161.969723525521,2988.8649094798775,3828.868084181104
forecast_7240,2025-10-29 16:00:00,3544.4871823851627,2555.8322191065618,3905.295299225919
forecast_7241,2025-10-29 17:00:00,3830.8843141307498,2947.4696220050137,3044.033067570179
forecast_7242,2025-10-29 18:00:00,3673.6390642528195,3305.115813909359,3901.729491783128
forecast_7243,2025-10-29 19:00:00,3543.3424133496665,3658.7354679787904,2595.0310244719844
forecast_7244,2025-10-29 20:00:00,3824.1918332439323,3597.7813395867493,2482.423515008839
forecast_7245,2025-10-29 21:00:00,5069.847017244157,3801.8598673783354,3423.0092672735836
forecast_7246,2025-10-29 22:00:00,6742.3326002999265,4784.5558999350205,3882.959392766345
forecast_7247,2025-10-29 23:00:00,6755.688901194333,4477.597615282941,3403.4059814467614
forecast_7248,2025-10-30 00:00:00,8806.6219193672,8183.982026728418,5795.428213282565
forecast_7249,2025-10-30 01:00:00,7158.747943721576,6158.602763711748,3820.712489111579
forecast_7250,2025-10-30 02:00:00,8795.865575810187,7315.522187443635,7006.965724645525
forecast_7251,2025-10-30 03:00:00,12624.193452398242,10758.11880566327,8044.50472111334
forecast_7252,2025-10-30 04:00:00,12991.510421213863,12653.725267533946,9297.996889592312
forecast_7253,2025-10-30 05:00:00,14366.863731946614,13303.948921825178,8160.191106597655
forecast_7254,2025-10-30 06:00:00,14006.298263649409,12554.10011773148,9652.687691014662
forecast_7255,2025-10-30 07:00:00,11585.212900657176,9886.153556589308,6562.186092508921
forecast_7256,2025-10-30 08:00:00,10736.152400389585,10100.568898525897,5592.685069683161
forecast_7257,2025-10-30 09:00:00,8505.394878468182,9108.911588327835,5582.768171875508
forecast_7258,2025-10-30 10:00:00,6050.016250061633,4659.2478509103785,3786.0136235195664
forecast_7259,2025-10-30 11:00:00,4157.758042811746,4384.458044877952,3806.6637076196503
forecast_7260,2025-10-30 12:00:00,3550.3900839453413,3986.5164932121934,4763.273951585272
forecast_7261,2025-10-30 13:00:00,3786.204256277612,4311.634223562962,4591.785559082302
forecast_7262,2025-10-30 14:00:00,3590.81066642267,3966.6310905541172,4703.940690588524
forecast_7263,2025-10-30 15:00:00,3509.0009068729228,4152.2189963572155,4082.58616329764
forecast_7264,2025-10-30 16:00:00,3221.3502835885433,3512.1885138952266,3917.8585954897394
forecast_7265,2025-10-30 17:00:00,3719.268010300349,3523.1888213247826,3506.31737510772
forecast_7266,2025-10-30 18:00:00,4145.914810416357,3505.2422381723713,2432.098207356245
forecast_7267,2025-10-30 19:00:00,3918.4482004832803,2941.024764761104,2180.9505761751802
forecast_7268,2025-10-30 20:00:00,4079.478241583065,3889.370243356847,2626.796714329204
forecast_7269,2025-10-30 21:00:00,3950.198817749252,3948.7283612089527,2762.4694826728132
forecast_7270,2025-10-30 22:00:00,3246.148124832799,3505.2900628799275,2156.5612435864487
forecast_7271,2025-10-30 23:00:00,2977.0462476231924,2828.6459781901594,2100.0
forecast_7272,2025-10-31 00:00:00,3064.1883118861847,3117.5103158473185,2124.800795274526
forecast_7273,2025-10-31 01:00:00,2497.6530230627945,3504.27253643486,4205.098059731492
forecast_7274,2025-10-31 02:00:00,3993.345964610595,4062.4268776053073,3689.619301862057
forecast_7275,2025-10-31 03:00:00,2895.284022690004,2682.8940967974877,2821.9643073043544
forecast_7276,2025-10-31 04:00:00,3186.3532436061996,3006.9446664983006,2946.831429638592
forecast_7277,2025-10-31 05:00:00,3526.320693957503,3355.7601677393513,2940.9138220837576
forecast_7278,2025-10-31 06:00:00,2957.8112326203855,3085.9907843273454,3389.7956222534276
forecast_7279,2025-10-31 07:00:00,2790.458583827358,3223.4799682024604,3335.7723543150596
forecast_7280,2025-10-31 08:00:00,2872.796417527182,3083.779594418607,2631.660043691323
forecast_7281,2025-10-31 09:00:00,2800.6388580974854,2816.9521283834974,3124.725831663332
forecast_7282,2025-10-31 10:00:00,3529.9171971918695,3462.9495048801814,3717.6943812770496
forecast_7283,2025-10-31 11:00:00,3295.442071763626,2402.5498662219225,3478.1802968038273
forecast_7284,2025-10-31 12:00:00,3050.359337241115,2870.5227796150666,2931.058073133192
forecast_7285,2025-10-31 13:00:00,3162.870781967549,2957.3213162825896,3117.717949215868
forecast_7286,2025-10-31 14:00:00,3568.78179659973,3774.8920118545593,3859.252729841435
forecast_7287,2025-10-31 15:00:00,3775.202663384607,4016.286567878521,4094.114597086228
forecast_7288,2025-10-31 16:00:00,3315.796975689418,4122.339106252572,3805.4360872502803
forecast_7289,2025-10-31 17:00:00,4176.796582171785,3889.400345024752,3736.103020289237
forecast_7290,2025-10-31 18:00:00,4101.184157444832,4075.4532870576672,2737.0033385912684
forecast_7291,2025-10-31 19:00:00,4110.456884132841,4205.387719107412,3788.3805621777283
forecast_7292,2025-10-31 20:00:00,4308.558134849911,4349.660139436115,3359.4517169529045
forecast_7293,2025-10-31 21:00:00,7284.966921264849,8570.518154089701,5358.130115776959
forecast_7294,2025-10-31 22:00:00,7652.9938436945195,9909.78966464256,6687.160921837077
forecast_7295,2025-10-31 23:00:00,8719.37882327945,8245.70117631852,6324.605767491678
forecast_7296,2025-11-01 00:00:00,9478.940014523387,11017.5642845024,6477.2540634787065
forecast_7297,2025-11-01 01:00:00,11347.45788201853,13443.959659501015,8482.604475528407
forecast_7298,2025-11-01 02:00:00,12178.144680889805,12147.70879650633,10334.382286719136
forecast_7299,2025-11-01 03:00:00,9596.716419899412,11044.064643250515,9032.620876921817
forecast_7300,2025-11-01 04:00:00,9773.67514603924,12330.155620837722,9694.750356691864
forecast_7301,2025-11-01 05:00:00,11326.75209703716,14190.501168909,12871.512627234486
forecast_7302,2025-11-01 06:00:00,11889.838432043965,15774.893729643156,10521.473086219272
forecast_7303,2025-11-01 07:00:00,12250.242953433039,13564.220168150818,11506.564403407452
forecast_7304,2025-11-01 08:00:00,11568.12680350912,16125.738917461767,10555.580371390728
forecast_7305,2025-11-01 09:00:00,12838.053488899399,13743.600226222306,12237.788847128026
forecast_7306,2025-11-01 10:00:00,13911.93250621975,16181.230086867914,13206.840621166753
forecast_7307,2025-11-01 11:00:00,14453.9078363909,14695.801005970407,11886.901621680301
forecast_7308,2025-11-01 12:00:00,13687.592993864984,12750.20009556044,11297.656027456138
forecast_7309,2025-11-01 13:00:00,13594.386970673828,12607.551948252529,11038.641518030314
forecast_7310,2025-11-01 14:00:00,13616.385533393646,12627.977566798074,10380.638743927246
forecast_7311,2025-11-01 15:00:00,13758.180773662238,12665.035637387598,10498.502810201646
forecast_7312,2025-11-01 16:00:00,13923.20949717193,12371.77994715896,9878.198573631702
forecast_7313,2025-11-01 17:00:00,13432.890115103644,12063.099851988894,12160.850555671077
forecast_7314,2025-11-01 18:00:00,13821.743721926623,13983.799192368455,12537.12040384369
forecast_7315,2025-11-01 19:00:00,15576.587761361703,16057.219050789621,14137.103811500516
forecast_7316,2025-11-01 20:00:00,16571.906712914923,16985.726423976084,15594.110628328766
forecast_7317,2025-11-01 21:00:00,15847.636243773957,16996.240659532577,15575.91515148399
forecast_7318,2025-11-01 22:00:00,15804.837758070425,15962.043963274482,15435.412507467237
forecast_7319,2025-11-01 23:00:00,17132.744298823527,16429.41254443722,16540.26481690934
forecast_7320,2025-11-02 00:00:00,16871.940568461017,18475.9877156331,17803.588944633022
forecast_7321,2025-11-02 01:00:00,16664.485730034656,17312.982049025595,17048.745700551717
forecast_7322,2025-11-02 02:00:00,16702.28989466543,17857.180447680897,16567.52721416425
forecast_7323,2025-11-02 03:00:00,15280.503356109355,16992.54326277617,14513.623654795063
forecast_7324,2025-11-02 04:00:00,15760.035531400921,16057.849609531928,14584.125288716648
forecast_7325,2025-11-02 05:00:00,16569.962970061602,16743.76870015066,14653.561517996572
forecast_7326,2025-11-02 06:00:00,16080.52912819293,17132.01438849514,15890.543187336812
forecast_7327,2025-11-02 07:00:00,16907.36644464614,18592.93619017988,17460.59480646964
forecast_7328,2025-11-02 08:00:00,17966.81026575561,18956.65644675149,17955.746667775937
forecast_7329,2025-11-02 09:00:00,18052.49135661326,19344.632418669622,17622.91373790022
forecast_7330,2025-11-02 10:00:00,17495.002961706457,19029.514934928044,16638.853960310094
forecast_7331,2025-11-02 11:00:00,17255.28382677866,18332.24570518801,15735.590167634147
forecast_7332,2025-11-02 12:00:00,16347.356709524176,16964.088659599172,14701.805889470565
forecast_7333,2025-11-02 13:00:00,15288.743463775527,16388.646749615305,13305.53702451688
forecast_7334,2025-11-02 14:00:00,14849.611939168863,16437.60624215426,12130.193108690753
forecast_7335,2025-11-02 15:00:00,14640.556350597002,15308.04014032591,12333.686632711606
forecast_7336,2025-11-02 16:00:00,14010.677414663694,14237.752726972634,10536.011436463345
forecast_7337,2025-11-02 17:00:00,12932.980092529828,12623.73668782099,9498.04758491956
forecast_7338,2025-11-02 18:00:00,12863.851851370771,12006.253889735668,10030.566544520945
forecast_7339,2025-11-02 19:00:00,13753.416577363865,12210.279173056548,10282.990421028655
forecast_7340,2025-11-02 20:00:00,12527.278271850322,13568.508720604263,9324.99741381923
forecast_7341,2025-11-02 21:00:00,9664.458018121304,8750.915263636109,9394.753690682897
forecast_7342,2025-11-02 22:00:00,8629.46692985789,9523.264515436224,6518.636625896913
forecast_7343,2025-11-02 23:00:00,7234.475492901503,7838.384475965719,6739.2376509686865
forecast_7344,2025-11-03 00:00:00,5863.131814028888,7929.2695053455,5215.017141164959
forecast_7345,2025-11-03 01:00:00,8220.58855548416,10248.757282257146,5212.290768671775
forecast_7346,2025-11-03 02:00:00,8064.152705380992,8458.075931248695,5658.827504789483
forecast_7347,2025-11-03 03:00:00,6404.722492384036,6640.884801509465,4879.165815494026
forecast_7348,2025-11-03 04:00:00,6608.4851715308005,6335.883518151625,5052.8426437368835
forecast_7349,2025-11-03 05:00:00,6041.811206950666,5412.234293029919,4566.836996412716
forecast_7350,2025-11-03 06:00:00,4635.89430862263,4028.3713181634234,3947.768161882496
forecast_7351,2025-11-03 07:00:00,4223.742715713248,4049.076710444843,3480.5197990399283
forecast_7352,2025-11-03 08:00:00,4179.851401390411,3501.8563365169125,3193.017460406661
forecast_7353,2025-11-03 09:00:00,3875.535859552925,3492.6691071795103,3014.092251107975
forecast_7354,2025-11-03 10:00:00,2947.4266152006603,2748.581492255027,3378.897151276802
forecast_7355,2025-11-03 11:00:00,3513.1237269770077,2842.2687561164685,3418.891127663066
forecast_7356,2025-11-03 12:00:00,3540.372365053043,3192.31275193528,3212.827725043479
forecast_7357,2025-11-03 13:00:00,3090.251172933571,3025.1883045786044,3087.582276520142
forecast_7358,2025-11-03 14:00:00,3439.9993535532467,3105.4234140324907,3323.109773067682
forecast_7359,2025-11-03 15:00:00,3583.9577932906495,3171.3455666649593,3291.9678057942174
forecast_7360,2025-11-03 16:00:00,3644.4003973664176,3328.3067718971524,3745.7317228289576
forecast_7361,2025-11-03 17:00:00,3051.5893834279113,3144.571122229437,3600.6680351722835
forecast_7362,2025-11-03 18:00:00,3574.6361238003483,3471.215731442103,3646.689412288727
forecast_7363,2025-11-03 19:00:00,4095.3572161227266,3701.548426433713,4100.379664147623
forecast_7364,2025-11-03 20:00:00,3682.507328283985,4731.39991425827,3051.155447190691
forecast_7365,2025-11-03 21:00:00,4551.096871617692,4540.5242535845355,2182.678547337636
forecast_7366,2025-11-03 22:00:00,5890.6424845859965,6198.135406599767,2395.1086622785565
forecast_7367,2025-11-03 23:00:00,7934.550533051416,8308.557499079332,3841.750659209903
forecast_7368,2025-11-04 00:00:00,10339.092832603656,13206.980430394491,6015.3047462329705
forecast_7369,2025-11-04 01:00:00,11192.431245056885,11803.021547071236,6122.937803562254
forecast_7370,2025-11-04 02:00:00,11469.066168231584,12965.319159617253,6663.954296248737
forecast_7371,2025-11-04 03:00:00,11960.761977494505,12667.356555876431,8421.010735442414
forecast_7372,2025-11-04 04:00:00,13125.827571753742,13367.173770972247,7764.892303850412
forecast_7373,2025-11-04 05:00:00,14380.492716625376,13714.108688452663,9079.355998047296
forecast_7374,2025-11-04 06:00:00,11932.762883515134,14030.394008320956,10225.085386871673
forecast_7375,2025-11-04 07:00:00,15643.854986193817,15602.908897947336,12705.473215944126
forecast_7376,2025-11-04 08:00:00,15325.867353864716,16093.661462586046,13709.462067677125
forecast_7377,2025-11-04 09:00:00,13380.421013610961,18037.944091395744,12246.057821526265
forecast_7378,2025-11-04 10:00:00,13488.121453424797,15078.044718498177,11763.72890646519
forecast_7379,2025-11-04 11:00:00,11849.497107768155,12905.195066444994,10117.953137796087
forecast_7380,2025-11-04 12:00:00,11516.299826154382,10811.901702611201,8636.721543291174
forecast_7381,2025-11-04 13:00:00,10583.488402793753,9728.267354421343,8274.064645993229
forecast_7382,2025-11-04 14:00:00,10076.813038392365,10264.788241127197,8297.480152611357
forecast_7383,2025-11-04 15:00:00,10224.946056071969,8809.770324872828,8535.983640093102
forecast_7384,2025-11-04 16:00:00,10571.555212784462,8234.51886239569,7830.400542179333
forecast_7385,2025-11-04 17:00:00,10681.335387272724,9284.172699352794,8141.919500991024
forecast_7386,2025-11-04 18:00:00,13815.780599502772,11948.003704342003,7384.105322337419
forecast_7387,2025-11-04 19:00:00,12255.259853008994,12640.085199597826,9404.485901713553
forecast_7388,2025-11-04 20:00:00,13053.55794194436,12241.767015541573,9276.415847041213
forecast_7389,2025-11-04 21:00:00,11567.213026016449,13891.568116690696,8170.992040609996
forecast_7390,2025-11-04 22:00:00,8400.967455234362,10819.998678809245,7575.117241429901
forecast_7391,2025-11-04 23:00:00,8525.818230941892,8564.506520440907,5689.185388583521
forecast_7392,2025-11-05 00:00:00,7579.994785153586,9784.149492967408,5658.493806246571
forecast_7393,2025-11-05 01:00:00,8441.336248044638,8636.118124334247,6388.328590264021
forecast_7394,2025-11-05 02:00:00,5350.090762670117,5043.2054189730525,3846.096834187081
forecast_7395,2025-11-05 03:00:00,3613.0409949877485,4045.6146792169134,3314.070125165398
forecast_7396,2025-11-05 04:00:00,3258.359887559157,2633.3438394053805,3563.2275488683026
forecast_7397,2025-11-05 05:00:00,2931.4642946121726,2459.0267322618824,3153.282502968458
forecast_7398,2025-11-05 06:00:00,3061.3962002981834,3447.1867757899035,3217.5497868104408
forecast_7399,2025-11-05 07:00:00,2877.2974491434643,3171.448700364795,3074.5174667870224
forecast_7400,2025-11-05 08:00:00,2716.4309796225857,3210.9653181950625,3327.0598101500414
forecast_7401,2025-11-05 09:00:00,3150.2834188758943,4131.317269443203,3625.132460715355
forecast_7402,2025-11-05 10:00:00,3370.081254034013,3405.20015494823,3833.827130552845
forecast_7403,2025-11-05 11:00:00,2929.686159270837,3302.6909849321028,3366.5168374390714
forecast_7404,2025-11-05 12:00:00,2933.738885125491,3061.3196182292913,3575.2262223824946
forecast_7405,2025-11-05 13:00:00,3272.6372222251243,3346.0896860640323,3330.184843620174
forecast_7406,2025-11-05 14:00:00,3123.6906076276814,3129.7946514926007,3599.6559544216707
forecast_7407,2025-11-05 15:00:00,3281.961527142612,3369.5183572490114,3809.249170709265
forecast_7408,2025-11-05 16:00:00,3737.260066397955,3590.9281035821973,3429.6032306011575
forecast_7409,2025-11-05 17:00:00,3722.0111235550453,3425.9369459960953,3097.775044805486
forecast_7410,2025-11-05 18:00:00,3083.639844105448,3033.4446280529683,3160.427881694548
forecast_7411,2025-11-05 19:00:00,2985.541692373314,3103.3998964062275,3514.9352164179872
forecast_7412,2025-11-05 20:00:00,2864.0039244325803,2842.763885550383,2967.8153482186017
forecast_7413,2025-11-05 21:00:00,2871.2502446448025,2627.914579838065,2843.7568558569187
forecast_7414,2025-11-05 22:00:00,3005.9623016956584,3134.1460993440296,3398.4202330274147
forecast_7415,2025-11-05 23:00:00,3621.652551929631,3555.3727225772222,2837.5572161825403
forecast_7416,2025-11-06 00:00:00,3507.927969107487,3537.771154924248,2623.626151692312
forecast_7417,2025-11-06 01:00:00,4597.635250615549,4418.763798809481,3896.0251570245164
forecast_7418,2025-11-06 02:00:00,4588.195856940212,4787.515209651214,3551.1090314673734
forecast_7419,2025-11-06 03:00:00,5438.178109183235,4636.793272618308,3448.1566042781774
forecast_7420,2025-11-06 04:00:00,5763.807279418578,6226.834275351738,4150.221364825559
forecast_7421,2025-11-06 05:00:00,6593.7230300934825,5096.922279288049,5207.232075093212
forecast_7422,2025-11-06 06:00:00,7157.527034337447,6272.690183067358,6366.256026455502
forecast_7423,2025-11-06 07:00:00,8430.447251727273,7823.742025531529,4753.032633056635
forecast_7424,2025-11-06 08:00:00,5208.114858292015,4378.122479200345,2945.519027056752
forecast_7425,2025-11-06 09:00:00,3883.5660302889896,3523.0831046922176,3289.0358369971855
forecast_7426,2025-11-06 10:00:00,3708.4303793498484,3932.976243051739,3557.009255592719
forecast_7427,2025-11-06 11:00:00,3388.306983718424,3407.2467409753035,3467.0120689419373
forecast_7428,2025-11-06 12:00:00,3801.0106980783094,3570.341397372573,3179.7020666020962
forecast_7429,2025-11-06 13:00:00,3619.7320189008315,3062.0384971153744,3569.6257352063603
forecast_7430,2025-11-06 14:00:00,2876.065574606506,2799.0382251532055,3357.718111358875
forecast_7431,2025-11-06 15:00:00,3202.631739750105,3262.354927945024,3363.291218394121
forecast_7432,2025-11-06 16:00:00,2984.8444906779437,3001.431261983935,3278.199010532837
forecast_7433,2025-11-06 17:00:00,2771.5727097216386,3090.6702549388415,3830.801748809914
forecast_7434,2025-11-06 18:00:00,2883.211577458639,2819.3368919479017,3306.3829982661964
forecast_7435,2025-11-06 19:00:00,2861.3622093282966,2553.616155823677,3004.543709542737
forecast_7436,2025-11-06 20:00:00,2908.7399633207333,3060.929108226718,3201.624375639016
forecast_7437,2025-11-06 21:00:00,2692.930075547253,2689.410239493478,3164.239847473418
forecast_7438,2025-11-06 22:00:00,2510.279297962975,3096.971027768604,3576.9555487471707
forecast_7439,2025-11-06 23:00:00,2313.570950661177,2850.2572837178645,2641.23465871507
forecast_7440,2025-11-07 00:00:00,2556.6143894726993,3601.500491678049,3338.777141362082
forecast_7441,2025-11-07 01:00:00,3210.0837556687648,4252.323386330377,4303.687231150435
forecast_7442,2025-11-07 02:00:00,4175.613614959688,4039.0188075756046,2538.9046251395243
forecast_7443,2025-11-07 03:00:00,4002.605730420182,3549.915269276832,3188.167005523193
forecast_7444,2025-11-07 04:00:00,3837.6391429267624,3564.5806059118995,3252.6332173237497
forecast_7445,2025-11-07 05:00:00,3865.157641485867,3700.949344480237,3487.371127097721
forecast_7446,2025-11-07 06:00:00,4567.206154510639,4363.986046235404,4503.112009869699
forecast_7447,2025-11-07 07:00:00,4557.661418727714,3381.95091600953,3449.398531166265
forecast_7448,2025-11-07 08:00:00,3180.5141657085505,3880.3452274147076,4325.948125920773
forecast_7449,2025-11-07 09:00:00,3986.1581833899595,4276.287361795992,3868.323042231274
forecast_7450,2025-11-07 10:00:00,3705.207918194118,4190.758640491856,4016.6644556233596
forecast_7451,2025-11-07 11:00:00,2933.083910404725,3478.089035717667,3161.5270092902974
forecast_7452,2025-11-07 12:00:00,3881.7060922477285,3709.561508178962,3422.4029376043363
forecast_7453,2025-11-07 13:00:00,3888.3407728215716,3459.077485851226,3729.995938513407
forecast_7454,2025-11-07 14:00:00,3680.2687335032642,3434.1622414720373,3432.515965043375
forecast_7455,2025-11-07 15:00:00,2977.885120420984,3408.6937475395,3347.8389456820682
forecast_7456,2025-11-07 16:00:00,2623.2947435379506,2663.9546018751817,3370.595914516708
forecast_7457,2025-11-07 17:00:00,2432.273907530199,3184.0829719106073,3510.5692288596088
forecast_7458,2025-11-07 18:00:00,2506.7364168555114,3482.6084402061915,3657.6103936556083
forecast_7459,2025-11-07 19:00:00,2640.5125191509214,2641.543750118852,2962.840211246781
forecast_7460,2025-11-07 20:00:00,2545.152093207281,2919.8932288307033,3034.5541245459735
forecast_7461,2025-11-07 21:00:00,3389.4574476861267,2772.0084273485754,3065.2309246265327
forecast_7462,2025-11-07 22:00:00,3325.7598617155777,3449.489855772313,2483.9441756788437
forecast_7463,2025-11-07 23:00:00,3415.899891584323,2978.332233511191,2389.9207768592164
forecast_7464,2025-11-08 00:00:00,3844.7456337905414,3268.6837143063076,3711.206906069567
forecast_7465,2025-11-08 01:00:00,3308.315896494438,3295.6110192293336,3695.706440220966
forecast_7466,2025-11-08 02:00:00,2833.9191978944173,2947.3542801861377,3353.258863556126
forecast_7467,2025-11-08 03:00:00,3131.673389879528,3289.4196853451617,3051.1404759579846
forecast_7468,2025-11-08 04:00:00,2539.89848611707,2796.600774747142,3089.538328834077
forecast_7469,2025-11-08 05:00:00,3366.4759449701605,3001.284279451566,3067.6470712196906
forecast_7470,2025-11-08 06:00:00,3285.736055656434,3163.988164276992,3685.21137253911
forecast_7471,2025-11-08 07:00:00,3184.8831979951933,3257.373119244426,3018.28245127745
forecast_7472,2025-11-08 08:00:00,3398.4211762439886,3571.717011524279,3065.0540056136733
forecast_7473,2025-11-08 09:00:00,3209.931146916189,3403.3042356627748,3442.882052208992
forecast_7474,2025-11-08 10:00:00,3037.458869333447,2457.8198068107536,3773.0303572114353
forecast_7475,2025-11-08 11:00:00,3045.363429503924,2953.1338132130836,3780.131804823779
forecast_7476,2025-11-08 12:00:00,3210.144957197304,2807.8995806286343,3685.038796171383
forecast_7477,2025-11-08 13:00:00,3294.771470602384,3769.5787404115185,3732.281777598442
forecast_7478,2025-11-08 14:00:00,3414.8744747866426,3217.1056893055434,2988.462970851287
forecast_7479,2025-11-08 15:00:00,3800.036982745235,3232.857597540372,3745.5260464746098
forecast_7480,2025-11-08 16:00:00,3829.9404395188117,3275.5107483631473,4859.206110222648
forecast_7481,2025-11-08 17:00:00,4058.3248512587666,3370.296232965371,3667.1726261563254
forecast_7482,2025-11-08 18:00:00,4452.693714257118,4926.532411461097,3423.0876605899252
forecast_7483,2025-11-08 19:00:00,3922.236122540583,5658.30242173635,3579.3117598381587
forecast_7484,2025-11-08 20:00:00,3733.9750295616627,8272.754719535844,3501.626134078749
forecast_7485,2025-11-08 21:00:00,5231.272475356652,6764.277626390554,3308.6096791991868
forecast_7486,2025-11-08 22:00:00,5715.650321140357,5482.008796493639,3092.2868703322642
forecast_7487,2025-11-08 23:00:00,8104.8576997528835,12614.050483153558,8475.651702684156
forecast_7488,2025-11-09 00:00:00,6523.551069094512,12469.084320214917,4351.60005638205
forecast_7489,2025-11-09 01:00:00,7559.8886568001835,8979.418204529651,3557.7178448424447
forecast_7490,2025-11-09 02:00:00,7028.801300835409,10743.904662461631,5074.798377514885
forecast_7491,2025-11-09 03:00:00,7998.807232210875,13378.797030715863,7807.536817403991
forecast_7492,2025-11-09 04:00:00,8695.730535645183,12421.284682057116,6730.9097358168665
forecast_7493,2025-11-09 05:00:00,9446.60092003961,13001.04037446631,10569.724801609578
forecast_7494,2025-11-09 06:00:00,10737.55355191527,13694.509658090901,11020.097113505455
forecast_7495,2025-11-09 07:00:00,11943.111589205826,13594.695349955908,10610.240000764818
forecast_7496,2025-11-09 08:00:00,14277.85279025185,14495.359729821264,13495.519875662645
forecast_7497,2025-11-09 09:00:00,12881.142056176826,16080.194854890047,11484.473548788374
forecast_7498,2025-11-09 10:00:00,13197.138723220518,15337.724621443249,12570.441913373583
forecast_7499,2025-11-09 11:00:00,11806.279949405765,13462.582863480282,10306.982428770332
forecast_7500,2025-11-09 12:00:00,11878.249238702369,12348.98111319657,8885.384903596036
forecast_7501,2025-11-09 13:00:00,12998.748752102323,12571.130332815528,9275.147811859353
forecast_7502,2025-11-09 14:00:00,12345.926510500201,11731.204875780068,10411.650269400372
forecast_7503,2025-11-09 15:00:00,12876.644275749268,11725.641205252885,10083.434018139962
forecast_7504,2025-11-09 16:00:00,13772.397656876854,12665.113990226298,10714.110148135465
forecast_7505,2025-11-09 17:00:00,13727.507974671778,12362.477045710142,10552.685131700258
forecast_7506,2025-11-09 18:00:00,13913.290128186605,12986.84957039636,12301.788375113885
forecast_7507,2025-11-09 19:00:00,15954.806397466164,14907.246159049391,13939.216839935834
forecast_7508,2025-11-09 20:00:00,17170.1221895306,17268.403611399975,16272.54755947067
forecast_7509,2025-11-09 21:00:00,18015.209851084706,17863.65783860128,16896.42265331648
forecast_7510,2025-11-09 22:00:00,16851.34476226447,16551.270795347875,15476.92619300538
forecast_7511,2025-11-09 23:00:00,15153.630805338216,15984.982150173113,13030.87797439858
forecast_7512,2025-11-10 00:00:00,14725.232208526604,12625.480391548517,11800.145897876406
forecast_7513,2025-11-10 01:00:00,13175.595596035026,12826.26700524236,11082.342119634137
forecast_7514,2025-11-10 02:00:00,13951.063857911766,11765.601256127957,9276.415874051832
forecast_7515,2025-11-10 03:00:00,14217.40003383518,10672.555271541003,9931.655276376237
forecast_7516,2025-11-10 04:00:00,13447.503062754018,13899.862764325268,12205.249180727375
forecast_7517,2025-11-10 05:00:00,13834.696949898227,15318.494880427734,12890.250136381475
forecast_7518,2025-11-10 06:00:00,15298.418047006648,17571.869605580265,13214.842731507772
forecast_7519,2025-11-10 07:00:00,16875.114241339812,17703.187291056813,15278.68615533587
forecast_7520,2025-11-10 08:00:00,14824.94310786936,14283.916942449385,12503.039457321061
forecast_7521,2025-11-10 09:00:00,13018.684397583316,14819.414091439268,13403.571910730096
forecast_7522,2025-11-10 10:00:00,12062.068197759047,14382.524001164978,12156.270437860012
forecast_7523,2025-11-10 11:00:00,11707.650211037495,11906.476047822776,9070.621552119555
forecast_7524,2025-11-10 12:00:00,7793.838876764195,8872.551012319549,5881.041622329777
forecast_7525,2025-11-10 13:00:00,6117.593445938645,7060.117485141763,4116.20292761023
forecast_7526,2025-11-10 14:00:00,5490.467043255969,6032.699032074425,5003.847446481823
forecast_7527,2025-11-10 15:00:00,4998.351477104161,4503.794607799432,3990.107132016328
forecast_7528,2025-11-10 16:00:00,3794.1775598254426,4270.9105834460115,3918.316200991308
forecast_7529,2025-11-10 17:00:00,6741.601668434523,7161.740749601498,5010.185042956863
forecast_7530,2025-11-10 18:00:00,12638.608238708535,14815.272160733948,9670.944161841024
forecast_7531,2025-11-10 19:00:00,13317.347345618697,13338.96386513533,10357.613677816867
forecast_7532,2025-11-10 20:00:00,15507.194578974664,16296.71414658096,13722.85318367098
forecast_7533,2025-11-10 21:00:00,17896.81819965359,18038.84332305287,16063.976218041751
forecast_7534,2025-11-10 22:00:00,19192.468909962125,18699.031917946824,16082.502856362551
forecast_7535,2025-11-10 23:00:00,18833.24193376511,18949.9761002967,15532.77162038531
forecast_7536,2025-11-11 00:00:00,18759.910158190072,18961.54495310053,16459.96506139745
forecast_7537,2025-11-11 01:00:00,19257.15856254348,19422.84288269563,17602.2080528831
forecast_7538,2025-11-11 02:00:00,18897.435539379207,19427.846835189084,15857.076057052735
forecast_7539,2025-11-11 03:00:00,17938.467623390596,17648.958183386443,15070.939538106959
forecast_7540,2025-11-11 04:00:00,18138.926657037606,18133.482887166676,12746.940216661289
forecast_7541,2025-11-11 05:00:00,15271.397039504092,16467.283606030345,9229.408158967628
forecast_7542,2025-11-11 06:00:00,9331.625521639055,10577.927441712991,5572.463459846711
forecast_7543,2025-11-11 07:00:00,6749.048659631557,5908.321941098061,3467.2811178178026
forecast_7544,2025-11-11 08:00:00,5660.420502404063,3207.2531473024555,3420.323481579528
forecast_7545,2025-11-11 09:00:00,4468.263757555601,3280.077172476805,2991.616409143124
forecast_7546,2025-11-11 10:00:00,3313.3237356822883,3452.6122407817456,3931.3887643037942
forecast_7547,2025-11-11 11:00:00,3951.168622577381,4181.160316707106,4683.626631228215
forecast_7548,2025-11-11 12:00:00,4110.630345463262,3948.0960145846657,4224.239376915198
forecast_7549,2025-11-11 13:00:00,3504.9627966012945,4355.251947787191,4049.606077771059
forecast_7550,2025-11-11 14:00:00,3210.701752580203,3000.3160201602122,3501.1305728152106
forecast_7551,2025-11-11 15:00:00,3342.3217878451287,3720.970713072903,4035.4241274740843
forecast_7552,2025-11-11 16:00:00,3811.8373403031865,3879.8813809725634,4261.204119217791
forecast_7553,2025-11-11 17:00:00,3556.5663873522494,3794.650615298381,4052.94282822283
forecast_7554,2025-11-11 18:00:00,4218.2603106772085,3859.193076195714,3089.6548194042225
forecast_7555,2025-11-11 19:00:00,3877.0181041351343,3872.607494438124,3373.9753513793585
forecast_7556,2025-11-11 20:00:00,3033.160921853232,2872.523489043571,3350.840652121023
forecast_7557,2025-11-11 21:00:00,2910.82643250629,3259.468081762897,3219.1370511589203
forecast_7558,2025-11-11 22:00:00,2627.4798951189723,2916.785980901632,3407.5029023546463
forecast_7559,2025-11-11 23:00:00,2933.7770892378576,2967.9020354085665,3532.0280390669304
forecast_7560,2025-11-12 00:00:00,3481.4060772928897,3999.5436455926174,4129.820499330484
forecast_7561,2025-11-12 01:00:00,3495.527707790454,4579.076162199134,3985.791538335772
forecast_7562,2025-11-12 02:00:00,3844.082147225923,4285.59574269156,4202.845909018955
forecast_7563,2025-11-12 03:00:00,3704.833697670878,3942.8740024391855,3768.264222575739
forecast_7564,2025-11-12 04:00:00,3952.031235750498,3239.2298611533593,4078.8787938502846
forecast_7565,2025-11-12 05:00:00,3566.6447226035775,3005.6602898955352,3835.275589231662
forecast_7566,2025-11-12 06:00:00,3810.5035900844837,3545.591009398308,3373.910541542616
forecast_7567,2025-11-12 07:00:00,4764.467035882569,4785.2092622522005,3821.365641604085
forecast_7568,2025-11-12 08:00:00,6014.699115035441,8092.8919306475,3507.868161330244
forecast_7569,2025-11-12 09:00:00,7094.9794336233435,7252.867129647606,4208.1984284068585
forecast_7570,2025-11-12 10:00:00,4105.963374237519,3941.553965646071,3676.2139929286304
forecast_7571,2025-11-12 11:00:00,4640.680760831452,4082.1308017358097,4058.7369783437457
forecast_7572,2025-11-12 12:00:00,4431.898827525923,5063.399817471083,4023.1574986465707
forecast_7573,2025-11-12 13:00:00,5584.94584127942,5855.096121855508,4398.655137516408
forecast_7574,2025-11-12 14:00:00,4555.232434081425,5516.240079276466,4347.160243701472
forecast_7575,2025-11-12 15:00:00,5476.081517518472,5720.688313405646,3986.676446052082
forecast_7576,2025-11-12 16:00:00,6803.9345987289835,6345.187171639609,3819.5991468597003
forecast_7577,2025-11-12 17:00:00,11621.994655548948,10096.024235286059,6748.099062017911
forecast_7578,2025-11-12 18:00:00,14223.48086500435,12369.62511935775,10067.433923491917
forecast_7579,2025-11-12 19:00:00,16473.584191698465,15735.792121843375,13374.286710962237
forecast_7580,2025-11-12 20:00:00,17707.965842409132,17195.537076909415,13667.817579597466
forecast_7581,2025-11-12 21:00:00,18560.900325744475,19371.54040363105,17865.828133511743
forecast_7582,2025-11-12 22:00:00,19027.90879098681,19966.419518038372,17584.419132236413
forecast_7583,2025-11-12 23:00:00,20027.048992738102,19568.003344846453,19418.003238738784
forecast_7584,2025-11-13 00:00:00,20417.363651179683,20017.532069289235,19468.427821123183
forecast_7585,2025-11-13 01:00:00,20040.50426907949,20141.360951597744,19005.489666663078
forecast_7586,2025-11-13 02:00:00,19128.513342465863,20261.737743726135,18271.802526303512
forecast_7587,2025-11-13 03:00:00,19273.231599928447,20692.213900875267,19465.52081885147
forecast_7588,2025-11-13 04:00:00,19193.33450736423,19379.107745121983,19390.32047573783
forecast_7589,2025-11-13 05:00:00,16878.960729105936,18244.138459438458,17408.286674348292
forecast_7590,2025-11-13 06:00:00,17511.252485253368,18201.16482732931,16196.374876038206
forecast_7591,2025-11-13 07:00:00,16807.874803458082,17081.36855311899,16205.245750683871
forecast_7592,2025-11-13 08:00:00,13963.163477792283,16042.381526266312,13564.580191181514
forecast_7593,2025-11-13 09:00:00,13724.436647255408,15542.540197237218,10503.11524562567
forecast_7594,2025-11-13 10:00:00,10634.565273255397,12477.254361742367,9189.869099855878
forecast_7595,2025-11-13 11:00:00,9712.511003120455,12755.509882449524,8434.536484046643
forecast_7596,2025-11-13 12:00:00,7449.5590636814795,6643.684558965734,4686.660580617116
forecast_7597,2025-11-13 13:00:00,4344.310654397897,4360.658560790256,3192.7018555519385
forecast_7598,2025-11-13 14:00:00,3789.960964754482,3675.170171257173,3804.6215109756804
forecast_7599,2025-11-13 15:00:00,3962.8549564699615,3580.7070992480317,3561.484609640418
forecast_7600,2025-11-13 16:00:00,3213.719574093335,3782.7577195635,3383.522195019824
forecast_7601,2025-11-13 17:00:00,5115.106369843488,4116.807879883997,3719.156838317932
forecast_7602,2025-11-13 18:00:00,5765.707955764771,6279.777525413629,4581.218584303281
forecast_7603,2025-11-13 19:00:00,11315.013648051689,7234.172359157229,6317.19511360858
forecast_7604,2025-11-13 20:00:00,9110.04800088529,8559.214471322111,5451.981711664057
forecast_7605,2025-11-13 21:00:00,8286.786643321673,9075.29240940083,6128.143639961029
forecast_7606,2025-11-13 22:00:00,8636.517251556697,9367.716167371047,5971.468282550143
forecast_7607,2025-11-13 23:00:00,8532.56634186508,9275.630651342723,6406.254253197038
forecast_7608,2025-11-14 00:00:00,7519.9309451884665,8472.34638245778,6467.271276979387
forecast_7609,2025-11-14 01:00:00,4609.376759315127,4554.012030348623,3386.716164146876
forecast_7610,2025-11-14 02:00:00,4400.747590946072,4527.27106546582,3481.4252595928497
forecast_7611,2025-11-14 03:00:00,4476.649219320116,4088.9594170105875,4109.259895221508
forecast_7612,2025-11-14 04:00:00,4512.495496312384,4011.3295828266328,4744.036362397044
forecast_7613,2025-11-14 05:00:00,4147.044589709042,4760.517863308006,4477.730423587947
forecast_7614,2025-11-14 06:00:00,4307.480325445611,4852.7321906096195,4222.156022127061
forecast_7615,2025-11-14 07:00:00,5104.288802644659,3868.6381459987824,4689.674747624552
forecast_7616,2025-11-14 08:00:00,4738.008883934174,5956.275749459761,4498.68729343608
forecast_7617,2025-11-14 09:00:00,5241.444825839713,4223.808961143903,4307.022786375313
forecast_7618,2025-11-14 10:00:00,4429.791460107774,4370.461367626395,3920.872511420739
forecast_7619,2025-11-14 11:00:00,4107.338338189836,4208.716257392205,4196.2468791196
forecast_7620,2025-11-14 12:00:00,3923.7590497261585,3606.134268272086,4265.798584921163
forecast_7621,2025-11-14 13:00:00,4041.265933687817,3488.3010150310774,3974.381864755888
forecast_7622,2025-11-14 14:00:00,3861.806848001599,3423.739518176114,3198.555557745418
forecast_7623,2025-11-14 15:00:00,4638.879592907024,4411.771638703938,3925.933247317089
forecast_7624,2025-11-14 16:00:00,4436.033320490625,3701.547264263804,4231.380977846373
forecast_7625,2025-11-14 17:00:00,5690.641195637118,4989.515784201322,4045.5977729836363
forecast_7626,2025-11-14 18:00:00,8212.247621594013,7174.876325131263,3789.1558726344283
forecast_7627,2025-11-14 19:00:00,8748.976985423476,7547.799754505948,4278.967477362248
forecast_7628,2025-11-14 20:00:00,9809.388688213687,9901.006556657949,7952.101040851805
forecast_7629,2025-11-14 21:00:00,10491.001329975163,8637.256077353812,6043.974696138145
forecast_7630,2025-11-14 22:00:00,8695.496875664781,10834.616847192181,6375.688905374901
forecast_7631,2025-11-14 23:00:00,10540.291163742655,9797.271215834055,5802.945146135154
forecast_7632,2025-11-15 00:00:00,9356.512187523715,9621.308527800626,4721.608477548032
forecast_7633,2025-11-15 01:00:00,6074.427704173407,5421.212199777557,4472.268728995439
forecast_7634,2025-11-15 02:00:00,5544.667258990434,4623.441509117872,3778.6905085554795
forecast_7635,2025-11-15 03:00:00,5296.712011354597,3418.39103732956,3178.2860010646054
forecast_7636,2025-11-15 04:00:00,4071.540372466755,4654.663901758391,3803.008510434239
forecast_7637,2025-11-15 05:00:00,3370.965088880448,3537.34265611895,3076.4960178852007
forecast_7638,2025-11-15 06:00:00,4490.668576432429,3830.2754684207457,3375.414373241789
forecast_7639,2025-11-15 07:00:00,3896.444688158657,4021.270904683983,4154.89552223713
forecast_7640,2025-11-15 08:00:00,3530.4484877078694,3389.170695384995,3870.78206544546
forecast_7641,2025-11-15 09:00:00,3730.259762955672,3002.9353574034744,2552.145726204642
forecast_7642,2025-11-15 10:00:00,2956.8305068536106,4331.721808656197,4152.717530651074
forecast_7643,2025-11-15 11:00:00,3520.7880495538593,4612.3445577576,4180.063773706203
forecast_7644,2025-11-15 12:00:00,3787.7322467838576,3619.130416266324,3903.9275996825345
forecast_7645,2025-11-15 13:00:00,4143.769527302866,4051.541533655844,4386.6210665195595
forecast_7646,2025-11-15 14:00:00,4374.928430220384,4267.386108960894,4312.749847842765
forecast_7647,2025-11-15 15:00:00,4480.653846824872,4658.689665778868,4799.381792110047
forecast_7648,2025-11-15 16:00:00,3855.6699635429077,3940.4592028160987,4425.1547206878895
forecast_7649,2025-11-15 17:00:00,3382.0249414638274,2994.2993851738224,3918.7631636042015
forecast_7650,2025-11-15 18:00:00,4976.556710983013,3949.358258347047,2565.8376855594547
forecast_7651,2025-11-15 19:00:00,6301.958051941194,8356.929274640717,4340.139282306017
forecast_7652,2025-11-15 20:00:00,7990.739149942993,9260.544920930613,5889.511239457024
forecast_7653,2025-11-15 21:00:00,9826.423102062667,11488.968746834757,6615.900421296103
forecast_7654,2025-11-15 22:00:00,10004.980101291068,11533.178091383454,5572.852482232663
forecast_7655,2025-11-15 23:00:00,9171.01202291617,11721.117583820374,4705.344053289687
forecast_7656,2025-11-16 00:00:00,7447.90938064315,12275.961960316823,4660.660298054254
forecast_7657,2025-11-16 01:00:00,10728.122037569641,11845.058236022189,5668.580274833666
forecast_7658,2025-11-16 02:00:00,10387.944280604605,9137.073556564166,4703.749591778234
forecast_7659,2025-11-16 03:00:00,10088.136181849053,9748.912481561389,4689.544954016276
forecast_7660,2025-11-16 04:00:00,11623.056960344675,9944.25727461368,5262.3854303626695
forecast_7661,2025-11-16 05:00:00,10749.278421622417,10439.087842746816,6440.674709558028
forecast_7662,2025-11-16 06:00:00,11090.74561094012,11709.498039933811,6746.23377680898
forecast_7663,2025-11-16 07:00:00,11459.836928623321,12139.231298145889,8066.781573081304
forecast_7664,2025-11-16 08:00:00,11207.46028647303,12500.86673228077,9765.300655049383
forecast_7665,2025-11-16 09:00:00,13084.375636153067,14116.465050367884,9257.57301274031
forecast_7666,2025-11-16 10:00:00,11415.61684121107,14664.225897211216,8768.541416830036
forecast_7667,2025-11-16 11:00:00,10839.133803739436,15049.453837423749,9484.652787406252
forecast_7668,2025-11-16 12:00:00,11190.700907884126,13685.913909355615,11841.786901294025
forecast_7669,2025-11-16 13:00:00,11127.56410558528,13162.156009805029,12521.38544603235
forecast_7670,2025-11-16 14:00:00,12470.228124766934,14095.78347549091,11807.401127758469
forecast_7671,2025-11-16 15:00:00,11869.873368860399,13958.929691620262,13186.0539593056
forecast_7672,2025-11-16 16:00:00,15029.012976295198,14425.979491566237,14960.473072535577
forecast_7673,2025-11-16 17:00:00,17413.040350533473,17895.340448803505,17508.6712708527
forecast_7674,2025-11-16 18:00:00,18432.547659259064,19370.72950995326,19167.505765960894
forecast_7675,2025-11-16 19:00:00,19242.5348984449,19797.481897968777,19511.030776366228
forecast_7676,2025-11-16 20:00:00,19401.48998759857,19933.570966414423,19834.617065944978
forecast_7677,2025-11-16 21:00:00,19625.692177942157,20475.54944344534,19816.029109413565
forecast_7678,2025-11-16 22:00:00,19435.00080282591,20676.637621291673,19555.67862353256
forecast_7679,2025-11-16 23:00:00,19591.130068672974,19977.452698458,19807.41697625766
forecast_7680,2025-11-17 00:00:00,19159.674727064303,19829.18300798272,19472.749528169144
forecast_7681,2025-11-17 01:00:00,19375.252217845562,19867.2306828821,19670.606501123402
forecast_7682,2025-11-17 02:00:00,19511.134582018414,20000.343983545645,19843.520509545317
forecast_7683,2025-11-17 03:00:00,19478.60705853759,19751.441574676912,19052.824582857203
forecast_7684,2025-11-17 04:00:00,19011.669923230296,19649.432142363246,18975.276846492783
forecast_7685,2025-11-17 05:00:00,20055.463208579728,19664.46402538117,19329.048488847995
forecast_7686,2025-11-17 06:00:00,19625.193778364534,19813.646821324815,19764.32193207674
forecast_7687,2025-11-17 07:00:00,19778.300978954725,19621.33680645881,19451.51195733065
forecast_7688,2025-11-17 08:00:00,19357.8577501349,19694.274453946367,19642.66304075292
forecast_7689,2025-11-17 09:00:00,17324.337264032016,18514.802971417117,18343.610541316622
forecast_7690,2025-11-17 10:00:00,15088.067374809918,16588.065316397744,15638.199953218158
forecast_7691,2025-11-17 11:00:00,13747.601956691791,14641.31848793662,12752.729266863967
forecast_7692,2025-11-17 12:00:00,13323.305524868409,13947.954449504537,12296.812711853234
forecast_7693,2025-11-17 13:00:00,12634.849426457997,13097.675282096943,10737.99419902575
forecast_7694,2025-11-17 14:00:00,12014.335684258594,12049.699515514949,9425.761884961312
forecast_7695,2025-11-17 15:00:00,12354.072920737288,11782.4983810034,10372.445454928315
forecast_7696,2025-11-17 16:00:00,12012.90283706961,13011.46279081817,10602.81460998959
forecast_7697,2025-11-17 17:00:00,12768.982965551724,12565.786861850158,12608.501404156235
forecast_7698,2025-11-17 18:00:00,12043.93497540085,12836.33325121917,12077.256436332926
forecast_7699,2025-11-17 19:00:00,11851.500421521747,15205.647037449431,11925.308497608969
forecast_7700,2025-11-17 20:00:00,13120.26186910724,15761.420349347147,11506.489196058026
forecast_7701,2025-11-17 21:00:00,12505.616274303913,15541.462980408347,15466.610730394248
forecast_7702,2025-11-17 22:00:00,15016.332711700976,18912.39444895396,17223.535891478867
forecast_7703,2025-11-17 23:00:00,14874.799436952648,19777.436094118624,17720.96468867654
forecast_7704,2025-11-18 00:00:00,14521.414982358034,20199.224596206303,17310.419832740754
forecast_7705,2025-11-18 01:00:00,14249.063322807116,18873.962457338075,13797.540883611517
forecast_7706,2025-11-18 02:00:00,14352.12504665373,19528.399791818392,16047.671020790596
forecast_7707,2025-11-18 03:00:00,13886.399698977093,19760.051228972046,16627.761579420556
forecast_7708,2025-11-18 04:00:00,15303.083152518537,20238.40772160681,18414.637704914392
forecast_7709,2025-11-18 05:00:00,15125.148105678809,19971.666493154866,17417.15570677449
forecast_7710,2025-11-18 06:00:00,14162.163237236533,18609.238034720627,15954.420903049187
forecast_7711,2025-11-18 07:00:00,15996.86248118473,18472.28875683255,16536.82601683926
forecast_7712,2025-11-18 08:00:00,15409.457313749568,19640.077578273744,16091.458659716882
forecast_7713,2025-11-18 09:00:00,14270.789757328375,18553.150786564205,15660.05568487248
forecast_7714,2025-11-18 10:00:00,13461.935021775656,16212.360211832938,13410.363762334624
forecast_7715,2025-11-18 11:00:00,13079.032016357301,13494.400556966,11992.677259315851
forecast_7716,2025-11-18 12:00:00,12099.028448392943,11360.220826127832,9658.074969339727
forecast_7717,2025-11-18 13:00:00,12017.068132792198,13017.164898082628,9289.793922001103
forecast_7718,2025-11-18 14:00:00,11668.91844174457,12975.718186900393,8866.741184212715
forecast_7719,2025-11-18 15:00:00,11858.691687186976,13979.962864076811,7061.772262773974
forecast_7720,2025-11-18 16:00:00,11079.545045208051,9192.113963162928,5859.534193137564
forecast_7721,2025-11-18 17:00:00,8999.038527490457,6308.965511820664,5079.341893462465
forecast_7722,2025-11-18 18:00:00,6357.444270572044,5624.63997867646,5115.684982500899
forecast_7723,2025-11-18 19:00:00,4266.4944570262605,5093.552037729003,4276.007028495204
forecast_7724,2025-11-18 20:00:00,6219.529540538829,6664.376840423424,5170.248493600791
forecast_7725,2025-11-18 21:00:00,6883.211230273616,7418.964682992399,5780.405933732167
forecast_7726,2025-11-18 22:00:00,9295.27358245587,8664.978383009255,6411.601865450946
forecast_7727,2025-11-18 23:00:00,10362.14295460373,10047.532084722327,6750.773398041681
forecast_7728,2025-11-19 00:00:00,8749.163274059883,8848.640422941995,6987.690093556521
forecast_7729,2025-11-19 01:00:00,10113.063082451135,10261.226179512854,7539.944099719027
forecast_7730,2025-11-19 02:00:00,11102.521850889,12675.888051108539,7996.158867019522
forecast_7731,2025-11-19 03:00:00,10272.019855644805,12813.599131560082,7393.880708749671
forecast_7732,2025-11-19 04:00:00,9343.428800878448,8216.258742987404,6774.718071407689
forecast_7733,2025-11-19 05:00:00,6798.0304091144735,6409.882419915404,5092.47304328686
forecast_7734,2025-11-19 06:00:00,5309.001639728362,4597.17649619913,3937.750100578719
forecast_7735,2025-11-19 07:00:00,5132.824656520672,4176.457373601892,4036.022875485137
forecast_7736,2025-11-19 08:00:00,4124.542821258598,4193.717162188375,4097.614369412393
forecast_7737,2025-11-19 09:00:00,4346.3489546262335,3934.502025163678,4370.336973573828
forecast_7738,2025-11-19 10:00:00,3568.960345908263,3692.2665161036143,3463.859669764202
forecast_7739,2025-11-19 11:00:00,3638.294096334395,3098.27621591755,3059.028518243915
forecast_7740,2025-11-19 12:00:00,3427.2426374817614,2861.174059035309,3771.8013242099496
forecast_7741,2025-11-19 13:00:00,3750.663611725352,2917.9460947998928,3676.705181420175
forecast_7742,2025-11-19 14:00:00,4091.2133661199923,3511.8468071751586,4048.196702019921
forecast_7743,2025-11-19 15:00:00,3950.8545941656967,2794.0461522940273,3243.0367363952137
forecast_7744,2025-11-19 16:00:00,3437.241047548303,3704.041545640184,3179.2483300321373
forecast_7745,2025-11-19 17:00:00,7594.431766470509,5263.36460988442,4693.146079613113
forecast_7746,2025-11-19 18:00:00,11511.17641378639,8336.222361019994,8122.898491320034
forecast_7747,2025-11-19 19:00:00,14825.339145322198,12068.546645728462,12599.1056897528
forecast_7748,2025-11-19 20:00:00,16761.364888154465,14789.683159166038,15296.550710581592
forecast_7749,2025-11-19 21:00:00,18418.467600114003,17404.57177311231,13262.704434284848
forecast_7750,2025-11-19 22:00:00,19102.839307160688,18396.429725252197,16850.62687107247
forecast_7751,2025-11-19 23:00:00,20758.25556039401,18866.424306586232,18856.225278508166
forecast_7752,2025-11-20 00:00:00,20917.57934455538,19675.293530766256,19203.738399221413
forecast_7753,2025-11-20 01:00:00,20609.853986538503,19645.87380958462,18894.724361161258
forecast_7754,2025-11-20 02:00:00,20607.4904018834,20209.781060489873,18795.900017144137
forecast_7755,2025-11-20 03:00:00,19868.37708143657,20397.338823730308,19403.405152909345
forecast_7756,2025-11-20 04:00:00,20289.606658859568,19891.161426862956,19436.03205684667
forecast_7757,2025-11-20 05:00:00,20611.439475113082,20142.10833176565,19085.117289226506
forecast_7758,2025-11-20 06:00:00,20343.37378931365,19857.41774777422,19238.53240371515
forecast_7759,2025-11-20 07:00:00,20172.278316738146,19757.976143489264,19621.411067251614
forecast_7760,2025-11-20 08:00:00,19802.892852276087,19780.33537652086,18744.210514853832
forecast_7761,2025-11-20 09:00:00,19620.913281632285,19184.18220990896,19551.795129763923
forecast_7762,2025-11-20 10:00:00,18599.50406237618,19387.290354306373,18921.24242364385
forecast_7763,2025-11-20 11:00:00,19148.91454213151,19293.41121215346,18688.824186254704
forecast_7764,2025-11-20 12:00:00,19228.85032664088,19277.84882260049,18933.74661729345
forecast_7765,2025-11-20 13:00:00,18995.59870003316,18825.734846255305,18595.456799171872
forecast_7766,2025-11-20 14:00:00,19500.36225617245,19193.445748429294,18638.093623962162
forecast_7767,2025-11-20 15:00:00,19153.772546106393,19016.492563123888,18704.042056162198
forecast_7768,2025-11-20 16:00:00,18850.095120870665,18945.301245326988,18974.59999891545
forecast_7769,2025-11-20 17:00:00,19661.769870851836,19022.197169991618,18984.042781993758
forecast_7770,2025-11-20 18:00:00,20016.99799096139,19582.027859683647,18969.100957847415
forecast_7771,2025-11-20 19:00:00,19251.11953769654,19188.94270213959,19137.832875956505
forecast_7772,2025-11-20 20:00:00,19248.07706779619,19201.506598659686,19313.201270568698
forecast_7773,2025-11-20 21:00:00,18498.033761104743,19297.504169706088,19471.344215871693
forecast_7774,2025-11-20 22:00:00,17755.329700119884,19434.036927295547,19187.667439451645
forecast_7775,2025-11-20 23:00:00,17265.230639154583,19434.706957979426,19456.59974145056
forecast_7776,2025-11-21 00:00:00,17216.27691022886,19388.880318924068,19240.49813244726
forecast_7777,2025-11-21 01:00:00,16432.918150197904,19215.748851590546,19183.044167118584
forecast_7778,2025-11-21 02:00:00,16195.697518980023,19249.294348227264,19102.070434660272
forecast_7779,2025-11-21 03:00:00,16689.050898596863,19102.006662322376,18679.537270041346
forecast_7780,2025-11-21 04:00:00,16118.938726177672,18501.014692197597,18234.32497914231
forecast_7781,2025-11-21 05:00:00,16726.386733995878,18843.928628691836,18475.95251040212
forecast_7782,2025-11-21 06:00:00,17277.069736260506,19152.50444524089,17965.869995464553
forecast_7783,2025-11-21 07:00:00,17339.493020008857,19558.70716399148,18951.62601579875
forecast_7784,2025-11-21 08:00:00,17278.07409886001,19562.476594087133,18835.053520116755
forecast_7785,2025-11-21 09:00:00,15827.725908475397,18732.880996904343,18126.976534211793
forecast_7786,2025-11-21 10:00:00,15443.120778530756,18053.415747568906,16140.054129260723
forecast_7787,2025-11-21 11:00:00,14196.573330735087,18430.02864961675,15385.173646394662
forecast_7788,2025-11-21 12:00:00,14915.938168360037,18609.538831333393,15168.947479050834
forecast_7789,2025-11-21 13:00:00,15847.452285172183,16203.996547614242,13340.421473042315
forecast_7790,2025-11-21 14:00:00,16651.550301631974,17964.91881449508,14639.791841982467
forecast_7791,2025-11-21 15:00:00,16653.214794325464,17583.08735852939,15673.935415889442
forecast_7792,2025-11-21 16:00:00,16681.46030672711,18229.272505361503,17460.632643278575
forecast_7793,2025-11-21 17:00:00,17036.26701383301,18562.02964459368,18006.499588160645
forecast_7794,2025-11-21 18:00:00,17675.96696353948,19290.870375935036,17404.03521414686
forecast_7795,2025-11-21 19:00:00,17311.211857998645,18315.713292788278,17450.584278175076
forecast_7796,2025-11-21 20:00:00,17480.200462261408,19134.06912562122,19537.23162705308
forecast_7797,2025-11-21 21:00:00,17646.928252471072,19402.743347537395,18754.987276740234
forecast_7798,2025-11-21 22:00:00,17475.170402229363,18909.058710227902,17755.156461651288
forecast_7799,2025-11-21 23:00:00,17836.415193839355,18992.380510936287,18629.01599380196
forecast_7800,2025-11-22 00:00:00,19177.248886314264,19288.069468314323,17758.606916908633
forecast_7801,2025-11-22 01:00:00,18183.049325060663,19330.499301761716,17842.294935502414
forecast_7802,2025-11-22 02:00:00,17842.68829554224,18359.30073208901,16496.39778105056
forecast_7803,2025-11-22 03:00:00,16351.836068663026,19101.196105075553,16324.6322105662
forecast_7804,2025-11-22 04:00:00,17142.57598406105,18463.701024941434,16134.948698814975
forecast_7805,2025-11-22 05:00:00,17521.198737941468,19187.657754959997,17810.310515667345
forecast_7806,2025-11-22 06:00:00,19772.062979549144,19583.675603522723,17939.96538223854
forecast_7807,2025-11-22 07:00:00,19928.882438203815,19019.151188398468,16859.30881220005
forecast_7808,2025-11-22 08:00:00,19298.76784473454,18907.522333654637,15999.326488079241
forecast_7809,2025-11-22 09:00:00,18444.83185850321,17189.50744570939,15392.092809544232
forecast_7810,2025-11-22 10:00:00,13932.668694492924,16613.40442499694,13209.450744430049
forecast_7811,2025-11-22 11:00:00,11487.615341250119,14256.993281818655,9025.718093670488
forecast_7812,2025-11-22 12:00:00,10931.575729254608,14092.02508722437,9445.760794144258
forecast_7813,2025-11-22 13:00:00,10911.09892527735,12755.997899788284,8075.778473990364
forecast_7814,2025-11-22 14:00:00,10997.247850734948,11225.919437199273,9193.179397585494
forecast_7815,2025-11-22 15:00:00,12450.609354800015,12533.861153921529,10326.350059808285
forecast_7816,2025-11-22 16:00:00,13254.670874665271,13814.292677011757,11471.487012341473
forecast_7817,2025-11-22 17:00:00,15500.196302949093,15107.30079899986,13418.33815030729
forecast_7818,2025-11-22 18:00:00,17695.34895538661,17929.993584949414,17702.914298542335
forecast_7819,2025-11-22 19:00:00,19166.19840398971,18678.703228408103,17931.664369251583
forecast_7820,2025-11-22 20:00:00,19538.251173151708,19241.071314652483,18048.62325150403
forecast_7821,2025-11-22 21:00:00,20187.040490437863,20271.42483703088,18911.633468435455
forecast_7822,2025-11-22 22:00:00,20451.733803659037,19920.229653615945,18509.962781687544
forecast_7823,2025-11-22 23:00:00,20264.57217689528,19993.110387181918,18925.109713120044
forecast_7824,2025-11-23 00:00:00,19814.07456842968,19811.16770144832,18896.116045521223
forecast_7825,2025-11-23 01:00:00,20152.801772439667,20169.972338284224,19191.324866898307
forecast_7826,2025-11-23 02:00:00,20088.463503040843,19873.0898055628,19264.876977678057
forecast_7827,2025-11-23 03:00:00,20210.307833658037,20389.892981674344,18939.36508773763
forecast_7828,2025-11-23 04:00:00,20215.95600036003,20520.850249103176,19184.539387257275
forecast_7829,2025-11-23 05:00:00,20414.523061081545,20466.05553410388,19030.70907999239
forecast_7830,2025-11-23 06:00:00,19992.64832662528,20339.018335194676,19131.35792943406
forecast_7831,2025-11-23 07:00:00,20520.02247065767,20364.84509623832,19297.36491382814
forecast_7832,2025-11-23 08:00:00,20253.014377521587,19546.413528895828,19322.511422464577
forecast_7833,2025-11-23 09:00:00,19818.752961402108,19753.62902712175,18717.52822768923
forecast_7834,2025-11-23 10:00:00,19446.787513856467,19441.323179997118,18354.250220696038
forecast_7835,2025-11-23 11:00:00,19011.31390010429,19249.19077231138,17816.514903663247
forecast_7836,2025-11-23 12:00:00,18283.804480690957,18581.091711809357,16097.397999995872
forecast_7837,2025-11-23 13:00:00,15811.705551295163,16513.81007304076,13885.358878199353
forecast_7838,2025-11-23 14:00:00,15932.022283502978,14568.838895643396,13490.872198659352
forecast_7839,2025-11-23 15:00:00,14390.439508680618,15264.500522586664,13897.264136284612
forecast_7840,2025-11-23 16:00:00,15001.18142239835,13725.433980113754,12723.92323007319
forecast_7841,2025-11-23 17:00:00,15519.768684489505,16628.83088254593,13736.137165038266
forecast_7842,2025-11-23 18:00:00,18244.448696868745,16838.13882655276,17370.028330199286
forecast_7843,2025-11-23 19:00:00,18818.438191944508,18691.037654746226,17097.779816253827
forecast_7844,2025-11-23 20:00:00,18792.283961285168,18502.3440361962,17882.430831910788
forecast_7845,2025-11-23 21:00:00,18088.967808092544,17940.345013321567,17469.285324430482
forecast_7846,2025-11-23 22:00:00,18229.851467360375,17705.489283003342,17733.653926506708
forecast_7847,2025-11-23 23:00:00,17177.39711452083,17517.493998741724,18170.09262978067
forecast_7848,2025-11-24 00:00:00,16872.292140631624,17488.025439559737,16742.08867489202
forecast_7849,2025-11-24 01:00:00,19459.727226525232,15126.049580159442,11654.860476622365
forecast_7850,2025-11-24 02:00:00,18196.136673944235,17014.42688542702,12299.962642983048
forecast_7851,2025-11-24 03:00:00,17778.636249254287,19602.01203235624,9904.005364847437
forecast_7852,2025-11-24 04:00:00,13658.820927195626,19169.1036226346,9363.547202558826
forecast_7853,2025-11-24 05:00:00,10762.522112531064,12145.05508994719,7969.597974331109
forecast_7854,2025-11-24 06:00:00,11980.698546474046,12355.689925105487,8826.741123151152
forecast_7855,2025-11-24 07:00:00,12540.110228697142,14519.052869797273,13339.14895299041
forecast_7856,2025-11-24 08:00:00,12669.098645371809,13574.670830381645,9649.80875406602
forecast_7857,2025-11-24 09:00:00,12989.109514107118,12400.817246282108,10941.71906481387
forecast_7858,2025-11-24 10:00:00,11334.849518825597,8870.989393384665,8622.785752587575
forecast_7859,2025-11-24 11:00:00,10376.583334561943,10856.384137336923,8866.213155290843
forecast_7860,2025-11-24 12:00:00,11399.883403645195,11293.761375478309,9352.088061199973
forecast_7861,2025-11-24 13:00:00,12206.40184926599,12597.839329410974,10833.898792023241
forecast_7862,2025-11-24 14:00:00,13565.9789469931,13977.597604189275,13212.648802004309
forecast_7863,2025-11-24 15:00:00,13123.109956185226,14349.355443134682,12735.752710876695
forecast_7864,2025-11-24 16:00:00,13737.331379561985,14521.935243863642,12236.30956792209
forecast_7865,2025-11-24 17:00:00,13117.684242038504,12384.775527584243,12194.203424286521
forecast_7866,2025-11-24 18:00:00,12928.83084712956,14046.990378895889,12585.292057450479
forecast_7867,2025-11-24 19:00:00,13196.627492012498,13502.41349698433,13908.48193324919
forecast_7868,2025-11-24 20:00:00,13042.511235788288,14136.623012816608,12959.113690468243
forecast_7869,2025-11-24 21:00:00,14298.441070863493,13147.106324861643,13475.119405796206
forecast_7870,2025-11-24 22:00:00,13599.2544524213,13746.447107430093,11702.567497867487
forecast_7871,2025-11-24 23:00:00,13089.778201406867,12757.534376356538,12582.521043989062
forecast_7872,2025-11-25 00:00:00,13388.657433825569,15043.748090015779,10438.961049997411
forecast_7873,2025-11-25 01:00:00,13832.84114704252,16311.79984795031,12647.186140232683
forecast_7874,2025-11-25 02:00:00,13999.05022443371,14845.196924148198,12294.650713579198
forecast_7875,2025-11-25 03:00:00,12058.66163336497,13624.411194852779,13527.055837288932
forecast_7876,2025-11-25 04:00:00,13894.440860003451,16505.23107322077,13300.244345519672
forecast_7877,2025-11-25 05:00:00,12978.502642023012,13915.83516636135,11904.05438898519
forecast_7878,2025-11-25 06:00:00,12365.83693008648,14843.253216573188,11046.139412144
forecast_7879,2025-11-25 07:00:00,11943.339483784659,16440.236978245906,11711.894796788862
forecast_7880,2025-11-25 08:00:00,11094.74854939114,17560.366840976036,12878.13559806738
forecast_7881,2025-11-25 09:00:00,11080.929435619324,12215.813468304581,9718.107235269508
forecast_7882,2025-11-25 10:00:00,12228.53035695411,12162.569759002421,7374.602557455279
forecast_7883,2025-11-25 11:00:00,9152.084935027398,10570.967792762884,7245.373051012567
forecast_7884,2025-11-25 12:00:00,8615.181430172932,9753.519599524181,6487.976191408616
forecast_7885,2025-11-25 13:00:00,9404.017551284885,9930.99584846307,7218.262926908233
forecast_7886,2025-11-25 14:00:00,10115.06511282154,11800.678348708765,9429.264659176835
forecast_7887,2025-11-25 15:00:00,9568.033126885262,15903.691452507504,9491.629472843242
forecast_7888,2025-11-25 16:00:00,10966.245333049104,15357.764207669077,11604.47099383297
forecast_7889,2025-11-25 17:00:00,12128.769032671978,12421.521408876895,12156.037294995916
forecast_7890,2025-11-25 18:00:00,11883.571188777838,13621.192230655293,12681.70480716888
forecast_7891,2025-11-25 19:00:00,12492.638172447776,13376.480441843292,10647.551385144827
forecast_7892,2025-11-25 20:00:00,11044.276325302346,9356.371426593936,10338.789465346792
forecast_7893,2025-11-25 21:00:00,9362.302164225905,7769.5438868548745,7499.600465258405
forecast_7894,2025-11-25 22:00:00,8487.147024454453,7601.873906555023,4242.900168280305
forecast_7895,2025-11-25 23:00:00,5238.4873298837865,5789.677033414113,4215.321963393126
forecast_7896,2025-11-26 00:00:00,4807.94882920892,3735.33542189565,3832.295598194654
forecast_7897,2025-11-26 01:00:00,5541.150586466668,5049.752492289235,3552.251204533091
forecast_7898,2025-11-26 02:00:00,4272.339287719582,3950.1612040513824,3916.4586062293974
forecast_7899,2025-11-26 03:00:00,4230.371606496523,4178.767953292483,3602.2687869036554
forecast_7900,2025-11-26 04:00:00,4276.704075120698,4423.56790989018,4254.643762687594
forecast_7901,2025-11-26 05:00:00,5361.396797040757,3817.043404402398,3498.6443617131044
forecast_7902,2025-11-26 06:00:00,4382.731855628674,3556.029869811693,3807.907915169045
forecast_7903,2025-11-26 07:00:00,4781.344422812139,3675.693190464175,3996.964982015759
forecast_7904,2025-11-26 08:00:00,5311.178430092776,4845.1025009549385,3608.0413618615203
forecast_7905,2025-11-26 09:00:00,4628.746122472699,5359.776171124579,4299.918949909888
forecast_7906,2025-11-26 10:00:00,4996.048815734932,4599.426611033509,4242.2390889338
forecast_7907,2025-11-26 11:00:00,3918.7223359021523,3662.246897463599,3437.2265539857567
forecast_7908,2025-11-26 12:00:00,3167.037768500241,3793.5937361683923,3128.7249951639055
forecast_7909,2025-11-26 13:00:00,3399.562067235452,3565.169679916525,3137.9197966552756
forecast_7910,2025-11-26 14:00:00,4365.5779668046325,3878.6664634755143,3189.016460249126
forecast_7911,2025-11-26 15:00:00,4637.438130043358,4418.081311323754,3545.936664283909
forecast_7912,2025-11-26 16:00:00,5350.879776018537,4621.059690537646,3819.903945863601
forecast_7913,2025-11-26 17:00:00,7223.527039266122,5468.859759223368,5428.8402494928405
forecast_7914,2025-11-26 18:00:00,12974.008318240669,10206.255705024043,7375.197544634526
forecast_7915,2025-11-26 19:00:00,15688.09174961834,12880.603395390834,10388.28312561676
forecast_7916,2025-11-26 20:00:00,15444.205658705909,13863.638114295232,10895.084988971115
forecast_7917,2025-11-26 21:00:00,14427.33749714254,17214.23514839616,11720.02191428009
forecast_7918,2025-11-26 22:00:00,16536.139974008704,17119.377449986783,14572.355859930389
forecast_7919,2025-11-26 23:00:00,15122.63254236291,17627.461770079375,13841.528168200124
forecast_7920,2025-11-27 00:00:00,17394.919962396074,18455.8359586,15152.649271926455
forecast_7921,2025-11-27 01:00:00,17403.382533980162,19141.113111751707,16154.483171859114
forecast_7922,2025-11-27 02:00:00,16788.559229160215,19176.146024234906,16953.040619043175
forecast_7923,2025-11-27 03:00:00,17946.81515528836,18921.908344287356,17805.79735035238
forecast_7924,2025-11-27 04:00:00,17316.171165975265,17382.916065773996,17097.624282048884
forecast_7925,2025-11-27 05:00:00,17747.240538122816,16983.391281205357,17672.212703718295
forecast_7926,2025-11-27 06:00:00,16443.554080695863,18188.900520548003,17192.71577629693
forecast_7927,2025-11-27 07:00:00,13642.100184381145,17830.00644504974,14964.096700818829
forecast_7928,2025-11-27 08:00:00,16084.63865531623,19224.752917456874,17915.562887405416
forecast_7929,2025-11-27 09:00:00,18555.771556256193,18897.840780803,17368.210996086862
forecast_7930,2025-11-27 10:00:00,14396.025746097448,18286.52458669649,16471.53991971383
forecast_7931,2025-11-27 11:00:00,14577.495542319137,18292.60944053118,16848.6070000628
forecast_7932,2025-11-27 12:00:00,15865.586261574916,18419.801727214122,16620.5289747549
forecast_7933,2025-11-27 13:00:00,16767.12437110477,19626.649070180458,17570.775865885185
forecast_7934,2025-11-27 14:00:00,18328.76329051511,19709.494947295596,18429.579542710075
forecast_7935,2025-11-27 15:00:00,18525.560240302162,19597.933333006586,18984.360320175972
forecast_7936,2025-11-27 16:00:00,18972.089540502515,19368.195609993956,19442.26844585091
forecast_7937,2025-11-27 17:00:00,19151.054007664297,18996.783951417092,18583.060336197177
forecast_7938,2025-11-27 18:00:00,19078.524704231746,19510.720291990845,19382.089960016878
forecast_7939,2025-11-27 19:00:00,19204.91268080917,18878.12587934262,19060.91934171685
forecast_7940,2025-11-27 20:00:00,19135.324635348123,19120.128479124636,18334.334156598183
forecast_7941,2025-11-27 21:00:00,18795.198365661807,18761.024741588437,18266.131564046325
forecast_7942,2025-11-27 22:00:00,18680.693439096027,18848.41498891029,18150.479299715153
forecast_7943,2025-11-27 23:00:00,18611.21375269472,19649.31186385959,17857.77323151022
forecast_7944,2025-11-28 00:00:00,18513.811436497217,19288.49959856369,18740.53259543105
forecast_7945,2025-11-28 01:00:00,18251.21638390402,19205.66383231174,18442.881396657016
forecast_7946,2025-11-28 02:00:00,17668.95193845391,18781.181700513906,18158.069034993485
forecast_7947,2025-11-28 03:00:00,17472.97938844987,19430.56909022621,18073.863160927107
forecast_7948,2025-11-28 04:00:00,18189.046466568423,19541.952771751698,18854.980407894705
forecast_7949,2025-11-28 05:00:00,16635.18564228572,19344.04327099612,17871.766511145488
forecast_7950,2025-11-28 06:00:00,16279.172406485162,18783.54306888223,16481.632275567714
forecast_7951,2025-11-28 07:00:00,15586.657845867298,19114.390597137466,15905.101590074464
forecast_7952,2025-11-28 08:00:00,16739.26379474751,18076.61783052521,14611.204903015383
forecast_7953,2025-11-28 09:00:00,14957.155731430415,16118.603068854378,13533.859774136807
forecast_7954,2025-11-28 10:00:00,9331.462651883947,9995.53654845585,6639.099391289066
forecast_7955,2025-11-28 11:00:00,8855.858201073563,9533.090883821074,6542.242813192336
forecast_7956,2025-11-28 12:00:00,8394.636426505927,8969.285340075437,5973.795918342592
forecast_7957,2025-11-28 13:00:00,7267.409106236396,8434.036793464235,6586.478868689414
forecast_7958,2025-11-28 14:00:00,7026.389016416436,7089.480528079593,5575.769846541528
forecast_7959,2025-11-28 15:00:00,6478.798070763305,6464.482673671094,4421.669293800241
forecast_7960,2025-11-28 16:00:00,7151.194059813564,6642.566774366276,5481.374601673447
forecast_7961,2025-11-28 17:00:00,7356.522319564757,6177.355074122704,4175.031230115361
forecast_7962,2025-11-28 18:00:00,6532.426839912177,5410.995611374923,4269.039953483765
forecast_7963,2025-11-28 19:00:00,6446.531146751253,7033.607570689286,4581.047631093853
forecast_7964,2025-11-28 20:00:00,6536.408607671642,6146.616112259295,5101.674074158839
forecast_7965,2025-11-28 21:00:00,6579.876429162217,9067.5071606853,4436.124071814669
forecast_7966,2025-11-28 22:00:00,5738.08565104329,5196.772789724976,3905.107230984701
forecast_7967,2025-11-28 23:00:00,6067.732886254241,7917.802469963798,4475.5340360063865
forecast_7968,2025-11-29 00:00:00,5791.052519335417,9465.715620231866,4765.955210715451
forecast_7969,2025-11-29 01:00:00,4050.1303681478867,4920.80483007485,2907.307159843418
forecast_7970,2025-11-29 02:00:00,5721.397420129529,4815.544280414733,3398.7646461878903
forecast_7971,2025-11-29 03:00:00,10374.13283036059,6592.3646678065925,4025.444452356318
forecast_7972,2025-11-29 04:00:00,11861.35382596378,11187.491034481258,6646.015762199188
forecast_7973,2025-11-29 05:00:00,12383.539030102333,13795.693315088969,8995.880023293284
forecast_7974,2025-11-29 06:00:00,12942.153937916904,15185.238561161754,10196.205096572763
forecast_7975,2025-11-29 07:00:00,11303.065213592296,12719.429863138912,8415.741589507626
forecast_7976,2025-11-29 08:00:00,12464.434788635523,16465.542262193434,9383.548103562176
forecast_7977,2025-11-29 09:00:00,12477.135433695354,15986.682288373639,8913.504561266012
forecast_7978,2025-11-29 10:00:00,11427.667999264082,14912.974598493993,7306.638224726622
forecast_7979,2025-11-29 11:00:00,11125.799018323554,14659.304873170724,7142.718022495586
forecast_7980,2025-11-29 12:00:00,11434.063602174176,14236.440778164535,11786.79153003624
forecast_7981,2025-11-29 13:00:00,12930.906738745638,15393.988746590516,12372.973910918638
forecast_7982,2025-11-29 14:00:00,12526.952365948617,15554.01813669201,14088.734330508976
forecast_7983,2025-11-29 15:00:00,16204.99833777037,16424.30778323227,15604.439507840922
forecast_7984,2025-11-29 16:00:00,16832.910168342525,17852.27223972159,17932.11545793603
forecast_7985,2025-11-29 17:00:00,18813.463883473993,19237.237250177626,19269.4643398329
forecast_7986,2025-11-29 18:00:00,19603.52192669917,19388.52597642885,19511.054759992545
forecast_7987,2025-11-29 19:00:00,19368.411836776817,19495.888684817764,19467.750083368956
forecast_7988,2025-11-29 20:00:00,19739.838355983626,19649.342674588617,19466.048152090512
forecast_7989,2025-11-29 21:00:00,19731.843370989358,20057.665961236435,19241.19721013722
forecast_7990,2025-11-29 22:00:00,20414.794919483957,20114.838760540242,19448.937782354526
forecast_7991,2025-11-29 23:00:00,20126.401513109784,20360.993007554804,19661.709649239798
forecast_7992,2025-11-30 00:00:00,20100.379015215698,19951.41975146079,19488.70261686528
forecast_7993,2025-11-30 01:00:00,19877.54297670212,19705.74616105,19009.21196827869
forecast_7994,2025-11-30 02:00:00,19983.432663586234,19205.127114955754,19149.997255705635
forecast_7995,2025-11-30 03:00:00,19678.371565010013,19196.928252402955,19482.41658644332
forecast_7996,2025-11-30 04:00:00,19712.262094483664,19110.473437815235,19057.600588022833
forecast_7997,2025-11-30 05:00:00,18729.99269729071,18484.734320780524,18367.24866021366
forecast_7998,2025-11-30 06:00:00,18201.213197197674,17405.54133226955,17114.911168018705
forecast_7999,2025-11-30 07:00:00,15995.416785754755,16670.886145610228,16126.63689108938
forecast_8000,2025-11-30 08:00:00,16597.35189495573,16761.951093814467,16131.386589832819
forecast_8001,2025-11-30 09:00:00,16614.10883075119,15401.986203338716,14453.849540215895
forecast_8002,2025-11-30 10:00:00,13861.362497729831,15124.688381862592,13570.49966796785
forecast_8003,2025-11-30 11:00:00,15045.61564085453,13566.874630861163,12441.123664599256
forecast_8004,2025-11-30 12:00:00,14206.163706786268,12749.808676668714,11405.716600056225
forecast_8005,2025-11-30 13:00:00,11294.41277668875,10515.383719933641,9412.409206271994
forecast_8006,2025-11-30 14:00:00,11754.517469530265,11424.085739821976,9858.525531033682
forecast_8007,2025-11-30 15:00:00,12024.04487016362,11405.234514843334,10493.607661391616
forecast_8008,2025-11-30 16:00:00,12317.028234723093,13023.081397552203,11048.755838494379
forecast_8009,2025-11-30 17:00:00,13669.589615013885,14068.286562979507,13564.114515183875
forecast_8010,2025-11-30 18:00:00,17844.924228088,18446.383750551402,17566.99862976648
forecast_8011,2025-11-30 19:00:00,18998.514243464066,19514.59343585122,18915.75931464972
forecast_8012,2025-11-30 20:00:00,19588.660341165963,20152.95407448401,19506.752956551052
forecast_8013,2025-11-30 21:00:00,19656.47525256421,20739.58953903963,19568.23272734157
forecast_8014,2025-11-30 22:00:00,20308.387465884934,20948.76299055439,19997.564394754954
forecast_8015,2025-11-30 23:00:00,20118.65159938739,20971.07494740281,20070.7628693638
forecast_8016,2025-12-01 00:00:00,19928.19002750888,20314.932498875933,19744.211058688987
forecast_8017,2025-12-01 01:00:00,19940.526532774933,20131.20546003203,19722.669609976198
forecast_8018,2025-12-01 02:00:00,19485.533856733564,20323.083085033664,19959.574201609812
forecast_8019,2025-12-01 03:00:00,18682.36623692552,20084.79462127691,19651.624108081924
forecast_8020,2025-12-01 04:00:00,19029.60657074374,19657.926861769036,19377.67831422508
forecast_8021,2025-12-01 05:00:00,19745.239168119046,20176.331274288732,19502.583438871094
forecast_8022,2025-12-01 06:00:00,19982.270163146182,20367.558206052843,19660.09343096019
forecast_8023,2025-12-01 07:00:00,20326.64299392939,20095.38850237223,19441.41428973252
forecast_8024,2025-12-01 08:00:00,19453.18461604394,19794.59164389119,19980.811657445633
forecast_8025,2025-12-01 09:00:00,17557.07291281213,18203.36191015129,19019.337029459333
forecast_8026,2025-12-01 10:00:00,14802.274570163267,15521.612671612244,13714.992298469522
forecast_8027,2025-12-01 11:00:00,10824.505658412128,11628.805276055467,8994.257957258633
forecast_8028,2025-12-01 12:00:00,7910.5373226788515,6136.597982658223,4827.628757829407
forecast_8029,2025-12-01 13:00:00,7736.015458063241,5590.578466639702,4185.733979457334
forecast_8030,2025-12-01 14:00:00,6791.861391628112,5623.2267874468735,4431.35287876403
forecast_8031,2025-12-01 15:00:00,5329.15984749309,3851.3253998123623,3135.287746069589
forecast_8032,2025-12-01 16:00:00,4283.017667715504,3314.2114109733366,3461.9117519982897
forecast_8033,2025-12-01 17:00:00,4916.0657129675565,3838.775901841396,3332.3054982784165
forecast_8034,2025-12-01 18:00:00,5888.46018241038,4438.89882784852,3458.91214071018
forecast_8035,2025-12-01 19:00:00,6034.274439662523,5595.975702850827,3577.2171817477124
forecast_8036,2025-12-01 20:00:00,8641.688736899177,7140.405245794776,4452.088609089445
forecast_8037,2025-12-01 21:00:00,12484.839505621483,12713.768782867992,5811.75273442667
forecast_8038,2025-12-01 22:00:00,13814.250083283763,13295.408388211894,8281.376641587693
forecast_8039,2025-12-01 23:00:00,16089.844370219203,14874.038303062212,12638.145887834266
forecast_8040,2025-12-02 00:00:00,15511.496027063666,18191.279384182602,13206.037311319566
forecast_8041,2025-12-02 01:00:00,17473.165206529527,18067.40530449415,14081.999958085544
forecast_8042,2025-12-02 02:00:00,17452.833522485438,18642.930849460045,13902.156158534235
forecast_8043,2025-12-02 03:00:00,18128.385665489124,18476.112752997178,17219.00301798782
forecast_8044,2025-12-02 04:00:00,17320.251246080275,19337.932091935345,17425.11523422748
forecast_8045,2025-12-02 05:00:00,18784.174985438713,19004.624153684083,18035.134530811458
forecast_8046,2025-12-02 06:00:00,18398.326818107234,15768.767539474497,16911.205489133652
forecast_8047,2025-12-02 07:00:00,15192.301413909518,14535.378686410622,11940.391207733339
forecast_8048,2025-12-02 08:00:00,11178.57010284359,11318.66735957798,8471.474870240045
forecast_8049,2025-12-02 09:00:00,9625.721337521109,12697.894527414499,7560.383797846308
forecast_8050,2025-12-02 10:00:00,7564.721334890212,7389.978631527783,6051.36290958492
forecast_8051,2025-12-02 11:00:00,7976.630270283846,7184.367593030107,6013.979645097411
forecast_8052,2025-12-02 12:00:00,10467.78542350252,10025.196488405101,6781.1709392220155
forecast_8053,2025-12-02 13:00:00,9978.421851386109,11017.160873094323,8505.749843818303
forecast_8054,2025-12-02 14:00:00,11463.228633707684,12673.419479395085,9147.546230323158
forecast_8055,2025-12-02 15:00:00,12571.266257936057,13347.158931982063,10956.222274741196
forecast_8056,2025-12-02 16:00:00,13017.068950498993,14555.415606080505,11737.010172416112
forecast_8057,2025-12-02 17:00:00,14255.67894829008,14968.764613651563,12573.7642772751
forecast_8058,2025-12-02 18:00:00,15498.64371918076,16508.625058843198,15718.886183323759
forecast_8059,2025-12-02 19:00:00,15415.562367348954,17811.454559080506,15834.112887114019
forecast_8060,2025-12-02 20:00:00,16186.35003023659,18334.6801773914,16903.65348933187
forecast_8061,2025-12-02 21:00:00,16683.337039463055,18193.964893144028,16985.937023628452
forecast_8062,2025-12-02 22:00:00,15951.7276656942,18069.060419466845,16399.97930665515
forecast_8063,2025-12-02 23:00:00,16259.595170010245,18359.88894740506,16369.546194999839
forecast_8064,2025-12-03 00:00:00,15846.883155845602,18119.198014910362,16523.540710243462
forecast_8065,2025-12-03 01:00:00,16460.81459924892,18867.50891412455,17901.965295737613
forecast_8066,2025-12-03 02:00:00,17258.354204839557,19217.301823201662,18611.95875302232
forecast_8067,2025-12-03 03:00:00,16646.003891325552,18433.781500039575,18711.123238525586
forecast_8068,2025-12-03 04:00:00,16909.566728995498,19330.36699517499,18685.74654524253
forecast_8069,2025-12-03 05:00:00,16805.84844050654,18825.59161054699,17641.611125707364
forecast_8070,2025-12-03 06:00:00,15901.164161740175,18391.816176871765,17287.747773541716
forecast_8071,2025-12-03 07:00:00,15963.908737119365,18090.788972789323,16975.156888775688
forecast_8072,2025-12-03 08:00:00,16444.817852069216,18313.409415111924,15031.054110424537
forecast_8073,2025-12-03 09:00:00,16540.8395687132,18352.62622529311,16433.904354447244
forecast_8074,2025-12-03 10:00:00,17445.002507681256,19296.624321174677,17178.454194089732
forecast_8075,2025-12-03 11:00:00,17766.175863306737,19195.022561118134,17564.443032982494
forecast_8076,2025-12-03 12:00:00,17953.23235704327,18970.474413256685,18006.64177239244
forecast_8077,2025-12-03 13:00:00,17864.974700583763,18871.915597935564,18251.381193156205
forecast_8078,2025-12-03 14:00:00,18078.01024781479,18858.336356992648,18148.519176970553
forecast_8079,2025-12-03 15:00:00,17971.714033360455,19263.75968455269,18077.2583151548
forecast_8080,2025-12-03 16:00:00,17702.05107906321,19007.24336083969,17773.646717567124
forecast_8081,2025-12-03 17:00:00,17792.247770913575,19024.683450696873,17990.603924936888
forecast_8082,2025-12-03 18:00:00,17038.924733306703,18606.213169530096,17422.0584164399
forecast_8083,2025-12-03 19:00:00,16289.925775159949,18494.612528959045,17265.791481746615
forecast_8084,2025-12-03 20:00:00,16085.529174732332,18612.787539895715,16888.89786160633
forecast_8085,2025-12-03 21:00:00,15669.121920683787,18413.53060975293,16214.09981865366
forecast_8086,2025-12-03 22:00:00,15847.300347163335,18542.751068559577,16543.075358278988
forecast_8087,2025-12-03 23:00:00,15606.682702265856,19278.874685206356,16966.28045668691
forecast_8088,2025-12-04 00:00:00,15386.458254901838,18660.135156065408,15813.42129383949
forecast_8089,2025-12-04 01:00:00,16232.476685882919,18443.642059043967,15903.508294383217
forecast_8090,2025-12-04 02:00:00,17856.321611467665,19341.17988501603,17181.199300531807
forecast_8091,2025-12-04 03:00:00,18939.098395261386,19724.496740233597,17810.73247910294
forecast_8092,2025-12-04 04:00:00,19325.73877742812,19887.15499846384,17792.745725206
forecast_8093,2025-12-04 05:00:00,19859.143683921862,19707.136455195043,19041.934575507286
forecast_8094,2025-12-04 06:00:00,19643.704403535525,20043.433860045254,19559.118731382543
forecast_8095,2025-12-04 07:00:00,19918.90764133776,20718.10984518027,20028.548440405382
forecast_8096,2025-12-04 08:00:00,19642.166606647465,20693.847346159157,19701.41046189131
forecast_8097,2025-12-04 09:00:00,19385.11932260838,20359.06067335814,19876.700605284143
forecast_8098,2025-12-04 10:00:00,16210.190993734619,18929.058716559353,18162.89049705202
forecast_8099,2025-12-04 11:00:00,15214.38161937235,17950.50180746986,15293.646695510324
forecast_8100,2025-12-04 12:00:00,13993.517106669187,15702.192134461551,14087.980466813446
forecast_8101,2025-12-04 13:00:00,13406.431149236258,13981.011858040141,13181.82785320662
forecast_8102,2025-12-04 14:00:00,13295.807402596298,14235.040463715748,13087.433664690709
forecast_8103,2025-12-04 15:00:00,14479.99423922053,14672.991133016525,14014.384553112717
forecast_8104,2025-12-04 16:00:00,14855.538997943759,14071.079534290773,13488.573628334545
forecast_8105,2025-12-04 17:00:00,15729.188233174655,16291.150985072001,15447.77720528387
forecast_8106,2025-12-04 18:00:00,15842.465252873926,16763.95064350885,16055.5285649791
forecast_8107,2025-12-04 19:00:00,16898.868634804276,18261.831563051303,16866.342786272384
forecast_8108,2025-12-04 20:00:00,17165.8516321259,18068.521870902834,17160.330283430285
forecast_8109,2025-12-04 21:00:00,17551.250281350825,19125.8720439957,18265.69033035718
forecast_8110,2025-12-04 22:00:00,17773.460883455467,17797.73166649176,16953.653665700745
forecast_8111,2025-12-04 23:00:00,17386.677478269954,16839.64367865809,17353.77228975914
forecast_8112,2025-12-05 00:00:00,17044.332527840874,16849.87151868474,16912.78780222201
forecast_8113,2025-12-05 01:00:00,16639.918854770414,17353.6879823619,17391.413780280818
forecast_8114,2025-12-05 02:00:00,16553.430762782475,17754.982353629122,18017.305901405958
forecast_8115,2025-12-05 03:00:00,15513.612465146132,17696.50653884776,17641.34166604869
forecast_8116,2025-12-05 04:00:00,16308.650722575356,18026.858373328418,17887.32588111855
forecast_8117,2025-12-05 05:00:00,15399.230600749182,18028.616808433682,17382.408644500334
forecast_8118,2025-12-05 06:00:00,17972.36097275559,19299.80440413054,18402.134645224112
forecast_8119,2025-12-05 07:00:00,18060.356045340963,19119.100709863334,18708.11311872986
forecast_8120,2025-12-05 08:00:00,19352.67694142206,19967.66368332485,19372.34604674789
forecast_8121,2025-12-05 09:00:00,18534.246832725825,19889.892249118042,18846.552999506206
forecast_8122,2025-12-05 10:00:00,15382.079351413122,18504.47736768187,16168.209277943864
forecast_8123,2025-12-05 11:00:00,13875.084493536495,16034.089567971783,13179.575411124288
forecast_8124,2025-12-05 12:00:00,11712.310152686725,13061.976736571694,11860.518439866328
forecast_8125,2025-12-05 13:00:00,11550.63536512471,12683.44495066607,9686.012340844
forecast_8126,2025-12-05 14:00:00,13125.086316104313,15096.461806343028,12575.861384872187
forecast_8127,2025-12-05 15:00:00,15015.392387976402,16795.216368494246,15262.867920461129
forecast_8128,2025-12-05 16:00:00,16287.997868751423,17484.93365259488,15745.972729110077
forecast_8129,2025-12-05 17:00:00,18365.439744383526,18569.21889178494,17516.414325393762
forecast_8130,2025-12-05 18:00:00,19165.87386330168,19033.04485413337,17927.960170091905
forecast_8131,2025-12-05 19:00:00,18456.803590805688,18809.476750184833,17907.481762565218
forecast_8132,2025-12-05 20:00:00,19440.83237954413,18905.891220843085,17965.76935786892
forecast_8133,2025-12-05 21:00:00,20194.409747445945,19356.557830895832,18914.24005683861
forecast_8134,2025-12-05 22:00:00,20081.35749683465,19729.413375273787,18965.010528476632
forecast_8135,2025-12-05 23:00:00,20457.353881913663,19875.0760295422,19073.360335127214
forecast_8136,2025-12-06 00:00:00,20276.602421346553,19752.438925559825,19382.641784552903
forecast_8137,2025-12-06 01:00:00,21005.495613179217,20312.034150132917,18754.213389435263
forecast_8138,2025-12-06 02:00:00,20261.492329298435,20088.464392979917,19247.364695668643
forecast_8139,2025-12-06 03:00:00,20231.818850854404,20813.37765904275,19513.629005780484
forecast_8140,2025-12-06 04:00:00,20035.177157309427,20469.342035195816,19302.544842488154
forecast_8141,2025-12-06 05:00:00,20223.179845323746,20157.337777716348,18808.167194748843
forecast_8142,2025-12-06 06:00:00,20083.361379625014,20391.65926437167,19313.873070709633
forecast_8143,2025-12-06 07:00:00,20048.265264782454,20116.933607882223,19575.622567691775
forecast_8144,2025-12-06 08:00:00,19848.844668372483,20197.238226493148,19125.63487414883
forecast_8145,2025-12-06 09:00:00,19081.671569573897,19394.499801447844,19004.83513101361
forecast_8146,2025-12-06 10:00:00,19202.33667829348,18979.704970786624,18340.842690888745
forecast_8147,2025-12-06 11:00:00,17655.098279617923,18866.127228323076,18555.836484157706
forecast_8148,2025-12-06 12:00:00,18049.02686668204,18928.085706623293,17925.543492899833
forecast_8149,2025-12-06 13:00:00,17887.49630386946,18833.840371822713,18123.28235855566
forecast_8150,2025-12-06 14:00:00,18667.231451764244,18845.50796629995,17868.83932597362
forecast_8151,2025-12-06 15:00:00,19568.534364036248,18962.620596833578,18479.20429805545
forecast_8152,2025-12-06 16:00:00,18953.6259255071,19070.04845737424,18216.368859055776
forecast_8153,2025-12-06 17:00:00,17662.93302696392,18444.86588567959,17854.023891741344
forecast_8154,2025-12-06 18:00:00,17506.18436952698,18193.99280095159,17373.36518160381
forecast_8155,2025-12-06 19:00:00,17838.876605407968,18587.31527856652,17707.019248830486
forecast_8156,2025-12-06 20:00:00,18491.6900033567,19256.479833508565,18140.0296380894
forecast_8157,2025-12-06 21:00:00,18921.306746238875,19197.390399211687,18816.949537216915
forecast_8158,2025-12-06 22:00:00,18988.489963929194,19208.34882483959,18958.169999246333
forecast_8159,2025-12-06 23:00:00,19462.73187476252,19919.96710537542,19235.86534586146
forecast_8160,2025-12-07 00:00:00,19842.799756363453,20325.99300604786,19422.76651836048
forecast_8161,2025-12-07 01:00:00,19148.476472054896,19140.970549604644,18446.350393895926
forecast_8162,2025-12-07 02:00:00,18847.540521369418,18527.03620663495,18219.076950414023
forecast_8163,2025-12-07 03:00:00,18798.667412595856,18471.29826603332,18367.902738945402
forecast_8164,2025-12-07 04:00:00,18519.578706123113,18332.987931761927,18336.871677884177
forecast_8165,2025-12-07 05:00:00,18808.97687002465,18402.933025410282,18755.69744193156
forecast_8166,2025-12-07 06:00:00,19089.4996702057,18783.334437036312,19240.544635286293
forecast_8167,2025-12-07 07:00:00,19529.26716217233,19163.25843220666,19510.695552098183
forecast_8168,2025-12-07 08:00:00,19433.230346193766,19505.13950376502,19716.154929193428
forecast_8169,2025-12-07 09:00:00,19176.305832762595,19058.883107522775,19179.29127906735
forecast_8170,2025-12-07 10:00:00,18642.255980510785,19079.79937186895,18424.091248193567
forecast_8171,2025-12-07 11:00:00,18285.711291231433,18774.336961053545,18379.884787228657
forecast_8172,2025-12-07 12:00:00,19121.675833951507,18669.802136095914,18558.93366752347
forecast_8173,2025-12-07 13:00:00,18572.397826469743,18534.610305426308,18132.390912979703
forecast_8174,2025-12-07 14:00:00,18808.238399905156,18680.968185190606,18474.468390659134
forecast_8175,2025-12-07 15:00:00,19229.567045017175,19376.161827507844,19078.948549670138
forecast_8176,2025-12-07 16:00:00,19555.925969413733,19250.376916901845,19343.751133603993
forecast_8177,2025-12-07 17:00:00,19647.310972324864,19429.53629289395,19244.43329961316
forecast_8178,2025-12-07 18:00:00,19021.423690993484,19476.2964746038,19241.13776564824
forecast_8179,2025-12-07 19:00:00,18834.26844779952,19388.29864707725,19019.48502912915
forecast_8180,2025-12-07 20:00:00,18705.736428539432,19330.183337756847,19054.416532547417
forecast_8181,2025-12-07 21:00:00,18081.67452048818,19073.511015049233,18770.95636119696
forecast_8182,2025-12-07 22:00:00,18421.68842440068,19045.593379667993,18788.16016420484
forecast_8183,2025-12-07 23:00:00,18821.111974631986,19284.383315387848,19163.259021579088
forecast_8184,2025-12-08 00:00:00,18785.020306947816,19239.911439569947,18581.67125007793
forecast_8185,2025-12-08 01:00:00,18785.197690110843,19554.41451079826,18808.622521108977
forecast_8186,2025-12-08 02:00:00,18560.550097434312,19218.875433744342,17785.15654343535
forecast_8187,2025-12-08 03:00:00,18722.38735000135,18867.377965074706,18208.67138690379
forecast_8188,2025-12-08 04:00:00,18232.32422330147,18601.16905618823,17849.21008617528
forecast_8189,2025-12-08 05:00:00,16529.581513398392,16943.107745222755,13727.449348203785
forecast_8190,2025-12-08 06:00:00,15009.082703672475,14804.615625123008,12289.971205498725
forecast_8191,2025-12-08 07:00:00,14564.071145753827,15228.60646460923,13510.163549834655
forecast_8192,2025-12-08 08:00:00,12013.954812029966,13665.613964710581,11901.05369496348
forecast_8193,2025-12-08 09:00:00,11358.312617698437,13173.891926158647,11568.090685435529
forecast_8194,2025-12-08 10:00:00,10056.130338812945,10237.833060536388,8090.826707920458
forecast_8195,2025-12-08 11:00:00,7728.288809641595,7062.234087692738,6439.341148085843
forecast_8196,2025-12-08 12:00:00,6372.638849404196,4782.0250447401995,3739.0254936018796
forecast_8197,2025-12-08 13:00:00,5274.900930646987,4174.033276929018,3062.4506832929706
forecast_8198,2025-12-08 14:00:00,5389.234976825664,4101.032909947211,2884.6952849322797
forecast_8199,2025-12-08 15:00:00,5393.629860667274,3757.3897716275496,3073.667374349153
forecast_8200,2025-12-08 16:00:00,6359.588002063854,4891.562425544313,4026.9845561727225
forecast_8201,2025-12-08 17:00:00,7237.5477349385465,5169.80406882135,4499.685021011639
forecast_8202,2025-12-08 18:00:00,10724.832615482925,9215.40622846354,8088.8161658070885
forecast_8203,2025-12-08 19:00:00,14991.128987255786,12639.866602665097,11879.32287366039
forecast_8204,2025-12-08 20:00:00,13862.510813748166,15124.658738441478,13438.834643023984
forecast_8205,2025-12-08 21:00:00,15639.641552884168,17278.122229518867,14281.353883502885
forecast_8206,2025-12-08 22:00:00,17271.225518654843,17179.698141449546,15198.37251540625
forecast_8207,2025-12-08 23:00:00,16790.650889492797,16920.317166788485,15128.458935426419
forecast_8208,2025-12-09 00:00:00,15583.330324554352,17195.868862918294,15071.145795178763
forecast_8209,2025-12-09 01:00:00,15593.660494556441,16468.09348263125,12959.544664249504
forecast_8210,2025-12-09 02:00:00,16819.70466047321,17420.75122297103,14794.33312451912
forecast_8211,2025-12-09 03:00:00,17457.477777588545,18106.772208606024,15297.39861982316
forecast_8212,2025-12-09 04:00:00,18557.506673870266,18862.89668250783,16075.257214898735
forecast_8213,2025-12-09 05:00:00,18082.817109017196,18903.920995680015,16605.328883867885
forecast_8214,2025-12-09 06:00:00,18375.73109184639,18468.496297655987,17233.89996939371
forecast_8215,2025-12-09 07:00:00,18989.182413368588,19115.310018317727,17730.164800868944
forecast_8216,2025-12-09 08:00:00,19456.24273626003,18974.5199755167,17493.65129282696
forecast_8217,2025-12-09 09:00:00,17861.756792674423,18525.257800308078,16881.3910167401
forecast_8218,2025-12-09 10:00:00,14204.26924418853,18873.937700134717,15962.968807759322
forecast_8219,2025-12-09 11:00:00,15340.640242045967,18570.846056796832,16725.63569745016
forecast_8220,2025-12-09 12:00:00,13586.32298368605,18252.575088093192,14963.39703333852
forecast_8221,2025-12-09 13:00:00,13231.159077435974,16279.203953749166,14898.917524066794
forecast_8222,2025-12-09 14:00:00,14100.194467137619,16052.199949864162,14787.298028998319
forecast_8223,2025-12-09 15:00:00,13938.540331983051,16074.401106646468,14875.549933105645
forecast_8224,2025-12-09 16:00:00,14166.3980627431,16080.606456234658,12672.222301776763
forecast_8225,2025-12-09 17:00:00,14187.362942892925,14942.338154919185,13837.051412199435
forecast_8226,2025-12-09 18:00:00,16113.448537205337,16337.618485472974,15908.569503427998
forecast_8227,2025-12-09 19:00:00,16612.086052542956,16896.422674908863,16952.645836990618
forecast_8228,2025-12-09 20:00:00,16665.3433517008,17816.998833779006,14649.216383730876
forecast_8229,2025-12-09 21:00:00,15456.431084216847,16847.06241229901,13100.920301733078
forecast_8230,2025-12-09 22:00:00,13737.158553714327,16789.75822481481,13075.890851415767
forecast_8231,2025-12-09 23:00:00,14769.586632782017,15947.702118756948,13070.849739690791
forecast_8232,2025-12-10 00:00:00,14566.326215381225,16219.72322377097,12115.887156264533
forecast_8233,2025-12-10 01:00:00,12847.496025895736,14523.353064670637,11040.405645556579
forecast_8234,2025-12-10 02:00:00,13749.448564851153,14697.19825798911,11888.42785448315
forecast_8235,2025-12-10 03:00:00,16789.91822244513,16947.44582030508,13462.600649818887
forecast_8236,2025-12-10 04:00:00,16933.49520193731,18031.413491091786,14109.114969161967
forecast_8237,2025-12-10 05:00:00,15708.460082932963,17354.08757704432,13394.988052106648
forecast_8238,2025-12-10 06:00:00,15195.53605984923,16531.473877912358,10954.572932306104
forecast_8239,2025-12-10 07:00:00,16239.284585555846,17334.405120144595,15163.525033345466
forecast_8240,2025-12-10 08:00:00,13228.415039629936,17299.69997812334,10195.82910777424
forecast_8241,2025-12-10 09:00:00,14411.500223192465,17727.65958838324,13760.410676951067
forecast_8242,2025-12-10 10:00:00,15079.032112022911,16501.61336364663,12411.757785999636
forecast_8243,2025-12-10 11:00:00,10762.786672936953,15524.80353826513,10940.71712501805
forecast_8244,2025-12-10 12:00:00,9959.583744580705,13650.802317919,10254.601458554498
forecast_8245,2025-12-10 13:00:00,9780.207187707943,11351.694260969207,10718.262693539229
forecast_8246,2025-12-10 14:00:00,10931.003803864867,14139.918708458436,10802.161529287498
forecast_8247,2025-12-10 15:00:00,11771.551654917443,11118.518932670599,8661.593523609768
forecast_8248,2025-12-10 16:00:00,6970.004324814875,7713.351274113277,5715.5379093307065
forecast_8249,2025-12-10 17:00:00,5668.707608751994,9085.799645948708,4576.9261568131915
forecast_8250,2025-12-10 18:00:00,8421.67670656123,10882.23911739197,6072.358460839009
forecast_8251,2025-12-10 19:00:00,9843.415645056548,10774.140930668118,6727.797398207311
forecast_8252,2025-12-10 20:00:00,10483.716387532022,13152.756278759412,7036.516823354311
forecast_8253,2025-12-10 21:00:00,12938.932009008027,15029.255909218973,10684.232400949988
forecast_8254,2025-12-10 22:00:00,14885.992375617605,17751.185357296214,12515.906702985238
forecast_8255,2025-12-10 23:00:00,15808.055359133976,17491.751996500338,17084.56260299722
forecast_8256,2025-12-11 00:00:00,15953.366845275794,18083.162488347334,13797.510135621895
forecast_8257,2025-12-11 01:00:00,18616.657704156536,18799.600363093556,19157.930267183423
forecast_8258,2025-12-11 02:00:00,17637.267258536624,18910.003900872907,18256.703668197377
forecast_8259,2025-12-11 03:00:00,17976.803498803667,19004.052463316755,18268.100340141114
forecast_8260,2025-12-11 04:00:00,18908.466720209097,19269.444803912822,18555.257624103855
forecast_8261,2025-12-11 05:00:00,19434.075604303278,20210.755654055283,19597.079197773488
forecast_8262,2025-12-11 06:00:00,19294.93075880475,20023.333694715056,18996.859171465436
forecast_8263,2025-12-11 07:00:00,18584.656858054,19966.773904869435,18871.50958265483
forecast_8264,2025-12-11 08:00:00,18050.097039118224,18662.564057425483,18227.999612029005
forecast_8265,2025-12-11 09:00:00,17589.19637809735,18327.850584323576,18099.369779669043
forecast_8266,2025-12-11 10:00:00,18674.16581347496,18649.06957086545,18071.674984833775
forecast_8267,2025-12-11 11:00:00,18287.21042330387,18099.36029706858,17410.779787149913
forecast_8268,2025-12-11 12:00:00,16261.603085996885,16586.673490089717,16426.412245911302
forecast_8269,2025-12-11 13:00:00,14884.65634558451,15394.102421494288,14464.54766203819
forecast_8270,2025-12-11 14:00:00,14971.570331080384,12734.314176919685,11745.286917445728
forecast_8271,2025-12-11 15:00:00,14163.193862382856,11826.818551964154,11578.438099856387
forecast_8272,2025-12-11 16:00:00,13989.677047035651,11699.884008745405,11540.896159486454
forecast_8273,2025-12-11 17:00:00,14758.256418706687,13168.48751159084,12309.7134009115
forecast_8274,2025-12-11 18:00:00,14475.569168050239,13442.753520119988,13565.142808448407
forecast_8275,2025-12-11 19:00:00,13629.818849889316,12216.101424904333,12235.370560651492
forecast_8276,2025-12-11 20:00:00,11064.88292047564,11372.172623048782,8736.43846336564
forecast_8277,2025-12-11 21:00:00,7127.099282843549,5707.122878668279,3811.916119544542
forecast_8278,2025-12-11 22:00:00,4198.540016522238,3726.264255215309,3394.3622431130657
forecast_8279,2025-12-11 23:00:00,3493.5646162191415,3733.864591230401,3719.3208043110544
forecast_8280,2025-12-12 00:00:00,3660.326578607309,4896.979246409409,3484.1458522650273
forecast_8281,2025-12-12 01:00:00,3424.1793980162624,3738.9828770060712,3097.8986107944183
forecast_8282,2025-12-12 02:00:00,3573.4006113773466,3492.8211469478088,3560.0058729854954
forecast_8283,2025-12-12 03:00:00,2974.6560070656383,3224.0716893832896,3070.148557172897
forecast_8284,2025-12-12 04:00:00,3506.815607097394,2967.2454094655727,3001.007878754314
forecast_8285,2025-12-12 05:00:00,3102.6402702918394,2912.610777507805,3253.3960898168425
forecast_8286,2025-12-12 06:00:00,2883.590303331746,2974.7824155177304,3436.3206418935897
forecast_8287,2025-12-12 07:00:00,2520.0823632538904,3139.3229480891996,2938.1576236436044
forecast_8288,2025-12-12 08:00:00,2685.5096205004584,3219.72230931579,3442.7935297119548
forecast_8289,2025-12-12 09:00:00,2883.820796896038,2680.0414039310367,3298.3055876339654
forecast_8290,2025-12-12 10:00:00,3016.163745539563,3633.5897156973706,3531.4452246132064
forecast_8291,2025-12-12 11:00:00,3571.9499997745675,3471.1178052625282,3585.1012357338645
forecast_8292,2025-12-12 12:00:00,3122.242584707529,3242.3027019450783,3329.4552774559606
forecast_8293,2025-12-12 13:00:00,3444.3283031882647,2999.286579126917,3296.588698966306
forecast_8294,2025-12-12 14:00:00,3384.3112506610973,3099.4668841125176,3149.22717294798
forecast_8295,2025-12-12 15:00:00,3189.0455837229465,2778.3694968329405,3341.1441695371727
forecast_8296,2025-12-12 16:00:00,2956.4134966365045,3171.3535379306923,2689.7711678911696
forecast_8297,2025-12-12 17:00:00,2291.322970158128,2753.7201081307217,2925.534739166078
forecast_8298,2025-12-12 18:00:00,2227.674475004029,2478.113988998725,3341.085995342982
forecast_8299,2025-12-12 19:00:00,2160.0,2669.6928550662465,2807.9049343172655
forecast_8300,2025-12-12 20:00:00,2179.12220024056,2993.9428962564034,3591.9464852519436
forecast_8301,2025-12-12 21:00:00,2662.2440938370055,3306.222352093812,3383.245251361531
forecast_8302,2025-12-12 22:00:00,2908.829131174606,2907.8904178013936,3423.2636807956887
forecast_8303,2025-12-12 23:00:00,3121.645908036606,4008.7419976830624,2601.5944745062475
forecast_8304,2025-12-13 00:00:00,2992.1589241719867,4886.589617400261,3065.4715804894213
forecast_8305,2025-12-13 01:00:00,5780.895559275645,4131.642903453502,2976.9151499582917
forecast_8306,2025-12-13 02:00:00,5028.593049224289,4020.7989363725646,2920.0031359326126
forecast_8307,2025-12-13 03:00:00,3582.909332219066,2892.129097636744,2757.16173317608
forecast_8308,2025-12-13 04:00:00,6452.613308478773,5667.591518915647,3015.103073494002
forecast_8309,2025-12-13 05:00:00,5630.068633264355,4993.931082080752,3174.8272590495053
forecast_8310,2025-12-13 06:00:00,5655.010005429847,6063.099337080069,2100.0
forecast_8311,2025-12-13 07:00:00,5195.221926659957,5147.690816695101,3003.360796390195
forecast_8312,2025-12-13 08:00:00,6157.562656049681,5849.676116871303,3178.7443334853792
forecast_8313,2025-12-13 09:00:00,4875.371079625025,5027.017511158379,2400.3377210018252
forecast_8314,2025-12-13 10:00:00,3230.231116046212,3421.974013360504,2704.490956126584
forecast_8315,2025-12-13 11:00:00,3268.5724749758915,3538.38386948376,2971.849769086014
forecast_8316,2025-12-13 12:00:00,3030.2586788038634,2826.7403797363554,3290.6665635699137
forecast_8317,2025-12-13 13:00:00,4270.482372669048,3790.357085823719,4350.821475857436
forecast_8318,2025-12-13 14:00:00,2627.448526327256,2583.3815761835094,3599.0902471746376
forecast_8319,2025-12-13 15:00:00,2592.0992533133067,2372.607241331365,3544.4114914662487
forecast_8320,2025-12-13 16:00:00,3078.60442651808,2655.795438196587,2407.348969973502
forecast_8321,2025-12-13 17:00:00,3006.3688278512136,4209.5303423736805,2547.8972802963726
forecast_8322,2025-12-13 18:00:00,4145.655928995465,4169.408442861986,2100.0
forecast_8323,2025-12-13 19:00:00,3927.7818944275105,7717.949873924144,2456.389210917617
forecast_8324,2025-12-13 20:00:00,5050.002978850638,8468.208138061716,4110.528087126539
forecast_8325,2025-12-13 21:00:00,4613.247293003085,5523.878273670785,4531.044401251602
forecast_8326,2025-12-13 22:00:00,6825.017360092714,11147.835292560834,3359.934783897048
forecast_8327,2025-12-13 23:00:00,7107.50456940514,12864.796032894561,5444.716725775429
forecast_8328,2025-12-14 00:00:00,9418.718819427562,12648.822364176085,8791.808814487507
forecast_8329,2025-12-14 01:00:00,16271.315459552085,15646.431510441256,14804.014484875795
forecast_8330,2025-12-14 02:00:00,15437.45102902869,16043.301199332116,15302.270999595288
forecast_8331,2025-12-14 03:00:00,15673.873447736138,16346.828926324735,15314.489920069058
forecast_8332,2025-12-14 04:00:00,15564.73766264374,17468.949005775718,15146.445416529936
forecast_8333,2025-12-14 05:00:00,17286.913884930727,17660.655072997863,16629.210350096433
forecast_8334,2025-12-14 06:00:00,16814.78538038813,16825.572135948038,16051.040679693207
forecast_8335,2025-12-14 07:00:00,17016.404805556173,18123.342992737525,17509.34063402682
forecast_8336,2025-12-14 08:00:00,16854.405034649164,18470.705014920983,17672.31536057676
forecast_8337,2025-12-14 09:00:00,16368.880937086942,18508.86161140002,17270.43197968183
forecast_8338,2025-12-14 10:00:00,16913.574507831738,17812.260194990107,16677.41211737765
forecast_8339,2025-12-14 11:00:00,16679.731844408,17935.426826001687,16457.58385699657
forecast_8340,2025-12-14 12:00:00,16319.553347882631,17880.022509903774,16542.482199085964
forecast_8341,2025-12-14 13:00:00,15802.05941837178,16865.28921942102,14954.220935188414
forecast_8342,2025-12-14 14:00:00,14440.473259375849,15029.950731933193,14641.243851878857
forecast_8343,2025-12-14 15:00:00,13097.372166395804,12742.796046098028,11157.794372483964
forecast_8344,2025-12-14 16:00:00,13101.881464663084,11191.42333590689,11224.190342378852
forecast_8345,2025-12-14 17:00:00,13553.798833940822,14307.642463800768,13473.275487359617
forecast_8346,2025-12-14 18:00:00,15983.71089529752,16897.734631007006,16019.19951087388
forecast_8347,2025-12-14 19:00:00,16621.336797020183,17345.133008174496,17398.432542704326
forecast_8348,2025-12-14 20:00:00,16883.029937698084,19128.290840080306,18734.385140437378
forecast_8349,2025-12-14 21:00:00,17239.27600496318,18881.189690087,18545.967512611656
forecast_8350,2025-12-14 22:00:00,17122.2708599321,19235.825081672276,18428.779237316194
forecast_8351,2025-12-14 23:00:00,16828.559149685927,19122.788311190314,18458.72834929166
forecast_8352,2025-12-15 00:00:00,17600.713691250334,19966.783447879625,19000.765522425547
forecast_8353,2025-12-15 01:00:00,15865.407763950865,18889.501058106824,17974.238483583584
forecast_8354,2025-12-15 02:00:00,18900.217185453344,19344.096856685028,18282.20620315687
forecast_8355,2025-12-15 03:00:00,19086.800822321016,19543.323550267167,18197.157706480823
forecast_8356,2025-12-15 04:00:00,18635.198005269165,19382.531845001206,17938.960316705237
forecast_8357,2025-12-15 05:00:00,19165.897318431762,18979.384617084976,17843.590472030042
forecast_8358,2025-12-15 06:00:00,19311.6787683039,19283.7170831966,17396.52650028787
forecast_8359,2025-12-15 07:00:00,19485.57238900692,19261.922360814653,18486.469266567343
forecast_8360,2025-12-15 08:00:00,18947.993490452747,19875.191236546565,18281.069818439075
forecast_8361,2025-12-15 09:00:00,18512.067667911775,19273.1200606116,17661.787053500615
forecast_8362,2025-12-15 10:00:00,17879.550100107215,18812.43134755725,17019.110310047996
forecast_8363,2025-12-15 11:00:00,15471.120356289759,16997.705849922553,14994.718789623794
forecast_8364,2025-12-15 12:00:00,13173.804379371357,14925.134477729984,12322.1527372537
forecast_8365,2025-12-15 13:00:00,11635.32586840387,11854.056654966857,8153.709526971705
forecast_8366,2025-12-15 14:00:00,11590.707333086473,14116.066189105777,10525.845544196543
forecast_8367,2025-12-15 15:00:00,14483.238021160481,15516.582825428082,12747.073176068823
forecast_8368,2025-12-15 16:00:00,15237.491054026323,18045.7961754057,13438.628892471666
forecast_8369,2025-12-15 17:00:00,18683.459052731905,18686.903011500763,18005.625551425594
forecast_8370,2025-12-15 18:00:00,19800.573287711875,20429.570201735984,19001.5069345796
forecast_8371,2025-12-15 19:00:00,19993.326371028972,20266.690521666816,18840.580404797838
forecast_8372,2025-12-15 20:00:00,19936.873158092825,20248.62821078799,18648.003533355375
forecast_8373,2025-12-15 21:00:00,19764.309619115636,20350.981760546074,18817.07690118502
forecast_8374,2025-12-15 22:00:00,19929.34588236541,20044.944473067564,18860.345017579533
forecast_8375,2025-12-15 23:00:00,19230.275700800878,19312.41820473955,17589.662571025085
forecast_8376,2025-12-16 00:00:00,18783.245658248117,19738.655114309084,16938.3086002524
forecast_8377,2025-12-16 01:00:00,19381.686466694326,19270.320868711915,16282.084444058428
forecast_8378,2025-12-16 02:00:00,15776.132765260118,17663.22219022851,14346.926530257952
forecast_8379,2025-12-16 03:00:00,17608.718165344566,18241.964955998188,14036.762023256562
forecast_8380,2025-12-16 04:00:00,16702.31290043007,17753.05468345856,15078.921046641237
forecast_8381,2025-12-16 05:00:00,15114.701828860316,15507.264700577189,12969.479779433681
forecast_8382,2025-12-16 06:00:00,14352.28269176665,14475.535530766789,14000.084014541824
forecast_8383,2025-12-16 07:00:00,12914.649509829223,13512.845122720748,12843.551948718141
forecast_8384,2025-12-16 08:00:00,12786.124633001815,12990.434404241498,11390.380070861425
forecast_8385,2025-12-16 09:00:00,12782.7315864764,13013.332352166699,10602.24383446454
forecast_8386,2025-12-16 10:00:00,12517.452675680554,11336.113619083217,9299.136179346046
forecast_8387,2025-12-16 11:00:00,12061.496298241269,11027.78996703643,10175.506293208276
forecast_8388,2025-12-16 12:00:00,12207.002014243224,10539.883810195854,9893.909876352798
forecast_8389,2025-12-16 13:00:00,11120.595261831204,10748.664762023214,10201.115098636838
forecast_8390,2025-12-16 14:00:00,11447.736512520596,10745.495845124928,8582.21702791825
forecast_8391,2025-12-16 15:00:00,10957.823845285706,10376.710316298404,8803.141236335348
forecast_8392,2025-12-16 16:00:00,11728.116323375507,10723.357991014447,9631.705889296245
forecast_8393,2025-12-16 17:00:00,11219.062834810611,10136.682891109205,8868.696676836087
forecast_8394,2025-12-16 18:00:00,10402.08308458755,9920.269143629279,7176.326365981919
forecast_8395,2025-12-16 19:00:00,8838.840367059529,9571.3097731548,7630.769854933135
forecast_8396,2025-12-16 20:00:00,9848.743695779964,9786.130370663981,8007.043367589235
forecast_8397,2025-12-16 21:00:00,9463.187078536714,10520.813722334166,7453.356697716649
forecast_8398,2025-12-16 22:00:00,6291.314431932791,9400.78451855866,5630.057367178116
forecast_8399,2025-12-16 23:00:00,6374.544897699017,8956.095410570826,6178.427897918974
forecast_8400,2025-12-17 00:00:00,7114.438215492582,7906.87400938746,5714.73265406247
forecast_8401,2025-12-17 01:00:00,9837.914706097668,10103.460654173678,8378.837623710227
forecast_8402,2025-12-17 02:00:00,9810.203081784595,10655.612442850424,8727.687635284074
forecast_8403,2025-12-17 03:00:00,9814.10586333904,10939.476714122846,8396.7137150043
forecast_8404,2025-12-17 04:00:00,8014.044980079493,9346.298598240915,7325.124317833465
forecast_8405,2025-12-17 05:00:00,9225.658130373833,8859.13088905281,6587.832760140365
forecast_8406,2025-12-17 06:00:00,7016.676711000303,7533.0714535330535,6046.187274014458
forecast_8407,2025-12-17 07:00:00,7328.2177675824305,6065.266332765642,4760.456015593888
forecast_8408,2025-12-17 08:00:00,6605.099240474318,5633.131515875828,3688.2988640612116
forecast_8409,2025-12-17 09:00:00,7348.836375690498,7008.45540919505,4336.7686698000125
forecast_8410,2025-12-17 10:00:00,5768.702410976236,4942.7032975438215,3716.936459499299
forecast_8411,2025-12-17 11:00:00,6165.550457822973,5787.5286358406765,4290.614740837356
forecast_8412,2025-12-17 12:00:00,7151.26254486236,4851.568956630319,3986.6278051842737
forecast_8413,2025-12-17 13:00:00,5700.951664482243,4492.830296161339,4206.622194301159
forecast_8414,2025-12-17 14:00:00,5971.368750202664,4190.254853450622,4385.328022215061
forecast_8415,2025-12-17 15:00:00,4739.817423778014,3859.0228133894816,3300.4610880427554
forecast_8416,2025-12-17 16:00:00,4265.978883955197,3360.2330751934524,3068.954212699233
forecast_8417,2025-12-17 17:00:00,3723.4894437610924,3901.166533444928,3887.930073279078
forecast_8418,2025-12-17 18:00:00,4267.958001091371,4745.943190497689,4213.905684922184
forecast_8419,2025-12-17 19:00:00,6320.7668294694995,5034.819292605021,4589.871412881692
forecast_8420,2025-12-17 20:00:00,6601.929398518896,6890.589081408167,4594.224093338558
forecast_8421,2025-12-17 21:00:00,7972.174670478808,6285.289902546177,5481.834494760077
forecast_8422,2025-12-17 22:00:00,8851.544242790696,7614.754312236383,6655.103972856598
forecast_8423,2025-12-17 23:00:00,9188.089447810622,8103.614395451355,6654.061052027895
forecast_8424,2025-12-18 00:00:00,8943.229125154578,10504.276783684561,6273.93660070522
forecast_8425,2025-12-18 01:00:00,15712.189070716053,16023.918379159793,12841.331637092035
forecast_8426,2025-12-18 02:00:00,13112.84489991439,16462.15737109763,10566.801460058863
forecast_8427,2025-12-18 03:00:00,14058.91439265378,17119.17030675355,14561.559099598666
forecast_8428,2025-12-18 04:00:00,13583.794752167123,16662.828400382095,12398.05998821922
forecast_8429,2025-12-18 05:00:00,13551.821654893463,16342.851871472008,10689.913678788602
forecast_8430,2025-12-18 06:00:00,13363.488562981185,15967.058949555812,9939.479178106218
forecast_8431,2025-12-18 07:00:00,15600.241321997226,15984.844814301872,10439.009646932054
forecast_8432,2025-12-18 08:00:00,14897.370500372668,14831.947166492291,8203.790201491756
forecast_8433,2025-12-18 09:00:00,13079.434467879588,11934.00948676449,7198.690728020901
forecast_8434,2025-12-18 10:00:00,9060.848411232058,9179.460050702328,4961.5825530242055
forecast_8435,2025-12-18 11:00:00,7369.881715092541,7987.848442834589,3566.9065970607953
forecast_8436,2025-12-18 12:00:00,4648.187643970072,4041.1697597255943,3701.4047672657825
forecast_8437,2025-12-18 13:00:00,4305.978290505804,4502.359314268479,3621.9236933916036
forecast_8438,2025-12-18 14:00:00,4046.0457426018015,4457.952497833264,3591.449075042122
forecast_8439,2025-12-18 15:00:00,4744.301776616152,4584.0694522525755,3130.785462411976
forecast_8440,2025-12-18 16:00:00,5284.353236058586,5612.504785321431,3874.504315662355
forecast_8441,2025-12-18 17:00:00,6490.266789565641,5946.06923908781,3888.050919450245
forecast_8442,2025-12-18 18:00:00,7614.932243012231,6991.985354298936,4364.910543424712
forecast_8443,2025-12-18 19:00:00,10403.307195385347,7833.82929964543,3940.126701847874
forecast_8444,2025-12-18 20:00:00,12338.26332093163,11126.336465705968,4847.421959146084
forecast_8445,2025-12-18 21:00:00,10911.991751930773,10659.108896451173,5073.820333557641
forecast_8446,2025-12-18 22:00:00,13349.268697735539,13053.826582366568,7221.419118682733
forecast_8447,2025-12-18 23:00:00,12951.464380282021,14642.806389228683,9915.642956931522
forecast_8448,2025-12-19 00:00:00,13869.379694572259,16492.658835467268,11083.077860941206
forecast_8449,2025-12-19 01:00:00,16235.875731611863,16964.072691166988,13007.965625099876
forecast_8450,2025-12-19 02:00:00,16941.893472296597,18372.702075056524,15760.978493206196
forecast_8451,2025-12-19 03:00:00,18044.269857767187,18264.04969483477,16619.637020674665
forecast_8452,2025-12-19 04:00:00,18935.400896661544,18481.223529635998,16757.59014336212
forecast_8453,2025-12-19 05:00:00,17412.6453709349,17371.47612510415,15386.623931122534
forecast_8454,2025-12-19 06:00:00,17414.56826476859,18205.26867837753,16369.070249303642
forecast_8455,2025-12-19 07:00:00,18041.323524780295,18664.225260462885,16681.67051878242
forecast_8456,2025-12-19 08:00:00,18123.508740964047,17779.68523368503,16311.510814475676
forecast_8457,2025-12-19 09:00:00,17924.112148794215,18113.069619732036,16102.330834253515
forecast_8458,2025-12-19 10:00:00,19000.46562243822,19436.553258293352,17682.103823353522
forecast_8459,2025-12-19 11:00:00,20613.321982967256,19159.927883935714,19053.66206318427
forecast_8460,2025-12-19 12:00:00,19953.828447186606,19604.311996078042,18839.93259475415
forecast_8461,2025-12-19 13:00:00,18856.41410852271,18988.641016367714,18252.38829536252
forecast_8462,2025-12-19 14:00:00,18706.109232090246,19138.068163355027,18478.581672129592
forecast_8463,2025-12-19 15:00:00,18822.033310073974,19210.77335083553,18760.134324621155
forecast_8464,2025-12-19 16:00:00,18865.5389491126,18866.414211767165,18740.98312587689
forecast_8465,2025-12-19 17:00:00,18613.570123906742,18618.973916439234,18235.10163612633
forecast_8466,2025-12-19 18:00:00,18847.518852818175,18709.153471662616,18291.495151324714
forecast_8467,2025-12-19 19:00:00,19619.409848214076,18629.211711680786,17995.591939709375
forecast_8468,2025-12-19 20:00:00,18521.468470460055,18861.996170762795,17620.26717351504
forecast_8469,2025-12-19 21:00:00,18483.66070752621,18981.53407255653,17918.599139140373
forecast_8470,2025-12-19 22:00:00,18732.72247402767,19122.12231235668,18119.817668330463
forecast_8471,2025-12-19 23:00:00,17812.18443933526,18857.766654807627,17276.84047298135
forecast_8472,2025-12-20 00:00:00,15823.877065386238,19048.82888641077,15553.604832030082
forecast_8473,2025-12-20 01:00:00,13393.735469716481,15750.536024917032,14001.717701955457
forecast_8474,2025-12-20 02:00:00,12417.876182353537,15741.33579621025,11723.207088385054
forecast_8475,2025-12-20 03:00:00,12833.716915754829,16240.964017899129,11305.800015750498
forecast_8476,2025-12-20 04:00:00,12996.801305590243,16695.839462812393,11313.167081097434
forecast_8477,2025-12-20 05:00:00,13987.279546768226,15856.233681229207,12385.62824630958
forecast_8478,2025-12-20 06:00:00,13951.905309341857,16114.4059506099,11988.591569615364
forecast_8479,2025-12-20 07:00:00,14194.552594388373,16930.003931185325,12760.053446905053
forecast_8480,2025-12-20 08:00:00,13959.659835554834,15931.675277853292,13092.9883693595
forecast_8481,2025-12-20 09:00:00,14485.307370089346,16814.938492022553,12470.58267487714
forecast_8482,2025-12-20 10:00:00,14469.68895313695,17215.691661887417,13479.896329297238
forecast_8483,2025-12-20 11:00:00,12958.77969072025,15441.254361359623,11859.629719378894
forecast_8484,2025-12-20 12:00:00,15757.61092763364,17640.14940721388,14142.455002966552
forecast_8485,2025-12-20 13:00:00,16147.279409647996,17134.459760297403,14394.10099131235
forecast_8486,2025-12-20 14:00:00,14229.356561796987,17078.945176865614,13969.02750184752
forecast_8487,2025-12-20 15:00:00,13176.419276975863,15228.733056886458,12627.614501343267
forecast_8488,2025-12-20 16:00:00,13878.707130008268,13622.921696747922,12861.417451607987
forecast_8489,2025-12-20 17:00:00,13678.138781334776,13703.383834336499,12707.26753874776
forecast_8490,2025-12-20 18:00:00,13878.732793258363,13070.699417417685,12395.669297391456
forecast_8491,2025-12-20 19:00:00,12858.501284278513,13417.163124968823,11247.894342931771
forecast_8492,2025-12-20 20:00:00,11767.876705653876,13694.172367674324,10823.483375246265
forecast_8493,2025-12-20 21:00:00,10378.869643948243,11418.513167980429,8336.152658717403
forecast_8494,2025-12-20 22:00:00,14092.838377499425,12015.881777602575,9139.664541705939
forecast_8495,2025-12-20 23:00:00,15076.022764768642,14196.261615776768,14801.364299808363
forecast_8496,2025-12-21 00:00:00,16007.400024231312,17636.62014002684,16362.398542908777
forecast_8497,2025-12-21 01:00:00,19517.434586527397,19154.962029653183,19747.7473688896
forecast_8498,2025-12-21 02:00:00,19489.476822613222,19472.07674432919,19530.8172977851
forecast_8499,2025-12-21 03:00:00,19952.739259077924,19237.328746922616,19620.378794616183
forecast_8500,2025-12-21 04:00:00,20160.929371912047,18914.9145162567,19345.58262277978
forecast_8501,2025-12-21 05:00:00,20025.2112295018,19354.977426626418,19563.299112629626
forecast_8502,2025-12-21 06:00:00,19375.384121679836,18815.933389459136,19185.00409979006
forecast_8503,2025-12-21 07:00:00,18077.831193788043,18433.3651754314,19017.205404387216
forecast_8504,2025-12-21 08:00:00,17942.41040143733,18258.60178546885,17777.790365935245
forecast_8505,2025-12-21 09:00:00,15241.358122206788,17460.15084824697,14358.705640491022
forecast_8506,2025-12-21 10:00:00,15038.188210910945,17283.551806639047,14018.798316095888
forecast_8507,2025-12-21 11:00:00,12922.312302727492,16388.034075581243,12286.80250207868
forecast_8508,2025-12-21 12:00:00,12530.455754485425,16421.55863789522,11179.172614758198
forecast_8509,2025-12-21 13:00:00,10784.60521974878,11987.073402680206,9505.746303082275
forecast_8510,2025-12-21 14:00:00,9191.684439355991,9730.963051790857,6126.905088645767
forecast_8511,2025-12-21 15:00:00,6813.130222947427,5614.3312017128565,3092.1285577213243
forecast_8512,2025-12-21 16:00:00,4949.179632494845,3537.441742180856,3211.128403039937
forecast_8513,2025-12-21 17:00:00,3900.4807169515216,3125.1647668676337,2877.222653731447
forecast_8514,2025-12-21 18:00:00,4293.789247915449,3689.705231852298,2861.7723742684598
forecast_8515,2025-12-21 19:00:00,4857.71399752908,3754.4564971186414,2710.089981538127
forecast_8516,2025-12-21 20:00:00,4549.8887708925295,4544.098644285821,2477.843224779942
forecast_8517,2025-12-21 21:00:00,4099.065664955955,3392.7433780945034,2550.3003261725617
forecast_8518,2025-12-21 22:00:00,4738.501768567115,3630.9169325064413,2186.700011268472
forecast_8519,2025-12-21 23:00:00,3814.0370435155614,3045.171269008984,2797.577076685309
forecast_8520,2025-12-22 00:00:00,3846.8747242670343,3676.6983132817522,3315.966174174865
forecast_8521,2025-12-22 01:00:00,4345.74929352708,3484.213854905565,3611.8726265372607
forecast_8522,2025-12-22 02:00:00,4259.9454312625785,2541.313622498356,3574.9149060917166
forecast_8523,2025-12-22 03:00:00,3850.3252854256298,3048.0642397401043,2993.4969557778095
forecast_8524,2025-12-22 04:00:00,4530.24469885381,3929.7462832089072,4086.2294163831484
forecast_8525,2025-12-22 05:00:00,4408.702209136697,3956.0613748805554,4000.5192936193625
forecast_8526,2025-12-22 06:00:00,3571.270525977908,3880.0441520484583,3710.7658740666375
forecast_8527,2025-12-22 07:00:00,3082.55240763872,3102.967381659987,3278.5527234046494
forecast_8528,2025-12-22 08:00:00,3161.1103047169363,3068.3096677011536,3626.892276163141
forecast_8529,2025-12-22 09:00:00,3097.2346745057007,3230.899091064017,3544.3583784253806
forecast_8530,2025-12-22 10:00:00,3448.390037234046,3379.4937857623836,4073.3699768068977
forecast_8531,2025-12-22 11:00:00,3295.8442149527173,4364.042421505853,3882.4369120687547
forecast_8532,2025-12-22 12:00:00,3719.4526660393167,3826.4136724425625,4148.003979388068
forecast_8533,2025-12-22 13:00:00,3959.8940742704444,3786.085429605364,4602.123973792993
forecast_8534,2025-12-22 14:00:00,4387.944950460581,3711.976043294584,4523.3408894166805
forecast_8535,2025-12-22 15:00:00,4063.355543180373,3921.5666951222047,4249.265635193736
forecast_8536,2025-12-22 16:00:00,4196.42773209407,4010.7112485552134,3585.5338817342554
forecast_8537,2025-12-22 17:00:00,3730.1258992122766,3110.2011712055555,3996.4477341277097
forecast_8538,2025-12-22 18:00:00,3599.4055712145055,3549.775488704723,4313.465318412405
forecast_8539,2025-12-22 19:00:00,3570.0056447177026,3874.8048646026537,4480.40269198333
forecast_8540,2025-12-22 20:00:00,3524.1345535468417,4038.1628699508187,4043.381923961564
forecast_8541,2025-12-22 21:00:00,3658.922380614251,3728.6471550659066,3451.5323328649474
forecast_8542,2025-12-22 22:00:00,3635.3128867331307,3444.9273592182103,3204.6569550975696
forecast_8543,2025-12-22 23:00:00,3735.8169235016785,3795.1527490732055,3375.0882597603513
forecast_8544,2025-12-23 00:00:00,3170.9166969083008,3326.382883304909,3077.674614790826
forecast_8545,2025-12-23 01:00:00,4376.088202650966,4979.963611053595,2894.5994535562963
forecast_8546,2025-12-23 02:00:00,5770.796358712986,6196.108781958156,3502.2850262070206
forecast_8547,2025-12-23 03:00:00,5490.120708883713,5469.120663806251,4159.4725881081595
forecast_8548,2025-12-23 04:00:00,4939.670342435505,4620.707128542907,3320.0229860011464
forecast_8549,2025-12-23 05:00:00,5004.807913701825,4730.542755118591,3399.0697869312753
forecast_8550,2025-12-23 06:00:00,4760.911345563439,4097.205472024827,2826.158586462152
forecast_8551,2025-12-23 07:00:00,5805.001110353064,4843.20101847509,3571.4035171036976
forecast_8552,2025-12-23 08:00:00,5058.455908125032,5152.02556462953,2741.6806216294335
forecast_8553,2025-12-23 09:00:00,6299.132075639811,5512.113644821308,2774.1910086749144
forecast_8554,2025-12-23 10:00:00,5973.677595164056,8704.114401236082,5354.773797929754
forecast_8555,2025-12-23 11:00:00,4830.5568220402865,6370.295230032906,4202.07767538137
forecast_8556,2025-12-23 12:00:00,5377.424798113429,7576.4014421029915,6498.895823274501
forecast_8557,2025-12-23 13:00:00,5954.423728929512,8797.506035792761,5955.59781226182
forecast_8558,2025-12-23 14:00:00,7170.935147383217,8094.837230225042,5235.859617293405
forecast_8559,2025-12-23 15:00:00,7035.717410598176,7104.3402265365585,5283.252449834354
forecast_8560,2025-12-23 16:00:00,6143.906917654092,6949.790202915526,4232.672888352237
forecast_8561,2025-12-23 17:00:00,6890.896869886947,9239.63279606714,5573.452461842856
forecast_8562,2025-12-23 18:00:00,9354.745173473322,10766.18870167146,6959.28576981748
forecast_8563,2025-12-23 19:00:00,9069.712120999668,11256.983096528997,7758.506704609793
forecast_8564,2025-12-23 20:00:00,8765.210739475631,11554.726074782091,7855.482840831544
forecast_8565,2025-12-23 21:00:00,8684.961157306194,11451.17302052484,8626.294230855672
forecast_8566,2025-12-23 22:00:00,11649.780149604867,14065.913075754135,9564.64471668184
forecast_8567,2025-12-23 23:00:00,10841.534371229674,13317.809890658966,8787.685658131375
forecast_8568,2025-12-24 00:00:00,9125.090779450764,11252.092974376434,7289.262523097447
forecast_8569,2025-12-24 01:00:00,7186.153634733522,9215.77256990329,5740.388247573864
forecast_8570,2025-12-24 02:00:00,6266.624142230308,7034.333547267993,5819.324097995814
forecast_8571,2025-12-24 03:00:00,4829.20935762266,6803.556397983928,4462.410706614979
forecast_8572,2025-12-24 04:00:00,5403.765873840176,6697.541755617391,4216.134278309084
forecast_8573,2025-12-24 05:00:00,5970.174586882247,6399.67418006382,5029.4835532372545
forecast_8574,2025-12-24 06:00:00,4375.593160569108,4635.281094151071,3644.1861947362745
forecast_8575,2025-12-24 07:00:00,4001.943097354622,4285.082465221798,3979.1440808835014
forecast_8576,2025-12-24 08:00:00,3838.365408808735,3886.747300834012,3829.8629679264404
forecast_8577,2025-12-24 09:00:00,3570.30040420134,3819.7662581314785,2860.266340128716
forecast_8578,2025-12-24 10:00:00,3215.372043613222,3493.6428196767374,3820.4495698693822
forecast_8579,2025-12-24 11:00:00,2813.880087200843,3275.590063938331,3761.6675575936224
forecast_8580,2025-12-24 12:00:00,2530.386566151109,2634.6604561733416,3569.9715996136374
forecast_8581,2025-12-24 13:00:00,2197.656722015296,2349.365938796991,3311.2971826305247
forecast_8582,2025-12-24 14:00:00,2259.013347973693,2832.3240715842553,2960.8520836093294
forecast_8583,2025-12-24 15:00:00,2466.843261182484,2897.999173932142,2866.5326791769658
forecast_8584,2025-12-24 16:00:00,3236.0139106951874,3275.0161974805937,2877.2555744824604
forecast_8585,2025-12-24 17:00:00,3092.0377652680245,4161.960191625434,3464.895994048138
forecast_8586,2025-12-24 18:00:00,3338.8374041730917,3441.6671616110343,3479.8693126278636
forecast_8587,2025-12-24 19:00:00,2947.323517080752,3994.408861609134,3555.886783179152
forecast_8588,2025-12-24 20:00:00,2690.5240874982755,3591.1011339830843,2938.495308967681
forecast_8589,2025-12-24 21:00:00,3012.093706189493,3458.755317593922,3114.5654526273065
forecast_8590,2025-12-24 22:00:00,3523.980741396564,3535.4771651154797,2813.5043895047024
forecast_8591,2025-12-24 23:00:00,3264.677887641009,3174.1952236792613,3226.266347295271
forecast_8592,2025-12-25 00:00:00,3449.5403607296375,3793.83441976363,4161.046800419612
forecast_8593,2025-12-25 01:00:00,2658.6135639639347,3082.5317338783834,3082.125895014811
forecast_8594,2025-12-25 02:00:00,4058.990284652592,4119.931907618424,3144.6180584993003
forecast_8595,2025-12-25 03:00:00,4936.659471011669,4809.955762974003,4147.058693449553
forecast_8596,2025-12-25 04:00:00,9163.170688341463,8549.335424122279,5319.75848662896
forecast_8597,2025-12-25 05:00:00,10337.38577075391,13119.245841971064,8359.093598299267
forecast_8598,2025-12-25 06:00:00,11496.00869759354,11585.813670099657,6784.79312422949
forecast_8599,2025-12-25 07:00:00,11939.182128467663,12562.390262085188,10366.86665849174
forecast_8600,2025-12-25 08:00:00,14491.231366947783,15800.42259902321,11399.711521995809
forecast_8601,2025-12-25 09:00:00,15653.102505290568,17038.203497633735,15029.087325845458
forecast_8602,2025-12-25 10:00:00,15288.247664947556,15872.026662300363,16030.711505483123
forecast_8603,2025-12-25 11:00:00,15373.923601656848,17435.126208985155,14176.090925507342
forecast_8604,2025-12-25 12:00:00,14342.776696846606,16058.960954407325,11515.899183299327
forecast_8605,2025-12-25 13:00:00,15502.842381614117,16231.544640281481,11723.855342441322
forecast_8606,2025-12-25 14:00:00,15001.85458149198,16180.469325948761,12188.381514708983
forecast_8607,2025-12-25 15:00:00,15978.414048921231,15673.357004637619,13154.482181470687
forecast_8608,2025-12-25 16:00:00,16231.15010830893,16542.059459615306,13106.127304295032
forecast_8609,2025-12-25 17:00:00,16556.592937489033,17046.913814253807,14633.628001406716
forecast_8610,2025-12-25 18:00:00,16722.882027165804,17367.845903150752,13777.760121011524
forecast_8611,2025-12-25 19:00:00,16218.56808385461,15749.069419970561,15362.651721527503
forecast_8612,2025-12-25 20:00:00,16252.867418596215,18216.072748080842,16421.00833151237
forecast_8613,2025-12-25 21:00:00,16711.33018373041,18055.266348472713,16251.01730292742
forecast_8614,2025-12-25 22:00:00,16758.86685890467,17097.92241500146,16311.40117688666
forecast_8615,2025-12-25 23:00:00,16433.28149500534,18079.654001327184,17006.251777252754
forecast_8616,2025-12-26 00:00:00,17232.022948004473,18662.21619291713,17942.25567155468
forecast_8617,2025-12-26 01:00:00,16192.297566912037,18372.869932390888,18227.609240665344
forecast_8618,2025-12-26 02:00:00,15135.133498777925,17917.939575754444,16140.615714884978
forecast_8619,2025-12-26 03:00:00,15805.722944502968,18236.230702929843,16193.397074971415
forecast_8620,2025-12-26 04:00:00,15420.197612844124,19633.550118216623,17532.56211994435
forecast_8621,2025-12-26 05:00:00,16716.935117672063,19969.497114819736,16686.47823315028
forecast_8622,2025-12-26 06:00:00,16066.09906324446,19689.167122508174,18022.53473593774
forecast_8623,2025-12-26 07:00:00,16159.3398267028,20601.47401439749,16155.028351271532
forecast_8624,2025-12-26 08:00:00,15536.908239338047,19828.8277765012,16124.308505470202
forecast_8625,2025-12-26 09:00:00,15259.042832575871,18621.03952664733,15136.23601466846
forecast_8626,2025-12-26 10:00:00,14429.849215918199,18361.781640800244,14620.064305909405
forecast_8627,2025-12-26 11:00:00,12597.809448168317,17593.275663861576,13119.822946026175
forecast_8628,2025-12-26 12:00:00,12497.848801994312,14558.553960617386,12307.784000690042
forecast_8629,2025-12-26 13:00:00,12634.43731206606,13814.822578182155,10854.327321523642
forecast_8630,2025-12-26 14:00:00,12114.28933040585,13451.35894640091,11433.680014625112
forecast_8631,2025-12-26 15:00:00,12021.85494131597,13844.24833957238,11343.281434762963
forecast_8632,2025-12-26 16:00:00,12434.44930413081,14776.692871487727,11093.904298283687
forecast_8633,2025-12-26 17:00:00,12446.794590914702,16075.042199049833,11958.923563217333
forecast_8634,2025-12-26 18:00:00,12372.710873032633,12477.977936736526,11920.273915032925
forecast_8635,2025-12-26 19:00:00,12641.689764606912,13649.150101917945,11793.533231701538
forecast_8636,2025-12-26 20:00:00,14098.184618806308,17697.51219922952,13224.297062261521
forecast_8637,2025-12-26 21:00:00,16083.521360911334,18488.62439998734,15142.607240213993
forecast_8638,2025-12-26 22:00:00,17747.288062495707,19354.921009274298,18509.537934435954
forecast_8639,2025-12-26 23:00:00,18293.35255653945,19403.475879482674,17934.4801726976
forecast_8640,2025-12-27 00:00:00,18023.365896629213,19514.67410448971,16488.60776950082
forecast_8641,2025-12-27 01:00:00,19338.224077040497,20325.53615692808,18958.855326290304
forecast_8642,2025-12-27 02:00:00,18817.94271070409,20173.74144986487,18950.363990275862
forecast_8643,2025-12-27 03:00:00,18017.509064067533,19594.7546783301,18922.429126554875
forecast_8644,2025-12-27 04:00:00,17900.757829934395,19210.754524518026,18717.25604726273
forecast_8645,2025-12-27 05:00:00,17993.850396522896,19292.47530659982,19031.03862788212
forecast_8646,2025-12-27 06:00:00,18354.542200875952,19296.196510429392,18173.376113552462
forecast_8647,2025-12-27 07:00:00,18027.374666716558,19404.668747366046,18495.95667720205
forecast_8648,2025-12-27 08:00:00,17914.76822835672,19666.851475528827,18871.129824470245
forecast_8649,2025-12-27 09:00:00,16974.698724738722,18745.133822556956,17153.12306511701
forecast_8650,2025-12-27 10:00:00,14810.167430689842,16875.350632887974,12228.151508957302
forecast_8651,2025-12-27 11:00:00,14573.676173490036,16446.807599216525,14347.176863961779
forecast_8652,2025-12-27 12:00:00,16006.795382500233,17170.325789241564,15909.249317673499
forecast_8653,2025-12-27 13:00:00,16399.243263938282,17419.01920604349,15637.367904793762
forecast_8654,2025-12-27 14:00:00,16233.755226912268,18287.21727503027,15730.322458216933
forecast_8655,2025-12-27 15:00:00,16460.574727302526,18899.735020147702,16655.820054368975
forecast_8656,2025-12-27 16:00:00,16588.641668615142,17969.47667976697,16767.47760604509
forecast_8657,2025-12-27 17:00:00,17339.75382919644,18763.11527753894,18325.87384429364
forecast_8658,2025-12-27 18:00:00,18208.33226028869,19039.7759170958,18459.995775046427
forecast_8659,2025-12-27 19:00:00,18876.60195063936,19259.44265721149,18922.060546837543
forecast_8660,2025-12-27 20:00:00,18948.815265529287,19282.82099510112,18894.656950326043
forecast_8661,2025-12-27 21:00:00,18840.19283318538,19116.776571304712,18325.436613036916
forecast_8662,2025-12-27 22:00:00,17883.452019977405,19795.78102005031,18839.324202313444
forecast_8663,2025-12-27 23:00:00,17628.54945934629,19422.46293389186,18977.627055239635
forecast_8664,2025-12-28 00:00:00,18004.645976989545,19083.71487359901,19097.23961506275
forecast_8665,2025-12-28 01:00:00,19109.7550621396,19829.554701029276,18737.148674601183
forecast_8666,2025-12-28 02:00:00,19486.613661194013,19512.85240140713,18818.444301785723
forecast_8667,2025-12-28 03:00:00,20004.522529842852,19791.731132121633,18754.16675577349
forecast_8668,2025-12-28 04:00:00,20106.431732226385,20349.011719683534,19705.079565057506
forecast_8669,2025-12-28 05:00:00,20146.28571874506,19823.618005095217,19815.158656017076
forecast_8670,2025-12-28 06:00:00,20532.545312172562,19988.738149328125,19930.90969786535
forecast_8671,2025-12-28 07:00:00,20299.871186084856,19837.642560846023,19553.603695258524
forecast_8672,2025-12-28 08:00:00,19916.898085732926,19790.017357921293,19821.63857384543
forecast_8673,2025-12-28 09:00:00,19560.715186715304,20218.22119026975,19050.296636634175
forecast_8674,2025-12-28 10:00:00,18301.16690709524,18618.112999934365,18096.553507552697
forecast_8675,2025-12-28 11:00:00,16448.14964528341,19094.19109004465,17562.376344493157
forecast_8676,2025-12-28 12:00:00,16947.809146543575,19319.587083197213,17348.542479831274
forecast_8677,2025-12-28 13:00:00,16835.794575838925,18711.25220046278,16058.507294973522
forecast_8678,2025-12-28 14:00:00,16218.231113813019,17721.839575943177,15699.387443848367
forecast_8679,2025-12-28 15:00:00,16450.760907427226,17583.40393460182,15156.001472112295
forecast_8680,2025-12-28 16:00:00,16345.004829906977,17224.678341432023,15543.541891866795
forecast_8681,2025-12-28 17:00:00,14750.05268168742,17586.176372812275,15872.222662941076
forecast_8682,2025-12-28 18:00:00,17245.907075475014,17685.273594362177,17181.820526535525
forecast_8683,2025-12-28 19:00:00,16815.14899296559,17718.933470228156,17263.87142340973
forecast_8684,2025-12-28 20:00:00,16711.181317117167,17439.525266318356,16581.80823321361
forecast_8685,2025-12-28 21:00:00,15803.214084039344,17156.185057811377,16573.109060738774
forecast_8686,2025-12-28 22:00:00,16259.581079461725,17515.1787700391,16170.893993258192
forecast_8687,2025-12-28 23:00:00,17098.718498093753,17479.61799624845,17206.97995217188
forecast_8688,2025-12-29 00:00:00,17663.51646129819,19002.964123997685,18307.258249108025
forecast_8689,2025-12-29 01:00:00,17909.429823965405,18769.12368196643,18585.55308416993
forecast_8690,2025-12-29 02:00:00,17121.666952035135,18818.16537561189,18552.797972545548
forecast_8691,2025-12-29 03:00:00,18828.947303334382,19566.88808174349,18923.99784633974
forecast_8692,2025-12-29 04:00:00,19568.69665518556,19242.329240511786,19179.213631460483
forecast_8693,2025-12-29 05:00:00,19285.719644940367,19584.463020949483,19417.631873593007
forecast_8694,2025-12-29 06:00:00,18920.404408733724,19527.653289505695,19200.90851178975
forecast_8695,2025-12-29 07:00:00,19243.241335728868,19800.49323112528,19587.161891420776
forecast_8696,2025-12-29 08:00:00,18571.85248655886,19674.94012328071,19320.911733924266
forecast_8697,2025-12-29 09:00:00,18650.981250077784,18869.258616961462,18844.8925616831
forecast_8698,2025-12-29 10:00:00,18488.88707321217,18759.954896848165,18743.050464253607
forecast_8699,2025-12-29 11:00:00,17990.990268096215,18629.49930969311,18382.49042222579
forecast_8700,2025-12-29 12:00:00,17789.880866789117,19098.540881596284,18593.376232364815
forecast_8701,2025-12-29 13:00:00,17796.80163537468,18401.74918564724,18168.407187478962
forecast_8702,2025-12-29 14:00:00,17704.339029620893,18013.983312220727,17784.813647629937
forecast_8703,2025-12-29 15:00:00,17554.209415500096,17475.747873710396,17164.598106341244
forecast_8704,2025-12-29 16:00:00,17469.673517709834,17925.956159561654,17659.400118137295
forecast_8705,2025-12-29 17:00:00,17908.906029595237,18112.751898372964,17792.929953585728
forecast_8706,2025-12-29 18:00:00,18404.951645617155,18841.45756116767,18463.750320405805
forecast_8707,2025-12-29 19:00:00,17423.570062937924,18531.311568941695,17389.669306198146
forecast_8708,2025-12-29 20:00:00,16939.739579164903,18160.549993522487,18487.90805333759
forecast_8709,2025-12-29 21:00:00,16400.117915003946,17148.26647842529,16483.194322383533
forecast_8710,2025-12-29 22:00:00,14928.504827577997,17439.705716546752,15934.421430079266
forecast_8711,2025-12-29 23:00:00,14272.472994176813,18450.431651203595,14429.79812348143
forecast_8712,2025-12-30 00:00:00,14381.576856620091,17279.068359166173,13835.926380141082
forecast_8713,2025-12-30 01:00:00,11390.54931852236,12310.133390148478,10337.39259907005
forecast_8714,2025-12-30 02:00:00,11548.640570546799,11599.038254272455,11417.936825139524
forecast_8715,2025-12-30 03:00:00,12483.379419662397,12409.791997040473,12848.369823092316
forecast_8716,2025-12-30 04:00:00,13478.094185605813,12978.096071074862,12373.813797930321
forecast_8717,2025-12-30 05:00:00,14055.40258574596,12359.00484534109,12379.349463647442
forecast_8718,2025-12-30 06:00:00,12932.060386802128,12166.209132591208,11377.962206764265
forecast_8719,2025-12-30 07:00:00,11492.54813579513,11348.03503750416,8233.072198558393
forecast_8720,2025-12-30 08:00:00,10611.168008691047,10818.228699055046,6979.865944860475
forecast_8721,2025-12-30 09:00:00,8409.417323648346,9070.82302162605,6491.009831836166
forecast_8722,2025-12-30 10:00:00,10269.9226698406,9336.994298421167,7728.170970009425
forecast_8723,2025-12-30 11:00:00,10578.43551901792,10961.842188638408,9506.86060257675
forecast_8724,2025-12-30 12:00:00,10917.763656003626,11377.432129245906,9469.337310134237
forecast_8725,2025-12-30 13:00:00,11578.867641907076,12565.370987892537,8702.84476390463
forecast_8726,2025-12-30 14:00:00,12074.456669745316,13055.760606834774,9992.881472386776
forecast_8727,2025-12-30 15:00:00,12602.027345038585,13703.01769047606,10188.575163933981
forecast_8728,2025-12-30 16:00:00,12828.8566332478,14189.52939582141,11536.956378440746
forecast_8729,2025-12-30 17:00:00,12853.352378370599,11479.54713979741,12052.847090713154
forecast_8730,2025-12-30 18:00:00,12852.913656204695,12579.214232258348,9481.773510319303
forecast_8731,2025-12-30 19:00:00,13203.10874830201,14067.33303939641,11337.171129687877
forecast_8732,2025-12-30 20:00:00,14157.645014889991,15411.518059866501,13549.049071738222
forecast_8733,2025-12-30 21:00:00,14286.613824547423,15870.296741139287,15250.365238247527
forecast_8734,2025-12-30 22:00:00,14806.018197381503,15729.16972646338,16007.758407572714
forecast_8735,2025-12-30 23:00:00,14586.901313721954,16495.247145137102,15703.974993984319
forecast_8736,2025-12-31 00:00:00,15065.81785862718,16880.180754223566,15896.743690034948
forecast_8737,2025-12-31 01:00:00,16004.378556301794,18045.65207628908,16789.825593425252
forecast_8738,2025-12-31 02:00:00,17159.38288863683,18947.94224279322,17933.17785543721
forecast_8739,2025-12-31 03:00:00,16107.380658252541,18033.039766908732,17737.10950663032
forecast_8740,2025-12-31 04:00:00,15526.89683489436,17880.872822760495,17181.610967170316
forecast_8741,2025-12-31 05:00:00,15137.374433472418,16613.83983636429,17270.419872180326
forecast_8742,2025-12-31 06:00:00,15036.93578523788,17071.041553010797,17073.765968731663
forecast_8743,2025-12-31 07:00:00,14620.620209164837,15980.217438606449,15912.290063045419
forecast_8744,2025-12-31 08:00:00,14311.35413095441,16878.021491924323,14861.678105910169
forecast_8745,2025-12-31 09:00:00,13163.388198929964,14165.583135286284,13496.605947042239
forecast_8746,2025-12-31 10:00:00,11800.151209476808,15926.075365568571,12579.139471206008
forecast_8747,2025-12-31 11:00:00,11277.413418072916,15597.316620009093,13185.33855782027
forecast_8748,2025-12-31 12:00:00,11353.451534171876,14470.213766741279,11941.658579842388
forecast_8749,2025-12-31 13:00:00,11001.843303331949,14413.545585407663,11607.15040168995
forecast_8750,2025-12-31 14:00:00,10823.251952084756,13150.550482810198,9747.777626293708
forecast_8751,2025-12-31 15:00:00,10769.699668862093,9816.776517613518,10465.492522078019
forecast_8752,2025-12-31 16:00:00,11194.512466221318,14293.232782021214,10365.088392629023
forecast_8753,2025-12-31 17:00:00,9998.96249295476,10340.89732211264,7913.444196471086
forecast_8754,2025-12-31 18:00:00,9864.242654534668,9424.739395408482,7918.812599392495
forecast_8755,2025-12-31 19:00:00,10822.475837436286,11356.776152638418,8618.727500456289
forecast_8756,2025-12-31 20:00:00,11418.064531823959,13183.174789319355,10443.190181681985
forecast_8757,2025-12-31 21:00:00,12578.741229916184,14042.142682011796,10798.958059245593
forecast_8758,2025-12-31 22:00:00,13160.641409986158,17541.12266809177,15366.716656218388
forecast_8759,2025-12-31 23:00:00,13822.12188711839,18093.05505553428,15450.056571901621
forecast_8760,2026-01-01 00:00:00,13599.484536850148,18168.85783266944,13172.010592737966
